{
  "type": "FeatureCollection",
  "features": [
    {
      "type": "Feature",
      "geometry": {
        "type": "Point",
        "coordinates": [
          -73.88635550000001,
          40.750572000000005
        ]
      },
      "properties": {
        "event_id": "890747",
        "event_name": "Greystones Tree Lighting Ceremony December 7, 2025",
        "event_type": "Block Party",
        "event_agency": "Street Activity Permit Office",
        "event_location": "80 STREET between 35 AVENUE and 37 AVENUE",
        "event_borough": "Queens",
        "start_date": "2025-12-07T17:00:00.000",
        "end_date": "2025-12-07T19:30:00.000",
        "start_formatted": "December 07, 2025 05:00 PM",
        "end_formatted": "December 07, 2025 07:30 PM",
        "street_closure_type": "Full Street Closure",
        "community_board": "3,",
        "police_precinct": "115,"
      }
    },
    {
      "type": "Feature",
      "geometry": {
        "type": "Point",
        "coordinates": [
          -74.0365765,
          40.6279635
        ]
      },
      "properties": {
        "event_id": "880492",
        "event_name": "HOUSE LIGHTING CEREMONY",
        "event_type": "Block Party",
        "event_agency": "Street Activity Permit Office",
        "event_location": "82 STREET between COLONIAL ROAD and NARROWS AVENUE",
        "event_borough": "Brooklyn",
        "start_date": "2025-12-06T17:30:00.000",
        "end_date": "2025-12-06T20:30:00.000",
        "start_formatted": "December 06, 2025 05:30 PM",
        "end_formatted": "December 06, 2025 08:30 PM",
        "street_closure_type": "Full Street Closure",
        "community_board": "10,",
        "police_precinct": "68,"
      }
    },
    {
      "type": "Feature",
      "geometry": {
        "type": "Point",
        "coordinates": [
          -73.9765265,
          40.6669955
        ]
      },
      "properties": {
        "event_id": "889069",
        "event_name": "6th Street Fall Block Party",
        "event_type": "Block Party",
        "event_agency": "Street Activity Permit Office",
        "event_location": "6 STREET between 8 AVENUE and PROSPECT PARK WEST",
        "event_borough": "Brooklyn",
        "start_date": "2025-11-22T09:00:00.000",
        "end_date": "2025-11-22T17:00:00.000",
        "start_formatted": "November 22, 2025 09:00 AM",
        "end_formatted": "November 22, 2025 05:00 PM",
        "street_closure_type": "Full Street Closure",
        "community_board": "6,",
        "police_precinct": "78,"
      }
    },
    {
      "type": "Feature",
      "geometry": {
        "type": "Point",
        "coordinates": [
          -74.0063045,
          40.647242
        ]
      },
      "properties": {
        "event_id": "888371",
        "event_name": "45th Street Block Party",
        "event_type": "Block Party",
        "event_agency": "Street Activity Permit Office",
        "event_location": "45 STREET between 5 AVENUE and 6 AVENUE",
        "event_borough": "Brooklyn",
        "start_date": "2025-11-08T12:00:00.000",
        "end_date": "2025-11-08T19:00:00.000",
        "start_formatted": "November 08, 2025 12:00 PM",
        "end_formatted": "November 08, 2025 07:00 PM",
        "street_closure_type": "Full Street Closure",
        "community_board": "7,",
        "police_precinct": "72,"
      }
    },
    {
      "type": "Feature",
      "geometry": {
        "type": "Point",
        "coordinates": [
          -73.932288,
          40.771755999999996
        ]
      },
      "properties": {
        "event_id": "887457",
        "event_name": "WCNA block party",
        "event_type": "Block Party",
        "event_agency": "Street Activity Permit Office",
        "event_location": "WELLING COURT between 30 AVENUE and MAIN AVENUE",
        "event_borough": "Queens",
        "start_date": "2025-11-08T12:00:00.000",
        "end_date": "2025-11-08T21:00:00.000",
        "start_formatted": "November 08, 2025 12:00 PM",
        "end_formatted": "November 08, 2025 09:00 PM",
        "street_closure_type": "Full Street Closure",
        "community_board": "1,",
        "police_precinct": "114,"
      }
    },
    {
      "type": "Feature",
      "geometry": {
        "type": "Point",
        "coordinates": [
          -74.00752800000001,
          40.730289
        ]
      },
      "properties": {
        "event_id": "871610",
        "event_name": "Neighborhood Block Party",
        "event_type": "Block Party",
        "event_agency": "Street Activity Permit Office",
        "event_location": "LEROY STREET between GREENWICH STREET and HUDSON STREET",
        "event_borough": "Manhattan",
        "start_date": "2025-11-08T11:00:00.000",
        "end_date": "2025-11-08T18:00:00.000",
        "start_formatted": "November 08, 2025 11:00 AM",
        "end_formatted": "November 08, 2025 06:00 PM",
        "street_closure_type": "Sidewalk and Street Closure",
        "community_board": "2,",
        "police_precinct": "6,"
      }
    },
    {
      "type": "Feature",
      "geometry": {
        "type": "Point",
        "coordinates": [
          -73.99318600000001,
          40.6989675
        ]
      },
      "properties": {
        "event_id": "853124",
        "event_name": "Yankee Fair Block Party",
        "event_type": "Block Party",
        "event_agency": "Street Activity Permit Office",
        "event_location": "ORANGE STREET between HICKS STREET and HENRY STREET",
        "event_borough": "Brooklyn",
        "start_date": "2025-11-08T10:00:00.000",
        "end_date": "2025-11-08T16:00:00.000",
        "start_formatted": "November 08, 2025 10:00 AM",
        "end_formatted": "November 08, 2025 04:00 PM",
        "street_closure_type": "Full Street Closure",
        "community_board": "2,",
        "police_precinct": "84,"
      }
    },
    {
      "type": "Feature",
      "geometry": {
        "type": "Point",
        "coordinates": [
          -74.0907545,
          40.641534
        ]
      },
      "properties": {
        "event_id": "886477",
        "event_name": "Hamilton Park Halloween Block Party 2025",
        "event_type": "Block Party",
        "event_agency": "Street Activity Permit Office",
        "event_location": "PARK PLACE between HARVARD AVENUE and FRANKLIN AVENUE",
        "event_borough": "Staten Island",
        "start_date": "2025-11-02T13:00:00.000",
        "end_date": "2025-11-02T17:00:00.000",
        "start_formatted": "November 02, 2025 01:00 PM",
        "end_formatted": "November 02, 2025 05:00 PM",
        "street_closure_type": "Full Street Closure",
        "community_board": "1,",
        "police_precinct": "120,"
      }
    },
    {
      "type": "Feature",
      "geometry": {
        "type": "Point",
        "coordinates": [
          -73.952238,
          40.634727
        ]
      },
      "properties": {
        "event_id": "888663",
        "event_name": "Kids Movie Night",
        "event_type": "Block Party",
        "event_agency": "Street Activity Permit Office",
        "event_location": "EAST   26 STREET between FARRAGUT ROAD and GLENWOOD ROAD",
        "event_borough": "Brooklyn",
        "start_date": "2025-11-01T18:00:00.000",
        "end_date": "2025-11-01T20:00:00.000",
        "start_formatted": "November 01, 2025 06:00 PM",
        "end_formatted": "November 01, 2025 08:00 PM",
        "street_closure_type": "Full Street Closure",
        "community_board": "14,",
        "police_precinct": "70,"
      }
    },
    {
      "type": "Feature",
      "geometry": {
        "type": "Point",
        "coordinates": [
          -73.949033,
          40.6706725
        ]
      },
      "properties": {
        "event_id": "890290",
        "event_name": "Halloween Block Party",
        "event_type": "Block Party",
        "event_agency": "Street Activity Permit Office",
        "event_location": "LINCOLN PLACE between NEW YORK AVENUE and NOSTRAND AVENUE",
        "event_borough": "Brooklyn",
        "start_date": "2025-11-01T16:00:00.000",
        "end_date": "2025-11-01T19:00:00.000",
        "start_formatted": "November 01, 2025 04:00 PM",
        "end_formatted": "November 01, 2025 07:00 PM",
        "street_closure_type": "Full Street Closure",
        "community_board": "8,",
        "police_precinct": "77,"
      }
    },
    {
      "type": "Feature",
      "geometry": {
        "type": "Point",
        "coordinates": [
          -73.97979699999999,
          40.65099
        ]
      },
      "properties": {
        "event_id": "886451",
        "event_name": "E 2nd Street Block Party",
        "event_type": "Block Party",
        "event_agency": "Street Activity Permit Office",
        "event_location": "EAST    2 STREET between VANDERBILT STREET and GREENWOOD AVENUE",
        "event_borough": "Brooklyn",
        "start_date": "2025-11-01T13:00:00.000",
        "end_date": "2025-11-01T21:00:00.000",
        "start_formatted": "November 01, 2025 01:00 PM",
        "end_formatted": "November 01, 2025 09:00 PM",
        "street_closure_type": "Full Street Closure",
        "community_board": "7,",
        "police_precinct": "72,"
      }
    },
    {
      "type": "Feature",
      "geometry": {
        "type": "Point",
        "coordinates": [
          -73.9928845,
          40.667294
        ]
      },
      "properties": {
        "event_id": "885595",
        "event_name": "15th Street Block Party",
        "event_type": "Block Party",
        "event_agency": "Street Activity Permit Office",
        "event_location": "15 STREET between 3 AVENUE and 4 AVENUE",
        "event_borough": "Brooklyn",
        "start_date": "2025-11-01T12:30:00.000",
        "end_date": "2025-11-01T20:00:00.000",
        "start_formatted": "November 01, 2025 12:30 PM",
        "end_formatted": "November 01, 2025 08:00 PM",
        "street_closure_type": "Full Street Closure",
        "community_board": "6, 7,",
        "police_precinct": "72, 78,"
      }
    },
    {
      "type": "Feature",
      "geometry": {
        "type": "Point",
        "coordinates": [
          -73.8767475,
          40.703145
        ]
      },
      "properties": {
        "event_id": "885001",
        "event_name": "73rd Street Block Party",
        "event_type": "Block Party",
        "event_agency": "Street Activity Permit Office",
        "event_location": "73 STREET between MYRTLE AVENUE and COOPER AVENUE",
        "event_borough": "Queens",
        "start_date": "2025-11-01T12:00:00.000",
        "end_date": "2025-11-01T17:00:00.000",
        "start_formatted": "November 01, 2025 12:00 PM",
        "end_formatted": "November 01, 2025 05:00 PM",
        "street_closure_type": "Full Street Closure",
        "community_board": "5,",
        "police_precinct": "104,"
      }
    },
    {
      "type": "Feature",
      "geometry": {
        "type": "Point",
        "coordinates": [
          -73.923552,
          40.588453
        ]
      },
      "properties": {
        "event_id": "884166",
        "event_name": "Franken Ct",
        "event_type": "Block Party",
        "event_agency": "Street Activity Permit Office",
        "event_location": "FRANK COURT between SEBA AVENUE and CYRUS AVENUE",
        "event_borough": "Brooklyn",
        "start_date": "2025-11-01T12:00:00.000",
        "end_date": "2025-11-01T19:00:00.000",
        "start_formatted": "November 01, 2025 12:00 PM",
        "end_formatted": "November 01, 2025 07:00 PM",
        "street_closure_type": "Full Street Closure",
        "community_board": "15,",
        "police_precinct": "61,"
      }
    },
    {
      "type": "Feature",
      "geometry": {
        "type": "Point",
        "coordinates": [
          -73.97286249999999,
          40.675957499999996
        ]
      },
      "properties": {
        "event_id": "883489",
        "event_name": "St Johns Pl Fall Block Party",
        "event_type": "Block Party",
        "event_agency": "Street Activity Permit Office",
        "event_location": "ST JOHNS PLACE between 8 AVENUE and 7 AVENUE",
        "event_borough": "Brooklyn",
        "start_date": "2025-11-01T12:00:00.000",
        "end_date": "2025-11-01T19:00:00.000",
        "start_formatted": "November 01, 2025 12:00 PM",
        "end_formatted": "November 01, 2025 07:00 PM",
        "street_closure_type": "Full Street Closure",
        "community_board": "6,",
        "police_precinct": "78,"
      }
    },
    {
      "type": "Feature",
      "geometry": {
        "type": "Point",
        "coordinates": [
          -73.9795355,
          40.6633755
        ]
      },
      "properties": {
        "event_id": "884791",
        "event_name": "12th Street Block Party",
        "event_type": "Block Party",
        "event_agency": "Street Activity Permit Office",
        "event_location": "12 STREET between 8 AVENUE and PROSPECT PARK WEST",
        "event_borough": "Brooklyn",
        "start_date": "2025-11-01T10:00:00.000",
        "end_date": "2025-11-01T18:00:00.000",
        "start_formatted": "November 01, 2025 10:00 AM",
        "end_formatted": "November 01, 2025 06:00 PM",
        "street_closure_type": "Full Street Closure",
        "community_board": "6,",
        "police_precinct": "78,"
      }
    },
    {
      "type": "Feature",
      "geometry": {
        "type": "Point",
        "coordinates": [
          -73.96659600000001,
          40.7915885
        ]
      },
      "properties": {
        "event_id": "878334",
        "event_name": "West 95th Street 2025 Halloween Party",
        "event_type": "Block Party",
        "event_agency": "Street Activity Permit Office",
        "event_location": "WEST   95 STREET between CENTRAL PARK WEST and COLUMBUS AVENUE",
        "event_borough": "Manhattan",
        "start_date": "2025-10-31T17:30:00.000",
        "end_date": "2025-10-31T20:00:00.000",
        "start_formatted": "October 31, 2025 05:30 PM",
        "end_formatted": "October 31, 2025 08:00 PM",
        "street_closure_type": "Full Street Closure",
        "community_board": "7,",
        "police_precinct": "24,"
      }
    },
    {
      "type": "Feature",
      "geometry": {
        "type": "Point",
        "coordinates": [
          -73.978612,
          40.790087
        ]
      },
      "properties": {
        "event_id": "887430",
        "event_name": "OCT 31 2025 Block Party for Halloween",
        "event_type": "Block Party",
        "event_agency": "Street Activity Permit Office",
        "event_location": "WEST   87 STREET between WEST END AVENUE and RIVERSIDE DRIVE",
        "event_borough": "Manhattan",
        "start_date": "2025-10-31T17:00:00.000",
        "end_date": "2025-10-31T20:00:00.000",
        "start_formatted": "October 31, 2025 05:00 PM",
        "end_formatted": "October 31, 2025 08:00 PM",
        "street_closure_type": "Full Street Closure",
        "community_board": "7,",
        "police_precinct": "24,"
      }
    },
    {
      "type": "Feature",
      "geometry": {
        "type": "Point",
        "coordinates": [
          -73.921206,
          40.682094500000005
        ]
      },
      "properties": {
        "event_id": "861183",
        "event_name": "Bainbridge Block Party Official",
        "event_type": "Block Party",
        "event_agency": "Street Activity Permit Office",
        "event_location": "BAINBRIDGE STREET between RALPH AVENUE and HOWARD AVENUE",
        "event_borough": "Brooklyn",
        "start_date": "2025-10-31T17:00:00.000",
        "end_date": "2025-10-31T20:00:00.000",
        "start_formatted": "October 31, 2025 05:00 PM",
        "end_formatted": "October 31, 2025 08:00 PM",
        "street_closure_type": "Full Street Closure",
        "community_board": "3,",
        "police_precinct": "81,"
      }
    },
    {
      "type": "Feature",
      "geometry": {
        "type": "Point",
        "coordinates": [
          -73.968875,
          40.788456
        ]
      },
      "properties": {
        "event_id": "880619",
        "event_name": "Halloween Event on West 90th Street",
        "event_type": "Block Party",
        "event_agency": "Street Activity Permit Office",
        "event_location": "WEST   90 STREET between COLUMBUS AVENUE and CENTRAL PARK WEST",
        "event_borough": "Manhattan",
        "start_date": "2025-10-31T17:00:00.000",
        "end_date": "2025-10-31T19:30:00.000",
        "start_formatted": "October 31, 2025 05:00 PM",
        "end_formatted": "October 31, 2025 07:30 PM",
        "street_closure_type": "Full Street Closure",
        "community_board": "7,",
        "police_precinct": "24,"
      }
    },
    {
      "type": "Feature",
      "geometry": {
        "type": "Point",
        "coordinates": [
          -73.945622,
          40.8061285
        ]
      },
      "properties": {
        "event_id": "883471",
        "event_name": "MMPCIA Halloween Trick or Treating",
        "event_type": "Block Party",
        "event_agency": "Street Activity Permit Office",
        "event_location": "WEST  123 STREET between MOUNT MORRIS PARK WEST and LENOX AVENUE",
        "event_borough": "Manhattan",
        "start_date": "2025-10-31T16:00:00.000",
        "end_date": "2025-10-31T20:00:00.000",
        "start_formatted": "October 31, 2025 04:00 PM",
        "end_formatted": "October 31, 2025 08:00 PM",
        "street_closure_type": "Full Street Closure",
        "community_board": "10,",
        "police_precinct": "28,"
      }
    },
    {
      "type": "Feature",
      "geometry": {
        "type": "Point",
        "coordinates": [
          -74.0365765,
          40.6279635
        ]
      },
      "properties": {
        "event_id": "894351",
        "event_name": "Halloween Block Party",
        "event_type": "Block Party",
        "event_agency": "Street Activity Permit Office",
        "event_location": "82 STREET between COLONIAL ROAD and NARROWS AVENUE",
        "event_borough": "Brooklyn",
        "start_date": "2025-10-31T16:00:00.000",
        "end_date": "2025-10-31T21:00:00.000",
        "start_formatted": "October 31, 2025 04:00 PM",
        "end_formatted": "October 31, 2025 09:00 PM",
        "street_closure_type": "Full Street Closure",
        "community_board": "10,",
        "police_precinct": "68,"
      }
    },
    {
      "type": "Feature",
      "geometry": {
        "type": "Point",
        "coordinates": [
          -73.960261,
          40.799023000000005
        ]
      },
      "properties": {
        "event_id": "880364",
        "event_name": "Halloween Spooktacular Celebration",
        "event_type": "Block Party",
        "event_agency": "Street Activity Permit Office",
        "event_location": "WEST  107 STREET between CENTRAL PARK WEST and MANHATTAN AVENUE",
        "event_borough": "Manhattan",
        "start_date": "2025-10-31T15:30:00.000",
        "end_date": "2025-10-31T18:30:00.000",
        "start_formatted": "October 31, 2025 03:30 PM",
        "end_formatted": "October 31, 2025 06:30 PM",
        "street_closure_type": "Full Street Closure",
        "community_board": "7,",
        "police_precinct": "24,"
      }
    },
    {
      "type": "Feature",
      "geometry": {
        "type": "Point",
        "coordinates": [
          -73.990115,
          40.6593545
        ]
      },
      "properties": {
        "event_id": "840696",
        "event_name": "Halloween on 21st Street",
        "event_type": "Block Party",
        "event_agency": "Street Activity Permit Office",
        "event_location": "21 STREET between 6 AVENUE and 7 AVENUE",
        "event_borough": "Brooklyn",
        "start_date": "2025-10-31T15:30:00.000",
        "end_date": "2025-10-31T20:30:00.000",
        "start_formatted": "October 31, 2025 03:30 PM",
        "end_formatted": "October 31, 2025 08:30 PM",
        "street_closure_type": "Full Street Closure",
        "community_board": "7,",
        "police_precinct": "72,"
      }
    },
    {
      "type": "Feature",
      "geometry": {
        "type": "Point",
        "coordinates": [
          -73.943265,
          40.818447500000005
        ]
      },
      "properties": {
        "event_id": "879317",
        "event_name": "Strivers Row Halloween Festival",
        "event_type": "Block Party",
        "event_agency": "Street Activity Permit Office",
        "event_location": "WEST  139 STREET between 7 AVENUE and 8 AVENUE",
        "event_borough": "Manhattan",
        "start_date": "2025-10-31T15:00:00.000",
        "end_date": "2025-10-31T20:00:00.000",
        "start_formatted": "October 31, 2025 03:00 PM",
        "end_formatted": "October 31, 2025 08:00 PM",
        "street_closure_type": "Full Street Closure",
        "community_board": "10,",
        "police_precinct": "32,"
      }
    },
    {
      "type": "Feature",
      "geometry": {
        "type": "Point",
        "coordinates": [
          -73.985581,
          40.660264
        ]
      },
      "properties": {
        "event_id": "872045",
        "event_name": "HALLOWEEN 2025",
        "event_type": "Block Party",
        "event_agency": "Street Activity Permit Office",
        "event_location": "17 STREET between 7 AVENUE and 8 AVENUE",
        "event_borough": "Brooklyn",
        "start_date": "2025-10-31T15:00:00.000",
        "end_date": "2025-10-31T22:00:00.000",
        "start_formatted": "October 31, 2025 03:00 PM",
        "end_formatted": "October 31, 2025 10:00 PM",
        "street_closure_type": "Full Street Closure",
        "community_board": "7,",
        "police_precinct": "72,"
      }
    },
    {
      "type": "Feature",
      "geometry": {
        "type": "Point",
        "coordinates": [
          -73.94923299999999,
          40.805186
        ]
      },
      "properties": {
        "event_id": "890902",
        "event_name": "Halloween block closing for the kids",
        "event_type": "Block Party",
        "event_agency": "Street Activity Permit Office",
        "event_location": "WEST  120 STREET between ADAM CLAYTON POWELL BOULEVARD and LENOX AVENUE",
        "event_borough": "Manhattan",
        "start_date": "2025-10-31T15:00:00.000",
        "end_date": "2025-10-31T20:00:00.000",
        "start_formatted": "October 31, 2025 03:00 PM",
        "end_formatted": "October 31, 2025 08:00 PM",
        "street_closure_type": "Full Street Closure",
        "community_board": "10,",
        "police_precinct": "28,"
      }
    },
    {
      "type": "Feature",
      "geometry": {
        "type": "Point",
        "coordinates": [
          -73.93632550000001,
          40.681861999999995
        ]
      },
      "properties": {
        "event_id": "883478",
        "event_name": "MacDonough Halloween",
        "event_type": "Block Party",
        "event_agency": "Street Activity Permit Office",
        "event_location": "MACDONOUGH STREET between LEWIS AVENUE and MARCUS GARVEY AVENUE",
        "event_borough": "Brooklyn",
        "start_date": "2025-10-31T14:00:00.000",
        "end_date": "2025-10-31T23:00:00.000",
        "start_formatted": "October 31, 2025 02:00 PM",
        "end_formatted": "October 31, 2025 11:00 PM",
        "street_closure_type": "Full Street Closure",
        "community_board": "3,",
        "police_precinct": "81,"
      }
    },
    {
      "type": "Feature",
      "geometry": {
        "type": "Point",
        "coordinates": [
          -73.98460549999999,
          40.6852385
        ]
      },
      "properties": {
        "event_id": "880573",
        "event_name": "Dean Street Halloween Block Closure",
        "event_type": "Block Party",
        "event_agency": "Street Activity Permit Office",
        "event_location": "DEAN STREET between NEVINS STREET and BOND STREET",
        "event_borough": "Brooklyn",
        "start_date": "2025-10-31T14:00:00.000",
        "end_date": "2025-10-31T22:00:00.000",
        "start_formatted": "October 31, 2025 02:00 PM",
        "end_formatted": "October 31, 2025 10:00 PM",
        "street_closure_type": "Full Street Closure",
        "community_board": "2,",
        "police_precinct": "84,"
      }
    },
    {
      "type": "Feature",
      "geometry": {
        "type": "Point",
        "coordinates": [
          -74.1360255,
          40.616494
        ]
      },
      "properties": {
        "event_id": "878935",
        "event_name": "Block party",
        "event_type": "Block Party",
        "event_agency": "Street Activity Permit Office",
        "event_location": "NEAL DOW AVENUE between WATERS AVENUE and WATCHOGUE ROAD",
        "event_borough": "Staten Island",
        "start_date": "2025-10-31T13:00:00.000",
        "end_date": "2025-10-31T21:00:00.000",
        "start_formatted": "October 31, 2025 01:00 PM",
        "end_formatted": "October 31, 2025 09:00 PM",
        "street_closure_type": "Full Street Closure",
        "community_board": "1,",
        "police_precinct": "121,"
      }
    },
    {
      "type": "Feature",
      "geometry": {
        "type": "Point",
        "coordinates": [
          -74.03508550000001,
          40.6316145
        ]
      },
      "properties": {
        "event_id": "886549",
        "event_name": "77th Street Block Party",
        "event_type": "Block Party",
        "event_agency": "Street Activity Permit Office",
        "event_location": "77 STREET between NARROWS AVENUE and COLONIAL ROAD",
        "event_borough": "Brooklyn",
        "start_date": "2025-10-31T13:00:00.000",
        "end_date": "2025-10-31T20:00:00.000",
        "start_formatted": "October 31, 2025 01:00 PM",
        "end_formatted": "October 31, 2025 08:00 PM",
        "street_closure_type": "Full Street Closure",
        "community_board": "10,",
        "police_precinct": "68,"
      }
    },
    {
      "type": "Feature",
      "geometry": {
        "type": "Point",
        "coordinates": [
          -73.96462700000001,
          40.7532355
        ]
      },
      "properties": {
        "event_id": "876167",
        "event_name": "Beekman Place Association Halloween Party",
        "event_type": "Block Party",
        "event_agency": "Street Activity Permit Office",
        "event_location": "EAST   50 STREET between BEEKMAN PLACE and DEAD END",
        "event_borough": "Manhattan",
        "start_date": "2025-10-26T15:00:00.000",
        "end_date": "2025-10-26T17:00:00.000",
        "start_formatted": "October 26, 2025 03:00 PM",
        "end_formatted": "October 26, 2025 05:00 PM",
        "street_closure_type": "Full Street Closure",
        "community_board": "6,",
        "police_precinct": "17,"
      }
    },
    {
      "type": "Feature",
      "geometry": {
        "type": "Point",
        "coordinates": [
          -74.00572249999999,
          40.647799
        ]
      },
      "properties": {
        "event_id": "841267",
        "event_name": "Day of the Dead Celebration",
        "event_type": "Block Party",
        "event_agency": "Street Activity Permit Office",
        "event_location": "44 STREET between 5 AVENUE and 6 AVENUE",
        "event_borough": "Brooklyn",
        "start_date": "2025-10-26T13:00:00.000",
        "end_date": "2025-10-26T18:00:00.000",
        "start_formatted": "October 26, 2025 01:00 PM",
        "end_formatted": "October 26, 2025 06:00 PM",
        "street_closure_type": "Full Street Closure",
        "community_board": "7,",
        "police_precinct": "72,"
      }
    },
    {
      "type": "Feature",
      "geometry": {
        "type": "Point",
        "coordinates": [
          -73.986824,
          40.597702
        ]
      },
      "properties": {
        "event_id": "885472",
        "event_name": "Community Street Fair",
        "event_type": "Block Party",
        "event_agency": "Street Activity Permit Office",
        "event_location": "86 STREET between 25 AVENUE and BAY   40 STREET",
        "event_borough": "Brooklyn",
        "start_date": "2025-10-26T11:00:00.000",
        "end_date": "2025-10-26T15:00:00.000",
        "start_formatted": "October 26, 2025 11:00 AM",
        "end_formatted": "October 26, 2025 03:00 PM",
        "street_closure_type": "Full Street Closure",
        "community_board": "11,",
        "police_precinct": "62,"
      }
    },
    {
      "type": "Feature",
      "geometry": {
        "type": "Point",
        "coordinates": [
          -73.855876,
          40.717348
        ]
      },
      "properties": {
        "event_id": "882926",
        "event_name": "Ingram Street Block Party",
        "event_type": "Block Party",
        "event_agency": "Street Activity Permit Office",
        "event_location": "INGRAM STREET between YELLOWSTONE BOULEVARD and 68 AVENUE",
        "event_borough": "Queens",
        "start_date": "2025-10-25T14:00:00.000",
        "end_date": "2025-10-25T20:00:00.000",
        "start_formatted": "October 25, 2025 02:00 PM",
        "end_formatted": "October 25, 2025 08:00 PM",
        "street_closure_type": "Full Street Closure",
        "community_board": "6,",
        "police_precinct": "112,"
      }
    },
    {
      "type": "Feature",
      "geometry": {
        "type": "Point",
        "coordinates": [
          -73.95407650000001,
          40.677302
        ]
      },
      "properties": {
        "event_id": "875881",
        "event_name": "Franklin Ave Block Party",
        "event_type": "Block Party",
        "event_agency": "Street Activity Permit Office",
        "event_location": "DEAN STREET between BEDFORD AVENUE and FRANKLIN AVENUE",
        "event_borough": "Brooklyn",
        "start_date": "2025-10-25T14:00:00.000",
        "end_date": "2025-10-25T16:00:00.000",
        "start_formatted": "October 25, 2025 02:00 PM",
        "end_formatted": "October 25, 2025 04:00 PM",
        "street_closure_type": "Full Street Closure",
        "community_board": "8,",
        "police_precinct": "77,"
      }
    },
    {
      "type": "Feature",
      "geometry": {
        "type": "Point",
        "coordinates": [
          -73.91134149999999,
          40.668288000000004
        ]
      },
      "properties": {
        "event_id": "885040",
        "event_name": "Chester st annual block party",
        "event_type": "Block Party",
        "event_agency": "Street Activity Permit Office",
        "event_location": "CHESTER STREET between SUTTER AVENUE and PITKIN AVENUE",
        "event_borough": "Brooklyn",
        "start_date": "2025-10-25T12:00:00.000",
        "end_date": "2025-10-25T17:00:00.000",
        "start_formatted": "October 25, 2025 12:00 PM",
        "end_formatted": "October 25, 2025 05:00 PM",
        "street_closure_type": "Full Street Closure",
        "community_board": "16,",
        "police_precinct": "73,"
      }
    },
    {
      "type": "Feature",
      "geometry": {
        "type": "Point",
        "coordinates": [
          -74.118686,
          40.617799500000004
        ]
      },
      "properties": {
        "event_id": "881172",
        "event_name": "Rice Ave Block Party",
        "event_type": "Block Party",
        "event_agency": "Street Activity Permit Office",
        "event_location": "RICE AVENUE between SLOSSON AVENUE and FAIRVIEW AVENUE",
        "event_borough": "Staten Island",
        "start_date": "2025-10-25T12:00:00.000",
        "end_date": "2025-10-25T21:00:00.000",
        "start_formatted": "October 25, 2025 12:00 PM",
        "end_formatted": "October 25, 2025 09:00 PM",
        "street_closure_type": "Full Street Closure",
        "community_board": "1,",
        "police_precinct": "120,"
      }
    },
    {
      "type": "Feature",
      "geometry": {
        "type": "Point",
        "coordinates": [
          -73.9839135,
          40.662110999999996
        ]
      },
      "properties": {
        "event_id": "885081",
        "event_name": "16th Street Block Party",
        "event_type": "Block Party",
        "event_agency": "Street Activity Permit Office",
        "event_location": "16 STREET between 7 AVENUE and 8 AVENUE",
        "event_borough": "Brooklyn",
        "start_date": "2025-10-25T12:00:00.000",
        "end_date": "2025-10-25T18:00:00.000",
        "start_formatted": "October 25, 2025 12:00 PM",
        "end_formatted": "October 25, 2025 06:00 PM",
        "street_closure_type": "Full Street Closure",
        "community_board": "7,",
        "police_precinct": "72,"
      }
    },
    {
      "type": "Feature",
      "geometry": {
        "type": "Point",
        "coordinates": [
          -73.96425149999999,
          40.6857665
        ]
      },
      "properties": {
        "event_id": "883378",
        "event_name": "Saint James Place block Assocation",
        "event_type": "Block Party",
        "event_agency": "Street Activity Permit Office",
        "event_location": "SAINT JAMES PLACE between GREENE AVENUE and GATES AVENUE",
        "event_borough": "Brooklyn",
        "start_date": "2025-10-25T12:00:00.000",
        "end_date": "2025-10-25T19:30:00.000",
        "start_formatted": "October 25, 2025 12:00 PM",
        "end_formatted": "October 25, 2025 07:30 PM",
        "street_closure_type": "Full Street Closure",
        "community_board": "2,",
        "police_precinct": "88,"
      }
    },
    {
      "type": "Feature",
      "geometry": {
        "type": "Point",
        "coordinates": [
          -74.01575700000001,
          40.648386
        ]
      },
      "properties": {
        "event_id": "850805",
        "event_name": "50th St block party 2025 2",
        "event_type": "Block Party",
        "event_agency": "Street Activity Permit Office",
        "event_location": "50 STREET between 2 AVENUE and 3 AVENUE",
        "event_borough": "Brooklyn",
        "start_date": "2025-10-25T12:00:00.000",
        "end_date": "2025-10-25T21:00:00.000",
        "start_formatted": "October 25, 2025 12:00 PM",
        "end_formatted": "October 25, 2025 09:00 PM",
        "street_closure_type": "Full Street Closure",
        "community_board": "7,",
        "police_precinct": "72,"
      }
    },
    {
      "type": "Feature",
      "geometry": {
        "type": "Point",
        "coordinates": [
          -73.97752349999999,
          40.6657875
        ]
      },
      "properties": {
        "event_id": "882043",
        "event_name": "8TH Street Block Party",
        "event_type": "Block Party",
        "event_agency": "Street Activity Permit Office",
        "event_location": "8 STREET between 8 AVENUE and PROSPECT PARK WEST",
        "event_borough": "Brooklyn",
        "start_date": "2025-10-25T12:00:00.000",
        "end_date": "2025-10-25T19:00:00.000",
        "start_formatted": "October 25, 2025 12:00 PM",
        "end_formatted": "October 25, 2025 07:00 PM",
        "street_closure_type": "Full Street Closure",
        "community_board": "6,",
        "police_precinct": "78,"
      }
    },
    {
      "type": "Feature",
      "geometry": {
        "type": "Point",
        "coordinates": [
          -73.978972,
          40.656273
        ]
      },
      "properties": {
        "event_id": "884181",
        "event_name": "17th Block Party",
        "event_type": "Block Party",
        "event_agency": "Street Activity Permit Office",
        "event_location": "17 STREET between 10 AVENUE and 11 AVENUE",
        "event_borough": "Brooklyn",
        "start_date": "2025-10-25T11:00:00.000",
        "end_date": "2025-10-25T19:00:00.000",
        "start_formatted": "October 25, 2025 11:00 AM",
        "end_formatted": "October 25, 2025 07:00 PM",
        "street_closure_type": "Full Street Closure",
        "community_board": "7,",
        "police_precinct": "72,"
      }
    },
    {
      "type": "Feature",
      "geometry": {
        "type": "Point",
        "coordinates": [
          -74.131286,
          40.633313
        ]
      },
      "properties": {
        "event_id": "877803",
        "event_name": "Halloween party",
        "event_type": "Block Party",
        "event_agency": "Street Activity Permit Office",
        "event_location": "ANDERSON AVENUE between SIMONSON PLACE and WASHINGTON PLACE",
        "event_borough": "Staten Island",
        "start_date": "2025-10-25T10:30:00.000",
        "end_date": "2025-10-25T18:00:00.000",
        "start_formatted": "October 25, 2025 10:30 AM",
        "end_formatted": "October 25, 2025 06:00 PM",
        "street_closure_type": "Full Street Closure",
        "community_board": "1,",
        "police_precinct": "121,"
      }
    },
    {
      "type": "Feature",
      "geometry": {
        "type": "Point",
        "coordinates": [
          -73.967419,
          40.64202
        ]
      },
      "properties": {
        "event_id": "874620",
        "event_name": "Annual Westminster Rd Block Party",
        "event_type": "Block Party",
        "event_agency": "Street Activity Permit Office",
        "event_location": "WESTMINSTER ROAD between BEVERLEY ROAD and CORTELYOU ROAD",
        "event_borough": "Brooklyn",
        "start_date": "2025-10-25T10:00:00.000",
        "end_date": "2025-10-25T18:00:00.000",
        "start_formatted": "October 25, 2025 10:00 AM",
        "end_formatted": "October 25, 2025 06:00 PM",
        "street_closure_type": "Full Street Closure",
        "community_board": "14,",
        "police_precinct": "70,"
      }
    },
    {
      "type": "Feature",
      "geometry": {
        "type": "Point",
        "coordinates": [
          -73.9933835,
          40.6846395
        ]
      },
      "properties": {
        "event_id": "888237",
        "event_name": "Butler Street Block Party",
        "event_type": "Block Party",
        "event_agency": "Street Activity Permit Office",
        "event_location": "BUTLER STREET between COURT STREET and SMITH STREET",
        "event_borough": "Brooklyn",
        "start_date": "2025-10-25T10:00:00.000",
        "end_date": "2025-10-25T17:00:00.000",
        "start_formatted": "October 25, 2025 10:00 AM",
        "end_formatted": "October 25, 2025 05:00 PM",
        "street_closure_type": "Full Street Closure",
        "community_board": "6,",
        "police_precinct": "76,"
      }
    },
    {
      "type": "Feature",
      "geometry": {
        "type": "Point",
        "coordinates": [
          -73.94581600000001,
          40.722915
        ]
      },
      "properties": {
        "event_id": "877825",
        "event_name": "Get To The Point - 5K Run",
        "event_type": "Block Party",
        "event_agency": "Street Activity Permit Office",
        "event_location": "DRIGGS AVENUE between DIAMOND STREET and NEWELL STREET",
        "event_borough": "Brooklyn",
        "start_date": "2025-10-19T10:30:00.000",
        "end_date": "2025-10-19T14:30:00.000",
        "start_formatted": "October 19, 2025 10:30 AM",
        "end_formatted": "October 19, 2025 02:30 PM",
        "street_closure_type": "Full Street Closure",
        "community_board": "1,",
        "police_precinct": "94,"
      }
    },
    {
      "type": "Feature",
      "geometry": {
        "type": "Point",
        "coordinates": [
          -73.9595955,
          40.708155
        ]
      },
      "properties": {
        "event_id": "885278",
        "event_name": "Succos Block Party",
        "event_type": "Block Party",
        "event_agency": "Street Activity Permit Office",
        "event_location": "HAVEMEYER STREET between DIVISION AVENUE and BROADWAY",
        "event_borough": "Brooklyn",
        "start_date": "2025-10-19T10:00:00.000",
        "end_date": "2025-10-19T15:30:00.000",
        "start_formatted": "October 19, 2025 10:00 AM",
        "end_formatted": "October 19, 2025 03:30 PM",
        "street_closure_type": "Full Street Closure",
        "community_board": "1,",
        "police_precinct": "90,"
      }
    },
    {
      "type": "Feature",
      "geometry": {
        "type": "Point",
        "coordinates": [
          -73.956228,
          40.727882
        ]
      },
      "properties": {
        "event_id": "876786",
        "event_name": "Oak Street Block Party",
        "event_type": "Block Party",
        "event_agency": "Street Activity Permit Office",
        "event_location": "OAK STREET between GUERNSEY STREET and FRANKLIN STREET",
        "event_borough": "Brooklyn",
        "start_date": "2025-10-18T15:00:00.000",
        "end_date": "2025-10-18T20:00:00.000",
        "start_formatted": "October 18, 2025 03:00 PM",
        "end_formatted": "October 18, 2025 08:00 PM",
        "street_closure_type": "Full Street Closure",
        "community_board": "1,",
        "police_precinct": "94,"
      }
    },
    {
      "type": "Feature",
      "geometry": {
        "type": "Point",
        "coordinates": [
          -74.08206799999999,
          40.642660500000005
        ]
      },
      "properties": {
        "event_id": "879044",
        "event_name": "Fort Hill Circle Annual Block Party",
        "event_type": "Block Party",
        "event_agency": "Street Activity Permit Office",
        "event_location": "FORT HILL CIRCLE between DANIEL LOW TERRACE and DEAD END",
        "event_borough": "Staten Island",
        "start_date": "2025-10-18T14:00:00.000",
        "end_date": "2025-10-18T20:00:00.000",
        "start_formatted": "October 18, 2025 02:00 PM",
        "end_formatted": "October 18, 2025 08:00 PM",
        "street_closure_type": "Full Street Closure",
        "community_board": "1,",
        "police_precinct": "120,"
      }
    },
    {
      "type": "Feature",
      "geometry": {
        "type": "Point",
        "coordinates": [
          -73.88429550000001,
          40.6722945
        ]
      },
      "properties": {
        "event_id": "876811",
        "event_name": "Belmonts Block Party",
        "event_type": "Block Party",
        "event_agency": "Street Activity Permit Office",
        "event_location": "BELMONT AVENUE between ASHFORD STREET and CLEVELAND STREET",
        "event_borough": "Brooklyn",
        "start_date": "2025-10-18T14:00:00.000",
        "end_date": "2025-10-18T18:30:00.000",
        "start_formatted": "October 18, 2025 02:00 PM",
        "end_formatted": "October 18, 2025 06:30 PM",
        "street_closure_type": "Sidewalk and Street Closure",
        "community_board": "5,",
        "police_precinct": "75,"
      }
    },
    {
      "type": "Feature",
      "geometry": {
        "type": "Point",
        "coordinates": [
          -74.003292,
          40.653629
        ]
      },
      "properties": {
        "event_id": "881235",
        "event_name": "36th Street Fall 2025 - Block Closing",
        "event_type": "Block Party",
        "event_agency": "Street Activity Permit Office",
        "event_location": "36 STREET between 4 AVENUE and 5 AVENUE",
        "event_borough": "Brooklyn",
        "start_date": "2025-10-18T13:30:00.000",
        "end_date": "2025-10-18T21:00:00.000",
        "start_formatted": "October 18, 2025 01:30 PM",
        "end_formatted": "October 18, 2025 09:00 PM",
        "street_closure_type": "Full Street Closure",
        "community_board": "7,",
        "police_precinct": "72,"
      }
    },
    {
      "type": "Feature",
      "geometry": {
        "type": "Point",
        "coordinates": [
          -73.97218749999999,
          40.677888499999995
        ]
      },
      "properties": {
        "event_id": "882698",
        "event_name": "Carlton Ave 2025 Fest",
        "event_type": "Block Party",
        "event_agency": "Street Activity Permit Office",
        "event_location": "CARLTON AVENUE between PARK PLACE and PROSPECT PLACE",
        "event_borough": "Brooklyn",
        "start_date": "2025-10-18T13:00:00.000",
        "end_date": "2025-10-18T17:00:00.000",
        "start_formatted": "October 18, 2025 01:00 PM",
        "end_formatted": "October 18, 2025 05:00 PM",
        "street_closure_type": "Full Street Closure",
        "community_board": "8,",
        "police_precinct": "78,"
      }
    },
    {
      "type": "Feature",
      "geometry": {
        "type": "Point",
        "coordinates": [
          -74.0106705,
          40.649876500000005
        ]
      },
      "properties": {
        "event_id": "873650",
        "event_name": "45th Street Block Party - October 2025",
        "event_type": "Block Party",
        "event_agency": "Street Activity Permit Office",
        "event_location": "45 STREET between 3 AVENUE and 4 AVENUE",
        "event_borough": "Brooklyn",
        "start_date": "2025-10-18T13:00:00.000",
        "end_date": "2025-10-18T20:00:00.000",
        "start_formatted": "October 18, 2025 01:00 PM",
        "end_formatted": "October 18, 2025 08:00 PM",
        "street_closure_type": "Full Street Closure",
        "community_board": "7,",
        "police_precinct": "72,"
      }
    },
    {
      "type": "Feature",
      "geometry": {
        "type": "Point",
        "coordinates": [
          -73.9912865,
          40.6582495
        ]
      },
      "properties": {
        "event_id": "859784",
        "event_name": "Battle Hill Block Party Year 17",
        "event_type": "Block Party",
        "event_agency": "Street Activity Permit Office",
        "event_location": "23 STREET between 6 AVENUE and 7 AVENUE",
        "event_borough": "Brooklyn",
        "start_date": "2025-10-18T13:00:00.000",
        "end_date": "2025-10-18T19:00:00.000",
        "start_formatted": "October 18, 2025 01:00 PM",
        "end_formatted": "October 18, 2025 07:00 PM",
        "street_closure_type": "Full Street Closure",
        "community_board": "7,",
        "police_precinct": "72,"
      }
    },
    {
      "type": "Feature",
      "geometry": {
        "type": "Point",
        "coordinates": [
          -73.9756635,
          40.6556645
        ]
      },
      "properties": {
        "event_id": "882078",
        "event_name": "Terrace st Block party",
        "event_type": "Block Party",
        "event_agency": "Street Activity Permit Office",
        "event_location": "TERRACE PLACE between PROSPECT AVENUE and SHERMAN STREET",
        "event_borough": "Brooklyn",
        "start_date": "2025-10-18T13:00:00.000",
        "end_date": "2025-10-18T20:00:00.000",
        "start_formatted": "October 18, 2025 01:00 PM",
        "end_formatted": "October 18, 2025 08:00 PM",
        "street_closure_type": "Full Street Closure",
        "community_board": "7,",
        "police_precinct": "72,"
      }
    },
    {
      "type": "Feature",
      "geometry": {
        "type": "Point",
        "coordinates": [
          -73.8537075,
          40.716556
        ]
      },
      "properties": {
        "event_id": "884366",
        "event_name": "Ingram Street Block Party",
        "event_type": "Block Party",
        "event_agency": "Street Activity Permit Office",
        "event_location": "INGRAM STREET between 68 AVENUE and 69 AVENUE",
        "event_borough": "Queens",
        "start_date": "2025-10-18T13:00:00.000",
        "end_date": "2025-10-18T21:00:00.000",
        "start_formatted": "October 18, 2025 01:00 PM",
        "end_formatted": "October 18, 2025 09:00 PM",
        "street_closure_type": "Full Street Closure",
        "community_board": "6,",
        "police_precinct": "112,"
      }
    },
    {
      "type": "Feature",
      "geometry": {
        "type": "Point",
        "coordinates": [
          -73.976834,
          40.658687
        ]
      },
      "properties": {
        "event_id": "873660",
        "event_name": "16th Street Block Party",
        "event_type": "Block Party",
        "event_agency": "Street Activity Permit Office",
        "event_location": "16 STREET between 10 AVENUE and 11 AVENUE",
        "event_borough": "Brooklyn",
        "start_date": "2025-10-18T12:00:00.000",
        "end_date": "2025-10-18T19:00:00.000",
        "start_formatted": "October 18, 2025 12:00 PM",
        "end_formatted": "October 18, 2025 07:00 PM",
        "street_closure_type": "Full Street Closure",
        "community_board": "7,",
        "police_precinct": "72,"
      }
    },
    {
      "type": "Feature",
      "geometry": {
        "type": "Point",
        "coordinates": [
          -73.982426,
          40.5971155
        ]
      },
      "properties": {
        "event_id": "877539",
        "event_name": "Block party",
        "event_type": "Block Party",
        "event_agency": "Street Activity Permit Office",
        "event_location": "WEST   11 STREET between AVENUE U and AVENUE T",
        "event_borough": "Brooklyn",
        "start_date": "2025-10-18T12:00:00.000",
        "end_date": "2025-10-18T19:00:00.000",
        "start_formatted": "October 18, 2025 12:00 PM",
        "end_formatted": "October 18, 2025 07:00 PM",
        "street_closure_type": "Full Street Closure",
        "community_board": "11,",
        "police_precinct": "62,"
      }
    },
    {
      "type": "Feature",
      "geometry": {
        "type": "Point",
        "coordinates": [
          -73.9671905,
          40.673703
        ]
      },
      "properties": {
        "event_id": "882056",
        "event_name": "10th Anniversary Underhill Walls",
        "event_type": "Block Party",
        "event_agency": "Street Activity Permit Office",
        "event_location": "UNDERHILL AVENUE between ST JOHNS PLACE and EASTERN PARKWAY",
        "event_borough": "Brooklyn",
        "start_date": "2025-10-18T12:00:00.000",
        "end_date": "2025-10-18T18:00:00.000",
        "start_formatted": "October 18, 2025 12:00 PM",
        "end_formatted": "October 18, 2025 06:00 PM",
        "street_closure_type": "Full Street Closure",
        "community_board": "8,",
        "police_precinct": "77,"
      }
    },
    {
      "type": "Feature",
      "geometry": {
        "type": "Point",
        "coordinates": [
          -73.937341,
          40.686993
        ]
      },
      "properties": {
        "event_id": "888195",
        "event_name": "Annual Neighbors of Monroe Street Block Party",
        "event_type": "Block Party",
        "event_agency": "Street Activity Permit Office",
        "event_location": "MONROE STREET between LEWIS AVENUE and MARCUS GARVEY BOULEVARD",
        "event_borough": "Brooklyn",
        "start_date": "2025-10-18T12:00:00.000",
        "end_date": "2025-10-18T18:00:00.000",
        "start_formatted": "October 18, 2025 12:00 PM",
        "end_formatted": "October 18, 2025 06:00 PM",
        "street_closure_type": "Full Street Closure",
        "community_board": "3,",
        "police_precinct": "81,"
      }
    },
    {
      "type": "Feature",
      "geometry": {
        "type": "Point",
        "coordinates": [
          -73.8731435,
          40.677182
        ]
      },
      "properties": {
        "event_id": "881744",
        "event_name": "DOSCHER street fun day",
        "event_type": "Block Party",
        "event_agency": "Street Activity Permit Office",
        "event_location": "DOSCHER STREET between GLENMORE AVENUE and LIBERTY AVENUE",
        "event_borough": "Brooklyn",
        "start_date": "2025-10-18T12:00:00.000",
        "end_date": "2025-10-18T18:30:00.000",
        "start_formatted": "October 18, 2025 12:00 PM",
        "end_formatted": "October 18, 2025 06:30 PM",
        "street_closure_type": "Full Street Closure",
        "community_board": "5,",
        "police_precinct": "75,"
      }
    },
    {
      "type": "Feature",
      "geometry": {
        "type": "Point",
        "coordinates": [
          -73.9471705,
          40.828375
        ]
      },
      "properties": {
        "event_id": "881265",
        "event_name": "Friends and Neighbors of 149th Street Fall Festivities",
        "event_type": "Block Party",
        "event_agency": "Street Activity Permit Office",
        "event_location": "WEST  149 STREET between BROADWAY and AMSTERDAM AVENUE",
        "event_borough": "Manhattan",
        "start_date": "2025-10-18T11:00:00.000",
        "end_date": "2025-10-18T19:00:00.000",
        "start_formatted": "October 18, 2025 11:00 AM",
        "end_formatted": "October 18, 2025 07:00 PM",
        "street_closure_type": "Full Street Closure",
        "community_board": "9,",
        "police_precinct": "30,"
      }
    },
    {
      "type": "Feature",
      "geometry": {
        "type": "Point",
        "coordinates": [
          -74.016469,
          40.620231000000004
        ]
      },
      "properties": {
        "event_id": "888605",
        "event_name": "BLOCK PARTY",
        "event_type": "Block Party",
        "event_agency": "Street Activity Permit Office",
        "event_location": "81 STREET between 10 AVENUE and 11 AVENUE",
        "event_borough": "Brooklyn",
        "start_date": "2025-10-18T11:00:00.000",
        "end_date": "2025-10-18T19:00:00.000",
        "start_formatted": "October 18, 2025 11:00 AM",
        "end_formatted": "October 18, 2025 07:00 PM",
        "street_closure_type": "Full Street Closure",
        "community_board": "10,",
        "police_precinct": "68,"
      }
    },
    {
      "type": "Feature",
      "geometry": {
        "type": "Point",
        "coordinates": [
          -73.98089949999999,
          40.665724999999995
        ]
      },
      "properties": {
        "event_id": "883512",
        "event_name": "Fall 10th street block party",
        "event_type": "Block Party",
        "event_agency": "Street Activity Permit Office",
        "event_location": "10 STREET between 7 AVENUE and 8 AVENUE",
        "event_borough": "Brooklyn",
        "start_date": "2025-10-18T10:30:00.000",
        "end_date": "2025-10-18T17:30:00.000",
        "start_formatted": "October 18, 2025 10:30 AM",
        "end_formatted": "October 18, 2025 05:30 PM",
        "street_closure_type": "Full Street Closure",
        "community_board": "6,",
        "police_precinct": "78,"
      }
    },
    {
      "type": "Feature",
      "geometry": {
        "type": "Point",
        "coordinates": [
          -73.981201,
          40.661648
        ]
      },
      "properties": {
        "event_id": "881934",
        "event_name": "15th St Blook Party",
        "event_type": "Block Party",
        "event_agency": "Street Activity Permit Office",
        "event_location": "15 STREET between 8 AVENUE and PROSPECT PARK WEST",
        "event_borough": "Brooklyn",
        "start_date": "2025-10-18T10:00:00.000",
        "end_date": "2025-10-18T17:00:00.000",
        "start_formatted": "October 18, 2025 10:00 AM",
        "end_formatted": "October 18, 2025 05:00 PM",
        "street_closure_type": "Full Street Closure",
        "community_board": "6, 7,",
        "police_precinct": "72, 78,"
      }
    },
    {
      "type": "Feature",
      "geometry": {
        "type": "Point",
        "coordinates": [
          -74.095549,
          40.6343335
        ]
      },
      "properties": {
        "event_id": "879395",
        "event_name": "5th Annual Oktoberfest",
        "event_type": "Block Party",
        "event_agency": "Street Activity Permit Office",
        "event_location": "STANLEY AVENUE between PORTLAND PLACE and BRIGHTON AVENUE",
        "event_borough": "Staten Island",
        "start_date": "2025-10-18T10:00:00.000",
        "end_date": "2025-10-18T19:00:00.000",
        "start_formatted": "October 18, 2025 10:00 AM",
        "end_formatted": "October 18, 2025 07:00 PM",
        "street_closure_type": "Full Street Closure",
        "community_board": "1,",
        "police_precinct": "120,"
      }
    },
    {
      "type": "Feature",
      "geometry": {
        "type": "Point",
        "coordinates": [
          -73.966454,
          40.675742
        ]
      },
      "properties": {
        "event_id": "888156",
        "event_name": "ANNUAL FALL FROLIC BLOCK PARTY - PARK PL / UNDERHILL AVE BLOCK ASSN PPUABA",
        "event_type": "Block Party",
        "event_agency": "Street Activity Permit Office",
        "event_location": "UNDERHILL AVENUE between STERLING PLACE and PARK PLACE",
        "event_borough": "Brooklyn",
        "start_date": "2025-10-15T17:00:00.000",
        "end_date": "2025-10-15T21:00:00.000",
        "start_formatted": "October 15, 2025 05:00 PM",
        "end_formatted": "October 15, 2025 09:00 PM",
        "street_closure_type": "Full Street Closure",
        "community_board": "8,",
        "police_precinct": "77,"
      }
    },
    {
      "type": "Feature",
      "geometry": {
        "type": "Point",
        "coordinates": [
          -73.9431185,
          40.6538045
        ]
      },
      "properties": {
        "event_id": "880113",
        "event_name": "Sukkot celebration - block",
        "event_type": "Block Party",
        "event_agency": "Street Activity Permit Office",
        "event_location": "EAST   37 STREET between LENOX ROAD and LINDEN BOULEVARD",
        "event_borough": "Brooklyn",
        "start_date": "2025-10-12T13:00:00.000",
        "end_date": "2025-10-12T18:00:00.000",
        "start_formatted": "October 12, 2025 01:00 PM",
        "end_formatted": "October 12, 2025 06:00 PM",
        "street_closure_type": "Full Street Closure",
        "community_board": "17,",
        "police_precinct": "67,"
      }
    },
    {
      "type": "Feature",
      "geometry": {
        "type": "Point",
        "coordinates": [
          -74.158731,
          40.542462
        ]
      },
      "properties": {
        "event_id": "886427",
        "event_name": "Pacific Ave Block Party",
        "event_type": "Block Party",
        "event_agency": "Street Activity Permit Office",
        "event_location": "PACIFIC AVENUE between SYCAMORE STREET and OAKDALE STREET",
        "event_borough": "Staten Island",
        "start_date": "2025-10-12T12:00:00.000",
        "end_date": "2025-10-12T21:00:00.000",
        "start_formatted": "October 12, 2025 12:00 PM",
        "end_formatted": "October 12, 2025 09:00 PM",
        "street_closure_type": "Full Street Closure",
        "community_board": "3,",
        "police_precinct": "122,"
      }
    },
    {
      "type": "Feature",
      "geometry": {
        "type": "Point",
        "coordinates": [
          -73.93844949999999,
          40.61498
        ]
      },
      "properties": {
        "event_id": "878988",
        "event_name": "Block party",
        "event_type": "Block Party",
        "event_agency": "Street Activity Permit Office",
        "event_location": "EAST   35 STREET between QUENTIN ROAD and AVENUE P",
        "event_borough": "Brooklyn",
        "start_date": "2025-10-12T11:00:00.000",
        "end_date": "2025-10-12T19:00:00.000",
        "start_formatted": "October 12, 2025 11:00 AM",
        "end_formatted": "October 12, 2025 07:00 PM",
        "street_closure_type": "Full Street Closure",
        "community_board": "18,",
        "police_precinct": "63,"
      }
    },
    {
      "type": "Feature",
      "geometry": {
        "type": "Point",
        "coordinates": [
          -73.986505,
          40.67097
        ]
      },
      "properties": {
        "event_id": "870518",
        "event_name": "300 7th st Block Party",
        "event_type": "Block Party",
        "event_agency": "Street Activity Permit Office",
        "event_location": "7 STREET between 4 AVENUE and 5 AVENUE",
        "event_borough": "Brooklyn",
        "start_date": "2025-10-12T11:00:00.000",
        "end_date": "2025-10-12T19:00:00.000",
        "start_formatted": "October 12, 2025 11:00 AM",
        "end_formatted": "October 12, 2025 07:00 PM",
        "street_closure_type": "Full Street Closure",
        "community_board": "6,",
        "police_precinct": "78,"
      }
    },
    {
      "type": "Feature",
      "geometry": {
        "type": "Point",
        "coordinates": [
          -73.853402,
          40.5750755
        ]
      },
      "properties": {
        "event_id": "881212",
        "event_name": "135 Street Block Party",
        "event_type": "Block Party",
        "event_agency": "Street Activity Permit Office",
        "event_location": "BEACH  135 STREET between NEWPORT AVENUE and ROCKAWAY BEACH BOULEVARD",
        "event_borough": "Queens",
        "start_date": "2025-10-11T14:00:00.000",
        "end_date": "2025-10-11T21:00:00.000",
        "start_formatted": "October 11, 2025 02:00 PM",
        "end_formatted": "October 11, 2025 09:00 PM",
        "street_closure_type": "Full Street Closure",
        "community_board": "14,",
        "police_precinct": "100,"
      }
    },
    {
      "type": "Feature",
      "geometry": {
        "type": "Point",
        "coordinates": [
          -74.135602,
          40.62065
        ]
      },
      "properties": {
        "event_id": "878123",
        "event_name": "Maine2025",
        "event_type": "Block Party",
        "event_agency": "Street Activity Permit Office",
        "event_location": "MAINE AVENUE between NEALDOW AVENUE and BIDWELL AVENUE",
        "event_borough": "Staten Island",
        "start_date": "2025-10-11T13:00:00.000",
        "end_date": "2025-10-11T21:00:00.000",
        "start_formatted": "October 11, 2025 01:00 PM",
        "end_formatted": "October 11, 2025 09:00 PM",
        "street_closure_type": "Full Street Closure",
        "community_board": "1,",
        "police_precinct": "121,"
      }
    },
    {
      "type": "Feature",
      "geometry": {
        "type": "Point",
        "coordinates": [
          -74.024491,
          40.6358925
        ]
      },
      "properties": {
        "event_id": "881587",
        "event_name": "68th Block  Party",
        "event_type": "Block Party",
        "event_agency": "Street Activity Permit Office",
        "event_location": "68 STREET between 3 AVENUE and 4 AVENUE",
        "event_borough": "Brooklyn",
        "start_date": "2025-10-11T13:00:00.000",
        "end_date": "2025-10-11T20:00:00.000",
        "start_formatted": "October 11, 2025 01:00 PM",
        "end_formatted": "October 11, 2025 08:00 PM",
        "street_closure_type": "Full Street Closure",
        "community_board": "10,",
        "police_precinct": "68,"
      }
    },
    {
      "type": "Feature",
      "geometry": {
        "type": "Point",
        "coordinates": [
          -74.0106705,
          40.649876500000005
        ]
      },
      "properties": {
        "event_id": "879631",
        "event_name": "45 street block",
        "event_type": "Block Party",
        "event_agency": "Street Activity Permit Office",
        "event_location": "45 STREET between 4 AVENUE and 3 AVENUE",
        "event_borough": "Brooklyn",
        "start_date": "2025-10-11T13:00:00.000",
        "end_date": "2025-10-11T19:00:00.000",
        "start_formatted": "October 11, 2025 01:00 PM",
        "end_formatted": "October 11, 2025 07:00 PM",
        "street_closure_type": "Full Street Closure",
        "community_board": "7,",
        "police_precinct": "72,"
      }
    },
    {
      "type": "Feature",
      "geometry": {
        "type": "Point",
        "coordinates": [
          -73.9794245,
          40.649034
        ]
      },
      "properties": {
        "event_id": "876466",
        "event_name": "E2 Block Party 2025",
        "event_type": "Block Party",
        "event_agency": "Street Activity Permit Office",
        "event_location": "EAST    2 STREET between GREENWOOD AVENUE and FORT HAMILTON PARKWAY",
        "event_borough": "Brooklyn",
        "start_date": "2025-10-11T13:00:00.000",
        "end_date": "2025-10-11T21:00:00.000",
        "start_formatted": "October 11, 2025 01:00 PM",
        "end_formatted": "October 11, 2025 09:00 PM",
        "street_closure_type": "Full Street Closure",
        "community_board": "7,",
        "police_precinct": "72,"
      }
    },
    {
      "type": "Feature",
      "geometry": {
        "type": "Point",
        "coordinates": [
          -73.878379,
          40.712111
        ]
      },
      "properties": {
        "event_id": "880596",
        "event_name": "2025 67 Rd Block Party",
        "event_type": "Block Party",
        "event_agency": "Street Activity Permit Office",
        "event_location": "67 ROAD between 73 PLACE and 75 STREET",
        "event_borough": "Queens",
        "start_date": "2025-10-11T12:00:00.000",
        "end_date": "2025-10-11T21:00:00.000",
        "start_formatted": "October 11, 2025 12:00 PM",
        "end_formatted": "October 11, 2025 09:00 PM",
        "street_closure_type": "Full Street Closure",
        "community_board": "5,",
        "police_precinct": "104,"
      }
    },
    {
      "type": "Feature",
      "geometry": {
        "type": "Point",
        "coordinates": [
          -74.175827,
          40.559753
        ]
      },
      "properties": {
        "event_id": "877761",
        "event_name": "Watkins Party",
        "event_type": "Block Party",
        "event_agency": "Street Activity Permit Office",
        "event_location": "WATKINS AVENUE between ANNADALE ROAD and CROSSFIELD AVENUE",
        "event_borough": "Staten Island",
        "start_date": "2025-10-11T12:00:00.000",
        "end_date": "2025-10-11T21:00:00.000",
        "start_formatted": "October 11, 2025 12:00 PM",
        "end_formatted": "October 11, 2025 09:00 PM",
        "street_closure_type": "Full Street Closure",
        "community_board": "3,",
        "police_precinct": "123,"
      }
    },
    {
      "type": "Feature",
      "geometry": {
        "type": "Point",
        "coordinates": [
          -73.96508349999999,
          40.6496825
        ]
      },
      "properties": {
        "event_id": "881142",
        "event_name": "Caton Park Block Party",
        "event_type": "Block Party",
        "event_agency": "Street Activity Permit Office",
        "event_location": "BUCKINGHAM ROAD between CATON AVENUE and CHURCH AVENUE",
        "event_borough": "Brooklyn",
        "start_date": "2025-10-11T11:30:00.000",
        "end_date": "2025-10-11T18:00:00.000",
        "start_formatted": "October 11, 2025 11:30 AM",
        "end_formatted": "October 11, 2025 06:00 PM",
        "street_closure_type": "Full Street Closure",
        "community_board": "14,",
        "police_precinct": "70,"
      }
    },
    {
      "type": "Feature",
      "geometry": {
        "type": "Point",
        "coordinates": [
          -73.95663250000001,
          40.6717955
        ]
      },
      "properties": {
        "event_id": "881075",
        "event_name": "Saint Francis Place Block Party",
        "event_type": "Block Party",
        "event_agency": "Street Activity Permit Office",
        "event_location": "SAINT FRANCIS PLACE between SAINT JOHNS PLACE and LINCOLN PLACE",
        "event_borough": "Brooklyn",
        "start_date": "2025-10-11T11:00:00.000",
        "end_date": "2025-10-11T18:00:00.000",
        "start_formatted": "October 11, 2025 11:00 AM",
        "end_formatted": "October 11, 2025 06:00 PM",
        "street_closure_type": "Full Street Closure",
        "community_board": "8,",
        "police_precinct": "77,"
      }
    },
    {
      "type": "Feature",
      "geometry": {
        "type": "Point",
        "coordinates": [
          -73.979242,
          40.774254
        ]
      },
      "properties": {
        "event_id": "879829",
        "event_name": "Fall Harvest Festival",
        "event_type": "Block Party",
        "event_agency": "Street Activity Permit Office",
        "event_location": "WEST   68 STREET between COLUMBUS AVENUE and CENTRAL PARK WEST",
        "event_borough": "Manhattan",
        "start_date": "2025-10-11T10:00:00.000",
        "end_date": "2025-10-11T17:00:00.000",
        "start_formatted": "October 11, 2025 10:00 AM",
        "end_formatted": "October 11, 2025 05:00 PM",
        "street_closure_type": "Full Street Closure",
        "community_board": "7,",
        "police_precinct": "20,"
      }
    },
    {
      "type": "Feature",
      "geometry": {
        "type": "Point",
        "coordinates": [
          -73.9432245,
          40.813413499999996
        ]
      },
      "properties": {
        "event_id": "874464",
        "event_name": "14th Year Kids Halloween Block Party",
        "event_type": "Block Party",
        "event_agency": "Street Activity Permit Office",
        "event_location": "WEST  133 STREET between LENOX AVENUE and 7 AVENUE",
        "event_borough": "Manhattan",
        "start_date": "2025-10-11T10:00:00.000",
        "end_date": "2025-10-11T17:00:00.000",
        "start_formatted": "October 11, 2025 10:00 AM",
        "end_formatted": "October 11, 2025 05:00 PM",
        "street_closure_type": "Full Street Closure",
        "community_board": "10,",
        "police_precinct": "32,"
      }
    },
    {
      "type": "Feature",
      "geometry": {
        "type": "Point",
        "coordinates": [
          -73.941754,
          40.70384
        ]
      },
      "properties": {
        "event_id": "877569",
        "event_name": "Brooklyn Three Kings Day",
        "event_type": "Block Party",
        "event_agency": "Street Activity Permit Office",
        "event_location": "MOORE STREET between HUMBOLDT STREET and GRAHAM AVENUE",
        "event_borough": "Brooklyn",
        "start_date": "2025-10-11T09:00:00.000",
        "end_date": "2025-10-11T18:00:00.000",
        "start_formatted": "October 11, 2025 09:00 AM",
        "end_formatted": "October 11, 2025 06:00 PM",
        "street_closure_type": "Full Street Closure",
        "community_board": "1,",
        "police_precinct": "90,"
      }
    },
    {
      "type": "Feature",
      "geometry": {
        "type": "Point",
        "coordinates": [
          -73.93646749999999,
          40.65421
        ]
      },
      "properties": {
        "event_id": "880114",
        "event_name": "Sukkot celebration - dance",
        "event_type": "Block Party",
        "event_agency": "Street Activity Permit Office",
        "event_location": "TROY AVENUE between LINDEN BOULEVARD and LENOX ROAD",
        "event_borough": "Brooklyn",
        "start_date": "2025-10-09T19:00:00.000",
        "end_date": "2025-10-09T21:00:00.000",
        "start_formatted": "October 09, 2025 07:00 PM",
        "end_formatted": "October 09, 2025 09:00 PM",
        "street_closure_type": "Full Street Closure",
        "community_board": "17,",
        "police_precinct": "67,"
      }
    },
    {
      "type": "Feature",
      "geometry": {
        "type": "Point",
        "coordinates": [
          -73.9991935,
          40.714477
        ]
      },
      "properties": {
        "event_id": "880058",
        "event_name": "Chinatown Block Party",
        "event_type": "Block Party",
        "event_agency": "Street Activity Permit Office",
        "event_location": "MOSCO STREET between MOTT STREET and MULBERRY STREET",
        "event_borough": "Manhattan",
        "start_date": "2025-10-05T14:00:00.000",
        "end_date": "2025-10-05T18:30:00.000",
        "start_formatted": "October 05, 2025 02:00 PM",
        "end_formatted": "October 05, 2025 06:30 PM",
        "street_closure_type": "Full Street Closure",
        "community_board": "3,",
        "police_precinct": "5,"
      }
    },
    {
      "type": "Feature",
      "geometry": {
        "type": "Point",
        "coordinates": [
          -73.846675,
          40.875578000000004
        ]
      },
      "properties": {
        "event_id": "875162",
        "event_name": "3300 Corsa Avenue Block Party",
        "event_type": "Block Party",
        "event_agency": "Street Activity Permit Office",
        "event_location": "CORSA AVENUE between BOSTON ROAD and GIVAN AVENUE",
        "event_borough": "Bronx",
        "start_date": "2025-10-05T13:00:00.000",
        "end_date": "2025-10-05T18:00:00.000",
        "start_formatted": "October 05, 2025 01:00 PM",
        "end_formatted": "October 05, 2025 06:00 PM",
        "street_closure_type": "Full Street Closure",
        "community_board": "12,",
        "police_precinct": "47,"
      }
    },
    {
      "type": "Feature",
      "geometry": {
        "type": "Point",
        "coordinates": [
          -74.1527625,
          40.5923325
        ]
      },
      "properties": {
        "event_id": "880095",
        "event_name": "Monarch Court Sunday Funday",
        "event_type": "Block Party",
        "event_agency": "Street Activity Permit Office",
        "event_location": "MONARCH COURT between SWEETGUM LANE and ROCKLAND AVENUE",
        "event_borough": "Staten Island",
        "start_date": "2025-10-05T12:00:00.000",
        "end_date": "2025-10-05T21:00:00.000",
        "start_formatted": "October 05, 2025 12:00 PM",
        "end_formatted": "October 05, 2025 09:00 PM",
        "street_closure_type": "Full Street Closure",
        "community_board": "2,",
        "police_precinct": "121,"
      }
    },
    {
      "type": "Feature",
      "geometry": {
        "type": "Point",
        "coordinates": [
          -73.981172,
          40.657606
        ]
      },
      "properties": {
        "event_id": "863643",
        "event_name": "17th Street 2025 Block Party",
        "event_type": "Block Party",
        "event_agency": "Street Activity Permit Office",
        "event_location": "17 STREET between PROSPECT PARK WEST and 10 AVENUE",
        "event_borough": "Brooklyn",
        "start_date": "2025-10-05T10:00:00.000",
        "end_date": "2025-10-05T18:00:00.000",
        "start_formatted": "October 05, 2025 10:00 AM",
        "end_formatted": "October 05, 2025 06:00 PM",
        "street_closure_type": "Full Street Closure",
        "community_board": "7,",
        "police_precinct": "72,"
      }
    },
    {
      "type": "Feature",
      "geometry": {
        "type": "Point",
        "coordinates": [
          -73.9791735,
          40.680721000000005
        ]
      },
      "properties": {
        "event_id": "880646",
        "event_name": "Warren Street Block Party",
        "event_type": "Block Party",
        "event_agency": "Street Activity Permit Office",
        "event_location": "WARREN STREET between 4 AVENUE and 5 AVENUE",
        "event_borough": "Brooklyn",
        "start_date": "2025-10-05T10:00:00.000",
        "end_date": "2025-10-05T17:00:00.000",
        "start_formatted": "October 05, 2025 10:00 AM",
        "end_formatted": "October 05, 2025 05:00 PM",
        "street_closure_type": "Full Street Closure",
        "community_board": "6,",
        "police_precinct": "78,"
      }
    },
    {
      "type": "Feature",
      "geometry": {
        "type": "Point",
        "coordinates": [
          -73.9923885,
          40.681849
        ]
      },
      "properties": {
        "event_id": "872154",
        "event_name": "Annual Sackett Street Block Party and International Pot Luck Party",
        "event_type": "Block Party",
        "event_agency": "Street Activity Permit Office",
        "event_location": "SACKETT STREET between SMITH STREET and HOYT STREET",
        "event_borough": "Brooklyn",
        "start_date": "2025-10-04T15:00:00.000",
        "end_date": "2025-10-04T20:00:00.000",
        "start_formatted": "October 04, 2025 03:00 PM",
        "end_formatted": "October 04, 2025 08:00 PM",
        "street_closure_type": "Full Street Closure",
        "community_board": "6,",
        "police_precinct": "76,"
      }
    },
    {
      "type": "Feature",
      "geometry": {
        "type": "Point",
        "coordinates": [
          -73.9427895,
          40.726727499999996
        ]
      },
      "properties": {
        "event_id": "877364",
        "event_name": "Monitor Street Block Party",
        "event_type": "Block Party",
        "event_agency": "Street Activity Permit Office",
        "event_location": "MONITOR STREET between NASSAU AVENUE and NORMAN AVENUE",
        "event_borough": "Brooklyn",
        "start_date": "2025-10-04T13:00:00.000",
        "end_date": "2025-10-04T21:00:00.000",
        "start_formatted": "October 04, 2025 01:00 PM",
        "end_formatted": "October 04, 2025 09:00 PM",
        "street_closure_type": "Full Street Closure",
        "community_board": "1,",
        "police_precinct": "94,"
      }
    },
    {
      "type": "Feature",
      "geometry": {
        "type": "Point",
        "coordinates": [
          -73.97452899999999,
          40.68675
        ]
      },
      "properties": {
        "event_id": "880057",
        "event_name": "Rejoice",
        "event_type": "Block Party",
        "event_agency": "Street Activity Permit Office",
        "event_location": "SOUTH PORTLAND AVENUE between LAFAYETTE AVENUE and FULTON STREET",
        "event_borough": "Brooklyn",
        "start_date": "2025-10-04T13:00:00.000",
        "end_date": "2025-10-04T20:00:00.000",
        "start_formatted": "October 04, 2025 01:00 PM",
        "end_formatted": "October 04, 2025 08:00 PM",
        "street_closure_type": "Sidewalk and Street Closure",
        "community_board": "2,",
        "police_precinct": "88,"
      }
    },
    {
      "type": "Feature",
      "geometry": {
        "type": "Point",
        "coordinates": [
          -73.98637350000001,
          40.6624915
        ]
      },
      "properties": {
        "event_id": "879600",
        "event_name": "Jackson Place Annual Block Party",
        "event_type": "Block Party",
        "event_agency": "Street Activity Permit Office",
        "event_location": "JACKSON PLACE between 16 STREET and PROSPECT AVENUE",
        "event_borough": "Brooklyn",
        "start_date": "2025-10-04T12:30:00.000",
        "end_date": "2025-10-04T20:30:00.000",
        "start_formatted": "October 04, 2025 12:30 PM",
        "end_formatted": "October 04, 2025 08:30 PM",
        "street_closure_type": "Full Street Closure",
        "community_board": "7,",
        "police_precinct": "72,"
      }
    },
    {
      "type": "Feature",
      "geometry": {
        "type": "Point",
        "coordinates": [
          -73.847314,
          40.822709
        ]
      },
      "properties": {
        "event_id": "859871",
        "event_name": "Veronica  Williams Block Party",
        "event_type": "Block Party",
        "event_agency": "Street Activity Permit Office",
        "event_location": "VIRGIL PLACE between CASTLE HILL AVENUE and HAVEMEYER AVENUE",
        "event_borough": "Bronx",
        "start_date": "2025-10-04T12:30:00.000",
        "end_date": "2025-10-04T21:00:00.000",
        "start_formatted": "October 04, 2025 12:30 PM",
        "end_formatted": "October 04, 2025 09:00 PM",
        "street_closure_type": "Full Street Closure",
        "community_board": "9,",
        "police_precinct": "43,"
      }
    },
    {
      "type": "Feature",
      "geometry": {
        "type": "Point",
        "coordinates": [
          -73.9807445,
          40.669881000000004
        ]
      },
      "properties": {
        "event_id": "876064",
        "event_name": "5th street block party",
        "event_type": "Block Party",
        "event_agency": "Street Activity Permit Office",
        "event_location": "5 STREET between 6 AVENUE and 7 AVENUE",
        "event_borough": "Brooklyn",
        "start_date": "2025-10-04T12:00:00.000",
        "end_date": "2025-10-04T20:30:00.000",
        "start_formatted": "October 04, 2025 12:00 PM",
        "end_formatted": "October 04, 2025 08:30 PM",
        "street_closure_type": "Full Street Closure",
        "community_board": "6,",
        "police_precinct": "78,"
      }
    },
    {
      "type": "Feature",
      "geometry": {
        "type": "Point",
        "coordinates": [
          -73.98417649999999,
          40.6858725
        ]
      },
      "properties": {
        "event_id": "871925",
        "event_name": "Diasporican Queens: Puerto Ricans of Downtown Brooklyn",
        "event_type": "Block Party",
        "event_agency": "Street Activity Permit Office",
        "event_location": "PACIFIC STREET between NEVINS STREET and BOND STREET",
        "event_borough": "Brooklyn",
        "start_date": "2025-10-04T12:00:00.000",
        "end_date": "2025-10-04T16:00:00.000",
        "start_formatted": "October 04, 2025 12:00 PM",
        "end_formatted": "October 04, 2025 04:00 PM",
        "street_closure_type": "Full Street Closure",
        "community_board": "2,",
        "police_precinct": "84,"
      }
    },
    {
      "type": "Feature",
      "geometry": {
        "type": "Point",
        "coordinates": [
          -73.9465715,
          40.8226905
        ]
      },
      "properties": {
        "event_id": "879505",
        "event_name": "Hi Neighbor Day",
        "event_type": "Block Party",
        "event_agency": "Street Activity Permit Office",
        "event_location": "HAMILTON TERRACE between WEST  141 STREET and WEST  144 STREET",
        "event_borough": "Manhattan",
        "start_date": "2025-10-04T11:00:00.000",
        "end_date": "2025-10-04T17:00:00.000",
        "start_formatted": "October 04, 2025 11:00 AM",
        "end_formatted": "October 04, 2025 05:00 PM",
        "street_closure_type": "Full Street Closure",
        "community_board": "9,",
        "police_precinct": "30,"
      }
    },
    {
      "type": "Feature",
      "geometry": {
        "type": "Point",
        "coordinates": [
          -74.0032975,
          40.682187
        ]
      },
      "properties": {
        "event_id": "888108",
        "event_name": "Summit Street Block Party",
        "event_type": "Block Party",
        "event_agency": "Street Activity Permit Office",
        "event_location": "SUMMIT STREET between HICKS STREET and COLUMBIA STREET",
        "event_borough": "Brooklyn",
        "start_date": "2025-10-04T11:00:00.000",
        "end_date": "2025-10-04T20:00:00.000",
        "start_formatted": "October 04, 2025 11:00 AM",
        "end_formatted": "October 04, 2025 08:00 PM",
        "street_closure_type": "Full Street Closure",
        "community_board": "6,",
        "police_precinct": "76,"
      }
    },
    {
      "type": "Feature",
      "geometry": {
        "type": "Point",
        "coordinates": [
          -73.99906100000001,
          40.678143000000006
        ]
      },
      "properties": {
        "event_id": "867159",
        "event_name": "19th Annual Pumpkinfest",
        "event_type": "Block Party",
        "event_agency": "Street Activity Permit Office",
        "event_location": "4 PLACE between CLINTON STREET and COURT STREET",
        "event_borough": "Brooklyn",
        "start_date": "2025-10-04T10:00:00.000",
        "end_date": "2025-10-04T15:00:00.000",
        "start_formatted": "October 04, 2025 10:00 AM",
        "end_formatted": "October 04, 2025 03:00 PM",
        "street_closure_type": "Full Street Closure",
        "community_board": "6,",
        "police_precinct": "76,"
      }
    },
    {
      "type": "Feature",
      "geometry": {
        "type": "Point",
        "coordinates": [
          -73.90884,
          40.759232
        ]
      },
      "properties": {
        "event_id": "848861",
        "event_name": "Block Party 2025",
        "event_type": "Block Party",
        "event_agency": "Street Activity Permit Office",
        "event_location": "49 STREET between 30 AVENUE and 31 AVENUE",
        "event_borough": "Queens",
        "start_date": "2025-10-04T10:00:00.000",
        "end_date": "2025-10-04T19:00:00.000",
        "start_formatted": "October 04, 2025 10:00 AM",
        "end_formatted": "October 04, 2025 07:00 PM",
        "street_closure_type": "Full Street Closure",
        "community_board": "1,",
        "police_precinct": "114,"
      }
    },
    {
      "type": "Feature",
      "geometry": {
        "type": "Point",
        "coordinates": [
          -73.785364,
          40.6712605
        ]
      },
      "properties": {
        "event_id": "877550",
        "event_name": "The Pink Rodeo",
        "event_type": "Block Party",
        "event_agency": "Street Activity Permit Office",
        "event_location": "132 AVENUE between ROCKAWAY BOULEVARD and BAISLEY BOULEVARD",
        "event_borough": "Queens",
        "start_date": "2025-10-04T09:00:00.000",
        "end_date": "2025-10-04T16:00:00.000",
        "start_formatted": "October 04, 2025 09:00 AM",
        "end_formatted": "October 04, 2025 04:00 PM",
        "street_closure_type": "Full Street Closure",
        "community_board": "12,",
        "police_precinct": "113,"
      }
    },
    {
      "type": "Feature",
      "geometry": {
        "type": "Point",
        "coordinates": [
          -73.90086199999999,
          40.6998305
        ]
      },
      "properties": {
        "event_id": "879005",
        "event_name": "George street block party",
        "event_type": "Block Party",
        "event_agency": "Street Activity Permit Office",
        "event_location": "GEORGE STREET between MYRTLE AVENUE and SENECA AVENUE",
        "event_borough": "Queens",
        "start_date": "2025-09-28T12:00:00.000",
        "end_date": "2025-09-28T20:00:00.000",
        "start_formatted": "September 28, 2025 12:00 PM",
        "end_formatted": "September 28, 2025 08:00 PM",
        "street_closure_type": "Full Street Closure",
        "community_board": "5,",
        "police_precinct": "104,"
      }
    },
    {
      "type": "Feature",
      "geometry": {
        "type": "Point",
        "coordinates": [
          -73.7405735,
          40.6962325
        ]
      },
      "properties": {
        "event_id": "873856",
        "event_name": "219TH DAY",
        "event_type": "Block Party",
        "event_agency": "Street Activity Permit Office",
        "event_location": "219 STREET between LINDEN BOULEVARD and 116 AVENUE",
        "event_borough": "Queens",
        "start_date": "2025-09-28T10:00:00.000",
        "end_date": "2025-09-28T18:00:00.000",
        "start_formatted": "September 28, 2025 10:00 AM",
        "end_formatted": "September 28, 2025 06:00 PM",
        "street_closure_type": "Full Street Closure",
        "community_board": "13,",
        "police_precinct": "105,"
      }
    },
    {
      "type": "Feature",
      "geometry": {
        "type": "Point",
        "coordinates": [
          -73.92326,
          40.6954365
        ]
      },
      "properties": {
        "event_id": "887031",
        "event_name": "Iglesia Hebreo 11",
        "event_type": "Block Party",
        "event_agency": "Street Activity Permit Office",
        "event_location": "HARMAN STREET between EVERGREEN AVENUE and CENTRAL AVENUE",
        "event_borough": "Brooklyn",
        "start_date": "2025-09-28T09:00:00.000",
        "end_date": "2025-09-28T17:00:00.000",
        "start_formatted": "September 28, 2025 09:00 AM",
        "end_formatted": "September 28, 2025 05:00 PM",
        "street_closure_type": "Full Street Closure",
        "community_board": "4,",
        "police_precinct": "83,"
      }
    },
    {
      "type": "Feature",
      "geometry": {
        "type": "Point",
        "coordinates": [
          -74.0020545,
          40.731455499999996
        ]
      },
      "properties": {
        "event_id": "838364",
        "event_name": "CVBA Block Party Concert",
        "event_type": "Block Party",
        "event_agency": "Street Activity Permit Office",
        "event_location": "CORNELIA STREET between BLEECKER STREET and WEST    4 STREET",
        "event_borough": "Manhattan",
        "start_date": "2025-09-27T18:00:00.000",
        "end_date": "2025-09-27T21:00:00.000",
        "start_formatted": "September 27, 2025 06:00 PM",
        "end_formatted": "September 27, 2025 09:00 PM",
        "street_closure_type": "Full Street Closure",
        "community_board": "2,",
        "police_precinct": "6,"
      }
    },
    {
      "type": "Feature",
      "geometry": {
        "type": "Point",
        "coordinates": [
          -73.991153,
          40.661804000000004
        ]
      },
      "properties": {
        "event_id": "878924",
        "event_name": "September 19th St Block Party",
        "event_type": "Block Party",
        "event_agency": "Street Activity Permit Office",
        "event_location": "19 STREET between 5 AVENUE and 6 AVENUE",
        "event_borough": "Brooklyn",
        "start_date": "2025-09-27T13:00:00.000",
        "end_date": "2025-09-27T18:00:00.000",
        "start_formatted": "September 27, 2025 01:00 PM",
        "end_formatted": "September 27, 2025 06:00 PM",
        "street_closure_type": "Full Street Closure",
        "community_board": "7,",
        "police_precinct": "72,"
      }
    },
    {
      "type": "Feature",
      "geometry": {
        "type": "Point",
        "coordinates": [
          -73.955372,
          40.66207
        ]
      },
      "properties": {
        "event_id": "879598",
        "event_name": "Open Street for block residents",
        "event_type": "Block Party",
        "event_agency": "Street Activity Permit Office",
        "event_location": "LEFFERTS AVENUE between ROGERS AVENUE and BEDFORD AVENUE",
        "event_borough": "Brooklyn",
        "start_date": "2025-09-27T13:00:00.000",
        "end_date": "2025-09-27T20:00:00.000",
        "start_formatted": "September 27, 2025 01:00 PM",
        "end_formatted": "September 27, 2025 08:00 PM",
        "street_closure_type": "Full Street Closure",
        "community_board": "9,",
        "police_precinct": "71,"
      }
    },
    {
      "type": "Feature",
      "geometry": {
        "type": "Point",
        "coordinates": [
          -73.810242,
          40.680669
        ]
      },
      "properties": {
        "event_id": "878626",
        "event_name": "114  131 Street Block Party",
        "event_type": "Block Party",
        "event_agency": "Street Activity Permit Office",
        "event_location": "131 STREET between LINDEN BOULEVARD and 115 AVENUE",
        "event_borough": "Queens",
        "start_date": "2025-09-27T12:30:00.000",
        "end_date": "2025-09-27T20:30:00.000",
        "start_formatted": "September 27, 2025 12:30 PM",
        "end_formatted": "September 27, 2025 08:30 PM",
        "street_closure_type": "Full Street Closure",
        "community_board": "10,",
        "police_precinct": "106,"
      }
    },
    {
      "type": "Feature",
      "geometry": {
        "type": "Point",
        "coordinates": [
          -73.9780315,
          40.6651825
        ]
      },
      "properties": {
        "event_id": "866432",
        "event_name": "9th Street Block Party",
        "event_type": "Block Party",
        "event_agency": "Street Activity Permit Office",
        "event_location": "9 STREET between 8 AVENUE and PROSPECT PARK WEST",
        "event_borough": "Brooklyn",
        "start_date": "2025-09-27T12:30:00.000",
        "end_date": "2025-09-27T20:30:00.000",
        "start_formatted": "September 27, 2025 12:30 PM",
        "end_formatted": "September 27, 2025 08:30 PM",
        "street_closure_type": "Full Street Closure",
        "community_board": "6,",
        "police_precinct": "78,"
      }
    },
    {
      "type": "Feature",
      "geometry": {
        "type": "Point",
        "coordinates": [
          -74.1214935,
          40.566061000000005
        ]
      },
      "properties": {
        "event_id": "878781",
        "event_name": "Penn Ave Block Party",
        "event_type": "Block Party",
        "event_agency": "Street Activity Permit Office",
        "event_location": "PENN AVENUE between 10 STREET and 8 STREET",
        "event_borough": "Staten Island",
        "start_date": "2025-09-27T12:30:00.000",
        "end_date": "2025-09-27T19:30:00.000",
        "start_formatted": "September 27, 2025 12:30 PM",
        "end_formatted": "September 27, 2025 07:30 PM",
        "street_closure_type": "Full Street Closure",
        "community_board": "3,",
        "police_precinct": "122,"
      }
    },
    {
      "type": "Feature",
      "geometry": {
        "type": "Point",
        "coordinates": [
          -73.946257,
          40.670585
        ]
      },
      "properties": {
        "event_id": "878837",
        "event_name": "Brooklyn Avenue Block Party",
        "event_type": "Block Party",
        "event_agency": "Street Activity Permit Office",
        "event_location": "LINCOLN PLACE between NEW YORK AVENUE and BROOKLYN AVENUE",
        "event_borough": "Brooklyn",
        "start_date": "2025-09-27T12:30:00.000",
        "end_date": "2025-09-27T17:00:00.000",
        "start_formatted": "September 27, 2025 12:30 PM",
        "end_formatted": "September 27, 2025 05:00 PM",
        "street_closure_type": "Full Street Closure",
        "community_board": "8,",
        "police_precinct": "77,"
      }
    },
    {
      "type": "Feature",
      "geometry": {
        "type": "Point",
        "coordinates": [
          -74.156255,
          40.557644499999995
        ]
      },
      "properties": {
        "event_id": "878978",
        "event_name": "Doane Avenue Block Party",
        "event_type": "Block Party",
        "event_agency": "Street Activity Permit Office",
        "event_location": "DOANE AVENUE between BARLOW AVENUE and LEVERETT AVENUE",
        "event_borough": "Staten Island",
        "start_date": "2025-09-27T12:00:00.000",
        "end_date": "2025-09-27T21:00:00.000",
        "start_formatted": "September 27, 2025 12:00 PM",
        "end_formatted": "September 27, 2025 09:00 PM",
        "street_closure_type": "Full Street Closure",
        "community_board": "3,",
        "police_precinct": "122,"
      }
    },
    {
      "type": "Feature",
      "geometry": {
        "type": "Point",
        "coordinates": [
          -73.8464795,
          40.7090245
        ]
      },
      "properties": {
        "event_id": "877228",
        "event_name": "Block Party 72 DRIVE",
        "event_type": "Block Party",
        "event_agency": "Street Activity Permit Office",
        "event_location": "72 DRIVE between METROPOLITAN AVENUE and UNION TURNPIKE",
        "event_borough": "Queens",
        "start_date": "2025-09-27T12:00:00.000",
        "end_date": "2025-09-27T21:00:00.000",
        "start_formatted": "September 27, 2025 12:00 PM",
        "end_formatted": "September 27, 2025 09:00 PM",
        "street_closure_type": "Full Street Closure",
        "community_board": "6,",
        "police_precinct": "112,"
      }
    },
    {
      "type": "Feature",
      "geometry": {
        "type": "Point",
        "coordinates": [
          -73.9951395,
          40.6614655
        ]
      },
      "properties": {
        "event_id": "878989",
        "event_name": "22nd St Block Party 2025 - 2",
        "event_type": "Block Party",
        "event_agency": "Street Activity Permit Office",
        "event_location": "22 STREET between 4 AVENUE and 5 AVENUE",
        "event_borough": "Brooklyn",
        "start_date": "2025-09-27T12:00:00.000",
        "end_date": "2025-09-27T20:00:00.000",
        "start_formatted": "September 27, 2025 12:00 PM",
        "end_formatted": "September 27, 2025 08:00 PM",
        "street_closure_type": "Full Street Closure",
        "community_board": "7,",
        "police_precinct": "72,"
      }
    },
    {
      "type": "Feature",
      "geometry": {
        "type": "Point",
        "coordinates": [
          -74.00562,
          40.651388
        ]
      },
      "properties": {
        "event_id": "878607",
        "event_name": "40th st block party",
        "event_type": "Block Party",
        "event_agency": "Street Activity Permit Office",
        "event_location": "40 STREET between 5 AVENUE and 4 AVENUE",
        "event_borough": "Brooklyn",
        "start_date": "2025-09-27T12:00:00.000",
        "end_date": "2025-09-27T21:00:00.000",
        "start_formatted": "September 27, 2025 12:00 PM",
        "end_formatted": "September 27, 2025 09:00 PM",
        "street_closure_type": "Full Street Closure",
        "community_board": "7,",
        "police_precinct": "72,"
      }
    },
    {
      "type": "Feature",
      "geometry": {
        "type": "Point",
        "coordinates": [
          -73.98376300000001,
          40.6662635
        ]
      },
      "properties": {
        "event_id": "872167",
        "event_name": "11th St Fall Block Party",
        "event_type": "Block Party",
        "event_agency": "Street Activity Permit Office",
        "event_location": "11 STREET between 7 AVENUE and 6 AVENUE",
        "event_borough": "Brooklyn",
        "start_date": "2025-09-27T12:00:00.000",
        "end_date": "2025-09-27T21:00:00.000",
        "start_formatted": "September 27, 2025 12:00 PM",
        "end_formatted": "September 27, 2025 09:00 PM",
        "street_closure_type": "Full Street Closure",
        "community_board": "6,",
        "police_precinct": "78,"
      }
    },
    {
      "type": "Feature",
      "geometry": {
        "type": "Point",
        "coordinates": [
          -73.92386450000001,
          40.6272405
        ]
      },
      "properties": {
        "event_id": "878516",
        "event_name": "54 Family Block Party",
        "event_type": "Block Party",
        "event_agency": "Street Activity Permit Office",
        "event_location": "EAST   54 STREET between AVENUE J and AVENUE K",
        "event_borough": "Brooklyn",
        "start_date": "2025-09-27T12:00:00.000",
        "end_date": "2025-09-27T19:00:00.000",
        "start_formatted": "September 27, 2025 12:00 PM",
        "end_formatted": "September 27, 2025 07:00 PM",
        "street_closure_type": "Full Street Closure",
        "community_board": "18,",
        "police_precinct": "63,"
      }
    },
    {
      "type": "Feature",
      "geometry": {
        "type": "Point",
        "coordinates": [
          -73.9239135,
          40.691648
        ]
      },
      "properties": {
        "event_id": "879527",
        "event_name": "Goodwin Place Summer Sendoff",
        "event_type": "Block Party",
        "event_agency": "Street Activity Permit Office",
        "event_location": "GOODWIN PLACE between GREENE AVENUE and GROVE STREET",
        "event_borough": "Brooklyn",
        "start_date": "2025-09-27T12:00:00.000",
        "end_date": "2025-09-27T19:30:00.000",
        "start_formatted": "September 27, 2025 12:00 PM",
        "end_formatted": "September 27, 2025 07:30 PM",
        "street_closure_type": "Full Street Closure",
        "community_board": "4,",
        "police_precinct": "83,"
      }
    },
    {
      "type": "Feature",
      "geometry": {
        "type": "Point",
        "coordinates": [
          -74.032707,
          40.615921
        ]
      },
      "properties": {
        "event_id": "873532",
        "event_name": "96th st block party",
        "event_type": "Block Party",
        "event_agency": "Street Activity Permit Office",
        "event_location": "96 STREET between 3 AVENUE and 4 AVENUE",
        "event_borough": "Brooklyn",
        "start_date": "2025-09-27T12:00:00.000",
        "end_date": "2025-09-27T20:00:00.000",
        "start_formatted": "September 27, 2025 12:00 PM",
        "end_formatted": "September 27, 2025 08:00 PM",
        "street_closure_type": "Full Street Closure",
        "community_board": "10,",
        "police_precinct": "68,"
      }
    },
    {
      "type": "Feature",
      "geometry": {
        "type": "Point",
        "coordinates": [
          -74.0020065,
          40.684872999999996
        ]
      },
      "properties": {
        "event_id": "870465",
        "event_name": "Sackett St Block Party",
        "event_type": "Block Party",
        "event_agency": "Street Activity Permit Office",
        "event_location": "SACKETT STREET between HICKS STREET and COLUMBIA STREET",
        "event_borough": "Brooklyn",
        "start_date": "2025-09-27T12:00:00.000",
        "end_date": "2025-09-27T20:00:00.000",
        "start_formatted": "September 27, 2025 12:00 PM",
        "end_formatted": "September 27, 2025 08:00 PM",
        "street_closure_type": "Full Street Closure",
        "community_board": "6,",
        "police_precinct": "76,"
      }
    },
    {
      "type": "Feature",
      "geometry": {
        "type": "Point",
        "coordinates": [
          -73.98117450000001,
          40.775889
        ]
      },
      "properties": {
        "event_id": "877369",
        "event_name": "W. 69 Street Block Party 2025",
        "event_type": "Block Party",
        "event_agency": "Street Activity Permit Office",
        "event_location": "WEST   69 STREET between COLUMBUS AVENUE and BROADWAY",
        "event_borough": "Manhattan",
        "start_date": "2025-09-27T12:00:00.000",
        "end_date": "2025-09-27T18:00:00.000",
        "start_formatted": "September 27, 2025 12:00 PM",
        "end_formatted": "September 27, 2025 06:00 PM",
        "street_closure_type": "Full Street Closure",
        "community_board": "7,",
        "police_precinct": "20,"
      }
    },
    {
      "type": "Feature",
      "geometry": {
        "type": "Point",
        "coordinates": [
          -73.94904650000001,
          40.659496000000004
        ]
      },
      "properties": {
        "event_id": "878733",
        "event_name": "Annual Block Party",
        "event_type": "Block Party",
        "event_agency": "Street Activity Permit Office",
        "event_location": "RUTLAND ROAD between NOSTRAND AVENUE and NEW YORK AVENUE",
        "event_borough": "Brooklyn",
        "start_date": "2025-09-27T12:00:00.000",
        "end_date": "2025-09-27T20:00:00.000",
        "start_formatted": "September 27, 2025 12:00 PM",
        "end_formatted": "September 27, 2025 08:00 PM",
        "street_closure_type": "Full Street Closure",
        "community_board": "9,",
        "police_precinct": "71,"
      }
    },
    {
      "type": "Feature",
      "geometry": {
        "type": "Point",
        "coordinates": [
          -73.94384199999999,
          40.642392
        ]
      },
      "properties": {
        "event_id": "878344",
        "event_name": "35 th street block party",
        "event_type": "Block Party",
        "event_agency": "Street Activity Permit Office",
        "event_location": "EAST   35 STREET between AVENUE D and CLARENDON ROAD",
        "event_borough": "Brooklyn",
        "start_date": "2025-09-27T12:00:00.000",
        "end_date": "2025-09-27T18:00:00.000",
        "start_formatted": "September 27, 2025 12:00 PM",
        "end_formatted": "September 27, 2025 06:00 PM",
        "street_closure_type": "Full Street Closure",
        "community_board": "17,",
        "police_precinct": "67,"
      }
    },
    {
      "type": "Feature",
      "geometry": {
        "type": "Point",
        "coordinates": [
          -74.0001965,
          40.680311
        ]
      },
      "properties": {
        "event_id": "872328",
        "event_name": "2nd Place Block Party 2025",
        "event_type": "Block Party",
        "event_agency": "Street Activity Permit Office",
        "event_location": "2 PLACE between HENRY STREET and CLINTON STREET",
        "event_borough": "Brooklyn",
        "start_date": "2025-09-27T12:00:00.000",
        "end_date": "2025-09-27T21:00:00.000",
        "start_formatted": "September 27, 2025 12:00 PM",
        "end_formatted": "September 27, 2025 09:00 PM",
        "street_closure_type": "Full Street Closure",
        "community_board": "6,",
        "police_precinct": "76,"
      }
    },
    {
      "type": "Feature",
      "geometry": {
        "type": "Point",
        "coordinates": [
          -73.95139449999999,
          40.679733999999996
        ]
      },
      "properties": {
        "event_id": "879309",
        "event_name": "Beginning of Fall",
        "event_type": "Block Party",
        "event_agency": "Street Activity Permit Office",
        "event_location": "HERKIMER STREET between BEDFORD AVENUE and NOSTRAND AVENUE",
        "event_borough": "Brooklyn",
        "start_date": "2025-09-27T12:00:00.000",
        "end_date": "2025-09-27T19:00:00.000",
        "start_formatted": "September 27, 2025 12:00 PM",
        "end_formatted": "September 27, 2025 07:00 PM",
        "street_closure_type": "Full Street Closure",
        "community_board": "3,",
        "police_precinct": "79,"
      }
    },
    {
      "type": "Feature",
      "geometry": {
        "type": "Point",
        "coordinates": [
          -73.98236800000001,
          40.713376
        ]
      },
      "properties": {
        "event_id": "874304",
        "event_name": "Memorial Stickball Classics",
        "event_type": "Block Party",
        "event_agency": "Street Activity Permit Office",
        "event_location": "MADISON STREET between GOUVERNEUR STREET and JACKSON STREET",
        "event_borough": "Manhattan",
        "start_date": "2025-09-27T12:00:00.000",
        "end_date": "2025-09-27T18:00:00.000",
        "start_formatted": "September 27, 2025 12:00 PM",
        "end_formatted": "September 27, 2025 06:00 PM",
        "street_closure_type": "Full Street Closure",
        "community_board": "3,",
        "police_precinct": "7,"
      }
    },
    {
      "type": "Feature",
      "geometry": {
        "type": "Point",
        "coordinates": [
          -74.0009805,
          40.678678000000005
        ]
      },
      "properties": {
        "event_id": "871578",
        "event_name": "4th Place Block Party",
        "event_type": "Block Party",
        "event_agency": "Street Activity Permit Office",
        "event_location": "4 PLACE between HENRY STREET and CLINTON STREET",
        "event_borough": "Brooklyn",
        "start_date": "2025-09-27T12:00:00.000",
        "end_date": "2025-09-27T19:00:00.000",
        "start_formatted": "September 27, 2025 12:00 PM",
        "end_formatted": "September 27, 2025 07:00 PM",
        "street_closure_type": "Full Street Closure",
        "community_board": "6,",
        "police_precinct": "76,"
      }
    },
    {
      "type": "Feature",
      "geometry": {
        "type": "Point",
        "coordinates": [
          -73.9805355,
          40.658889
        ]
      },
      "properties": {
        "event_id": "858894",
        "event_name": "Howard Place Block Party",
        "event_type": "Block Party",
        "event_agency": "Street Activity Permit Office",
        "event_location": "HOWARD PLACE between PROSPECT AVENUE and WINDSOR PLACE",
        "event_borough": "Brooklyn",
        "start_date": "2025-09-27T11:30:00.000",
        "end_date": "2025-09-27T19:30:00.000",
        "start_formatted": "September 27, 2025 11:30 AM",
        "end_formatted": "September 27, 2025 07:30 PM",
        "street_closure_type": "Full Street Closure",
        "community_board": "7,",
        "police_precinct": "72,"
      }
    },
    {
      "type": "Feature",
      "geometry": {
        "type": "Point",
        "coordinates": [
          -73.985619,
          40.668008
        ]
      },
      "properties": {
        "event_id": "876289",
        "event_name": "Tenth Street 5th 6th September 2025 Block Party",
        "event_type": "Block Party",
        "event_agency": "Street Activity Permit Office",
        "event_location": "10 STREET between 5 AVENUE and 6 AVENUE",
        "event_borough": "Brooklyn",
        "start_date": "2025-09-27T11:00:00.000",
        "end_date": "2025-09-27T20:00:00.000",
        "start_formatted": "September 27, 2025 11:00 AM",
        "end_formatted": "September 27, 2025 08:00 PM",
        "street_closure_type": "Full Street Closure",
        "community_board": "6,",
        "police_precinct": "78,"
      }
    },
    {
      "type": "Feature",
      "geometry": {
        "type": "Point",
        "coordinates": [
          -74.10113849999999,
          40.635159
        ]
      },
      "properties": {
        "event_id": "873674",
        "event_name": "45 Valencia Block Party",
        "event_type": "Block Party",
        "event_agency": "Street Activity Permit Office",
        "event_location": "VALENCIA AVENUE between CONYINGHAM AVENUE and NORTH RANDALL AVENUE",
        "event_borough": "Staten Island",
        "start_date": "2025-09-27T11:00:00.000",
        "end_date": "2025-09-27T19:00:00.000",
        "start_formatted": "September 27, 2025 11:00 AM",
        "end_formatted": "September 27, 2025 07:00 PM",
        "street_closure_type": "Full Street Closure",
        "community_board": "1,",
        "police_precinct": "120,"
      }
    },
    {
      "type": "Feature",
      "geometry": {
        "type": "Point",
        "coordinates": [
          -74.0176325,
          40.619112
        ]
      },
      "properties": {
        "event_id": "871856",
        "event_name": "83 street block party",
        "event_type": "Block Party",
        "event_agency": "Street Activity Permit Office",
        "event_location": "83 STREET between 10 AVENUE and 11 AVENUE",
        "event_borough": "Brooklyn",
        "start_date": "2025-09-27T11:00:00.000",
        "end_date": "2025-09-27T19:00:00.000",
        "start_formatted": "September 27, 2025 11:00 AM",
        "end_formatted": "September 27, 2025 07:00 PM",
        "street_closure_type": "Full Street Closure",
        "community_board": "10,",
        "police_precinct": "68,"
      }
    },
    {
      "type": "Feature",
      "geometry": {
        "type": "Point",
        "coordinates": [
          -73.955207,
          40.6605455
        ]
      },
      "properties": {
        "event_id": "873706",
        "event_name": "Maple St Block Party",
        "event_type": "Block Party",
        "event_agency": "Street Activity Permit Office",
        "event_location": "MAPLE STREET between BEDFORD AVENUE and ROGERS AVENUE",
        "event_borough": "Brooklyn",
        "start_date": "2025-09-27T11:00:00.000",
        "end_date": "2025-09-27T20:00:00.000",
        "start_formatted": "September 27, 2025 11:00 AM",
        "end_formatted": "September 27, 2025 08:00 PM",
        "street_closure_type": "Full Street Closure",
        "community_board": "9,",
        "police_precinct": "71,"
      }
    },
    {
      "type": "Feature",
      "geometry": {
        "type": "Point",
        "coordinates": [
          -73.95416,
          40.634515
        ]
      },
      "properties": {
        "event_id": "879398",
        "event_name": "SMRA Block Party",
        "event_type": "Block Party",
        "event_agency": "Street Activity Permit Office",
        "event_location": "EAST   24 STREET between GLENWOOD ROAD and FARRAGUT ROAD",
        "event_borough": "Brooklyn",
        "start_date": "2025-09-27T11:00:00.000",
        "end_date": "2025-09-27T17:00:00.000",
        "start_formatted": "September 27, 2025 11:00 AM",
        "end_formatted": "September 27, 2025 05:00 PM",
        "street_closure_type": "Full Street Closure",
        "community_board": "14,",
        "police_precinct": "70,"
      }
    },
    {
      "type": "Feature",
      "geometry": {
        "type": "Point",
        "coordinates": [
          -73.897373,
          40.846234499999994
        ]
      },
      "properties": {
        "event_id": "878635",
        "event_name": "Renee and friends",
        "event_type": "Block Party",
        "event_agency": "Street Activity Permit Office",
        "event_location": "BATHGATE AVENUE between EAST  176 STREET and EAST TREMONT AVENUE",
        "event_borough": "Bronx",
        "start_date": "2025-09-27T11:00:00.000",
        "end_date": "2025-09-27T16:00:00.000",
        "start_formatted": "September 27, 2025 11:00 AM",
        "end_formatted": "September 27, 2025 04:00 PM",
        "street_closure_type": "Full Street Closure",
        "community_board": "6,",
        "police_precinct": "48,"
      }
    },
    {
      "type": "Feature",
      "geometry": {
        "type": "Point",
        "coordinates": [
          -73.9707635,
          40.6771165
        ]
      },
      "properties": {
        "event_id": "865982",
        "event_name": "Block Party",
        "event_type": "Block Party",
        "event_agency": "Street Activity Permit Office",
        "event_location": "PARK PLACE between CARLTON AVENUE and VANDERBILT AVENUE",
        "event_borough": "Brooklyn",
        "start_date": "2025-09-27T10:30:00.000",
        "end_date": "2025-09-27T18:30:00.000",
        "start_formatted": "September 27, 2025 10:30 AM",
        "end_formatted": "September 27, 2025 06:30 PM",
        "street_closure_type": "Full Street Closure",
        "community_board": "8,",
        "police_precinct": "78,"
      }
    },
    {
      "type": "Feature",
      "geometry": {
        "type": "Point",
        "coordinates": [
          -73.98417649999999,
          40.6858725
        ]
      },
      "properties": {
        "event_id": "870572",
        "event_name": "Pacific 400 Block Party 2025",
        "event_type": "Block Party",
        "event_agency": "Street Activity Permit Office",
        "event_location": "PACIFIC STREET between NEVINS STREET and BOND STREET",
        "event_borough": "Brooklyn",
        "start_date": "2025-09-27T10:30:00.000",
        "end_date": "2025-09-27T17:00:00.000",
        "start_formatted": "September 27, 2025 10:30 AM",
        "end_formatted": "September 27, 2025 05:00 PM",
        "street_closure_type": "Full Street Closure",
        "community_board": "2,",
        "police_precinct": "84,"
      }
    },
    {
      "type": "Feature",
      "geometry": {
        "type": "Point",
        "coordinates": [
          -73.97377850000001,
          40.67461
        ]
      },
      "properties": {
        "event_id": "878913",
        "event_name": "Berrkeley Place Block Party",
        "event_type": "Block Party",
        "event_agency": "Street Activity Permit Office",
        "event_location": "BERKELEY PLACE between 7 AVENUE and 8 AVENUE",
        "event_borough": "Brooklyn",
        "start_date": "2025-09-27T10:00:00.000",
        "end_date": "2025-09-27T19:00:00.000",
        "start_formatted": "September 27, 2025 10:00 AM",
        "end_formatted": "September 27, 2025 07:00 PM",
        "street_closure_type": "Full Street Closure",
        "community_board": "6,",
        "police_precinct": "78,"
      }
    },
    {
      "type": "Feature",
      "geometry": {
        "type": "Point",
        "coordinates": [
          -73.93906100000001,
          40.8191165
        ]
      },
      "properties": {
        "event_id": "878703",
        "event_name": "The 142nd Street Block Association Annual End-of-Summer Block Party",
        "event_type": "Block Party",
        "event_agency": "Street Activity Permit Office",
        "event_location": "WEST  142 STREET between 7 AVENUE and LENOX AVENUE",
        "event_borough": "Manhattan",
        "start_date": "2025-09-27T10:00:00.000",
        "end_date": "2025-09-27T17:30:00.000",
        "start_formatted": "September 27, 2025 10:00 AM",
        "end_formatted": "September 27, 2025 05:30 PM",
        "street_closure_type": "Full Street Closure",
        "community_board": "10,",
        "police_precinct": "32,"
      }
    },
    {
      "type": "Feature",
      "geometry": {
        "type": "Point",
        "coordinates": [
          -73.97474700000001,
          40.6540765
        ]
      },
      "properties": {
        "event_id": "877129",
        "event_name": "Vanderbilt Street Block Party 2025",
        "event_type": "Block Party",
        "event_agency": "Street Activity Permit Office",
        "event_location": "VANDERBILT STREET between PROSPECT AVENUE and PROSPECT PARK SOUTHWEST",
        "event_borough": "Brooklyn",
        "start_date": "2025-09-27T10:00:00.000",
        "end_date": "2025-09-27T17:00:00.000",
        "start_formatted": "September 27, 2025 10:00 AM",
        "end_formatted": "September 27, 2025 05:00 PM",
        "street_closure_type": "Full Street Closure",
        "community_board": "7,",
        "police_precinct": "72,"
      }
    },
    {
      "type": "Feature",
      "geometry": {
        "type": "Point",
        "coordinates": [
          -73.98813200000001,
          40.664996
        ]
      },
      "properties": {
        "event_id": "876653",
        "event_name": "6/15 Green Fall Festival 2025",
        "event_type": "Block Party",
        "event_agency": "Street Activity Permit Office",
        "event_location": "15 STREET between 6 AVENUE and 5 AVENUE",
        "event_borough": "Brooklyn",
        "start_date": "2025-09-27T10:00:00.000",
        "end_date": "2025-09-27T17:00:00.000",
        "start_formatted": "September 27, 2025 10:00 AM",
        "end_formatted": "September 27, 2025 05:00 PM",
        "street_closure_type": "Full Street Closure",
        "community_board": "6, 7,",
        "police_precinct": "72, 78,"
      }
    },
    {
      "type": "Feature",
      "geometry": {
        "type": "Point",
        "coordinates": [
          -73.9943255,
          40.696569999999994
        ]
      },
      "properties": {
        "event_id": "873755",
        "event_name": "College Place Block Party",
        "event_type": "Block Party",
        "event_agency": "Street Activity Permit Office",
        "event_location": "COLLEGE PLACE between LOVE LANE and DEAD END",
        "event_borough": "Brooklyn",
        "start_date": "2025-09-27T09:00:00.000",
        "end_date": "2025-09-27T15:00:00.000",
        "start_formatted": "September 27, 2025 09:00 AM",
        "end_formatted": "September 27, 2025 03:00 PM",
        "street_closure_type": "Full Street Closure",
        "community_board": "2,",
        "police_precinct": "84,"
      }
    },
    {
      "type": "Feature",
      "geometry": {
        "type": "Point",
        "coordinates": [
          -73.97832,
          40.6819885
        ]
      },
      "properties": {
        "event_id": "876424",
        "event_name": "Bergen Street Block Party",
        "event_type": "Block Party",
        "event_agency": "Street Activity Permit Office",
        "event_location": "BERGEN STREET between 4 AVENUE and 5 AVENUE",
        "event_borough": "Brooklyn",
        "start_date": "2025-09-21T13:00:00.000",
        "end_date": "2025-09-21T17:00:00.000",
        "start_formatted": "September 21, 2025 01:00 PM",
        "end_formatted": "September 21, 2025 05:00 PM",
        "street_closure_type": "Full Street Closure",
        "community_board": "6,",
        "police_precinct": "78,"
      }
    },
    {
      "type": "Feature",
      "geometry": {
        "type": "Point",
        "coordinates": [
          -73.965588,
          40.6844895
        ]
      },
      "properties": {
        "event_id": "878373",
        "event_name": "Taking It To The STreets",
        "event_type": "Block Party",
        "event_agency": "Street Activity Permit Office",
        "event_location": "GATES AVENUE between WAVERLY AVENUE and WASHINGTON AVENUE",
        "event_borough": "Brooklyn",
        "start_date": "2025-09-21T12:00:00.000",
        "end_date": "2025-09-21T17:00:00.000",
        "start_formatted": "September 21, 2025 12:00 PM",
        "end_formatted": "September 21, 2025 05:00 PM",
        "street_closure_type": "Full Street Closure",
        "community_board": "2,",
        "police_precinct": "88,"
      }
    },
    {
      "type": "Feature",
      "geometry": {
        "type": "Point",
        "coordinates": [
          -74.00101849999999,
          40.686487
        ]
      },
      "properties": {
        "event_id": "874008",
        "event_name": "Tiffany Place Block Party",
        "event_type": "Block Party",
        "event_agency": "Street Activity Permit Office",
        "event_location": "TIFFANY PLACE between DEGRAW STREET and KANE STREET",
        "event_borough": "Brooklyn",
        "start_date": "2025-09-21T12:00:00.000",
        "end_date": "2025-09-21T19:00:00.000",
        "start_formatted": "September 21, 2025 12:00 PM",
        "end_formatted": "September 21, 2025 07:00 PM",
        "street_closure_type": "Full Street Closure",
        "community_board": "6,",
        "police_precinct": "76,"
      }
    },
    {
      "type": "Feature",
      "geometry": {
        "type": "Point",
        "coordinates": [
          -74.038066,
          40.6243195
        ]
      },
      "properties": {
        "event_id": "877400",
        "event_name": "block party",
        "event_type": "Block Party",
        "event_agency": "Street Activity Permit Office",
        "event_location": "87 STREET between NARROWS AVENUE and COLONIAL ROAD",
        "event_borough": "Brooklyn",
        "start_date": "2025-09-21T12:00:00.000",
        "end_date": "2025-09-21T20:30:00.000",
        "start_formatted": "September 21, 2025 12:00 PM",
        "end_formatted": "September 21, 2025 08:30 PM",
        "street_closure_type": "Full Street Closure",
        "community_board": "10,",
        "police_precinct": "68,"
      }
    },
    {
      "type": "Feature",
      "geometry": {
        "type": "Point",
        "coordinates": [
          -73.98617250000001,
          40.61622
        ]
      },
      "properties": {
        "event_id": "878495",
        "event_name": "Neighborhood Family Time",
        "event_type": "Block Party",
        "event_agency": "Street Activity Permit Office",
        "event_location": "20 AVENUE between 65 STREET and 66 STREET",
        "event_borough": "Brooklyn",
        "start_date": "2025-09-21T11:00:00.000",
        "end_date": "2025-09-21T15:00:00.000",
        "start_formatted": "September 21, 2025 11:00 AM",
        "end_formatted": "September 21, 2025 03:00 PM",
        "street_closure_type": "Full Street Closure",
        "community_board": "11,",
        "police_precinct": "62,"
      }
    },
    {
      "type": "Feature",
      "geometry": {
        "type": "Point",
        "coordinates": [
          -73.97964,
          40.675292
        ]
      },
      "properties": {
        "event_id": "873044",
        "event_name": "Block Party 2025",
        "event_type": "Block Party",
        "event_agency": "Street Activity Permit Office",
        "event_location": "PRESIDENT STREET between 5 AVENUE and 6 AVENUE",
        "event_borough": "Brooklyn",
        "start_date": "2025-09-21T10:00:00.000",
        "end_date": "2025-09-21T19:00:00.000",
        "start_formatted": "September 21, 2025 10:00 AM",
        "end_formatted": "September 21, 2025 07:00 PM",
        "street_closure_type": "Full Street Closure",
        "community_board": "6,",
        "police_precinct": "78,"
      }
    },
    {
      "type": "Feature",
      "geometry": {
        "type": "Point",
        "coordinates": [
          -73.982989,
          40.675186499999995
        ]
      },
      "properties": {
        "event_id": "851033",
        "event_name": "Garfield Gardens Block Party",
        "event_type": "Block Party",
        "event_agency": "Street Activity Permit Office",
        "event_location": "GARFIELD PLACE between 4 AVENUE and 5 AVENUE",
        "event_borough": "Brooklyn",
        "start_date": "2025-09-21T09:00:00.000",
        "end_date": "2025-09-21T18:00:00.000",
        "start_formatted": "September 21, 2025 09:00 AM",
        "end_formatted": "September 21, 2025 06:00 PM",
        "street_closure_type": "Full Street Closure",
        "community_board": "6,",
        "police_precinct": "78,"
      }
    },
    {
      "type": "Feature",
      "geometry": {
        "type": "Point",
        "coordinates": [
          -73.9963255,
          40.6924705
        ]
      },
      "properties": {
        "event_id": "870008",
        "event_name": "GARDEN PLACE ANNUAL BLOCK PARTY",
        "event_type": "Block Party",
        "event_agency": "Street Activity Permit Office",
        "event_location": "GARDEN PLACE between STATE STREET and JORALEMON STREET",
        "event_borough": "Brooklyn",
        "start_date": "2025-09-20T17:00:00.000",
        "end_date": "2025-09-20T21:00:00.000",
        "start_formatted": "September 20, 2025 05:00 PM",
        "end_formatted": "September 20, 2025 09:00 PM",
        "street_closure_type": "Full Street Closure",
        "community_board": "2,",
        "police_precinct": "84,"
      }
    },
    {
      "type": "Feature",
      "geometry": {
        "type": "Point",
        "coordinates": [
          -73.95197,
          40.6690395
        ]
      },
      "properties": {
        "event_id": "877143",
        "event_name": "Union St Block Party",
        "event_type": "Block Party",
        "event_agency": "Street Activity Permit Office",
        "event_location": "UNION STREET between ROGERS AVENUE and NOSTRAND AVENUE",
        "event_borough": "Brooklyn",
        "start_date": "2025-09-20T15:00:00.000",
        "end_date": "2025-09-20T19:00:00.000",
        "start_formatted": "September 20, 2025 03:00 PM",
        "end_formatted": "September 20, 2025 07:00 PM",
        "street_closure_type": "Full Street Closure",
        "community_board": "9,",
        "police_precinct": "71,"
      }
    },
    {
      "type": "Feature",
      "geometry": {
        "type": "Point",
        "coordinates": [
          -74.11265800000001,
          40.623981
        ]
      },
      "properties": {
        "event_id": "878110",
        "event_name": "Douglas Ave Block Party",
        "event_type": "Block Party",
        "event_agency": "Street Activity Permit Office",
        "event_location": "DOUGLAS AVENUE between BROADWAY and DEAD END",
        "event_borough": "Staten Island",
        "start_date": "2025-09-20T14:00:00.000",
        "end_date": "2025-09-20T21:00:00.000",
        "start_formatted": "September 20, 2025 02:00 PM",
        "end_formatted": "September 20, 2025 09:00 PM",
        "street_closure_type": "Full Street Closure",
        "community_board": "1,",
        "police_precinct": "120,"
      }
    },
    {
      "type": "Feature",
      "geometry": {
        "type": "Point",
        "coordinates": [
          -73.92485450000001,
          40.5878095
        ]
      },
      "properties": {
        "event_id": "878326",
        "event_name": "Lester Court Block Party",
        "event_type": "Block Party",
        "event_agency": "Street Activity Permit Office",
        "event_location": "LESTER COURT between MADOC AVENUE and NOEL AVENUE",
        "event_borough": "Brooklyn",
        "start_date": "2025-09-20T14:00:00.000",
        "end_date": "2025-09-20T23:00:00.000",
        "start_formatted": "September 20, 2025 02:00 PM",
        "end_formatted": "September 20, 2025 11:00 PM",
        "street_closure_type": "Full Street Closure",
        "community_board": "15,",
        "police_precinct": "61,"
      }
    },
    {
      "type": "Feature",
      "geometry": {
        "type": "Point",
        "coordinates": [
          -73.927435,
          40.772542
        ]
      },
      "properties": {
        "event_id": "876345",
        "event_name": "Friends  Family",
        "event_type": "Block Party",
        "event_agency": "Street Activity Permit Office",
        "event_location": "18 STREET between 27 AVENUE and ASTORIA BOULEVARD",
        "event_borough": "Queens",
        "start_date": "2025-09-20T13:30:00.000",
        "end_date": "2025-09-20T21:00:00.000",
        "start_formatted": "September 20, 2025 01:30 PM",
        "end_formatted": "September 20, 2025 09:00 PM",
        "street_closure_type": "Full Street Closure",
        "community_board": "1,",
        "police_precinct": "114,"
      }
    },
    {
      "type": "Feature",
      "geometry": {
        "type": "Point",
        "coordinates": [
          -73.995716,
          40.66091
        ]
      },
      "properties": {
        "event_id": "872484",
        "event_name": "summer block party",
        "event_type": "Block Party",
        "event_agency": "Street Activity Permit Office",
        "event_location": "23 STREET between 4 AVENUE and 5 AVENUE",
        "event_borough": "Brooklyn",
        "start_date": "2025-09-20T13:00:00.000",
        "end_date": "2025-09-20T21:00:00.000",
        "start_formatted": "September 20, 2025 01:00 PM",
        "end_formatted": "September 20, 2025 09:00 PM",
        "street_closure_type": "Full Street Closure",
        "community_board": "7,",
        "police_precinct": "72,"
      }
    },
    {
      "type": "Feature",
      "geometry": {
        "type": "Point",
        "coordinates": [
          -73.87438850000001,
          40.716674
        ]
      },
      "properties": {
        "event_id": "841660",
        "event_name": "79th st block party",
        "event_type": "Block Party",
        "event_agency": "Street Activity Permit Office",
        "event_location": "79 STREET between FURMANVILLE AVENUE and JUNIPER VALLEY ROAD",
        "event_borough": "Queens",
        "start_date": "2025-09-20T13:00:00.000",
        "end_date": "2025-09-20T21:00:00.000",
        "start_formatted": "September 20, 2025 01:00 PM",
        "end_formatted": "September 20, 2025 09:00 PM",
        "street_closure_type": "Full Street Closure",
        "community_board": "5,",
        "police_precinct": "104,"
      }
    },
    {
      "type": "Feature",
      "geometry": {
        "type": "Point",
        "coordinates": [
          -73.9977215,
          40.685480999999996
        ]
      },
      "properties": {
        "event_id": "876284",
        "event_name": "Strong place Party",
        "event_type": "Block Party",
        "event_agency": "Street Activity Permit Office",
        "event_location": "STRONG PLACE between DEGRAW STREET and KANE STREET",
        "event_borough": "Brooklyn",
        "start_date": "2025-09-20T13:00:00.000",
        "end_date": "2025-09-20T19:30:00.000",
        "start_formatted": "September 20, 2025 01:00 PM",
        "end_formatted": "September 20, 2025 07:30 PM",
        "street_closure_type": "Full Street Closure",
        "community_board": "6,",
        "police_precinct": "76,"
      }
    },
    {
      "type": "Feature",
      "geometry": {
        "type": "Point",
        "coordinates": [
          -74.00707750000001,
          40.615468
        ]
      },
      "properties": {
        "event_id": "875759",
        "event_name": "80th street blockparty",
        "event_type": "Block Party",
        "event_agency": "Street Activity Permit Office",
        "event_location": "80 STREET between 14 AVENUE and 15 AVENUE",
        "event_borough": "Brooklyn",
        "start_date": "2025-09-20T13:00:00.000",
        "end_date": "2025-09-20T21:00:00.000",
        "start_formatted": "September 20, 2025 01:00 PM",
        "end_formatted": "September 20, 2025 09:00 PM",
        "street_closure_type": "Full Street Closure",
        "community_board": "11,",
        "police_precinct": "62,"
      }
    },
    {
      "type": "Feature",
      "geometry": {
        "type": "Point",
        "coordinates": [
          -73.9602045,
          40.8148575
        ]
      },
      "properties": {
        "event_id": "870564",
        "event_name": "37th Annual West Harlem Coalition Anti-Gentrification Block Party",
        "event_type": "Block Party",
        "event_agency": "Street Activity Permit Office",
        "event_location": "CLAREMONT AVENUE between TIEMANN PLACE and LASALLE STREET",
        "event_borough": "Manhattan",
        "start_date": "2025-09-20T13:00:00.000",
        "end_date": "2025-09-20T19:00:00.000",
        "start_formatted": "September 20, 2025 01:00 PM",
        "end_formatted": "September 20, 2025 07:00 PM",
        "street_closure_type": "Full Street Closure",
        "community_board": "9,",
        "police_precinct": "26,"
      }
    },
    {
      "type": "Feature",
      "geometry": {
        "type": "Point",
        "coordinates": [
          -73.9355285,
          40.611256
        ]
      },
      "properties": {
        "event_id": "873739",
        "event_name": "2025 E 34th Street Block Party",
        "event_type": "Block Party",
        "event_agency": "Street Activity Permit Office",
        "event_location": "EAST   34 STREET between FILLMORE AVENUE and AVENUE R",
        "event_borough": "Brooklyn",
        "start_date": "2025-09-20T13:00:00.000",
        "end_date": "2025-09-20T20:00:00.000",
        "start_formatted": "September 20, 2025 01:00 PM",
        "end_formatted": "September 20, 2025 08:00 PM",
        "street_closure_type": "Sidewalk and Street Closure",
        "community_board": "18,",
        "police_precinct": "63,"
      }
    },
    {
      "type": "Feature",
      "geometry": {
        "type": "Point",
        "coordinates": [
          -73.9903695,
          40.6703075
        ]
      },
      "properties": {
        "event_id": "877199",
        "event_name": "Block party 10th street",
        "event_type": "Block Party",
        "event_agency": "Street Activity Permit Office",
        "event_location": "10 STREET between 4 AVENUE and 3 AVENUE",
        "event_borough": "Brooklyn",
        "start_date": "2025-09-20T13:00:00.000",
        "end_date": "2025-09-20T21:00:00.000",
        "start_formatted": "September 20, 2025 01:00 PM",
        "end_formatted": "September 20, 2025 09:00 PM",
        "street_closure_type": "Full Street Closure",
        "community_board": "6,",
        "police_precinct": "78,"
      }
    },
    {
      "type": "Feature",
      "geometry": {
        "type": "Point",
        "coordinates": [
          -73.949033,
          40.6706725
        ]
      },
      "properties": {
        "event_id": "877789",
        "event_name": "Annual Lincoln Civic Association Block Party",
        "event_type": "Block Party",
        "event_agency": "Street Activity Permit Office",
        "event_location": "LINCOLN PLACE between NOSTRAND AVENUE and NEW YORK AVENUE",
        "event_borough": "Brooklyn",
        "start_date": "2025-09-20T13:00:00.000",
        "end_date": "2025-09-20T20:30:00.000",
        "start_formatted": "September 20, 2025 01:00 PM",
        "end_formatted": "September 20, 2025 08:30 PM",
        "street_closure_type": "Full Street Closure",
        "community_board": "8,",
        "police_precinct": "77,"
      }
    },
    {
      "type": "Feature",
      "geometry": {
        "type": "Point",
        "coordinates": [
          -74.0126465,
          40.617011500000004
        ]
      },
      "properties": {
        "event_id": "877879",
        "event_name": "4th Annual 82nd Street Block Party",
        "event_type": "Block Party",
        "event_agency": "Street Activity Permit Office",
        "event_location": "82 STREET between 12 AVENUE and 13 AVENUE",
        "event_borough": "Brooklyn",
        "start_date": "2025-09-20T13:00:00.000",
        "end_date": "2025-09-20T21:00:00.000",
        "start_formatted": "September 20, 2025 01:00 PM",
        "end_formatted": "September 20, 2025 09:00 PM",
        "street_closure_type": "Full Street Closure",
        "community_board": "10,",
        "police_precinct": "68,"
      }
    },
    {
      "type": "Feature",
      "geometry": {
        "type": "Point",
        "coordinates": [
          -73.90549100000001,
          40.622349
        ]
      },
      "properties": {
        "event_id": "856603",
        "event_name": "Royce St Block Party",
        "event_type": "Block Party",
        "event_agency": "Street Activity Permit Office",
        "event_location": "ROYCE STREET between AVENUE T and AVENUE U",
        "event_borough": "Brooklyn",
        "start_date": "2025-09-20T12:30:00.000",
        "end_date": "2025-09-20T20:30:00.000",
        "start_formatted": "September 20, 2025 12:30 PM",
        "end_formatted": "September 20, 2025 08:30 PM",
        "street_closure_type": "Full Street Closure",
        "community_board": "18,",
        "police_precinct": "63,"
      }
    },
    {
      "type": "Feature",
      "geometry": {
        "type": "Point",
        "coordinates": [
          -73.93617850000001,
          40.6811305
        ]
      },
      "properties": {
        "event_id": "858729",
        "event_name": "Summers Done Celebration",
        "event_type": "Block Party",
        "event_agency": "Street Activity Permit Office",
        "event_location": "DECATUR STREET between MARCUS GARVEY BOULEVARD and LEWIS AVENUE",
        "event_borough": "Brooklyn",
        "start_date": "2025-09-20T12:30:00.000",
        "end_date": "2025-09-20T20:30:00.000",
        "start_formatted": "September 20, 2025 12:30 PM",
        "end_formatted": "September 20, 2025 08:30 PM",
        "street_closure_type": "Full Street Closure",
        "community_board": "3,",
        "police_precinct": "81,"
      }
    },
    {
      "type": "Feature",
      "geometry": {
        "type": "Point",
        "coordinates": [
          -73.9792395,
          40.671685
        ]
      },
      "properties": {
        "event_id": "877776",
        "event_name": "2nd St Block Party",
        "event_type": "Block Party",
        "event_agency": "Street Activity Permit Office",
        "event_location": "2 STREET between 6 AVENUE and 7 AVENUE",
        "event_borough": "Brooklyn",
        "start_date": "2025-09-20T12:00:00.000",
        "end_date": "2025-09-20T19:00:00.000",
        "start_formatted": "September 20, 2025 12:00 PM",
        "end_formatted": "September 20, 2025 07:00 PM",
        "street_closure_type": "Full Street Closure",
        "community_board": "6,",
        "police_precinct": "78,"
      }
    },
    {
      "type": "Feature",
      "geometry": {
        "type": "Point",
        "coordinates": [
          -73.9821035,
          40.6722265
        ]
      },
      "properties": {
        "event_id": "873148",
        "event_name": "3rd Street Block Party 2025",
        "event_type": "Block Party",
        "event_agency": "Street Activity Permit Office",
        "event_location": "3 STREET between 5 AVENUE and 6 AVENUE",
        "event_borough": "Brooklyn",
        "start_date": "2025-09-20T12:00:00.000",
        "end_date": "2025-09-20T19:00:00.000",
        "start_formatted": "September 20, 2025 12:00 PM",
        "end_formatted": "September 20, 2025 07:00 PM",
        "street_closure_type": "Full Street Closure",
        "community_board": "6,",
        "police_precinct": "78,"
      }
    },
    {
      "type": "Feature",
      "geometry": {
        "type": "Point",
        "coordinates": [
          -74.0258525,
          40.6387835
        ]
      },
      "properties": {
        "event_id": "869320",
        "event_name": "Wakeman Place Block Party",
        "event_type": "Block Party",
        "event_agency": "Street Activity Permit Office",
        "event_location": "WAKEMAN PLACE between RIDGE BOULEVARD and 3 AVENUE",
        "event_borough": "Brooklyn",
        "start_date": "2025-09-20T12:00:00.000",
        "end_date": "2025-09-20T21:00:00.000",
        "start_formatted": "September 20, 2025 12:00 PM",
        "end_formatted": "September 20, 2025 09:00 PM",
        "street_closure_type": "Full Street Closure",
        "community_board": "10,",
        "police_precinct": "68,"
      }
    },
    {
      "type": "Feature",
      "geometry": {
        "type": "Point",
        "coordinates": [
          -73.9070885,
          40.676726
        ]
      },
      "properties": {
        "event_id": "875245",
        "event_name": "The Junction Neighborhood Association Block Party",
        "event_type": "Block Party",
        "event_agency": "Street Activity Permit Office",
        "event_location": "SHERLOCK PLACE between ATLANTIC AVENUE and HERKIMER STREET",
        "event_borough": "Brooklyn",
        "start_date": "2025-09-20T12:00:00.000",
        "end_date": "2025-09-20T18:00:00.000",
        "start_formatted": "September 20, 2025 12:00 PM",
        "end_formatted": "September 20, 2025 06:00 PM",
        "street_closure_type": "Full Street Closure",
        "community_board": "16,",
        "police_precinct": "73,"
      }
    },
    {
      "type": "Feature",
      "geometry": {
        "type": "Point",
        "coordinates": [
          -73.944177,
          40.8172
        ]
      },
      "properties": {
        "event_id": "869200",
        "event_name": "West 137 St Longest table Harlem",
        "event_type": "Block Party",
        "event_agency": "Street Activity Permit Office",
        "event_location": "WEST  137 STREET between FREDERICK DOUGLASS BOULEVARD and ADAM CLAYTON POWELL BOULEVARD",
        "event_borough": "Manhattan",
        "start_date": "2025-09-20T12:00:00.000",
        "end_date": "2025-09-20T15:30:00.000",
        "start_formatted": "September 20, 2025 12:00 PM",
        "end_formatted": "September 20, 2025 03:30 PM",
        "street_closure_type": "Full Street Closure",
        "community_board": "10,",
        "police_precinct": "32,"
      }
    },
    {
      "type": "Feature",
      "geometry": {
        "type": "Point",
        "coordinates": [
          -73.9923315,
          40.678015
        ]
      },
      "properties": {
        "event_id": "835404",
        "event_name": "2nd St Block Party",
        "event_type": "Block Party",
        "event_agency": "Street Activity Permit Office",
        "event_location": "2 STREET between HOYT STREET and BOND STREET",
        "event_borough": "Brooklyn",
        "start_date": "2025-09-20T12:00:00.000",
        "end_date": "2025-09-20T20:00:00.000",
        "start_formatted": "September 20, 2025 12:00 PM",
        "end_formatted": "September 20, 2025 08:00 PM",
        "street_closure_type": "Full Street Closure",
        "community_board": "6,",
        "police_precinct": "76,"
      }
    },
    {
      "type": "Feature",
      "geometry": {
        "type": "Point",
        "coordinates": [
          -73.8530495,
          40.70985
        ]
      },
      "properties": {
        "event_id": "875442",
        "event_name": "70th Road Block Party",
        "event_type": "Block Party",
        "event_agency": "Street Activity Permit Office",
        "event_location": "70 ROAD between METROPOLITAN AVENUE and SYBILLA STREET",
        "event_borough": "Queens",
        "start_date": "2025-09-20T12:00:00.000",
        "end_date": "2025-09-20T20:00:00.000",
        "start_formatted": "September 20, 2025 12:00 PM",
        "end_formatted": "September 20, 2025 08:00 PM",
        "street_closure_type": "Full Street Closure",
        "community_board": "6,",
        "police_precinct": "112,"
      }
    },
    {
      "type": "Feature",
      "geometry": {
        "type": "Point",
        "coordinates": [
          -73.99788000000001,
          40.680594
        ]
      },
      "properties": {
        "event_id": "878025",
        "event_name": "1st Place Block Party",
        "event_type": "Block Party",
        "event_agency": "Street Activity Permit Office",
        "event_location": "1 PLACE between CLINTON STREET and COURT STREET",
        "event_borough": "Brooklyn",
        "start_date": "2025-09-20T12:00:00.000",
        "end_date": "2025-09-20T21:00:00.000",
        "start_formatted": "September 20, 2025 12:00 PM",
        "end_formatted": "September 20, 2025 09:00 PM",
        "street_closure_type": "Full Street Closure",
        "community_board": "6,",
        "police_precinct": "76,"
      }
    },
    {
      "type": "Feature",
      "geometry": {
        "type": "Point",
        "coordinates": [
          -73.869142,
          40.8660005
        ]
      },
      "properties": {
        "event_id": "877695",
        "event_name": "Allerton Coops Tenants Association Block Party",
        "event_type": "Block Party",
        "event_agency": "Street Activity Permit Office",
        "event_location": "BARKER AVENUE between ALLERTON AVENUE and BRITTON STREET",
        "event_borough": "Bronx",
        "start_date": "2025-09-20T12:00:00.000",
        "end_date": "2025-09-20T19:00:00.000",
        "start_formatted": "September 20, 2025 12:00 PM",
        "end_formatted": "September 20, 2025 07:00 PM",
        "street_closure_type": "Full Street Closure",
        "community_board": "11,",
        "police_precinct": "49,"
      }
    },
    {
      "type": "Feature",
      "geometry": {
        "type": "Point",
        "coordinates": [
          -73.9854675,
          40.683966
        ]
      },
      "properties": {
        "event_id": "872062",
        "event_name": "WYBBAN BLOCK ASSOCIATION",
        "event_type": "Block Party",
        "event_agency": "Street Activity Permit Office",
        "event_location": "WYCKOFF STREET between BOND STREET and NEVINS STREET",
        "event_borough": "Brooklyn",
        "start_date": "2025-09-20T12:00:00.000",
        "end_date": "2025-09-20T20:00:00.000",
        "start_formatted": "September 20, 2025 12:00 PM",
        "end_formatted": "September 20, 2025 08:00 PM",
        "street_closure_type": "Full Street Closure",
        "community_board": "2,",
        "police_precinct": "84,"
      }
    },
    {
      "type": "Feature",
      "geometry": {
        "type": "Point",
        "coordinates": [
          -74.0327015,
          40.6230465
        ]
      },
      "properties": {
        "event_id": "878560",
        "event_name": "87th Street Block Party October",
        "event_type": "Block Party",
        "event_agency": "Street Activity Permit Office",
        "event_location": "87 STREET between 3 AVENUE and RIDGE BOULEVARD",
        "event_borough": "Brooklyn",
        "start_date": "2025-09-20T12:00:00.000",
        "end_date": "2025-09-20T19:00:00.000",
        "start_formatted": "September 20, 2025 12:00 PM",
        "end_formatted": "September 20, 2025 07:00 PM",
        "street_closure_type": "Full Street Closure",
        "community_board": "10,",
        "police_precinct": "68,"
      }
    },
    {
      "type": "Feature",
      "geometry": {
        "type": "Point",
        "coordinates": [
          -73.976461,
          40.6484005
        ]
      },
      "properties": {
        "event_id": "856549",
        "event_name": "East 5th Street Block Party",
        "event_type": "Block Party",
        "event_agency": "Street Activity Permit Office",
        "event_location": "EAST    5 STREET between CATON AVENUE and FORT HAMILTON PARKWAY",
        "event_borough": "Brooklyn",
        "start_date": "2025-09-20T12:00:00.000",
        "end_date": "2025-09-20T21:00:00.000",
        "start_formatted": "September 20, 2025 12:00 PM",
        "end_formatted": "September 20, 2025 09:00 PM",
        "street_closure_type": "Sidewalk and Street Closure",
        "community_board": "7,",
        "police_precinct": "72,"
      }
    },
    {
      "type": "Feature",
      "geometry": {
        "type": "Point",
        "coordinates": [
          -73.9893655,
          40.6715135
        ]
      },
      "properties": {
        "event_id": "877200",
        "event_name": "8th Street Block Association Block Party",
        "event_type": "Block Party",
        "event_agency": "Street Activity Permit Office",
        "event_location": "8 STREET between 4 AVENUE and 3 AVENUE",
        "event_borough": "Brooklyn",
        "start_date": "2025-09-20T12:00:00.000",
        "end_date": "2025-09-20T20:00:00.000",
        "start_formatted": "September 20, 2025 12:00 PM",
        "end_formatted": "September 20, 2025 08:00 PM",
        "street_closure_type": "Full Street Closure",
        "community_board": "6,",
        "police_precinct": "78,"
      }
    },
    {
      "type": "Feature",
      "geometry": {
        "type": "Point",
        "coordinates": [
          -73.7454755,
          40.7054165
        ]
      },
      "properties": {
        "event_id": "884998",
        "event_name": "112th Ave Block Party",
        "event_type": "Block Party",
        "event_agency": "Street Activity Permit Office",
        "event_location": "112 AVENUE between 212 STREET and COLFAX STREET",
        "event_borough": "Queens",
        "start_date": "2025-09-20T12:00:00.000",
        "end_date": "2025-09-20T21:00:00.000",
        "start_formatted": "September 20, 2025 12:00 PM",
        "end_formatted": "September 20, 2025 09:00 PM",
        "street_closure_type": "Full Street Closure",
        "community_board": "13,",
        "police_precinct": "105,"
      }
    },
    {
      "type": "Feature",
      "geometry": {
        "type": "Point",
        "coordinates": [
          -73.9279495,
          40.592363500000005
        ]
      },
      "properties": {
        "event_id": "875069",
        "event_name": "Ebony ct bl9ck party",
        "event_type": "Block Party",
        "event_agency": "Street Activity Permit Office",
        "event_location": "EBONY COURT between DEVON AVENUE and EVERETT AVENUE",
        "event_borough": "Brooklyn",
        "start_date": "2025-09-20T12:00:00.000",
        "end_date": "2025-09-20T19:00:00.000",
        "start_formatted": "September 20, 2025 12:00 PM",
        "end_formatted": "September 20, 2025 07:00 PM",
        "street_closure_type": "Full Street Closure",
        "community_board": "15,",
        "police_precinct": "61,"
      }
    },
    {
      "type": "Feature",
      "geometry": {
        "type": "Point",
        "coordinates": [
          -73.889772,
          40.695978
        ]
      },
      "properties": {
        "event_id": "870795",
        "event_name": "Residents of Liberty Park",
        "event_type": "Block Party",
        "event_agency": "Street Activity Permit Office",
        "event_location": "80 AVENUE between 64 LANE and 64 PLACE",
        "event_borough": "Queens",
        "start_date": "2025-09-20T12:00:00.000",
        "end_date": "2025-09-20T16:00:00.000",
        "start_formatted": "September 20, 2025 12:00 PM",
        "end_formatted": "September 20, 2025 04:00 PM",
        "street_closure_type": "Full Street Closure",
        "community_board": "5,",
        "police_precinct": "104,"
      }
    },
    {
      "type": "Feature",
      "geometry": {
        "type": "Point",
        "coordinates": [
          -73.883464,
          40.7220425
        ]
      },
      "properties": {
        "event_id": "847144",
        "event_name": "75 Place Block party",
        "event_type": "Block Party",
        "event_agency": "Street Activity Permit Office",
        "event_location": "75 PLACE between ELIOT AVENUE and JUNIPER BLVD NORTH",
        "event_borough": "Queens",
        "start_date": "2025-09-20T12:00:00.000",
        "end_date": "2025-09-20T21:00:00.000",
        "start_formatted": "September 20, 2025 12:00 PM",
        "end_formatted": "September 20, 2025 09:00 PM",
        "street_closure_type": "Full Street Closure",
        "community_board": "5,",
        "police_precinct": "104,"
      }
    },
    {
      "type": "Feature",
      "geometry": {
        "type": "Point",
        "coordinates": [
          -73.9395095,
          40.8184975
        ]
      },
      "properties": {
        "event_id": "863452",
        "event_name": "Our Family Org Annual Event",
        "event_type": "Block Party",
        "event_agency": "Street Activity Permit Office",
        "event_location": "WEST  141 STREET between ADAM CLAYTON POWELL BOULEVARD and MALCOLM X BOULEVARD",
        "event_borough": "Manhattan",
        "start_date": "2025-09-20T12:00:00.000",
        "end_date": "2025-09-20T18:00:00.000",
        "start_formatted": "September 20, 2025 12:00 PM",
        "end_formatted": "September 20, 2025 06:00 PM",
        "street_closure_type": "Full Street Closure",
        "community_board": "10,",
        "police_precinct": "32,"
      }
    },
    {
      "type": "Feature",
      "geometry": {
        "type": "Point",
        "coordinates": [
          -74.0001965,
          40.680311
        ]
      },
      "properties": {
        "event_id": "878121",
        "event_name": "2nd Place Block Party 2024",
        "event_type": "Block Party",
        "event_agency": "Street Activity Permit Office",
        "event_location": "2 PLACE between HENRY STREET and CLINTON STREET",
        "event_borough": "Brooklyn",
        "start_date": "2025-09-20T12:00:00.000",
        "end_date": "2025-09-20T21:00:00.000",
        "start_formatted": "September 20, 2025 12:00 PM",
        "end_formatted": "September 20, 2025 09:00 PM",
        "street_closure_type": "Full Street Closure",
        "community_board": "6,",
        "police_precinct": "76,"
      }
    },
    {
      "type": "Feature",
      "geometry": {
        "type": "Point",
        "coordinates": [
          -73.94100399999999,
          40.606265
        ]
      },
      "properties": {
        "event_id": "871145",
        "event_name": "Brown Street Block party",
        "event_type": "Block Party",
        "event_agency": "Street Activity Permit Office",
        "event_location": "BROWN STREET between AVENUE S and GERRITSEN AVENUE",
        "event_borough": "Brooklyn",
        "start_date": "2025-09-20T12:00:00.000",
        "end_date": "2025-09-20T20:00:00.000",
        "start_formatted": "September 20, 2025 12:00 PM",
        "end_formatted": "September 20, 2025 08:00 PM",
        "street_closure_type": "Full Street Closure",
        "community_board": "15,",
        "police_precinct": "61,"
      }
    },
    {
      "type": "Feature",
      "geometry": {
        "type": "Point",
        "coordinates": [
          -73.9967925,
          40.685198
        ]
      },
      "properties": {
        "event_id": "866228",
        "event_name": "Clinton Street Block Party 2025",
        "event_type": "Block Party",
        "event_agency": "Street Activity Permit Office",
        "event_location": "CLINTON STREET between DEGRAW STREET and KANE STREET",
        "event_borough": "Brooklyn",
        "start_date": "2025-09-20T12:00:00.000",
        "end_date": "2025-09-20T20:00:00.000",
        "start_formatted": "September 20, 2025 12:00 PM",
        "end_formatted": "September 20, 2025 08:00 PM",
        "street_closure_type": "Full Street Closure",
        "community_board": "6,",
        "police_precinct": "76,"
      }
    },
    {
      "type": "Feature",
      "geometry": {
        "type": "Point",
        "coordinates": [
          -74.0158855,
          40.6207895
        ]
      },
      "properties": {
        "event_id": "872181",
        "event_name": "80th Street Block Party",
        "event_type": "Block Party",
        "event_agency": "Street Activity Permit Office",
        "event_location": "80 STREET between 10 AVENUE and 11 AVENUE",
        "event_borough": "Brooklyn",
        "start_date": "2025-09-20T12:00:00.000",
        "end_date": "2025-09-20T21:00:00.000",
        "start_formatted": "September 20, 2025 12:00 PM",
        "end_formatted": "September 20, 2025 09:00 PM",
        "street_closure_type": "Full Street Closure",
        "community_board": "10,",
        "police_precinct": "68,"
      }
    },
    {
      "type": "Feature",
      "geometry": {
        "type": "Point",
        "coordinates": [
          -73.99383499999999,
          40.679717999999994
        ]
      },
      "properties": {
        "event_id": "862907",
        "event_name": "Carroll Street Block Party Sept 2025",
        "event_type": "Block Party",
        "event_agency": "Street Activity Permit Office",
        "event_location": "CARROLL STREET between SMITH STREET and HOYT STREET",
        "event_borough": "Brooklyn",
        "start_date": "2025-09-20T12:00:00.000",
        "end_date": "2025-09-20T21:00:00.000",
        "start_formatted": "September 20, 2025 12:00 PM",
        "end_formatted": "September 20, 2025 09:00 PM",
        "street_closure_type": "Full Street Closure",
        "community_board": "6,",
        "police_precinct": "76,"
      }
    },
    {
      "type": "Feature",
      "geometry": {
        "type": "Point",
        "coordinates": [
          -73.8692335,
          40.719477499999996
        ]
      },
      "properties": {
        "event_id": "874485",
        "event_name": "83 Place Block Party",
        "event_type": "Block Party",
        "event_agency": "Street Activity Permit Office",
        "event_location": "83 PLACE between FURMANVILLE AVENUE and 64 ROAD",
        "event_borough": "Queens",
        "start_date": "2025-09-20T12:00:00.000",
        "end_date": "2025-09-20T20:00:00.000",
        "start_formatted": "September 20, 2025 12:00 PM",
        "end_formatted": "September 20, 2025 08:00 PM",
        "street_closure_type": "Full Street Closure",
        "community_board": "5,",
        "police_precinct": "104,"
      }
    },
    {
      "type": "Feature",
      "geometry": {
        "type": "Point",
        "coordinates": [
          -74.00746799999999,
          40.6461235
        ]
      },
      "properties": {
        "event_id": "869945",
        "event_name": "September Block Party",
        "event_type": "Block Party",
        "event_agency": "Street Activity Permit Office",
        "event_location": "47 STREET between 6 AVENUE and 5 AVENUE",
        "event_borough": "Brooklyn",
        "start_date": "2025-09-20T12:00:00.000",
        "end_date": "2025-09-20T19:00:00.000",
        "start_formatted": "September 20, 2025 12:00 PM",
        "end_formatted": "September 20, 2025 07:00 PM",
        "street_closure_type": "Full Street Closure",
        "community_board": "7,",
        "police_precinct": "72,"
      }
    },
    {
      "type": "Feature",
      "geometry": {
        "type": "Point",
        "coordinates": [
          -73.889086,
          40.6678895
        ]
      },
      "properties": {
        "event_id": "877463",
        "event_name": "Van Siclen family day",
        "event_type": "Block Party",
        "event_agency": "Street Activity Permit Office",
        "event_location": "VAN SICLEN AVENUE between DUMONT AVENUE and BLAKE AVENUE",
        "event_borough": "Brooklyn",
        "start_date": "2025-09-20T12:00:00.000",
        "end_date": "2025-09-20T19:00:00.000",
        "start_formatted": "September 20, 2025 12:00 PM",
        "end_formatted": "September 20, 2025 07:00 PM",
        "street_closure_type": "Full Street Closure",
        "community_board": "5,",
        "police_precinct": "75,"
      }
    },
    {
      "type": "Feature",
      "geometry": {
        "type": "Point",
        "coordinates": [
          -73.97873799999999,
          40.672286
        ]
      },
      "properties": {
        "event_id": "867594",
        "event_name": "1st Street Block Party",
        "event_type": "Block Party",
        "event_agency": "Street Activity Permit Office",
        "event_location": "1 STREET between 6 AVENUE and 7 AVENUE",
        "event_borough": "Brooklyn",
        "start_date": "2025-09-20T11:30:00.000",
        "end_date": "2025-09-20T20:30:00.000",
        "start_formatted": "September 20, 2025 11:30 AM",
        "end_formatted": "September 20, 2025 08:30 PM",
        "street_closure_type": "Full Street Closure",
        "community_board": "6,",
        "police_precinct": "78,"
      }
    },
    {
      "type": "Feature",
      "geometry": {
        "type": "Point",
        "coordinates": [
          -73.99195950000001,
          40.6824845
        ]
      },
      "properties": {
        "event_id": "878200",
        "event_name": "Fall block party",
        "event_type": "Block Party",
        "event_agency": "Street Activity Permit Office",
        "event_location": "DEGRAW STREET between HOYT STREET and SMITH STREET",
        "event_borough": "Brooklyn",
        "start_date": "2025-09-20T11:30:00.000",
        "end_date": "2025-09-20T19:30:00.000",
        "start_formatted": "September 20, 2025 11:30 AM",
        "end_formatted": "September 20, 2025 07:30 PM",
        "street_closure_type": "Full Street Closure",
        "community_board": "6,",
        "police_precinct": "76,"
      }
    },
    {
      "type": "Feature",
      "geometry": {
        "type": "Point",
        "coordinates": [
          -73.972494,
          40.64226
        ]
      },
      "properties": {
        "event_id": "877632",
        "event_name": "E 7 block annual block party",
        "event_type": "Block Party",
        "event_agency": "Street Activity Permit Office",
        "event_location": "EAST    7 STREET between BEVERLY ROAD and AVENUE C",
        "event_borough": "Brooklyn",
        "start_date": "2025-09-20T11:00:00.000",
        "end_date": "2025-09-20T18:00:00.000",
        "start_formatted": "September 20, 2025 11:00 AM",
        "end_formatted": "September 20, 2025 06:00 PM",
        "street_closure_type": "Full Street Closure",
        "community_board": "12,",
        "police_precinct": "66,"
      }
    },
    {
      "type": "Feature",
      "geometry": {
        "type": "Point",
        "coordinates": [
          -73.945746,
          40.685276
        ]
      },
      "properties": {
        "event_id": "875556",
        "event_name": "Nursing Home 50th Anniversary Celebration",
        "event_type": "Block Party",
        "event_agency": "Street Activity Permit Office",
        "event_location": "MADISON STREET between MARCY AVENUE and TOMPKINS AVENUE",
        "event_borough": "Brooklyn",
        "start_date": "2025-09-20T11:00:00.000",
        "end_date": "2025-09-20T17:30:00.000",
        "start_formatted": "September 20, 2025 11:00 AM",
        "end_formatted": "September 20, 2025 05:30 PM",
        "street_closure_type": "Full Street Closure",
        "community_board": "3,",
        "police_precinct": "79,"
      }
    },
    {
      "type": "Feature",
      "geometry": {
        "type": "Point",
        "coordinates": [
          -73.96099,
          40.6583505
        ]
      },
      "properties": {
        "event_id": "871277",
        "event_name": "Chester Court block party",
        "event_type": "Block Party",
        "event_agency": "Street Activity Permit Office",
        "event_location": "CHESTER COURT between FLATBUSH AVENUE and DEAD END",
        "event_borough": "Brooklyn",
        "start_date": "2025-09-20T11:00:00.000",
        "end_date": "2025-09-20T20:00:00.000",
        "start_formatted": "September 20, 2025 11:00 AM",
        "end_formatted": "September 20, 2025 08:00 PM",
        "street_closure_type": "Full Street Closure",
        "community_board": "9,",
        "police_precinct": "71,"
      }
    },
    {
      "type": "Feature",
      "geometry": {
        "type": "Point",
        "coordinates": [
          -74.02165199999999,
          40.6355365
        ]
      },
      "properties": {
        "event_id": "877811",
        "event_name": "Julians Senator Street Block Party.",
        "event_type": "Block Party",
        "event_agency": "Street Activity Permit Office",
        "event_location": "SENATOR STREET between 4 AVENUE and 5 AVENUE",
        "event_borough": "Brooklyn",
        "start_date": "2025-09-20T11:00:00.000",
        "end_date": "2025-09-20T19:00:00.000",
        "start_formatted": "September 20, 2025 11:00 AM",
        "end_formatted": "September 20, 2025 07:00 PM",
        "street_closure_type": "Full Street Closure",
        "community_board": "10,",
        "police_precinct": "68,"
      }
    },
    {
      "type": "Feature",
      "geometry": {
        "type": "Point",
        "coordinates": [
          -73.95604399999999,
          40.730748500000004
        ]
      },
      "properties": {
        "event_id": "875873",
        "event_name": "The Kent Street Block Party",
        "event_type": "Block Party",
        "event_agency": "Street Activity Permit Office",
        "event_location": "KENT STREET between MANHATTAN AVENUE and FRANKLIN STREET",
        "event_borough": "Brooklyn",
        "start_date": "2025-09-20T11:00:00.000",
        "end_date": "2025-09-20T19:00:00.000",
        "start_formatted": "September 20, 2025 11:00 AM",
        "end_formatted": "September 20, 2025 07:00 PM",
        "street_closure_type": "Full Street Closure",
        "community_board": "1,",
        "police_precinct": "94,"
      }
    },
    {
      "type": "Feature",
      "geometry": {
        "type": "Point",
        "coordinates": [
          -73.95505499999999,
          40.659121999999996
        ]
      },
      "properties": {
        "event_id": "868811",
        "event_name": "Rutland 2 Block Party - 2025",
        "event_type": "Block Party",
        "event_agency": "Street Activity Permit Office",
        "event_location": "RUTLAND ROAD between BEDFORD AVENUE and ROGERS AVENUE",
        "event_borough": "Brooklyn",
        "start_date": "2025-09-20T11:00:00.000",
        "end_date": "2025-09-20T20:00:00.000",
        "start_formatted": "September 20, 2025 11:00 AM",
        "end_formatted": "September 20, 2025 08:00 PM",
        "street_closure_type": "Full Street Closure",
        "community_board": "9,",
        "police_precinct": "71,"
      }
    },
    {
      "type": "Feature",
      "geometry": {
        "type": "Point",
        "coordinates": [
          -73.919027,
          40.7068435
        ]
      },
      "properties": {
        "event_id": "875630",
        "event_name": "Suydam St 2025",
        "event_type": "Block Party",
        "event_agency": "Street Activity Permit Office",
        "event_location": "SUYDAM STREET between ST NICHOLAS AVENUE and CYPRESS AVENUE",
        "event_borough": "Brooklyn",
        "start_date": "2025-09-20T11:00:00.000",
        "end_date": "2025-09-20T20:00:00.000",
        "start_formatted": "September 20, 2025 11:00 AM",
        "end_formatted": "September 20, 2025 08:00 PM",
        "street_closure_type": "Full Street Closure",
        "community_board": "4,",
        "police_precinct": "83,"
      }
    },
    {
      "type": "Feature",
      "geometry": {
        "type": "Point",
        "coordinates": [
          -73.97784,
          40.657482
        ]
      },
      "properties": {
        "event_id": "877562",
        "event_name": "Sherman Street Block Party",
        "event_type": "Block Party",
        "event_agency": "Street Activity Permit Office",
        "event_location": "SHERMAN STREET between 10 AVENUE and 11 AVENUE",
        "event_borough": "Brooklyn",
        "start_date": "2025-09-20T10:30:00.000",
        "end_date": "2025-09-20T19:00:00.000",
        "start_formatted": "September 20, 2025 10:30 AM",
        "end_formatted": "September 20, 2025 07:00 PM",
        "street_closure_type": "Full Street Closure",
        "community_board": "7,",
        "police_precinct": "72,"
      }
    },
    {
      "type": "Feature",
      "geometry": {
        "type": "Point",
        "coordinates": [
          -73.92748399999999,
          40.6778385
        ]
      },
      "properties": {
        "event_id": "878216",
        "event_name": "F.A.R. First Annual Block Party",
        "event_type": "Block Party",
        "event_agency": "Street Activity Permit Office",
        "event_location": "ROCHESTER AVENUE between HERKIMER STREET and ATLANTIC AVENUE",
        "event_borough": "Brooklyn",
        "start_date": "2025-09-20T10:00:00.000",
        "end_date": "2025-09-20T19:00:00.000",
        "start_formatted": "September 20, 2025 10:00 AM",
        "end_formatted": "September 20, 2025 07:00 PM",
        "street_closure_type": "Full Street Closure",
        "community_board": "3,",
        "police_precinct": "81,"
      }
    },
    {
      "type": "Feature",
      "geometry": {
        "type": "Point",
        "coordinates": [
          -74.02446,
          40.628675
        ]
      },
      "properties": {
        "event_id": "873805",
        "event_name": "77st block party",
        "event_type": "Block Party",
        "event_agency": "Street Activity Permit Office",
        "event_location": "77 STREET between 4 AVENUE and 5 AVENUE",
        "event_borough": "Brooklyn",
        "start_date": "2025-09-20T10:00:00.000",
        "end_date": "2025-09-20T19:00:00.000",
        "start_formatted": "September 20, 2025 10:00 AM",
        "end_formatted": "September 20, 2025 07:00 PM",
        "street_closure_type": "Full Street Closure",
        "community_board": "10,",
        "police_precinct": "68,"
      }
    },
    {
      "type": "Feature",
      "geometry": {
        "type": "Point",
        "coordinates": [
          -73.9785315,
          40.664584
        ]
      },
      "properties": {
        "event_id": "870441",
        "event_name": "10th Street Block Association",
        "event_type": "Block Party",
        "event_agency": "Street Activity Permit Office",
        "event_location": "10 STREET between 8 AVENUE and PROSPECT PARK WEST",
        "event_borough": "Brooklyn",
        "start_date": "2025-09-20T10:00:00.000",
        "end_date": "2025-09-20T19:00:00.000",
        "start_formatted": "September 20, 2025 10:00 AM",
        "end_formatted": "September 20, 2025 07:00 PM",
        "street_closure_type": "Full Street Closure",
        "community_board": "6,",
        "police_precinct": "78,"
      }
    },
    {
      "type": "Feature",
      "geometry": {
        "type": "Point",
        "coordinates": [
          -73.9832585,
          40.666866
        ]
      },
      "properties": {
        "event_id": "866307",
        "event_name": "2025 10th Street Fall Block Party",
        "event_type": "Block Party",
        "event_agency": "Street Activity Permit Office",
        "event_location": "10 STREET between 6 AVENUE and 7 AVENUE",
        "event_borough": "Brooklyn",
        "start_date": "2025-09-20T10:00:00.000",
        "end_date": "2025-09-20T18:00:00.000",
        "start_formatted": "September 20, 2025 10:00 AM",
        "end_formatted": "September 20, 2025 06:00 PM",
        "street_closure_type": "Full Street Closure",
        "community_board": "6,",
        "police_precinct": "78,"
      }
    },
    {
      "type": "Feature",
      "geometry": {
        "type": "Point",
        "coordinates": [
          -73.9345385,
          40.676820500000005
        ]
      },
      "properties": {
        "event_id": "876293",
        "event_name": "Weeksville Family Day",
        "event_type": "Block Party",
        "event_agency": "Street Activity Permit Office",
        "event_location": "PACIFIC STREET between SCHENECTADY AVENUE and TROY AVENUE",
        "event_borough": "Brooklyn",
        "start_date": "2025-09-20T10:00:00.000",
        "end_date": "2025-09-20T19:00:00.000",
        "start_formatted": "September 20, 2025 10:00 AM",
        "end_formatted": "September 20, 2025 07:00 PM",
        "street_closure_type": "Sidewalk and Street Closure",
        "community_board": "8,",
        "police_precinct": "77,"
      }
    },
    {
      "type": "Feature",
      "geometry": {
        "type": "Point",
        "coordinates": [
          -73.84221149999999,
          40.9013255
        ]
      },
      "properties": {
        "event_id": "864338",
        "event_name": "Monticello Ave Block Association",
        "event_type": "Block Party",
        "event_agency": "Street Activity Permit Office",
        "event_location": "MONTICELLO AVENUE between NEREID AVENUE and EAST  241 STREET",
        "event_borough": "Bronx",
        "start_date": "2025-09-20T10:00:00.000",
        "end_date": "2025-09-20T17:00:00.000",
        "start_formatted": "September 20, 2025 10:00 AM",
        "end_formatted": "September 20, 2025 05:00 PM",
        "street_closure_type": "Full Street Closure",
        "community_board": "12,",
        "police_precinct": "47,"
      }
    },
    {
      "type": "Feature",
      "geometry": {
        "type": "Point",
        "coordinates": [
          -73.97737950000001,
          40.6699435
        ]
      },
      "properties": {
        "event_id": "857013",
        "event_name": "3rd Street Block Party",
        "event_type": "Block Party",
        "event_agency": "Street Activity Permit Office",
        "event_location": "3 STREET between 7 AVENUE and 8 AVENUE",
        "event_borough": "Brooklyn",
        "start_date": "2025-09-20T10:00:00.000",
        "end_date": "2025-09-20T19:00:00.000",
        "start_formatted": "September 20, 2025 10:00 AM",
        "end_formatted": "September 20, 2025 07:00 PM",
        "street_closure_type": "Full Street Closure",
        "community_board": "6,",
        "police_precinct": "78,"
      }
    },
    {
      "type": "Feature",
      "geometry": {
        "type": "Point",
        "coordinates": [
          -73.9261245,
          40.611718499999995
        ]
      },
      "properties": {
        "event_id": "874783",
        "event_name": "Hendrickson Street Gathering 2025",
        "event_type": "Block Party",
        "event_agency": "Street Activity Permit Office",
        "event_location": "HENDRICKSON STREET between AVENUE S and AVENUE T",
        "event_borough": "Brooklyn",
        "start_date": "2025-09-20T10:00:00.000",
        "end_date": "2025-09-20T17:00:00.000",
        "start_formatted": "September 20, 2025 10:00 AM",
        "end_formatted": "September 20, 2025 05:00 PM",
        "street_closure_type": "Full Street Closure",
        "community_board": "18,",
        "police_precinct": "63,"
      }
    },
    {
      "type": "Feature",
      "geometry": {
        "type": "Point",
        "coordinates": [
          -74.0336585,
          40.6351095
        ]
      },
      "properties": {
        "event_id": "876552",
        "event_name": "72nd Street Block Party",
        "event_type": "Block Party",
        "event_agency": "Street Activity Permit Office",
        "event_location": "72 STREET between NARROWS AVENUE and COLONIAL ROAD",
        "event_borough": "Brooklyn",
        "start_date": "2025-09-20T10:00:00.000",
        "end_date": "2025-09-20T19:00:00.000",
        "start_formatted": "September 20, 2025 10:00 AM",
        "end_formatted": "September 20, 2025 07:00 PM",
        "street_closure_type": "Full Street Closure",
        "community_board": "10,",
        "police_precinct": "68,"
      }
    },
    {
      "type": "Feature",
      "geometry": {
        "type": "Point",
        "coordinates": [
          -73.955286,
          40.661284
        ]
      },
      "properties": {
        "event_id": "873843",
        "event_name": "Annual Block Party",
        "event_type": "Block Party",
        "event_agency": "Street Activity Permit Office",
        "event_location": "LINCOLN ROAD between BEDFORD AVENUE and ROGERS AVENUE",
        "event_borough": "Brooklyn",
        "start_date": "2025-09-20T09:00:00.000",
        "end_date": "2025-09-20T18:00:00.000",
        "start_formatted": "September 20, 2025 09:00 AM",
        "end_formatted": "September 20, 2025 06:00 PM",
        "street_closure_type": "Full Street Closure",
        "community_board": "9,",
        "police_precinct": "71,"
      }
    },
    {
      "type": "Feature",
      "geometry": {
        "type": "Point",
        "coordinates": [
          -73.9663965,
          40.62585
        ]
      },
      "properties": {
        "event_id": "875934",
        "event_name": "Carnival 2025",
        "event_type": "Block Party",
        "event_agency": "Street Activity Permit Office",
        "event_location": "EAST   10 STREET between AVENUE I and AVENUE J",
        "event_borough": "Brooklyn",
        "start_date": "2025-09-14T16:00:00.000",
        "end_date": "2025-09-14T19:00:00.000",
        "start_formatted": "September 14, 2025 04:00 PM",
        "end_formatted": "September 14, 2025 07:00 PM",
        "street_closure_type": "Full Street Closure",
        "community_board": "12,",
        "police_precinct": "66,"
      }
    },
    {
      "type": "Feature",
      "geometry": {
        "type": "Point",
        "coordinates": [
          -73.934752,
          40.696512999999996
        ]
      },
      "properties": {
        "event_id": "877314",
        "event_name": "Back to School Garden  Block Party",
        "event_type": "Block Party",
        "event_agency": "Street Activity Permit Office",
        "event_location": "STUYVESANT AVENUE between VERNON AVENUE and BROADWAY",
        "event_borough": "Brooklyn",
        "start_date": "2025-09-14T13:00:00.000",
        "end_date": "2025-09-14T17:00:00.000",
        "start_formatted": "September 14, 2025 01:00 PM",
        "end_formatted": "September 14, 2025 05:00 PM",
        "street_closure_type": "Full Street Closure",
        "community_board": "3,",
        "police_precinct": "81,"
      }
    },
    {
      "type": "Feature",
      "geometry": {
        "type": "Point",
        "coordinates": [
          -73.96308049999999,
          40.632315500000004
        ]
      },
      "properties": {
        "event_id": "875842",
        "event_name": "WMCA Block Party",
        "event_type": "Block Party",
        "event_agency": "Street Activity Permit Office",
        "event_location": "GLENWOOD ROAD between RUGBY ROAD and DEAD END",
        "event_borough": "Brooklyn",
        "start_date": "2025-09-14T13:00:00.000",
        "end_date": "2025-09-14T17:00:00.000",
        "start_formatted": "September 14, 2025 01:00 PM",
        "end_formatted": "September 14, 2025 05:00 PM",
        "street_closure_type": "Full Street Closure",
        "community_board": "14,",
        "police_precinct": "70,"
      }
    },
    {
      "type": "Feature",
      "geometry": {
        "type": "Point",
        "coordinates": [
          -73.985581,
          40.660264
        ]
      },
      "properties": {
        "event_id": "872164",
        "event_name": "Block Party 2025",
        "event_type": "Block Party",
        "event_agency": "Street Activity Permit Office",
        "event_location": "17 STREET between 7 AVENUE and 8 AVENUE",
        "event_borough": "Brooklyn",
        "start_date": "2025-09-14T12:00:00.000",
        "end_date": "2025-09-14T21:00:00.000",
        "start_formatted": "September 14, 2025 12:00 PM",
        "end_formatted": "September 14, 2025 09:00 PM",
        "street_closure_type": "Full Street Closure",
        "community_board": "7,",
        "police_precinct": "72,"
      }
    },
    {
      "type": "Feature",
      "geometry": {
        "type": "Point",
        "coordinates": [
          -74.0285725,
          40.6331565
        ]
      },
      "properties": {
        "event_id": "870603",
        "event_name": "73rd Street Block Party",
        "event_type": "Block Party",
        "event_agency": "Street Activity Permit Office",
        "event_location": "73 STREET between 3 AVENUE and RIDGE BOULEVARD",
        "event_borough": "Brooklyn",
        "start_date": "2025-09-14T12:00:00.000",
        "end_date": "2025-09-14T20:00:00.000",
        "start_formatted": "September 14, 2025 12:00 PM",
        "end_formatted": "September 14, 2025 08:00 PM",
        "street_closure_type": "Full Street Closure",
        "community_board": "10,",
        "police_precinct": "68,"
      }
    },
    {
      "type": "Feature",
      "geometry": {
        "type": "Point",
        "coordinates": [
          -73.9727865,
          40.676736000000005
        ]
      },
      "properties": {
        "event_id": "870485",
        "event_name": "Sterling Place Block Party",
        "event_type": "Block Party",
        "event_agency": "Street Activity Permit Office",
        "event_location": "STERLING PLACE between FLATBUSH AVENUE and 7 AVENUE",
        "event_borough": "Brooklyn",
        "start_date": "2025-09-14T12:00:00.000",
        "end_date": "2025-09-14T16:00:00.000",
        "start_formatted": "September 14, 2025 12:00 PM",
        "end_formatted": "September 14, 2025 04:00 PM",
        "street_closure_type": "Full Street Closure",
        "community_board": "6,",
        "police_precinct": "78,"
      }
    },
    {
      "type": "Feature",
      "geometry": {
        "type": "Point",
        "coordinates": [
          -73.97788449999999,
          40.6693395
        ]
      },
      "properties": {
        "event_id": "869879",
        "event_name": "4th Street Block Party",
        "event_type": "Block Party",
        "event_agency": "Street Activity Permit Office",
        "event_location": "4 STREET between 8 AVENUE and 7 AVENUE",
        "event_borough": "Brooklyn",
        "start_date": "2025-09-14T12:00:00.000",
        "end_date": "2025-09-14T19:00:00.000",
        "start_formatted": "September 14, 2025 12:00 PM",
        "end_formatted": "September 14, 2025 07:00 PM",
        "street_closure_type": "Full Street Closure",
        "community_board": "6,",
        "police_precinct": "78,"
      }
    },
    {
      "type": "Feature",
      "geometry": {
        "type": "Point",
        "coordinates": [
          -73.9953895,
          40.645666500000004
        ]
      },
      "properties": {
        "event_id": "865532",
        "event_name": "9th Avenue",
        "event_type": "Block Party",
        "event_agency": "Street Activity Permit Office",
        "event_location": "9 AVENUE between 39 STREET and 40 STREET",
        "event_borough": "Brooklyn",
        "start_date": "2025-09-14T12:00:00.000",
        "end_date": "2025-09-14T19:00:00.000",
        "start_formatted": "September 14, 2025 12:00 PM",
        "end_formatted": "September 14, 2025 07:00 PM",
        "street_closure_type": "Full Street Closure",
        "community_board": "12,",
        "police_precinct": "66,"
      }
    },
    {
      "type": "Feature",
      "geometry": {
        "type": "Point",
        "coordinates": [
          -73.984767,
          40.66506
        ]
      },
      "properties": {
        "event_id": "866298",
        "event_name": "13th Street Block Party",
        "event_type": "Block Party",
        "event_agency": "Street Activity Permit Office",
        "event_location": "13 STREET between 6 AVENUE and 7 AVENUE",
        "event_borough": "Brooklyn",
        "start_date": "2025-09-14T11:30:00.000",
        "end_date": "2025-09-14T19:30:00.000",
        "start_formatted": "September 14, 2025 11:30 AM",
        "end_formatted": "September 14, 2025 07:30 PM",
        "street_closure_type": "Full Street Closure",
        "community_board": "6,",
        "police_precinct": "78,"
      }
    },
    {
      "type": "Feature",
      "geometry": {
        "type": "Point",
        "coordinates": [
          -73.9460115,
          40.6731965
        ]
      },
      "properties": {
        "event_id": "864323",
        "event_name": "900s Park Place Block Party",
        "event_type": "Block Party",
        "event_agency": "Street Activity Permit Office",
        "event_location": "PARK PLACE between NEW YORK AVENUE and BROOKLYN AVENUE",
        "event_borough": "Brooklyn",
        "start_date": "2025-09-14T11:00:00.000",
        "end_date": "2025-09-14T18:00:00.000",
        "start_formatted": "September 14, 2025 11:00 AM",
        "end_formatted": "September 14, 2025 06:00 PM",
        "street_closure_type": "Full Street Closure",
        "community_board": "8,",
        "police_precinct": "77,"
      }
    },
    {
      "type": "Feature",
      "geometry": {
        "type": "Point",
        "coordinates": [
          -73.9595955,
          40.708155
        ]
      },
      "properties": {
        "event_id": "883915",
        "event_name": "Holiday Block Party",
        "event_type": "Block Party",
        "event_agency": "Street Activity Permit Office",
        "event_location": "HAVEMEYER STREET between DIVISION AVENUE and BROADWAY",
        "event_borough": "Brooklyn",
        "start_date": "2025-09-14T11:00:00.000",
        "end_date": "2025-09-14T16:30:00.000",
        "start_formatted": "September 14, 2025 11:00 AM",
        "end_formatted": "September 14, 2025 04:30 PM",
        "street_closure_type": "Full Street Closure",
        "community_board": "1,",
        "police_precinct": "90,"
      }
    },
    {
      "type": "Feature",
      "geometry": {
        "type": "Point",
        "coordinates": [
          -73.948914,
          40.8299215
        ]
      },
      "properties": {
        "event_id": "876934",
        "event_name": "FAMILY of 150th Street",
        "event_type": "Block Party",
        "event_agency": "Street Activity Permit Office",
        "event_location": "WEST  150 STREET between BROADWAY and RIVERSIDE DRIVE",
        "event_borough": "Manhattan",
        "start_date": "2025-09-14T11:00:00.000",
        "end_date": "2025-09-14T16:00:00.000",
        "start_formatted": "September 14, 2025 11:00 AM",
        "end_formatted": "September 14, 2025 04:00 PM",
        "street_closure_type": "Sidewalk and Street Closure",
        "community_board": "9,",
        "police_precinct": "30,"
      }
    },
    {
      "type": "Feature",
      "geometry": {
        "type": "Point",
        "coordinates": [
          -73.946849,
          40.7238745
        ]
      },
      "properties": {
        "event_id": "850072",
        "event_name": "Parish Fun Day",
        "event_type": "Block Party",
        "event_agency": "Street Activity Permit Office",
        "event_location": "NEWEL STREET between DRIGGS AVENUE and NASSAU AVENUE",
        "event_borough": "Brooklyn",
        "start_date": "2025-09-14T11:00:00.000",
        "end_date": "2025-09-14T17:00:00.000",
        "start_formatted": "September 14, 2025 11:00 AM",
        "end_formatted": "September 14, 2025 05:00 PM",
        "street_closure_type": "Full Street Closure",
        "community_board": "1,",
        "police_precinct": "94,"
      }
    },
    {
      "type": "Feature",
      "geometry": {
        "type": "Point",
        "coordinates": [
          -73.96015,
          40.6340105
        ]
      },
      "properties": {
        "event_id": "855307",
        "event_name": "Midwood Park Block Party",
        "event_type": "Block Party",
        "event_agency": "Street Activity Permit Office",
        "event_location": "EAST   18 STREET between FOSTER AVENUE and GLENWOOD ROAD",
        "event_borough": "Brooklyn",
        "start_date": "2025-09-14T10:00:00.000",
        "end_date": "2025-09-14T16:30:00.000",
        "start_formatted": "September 14, 2025 10:00 AM",
        "end_formatted": "September 14, 2025 04:30 PM",
        "street_closure_type": "Full Street Closure",
        "community_board": "14,",
        "police_precinct": "70,"
      }
    },
    {
      "type": "Feature",
      "geometry": {
        "type": "Point",
        "coordinates": [
          -73.8277085,
          40.681899
        ]
      },
      "properties": {
        "event_id": "876166",
        "event_name": "Block Party",
        "event_type": "Block Party",
        "event_agency": "Street Activity Permit Office",
        "event_location": "113 STREET between 107 AVENUE and 109 AVENUE",
        "event_borough": "Queens",
        "start_date": "2025-09-13T15:00:00.000",
        "end_date": "2025-09-13T21:00:00.000",
        "start_formatted": "September 13, 2025 03:00 PM",
        "end_formatted": "September 13, 2025 09:00 PM",
        "street_closure_type": "Full Street Closure",
        "community_board": "10,",
        "police_precinct": "106,"
      }
    },
    {
      "type": "Feature",
      "geometry": {
        "type": "Point",
        "coordinates": [
          -73.8670285,
          40.6711025
        ]
      },
      "properties": {
        "event_id": "799075",
        "event_name": "Jessica Assent Memorial",
        "event_type": "Block Party",
        "event_agency": "Street Activity Permit Office",
        "event_location": "AUTUMN AVENUE between DUMONT AVENUE and BLAKE AVENUE",
        "event_borough": "Brooklyn",
        "start_date": "2025-09-13T15:00:00.000",
        "end_date": "2025-09-13T21:00:00.000",
        "start_formatted": "September 13, 2025 03:00 PM",
        "end_formatted": "September 13, 2025 09:00 PM",
        "street_closure_type": "Full Street Closure",
        "community_board": "5,",
        "police_precinct": "75,"
      }
    },
    {
      "type": "Feature",
      "geometry": {
        "type": "Point",
        "coordinates": [
          -73.9821815,
          40.6762765
        ]
      },
      "properties": {
        "event_id": "872229",
        "event_name": "Fall 2025 Block Party",
        "event_type": "Block Party",
        "event_agency": "Street Activity Permit Office",
        "event_location": "PRESIDENT STREET between 4 AVENUE and 5 AVENUE",
        "event_borough": "Brooklyn",
        "start_date": "2025-09-13T14:00:00.000",
        "end_date": "2025-09-13T21:00:00.000",
        "start_formatted": "September 13, 2025 02:00 PM",
        "end_formatted": "September 13, 2025 09:00 PM",
        "street_closure_type": "Full Street Closure",
        "community_board": "6,",
        "police_precinct": "78,"
      }
    },
    {
      "type": "Feature",
      "geometry": {
        "type": "Point",
        "coordinates": [
          -74.149168,
          40.6192155
        ]
      },
      "properties": {
        "event_id": "862583",
        "event_name": "Eagle Road Block Party",
        "event_type": "Block Party",
        "event_agency": "Street Activity Permit Office",
        "event_location": "EAGLE ROAD between WILLOW ROAD EAST and LEVIT AVENUE",
        "event_borough": "Staten Island",
        "start_date": "2025-09-13T13:30:00.000",
        "end_date": "2025-09-13T21:00:00.000",
        "start_formatted": "September 13, 2025 01:30 PM",
        "end_formatted": "September 13, 2025 09:00 PM",
        "street_closure_type": "Full Street Closure",
        "community_board": "1,",
        "police_precinct": "121,"
      }
    },
    {
      "type": "Feature",
      "geometry": {
        "type": "Point",
        "coordinates": [
          -74.0320775,
          40.617322
        ]
      },
      "properties": {
        "event_id": "874784",
        "event_name": "Bay Ridge 94th Street Block Party",
        "event_type": "Block Party",
        "event_agency": "Street Activity Permit Office",
        "event_location": "94 STREET between 4 AVENUE and 3 AVENUE",
        "event_borough": "Brooklyn",
        "start_date": "2025-09-13T13:30:00.000",
        "end_date": "2025-09-13T21:00:00.000",
        "start_formatted": "September 13, 2025 01:30 PM",
        "end_formatted": "September 13, 2025 09:00 PM",
        "street_closure_type": "Full Street Closure",
        "community_board": "10,",
        "police_precinct": "68,"
      }
    },
    {
      "type": "Feature",
      "geometry": {
        "type": "Point",
        "coordinates": [
          -74.0037155,
          40.611617499999994
        ]
      },
      "properties": {
        "event_id": "872244",
        "event_name": "82nd Street Block Party",
        "event_type": "Block Party",
        "event_agency": "Street Activity Permit Office",
        "event_location": "82 STREET between 16 AVENUE and 17 AVENUE",
        "event_borough": "Brooklyn",
        "start_date": "2025-09-13T13:00:00.000",
        "end_date": "2025-09-13T20:00:00.000",
        "start_formatted": "September 13, 2025 01:00 PM",
        "end_formatted": "September 13, 2025 08:00 PM",
        "street_closure_type": "Full Street Closure",
        "community_board": "11,",
        "police_precinct": "62,"
      }
    },
    {
      "type": "Feature",
      "geometry": {
        "type": "Point",
        "coordinates": [
          -74.021612,
          40.623340999999996
        ]
      },
      "properties": {
        "event_id": "877840",
        "event_name": "Block Party",
        "event_type": "Block Party",
        "event_agency": "Street Activity Permit Office",
        "event_location": "81 STREET between 6 AVENUE and 7 AVENUE",
        "event_borough": "Brooklyn",
        "start_date": "2025-09-13T13:00:00.000",
        "end_date": "2025-09-13T21:00:00.000",
        "start_formatted": "September 13, 2025 01:00 PM",
        "end_formatted": "September 13, 2025 09:00 PM",
        "street_closure_type": "Full Street Closure",
        "community_board": "10,",
        "police_precinct": "68,"
      }
    },
    {
      "type": "Feature",
      "geometry": {
        "type": "Point",
        "coordinates": [
          -73.84319550000001,
          40.649172
        ]
      },
      "properties": {
        "event_id": "870664",
        "event_name": "Block Party 2025",
        "event_type": "Block Party",
        "event_agency": "Street Activity Permit Office",
        "event_location": "87 STREET between 164 AVENUE and 165 AVENUE",
        "event_borough": "Queens",
        "start_date": "2025-09-13T13:00:00.000",
        "end_date": "2025-09-13T21:00:00.000",
        "start_formatted": "September 13, 2025 01:00 PM",
        "end_formatted": "September 13, 2025 09:00 PM",
        "street_closure_type": "Full Street Closure",
        "community_board": "10,",
        "police_precinct": "106,"
      }
    },
    {
      "type": "Feature",
      "geometry": {
        "type": "Point",
        "coordinates": [
          -74.0095035,
          40.6509995
        ]
      },
      "properties": {
        "event_id": "875160",
        "event_name": "Block party 2025",
        "event_type": "Block Party",
        "event_agency": "Street Activity Permit Office",
        "event_location": "43 STREET between 3 AVENUE and 4 AVENUE",
        "event_borough": "Brooklyn",
        "start_date": "2025-09-13T13:00:00.000",
        "end_date": "2025-09-13T20:30:00.000",
        "start_formatted": "September 13, 2025 01:00 PM",
        "end_formatted": "September 13, 2025 08:30 PM",
        "street_closure_type": "Full Street Closure",
        "community_board": "7,",
        "police_precinct": "72,"
      }
    },
    {
      "type": "Feature",
      "geometry": {
        "type": "Point",
        "coordinates": [
          -74.118753,
          40.6269075
        ]
      },
      "properties": {
        "event_id": "869933",
        "event_name": "Clove Lake Pl Block Party",
        "event_type": "Block Party",
        "event_agency": "Street Activity Permit Office",
        "event_location": "CLOVE LAKE PLACE between ELIZABETH STREET and CLOVE ROAD",
        "event_borough": "Staten Island",
        "start_date": "2025-09-13T13:00:00.000",
        "end_date": "2025-09-13T20:00:00.000",
        "start_formatted": "September 13, 2025 01:00 PM",
        "end_formatted": "September 13, 2025 08:00 PM",
        "street_closure_type": "Full Street Closure",
        "community_board": "1,",
        "police_precinct": "120,"
      }
    },
    {
      "type": "Feature",
      "geometry": {
        "type": "Point",
        "coordinates": [
          -73.9035645,
          40.691627
        ]
      },
      "properties": {
        "event_id": "859560",
        "event_name": "Cooper Block Party",
        "event_type": "Block Party",
        "event_agency": "Street Activity Permit Office",
        "event_location": "COOPER STREET between KNICKERBOCKER AVENUE and IRVING AVENUE",
        "event_borough": "Brooklyn",
        "start_date": "2025-09-13T13:00:00.000",
        "end_date": "2025-09-13T19:00:00.000",
        "start_formatted": "September 13, 2025 01:00 PM",
        "end_formatted": "September 13, 2025 07:00 PM",
        "street_closure_type": "Full Street Closure",
        "community_board": "4,",
        "police_precinct": "83,"
      }
    },
    {
      "type": "Feature",
      "geometry": {
        "type": "Point",
        "coordinates": [
          -73.80506399999999,
          40.687764
        ]
      },
      "properties": {
        "event_id": "874859",
        "event_name": "Y.R.P.U Community BBQ",
        "event_type": "Block Party",
        "event_agency": "Street Activity Permit Office",
        "event_location": "LAKEWOOD AVENUE between 141 STREET and DEAD END",
        "event_borough": "Queens",
        "start_date": "2025-09-13T13:00:00.000",
        "end_date": "2025-09-13T18:00:00.000",
        "start_formatted": "September 13, 2025 01:00 PM",
        "end_formatted": "September 13, 2025 06:00 PM",
        "street_closure_type": "Full Street Closure",
        "community_board": "12,",
        "police_precinct": "103,"
      }
    },
    {
      "type": "Feature",
      "geometry": {
        "type": "Point",
        "coordinates": [
          -73.9237715,
          40.671982
        ]
      },
      "properties": {
        "event_id": "877508",
        "event_name": "Annual Park Place Cook- Out",
        "event_type": "Block Party",
        "event_agency": "Street Activity Permit Office",
        "event_location": "PARK PLACE between BUFFALO AVENUE and RALPH AVENUE",
        "event_borough": "Brooklyn",
        "start_date": "2025-09-13T13:00:00.000",
        "end_date": "2025-09-13T19:00:00.000",
        "start_formatted": "September 13, 2025 01:00 PM",
        "end_formatted": "September 13, 2025 07:00 PM",
        "street_closure_type": "Full Street Closure",
        "community_board": "8,",
        "police_precinct": "77,"
      }
    },
    {
      "type": "Feature",
      "geometry": {
        "type": "Point",
        "coordinates": [
          -73.872828,
          40.705574
        ]
      },
      "properties": {
        "event_id": "861503",
        "event_name": "78th Street Block Party",
        "event_type": "Block Party",
        "event_agency": "Street Activity Permit Office",
        "event_location": "78 STREET between 78 AVENUE and 77 AVENUE",
        "event_borough": "Queens",
        "start_date": "2025-09-13T13:00:00.000",
        "end_date": "2025-09-13T21:00:00.000",
        "start_formatted": "September 13, 2025 01:00 PM",
        "end_formatted": "September 13, 2025 09:00 PM",
        "street_closure_type": "Full Street Closure",
        "community_board": "5,",
        "police_precinct": "104,"
      }
    },
    {
      "type": "Feature",
      "geometry": {
        "type": "Point",
        "coordinates": [
          -74.033259,
          40.6216845
        ]
      },
      "properties": {
        "event_id": "863193",
        "event_name": "89th Street Block Party 2025",
        "event_type": "Block Party",
        "event_agency": "Street Activity Permit Office",
        "event_location": "89 STREET between 3 AVENUE and RIDGE BOULEVARD",
        "event_borough": "Brooklyn",
        "start_date": "2025-09-13T12:30:00.000",
        "end_date": "2025-09-13T20:30:00.000",
        "start_formatted": "September 13, 2025 12:30 PM",
        "end_formatted": "September 13, 2025 08:30 PM",
        "street_closure_type": "Full Street Closure",
        "community_board": "10,",
        "police_precinct": "68,"
      }
    },
    {
      "type": "Feature",
      "geometry": {
        "type": "Point",
        "coordinates": [
          -74.21019100000001,
          40.536849000000004
        ]
      },
      "properties": {
        "event_id": "877283",
        "event_name": "Rensselear block closing",
        "event_type": "Block Party",
        "event_agency": "Street Activity Permit Office",
        "event_location": "RENSSELAER AVENUE between MAGUIRE AVENUE and LENEVAR AVENUE",
        "event_borough": "Staten Island",
        "start_date": "2025-09-13T12:30:00.000",
        "end_date": "2025-09-13T21:00:00.000",
        "start_formatted": "September 13, 2025 12:30 PM",
        "end_formatted": "September 13, 2025 09:00 PM",
        "street_closure_type": "Full Street Closure",
        "community_board": "3,",
        "police_precinct": "123,"
      }
    },
    {
      "type": "Feature",
      "geometry": {
        "type": "Point",
        "coordinates": [
          -73.9831075,
          40.6710205
        ]
      },
      "properties": {
        "event_id": "843694",
        "event_name": "5th Street 300 Block Association Party",
        "event_type": "Block Party",
        "event_agency": "Street Activity Permit Office",
        "event_location": "5 STREET between 5 AVENUE and 6 AVENUE",
        "event_borough": "Brooklyn",
        "start_date": "2025-09-13T12:30:00.000",
        "end_date": "2025-09-13T20:30:00.000",
        "start_formatted": "September 13, 2025 12:30 PM",
        "end_formatted": "September 13, 2025 08:30 PM",
        "street_closure_type": "Full Street Closure",
        "community_board": "6,",
        "police_precinct": "78,"
      }
    },
    {
      "type": "Feature",
      "geometry": {
        "type": "Point",
        "coordinates": [
          -73.7307745,
          40.720935999999995
        ]
      },
      "properties": {
        "event_id": "874882",
        "event_name": "2025 annual Block party",
        "event_type": "Block Party",
        "event_agency": "Street Activity Permit Office",
        "event_location": "224 STREET between JAMAICA AVENUE and 95 AVENUE",
        "event_borough": "Queens",
        "start_date": "2025-09-13T12:30:00.000",
        "end_date": "2025-09-13T20:30:00.000",
        "start_formatted": "September 13, 2025 12:30 PM",
        "end_formatted": "September 13, 2025 08:30 PM",
        "street_closure_type": "Full Street Closure",
        "community_board": "13,",
        "police_precinct": "105,"
      }
    },
    {
      "type": "Feature",
      "geometry": {
        "type": "Point",
        "coordinates": [
          -73.99804649999999,
          40.65867
        ]
      },
      "properties": {
        "event_id": "880276",
        "event_name": "27th Street Block Party",
        "event_type": "Block Party",
        "event_agency": "Street Activity Permit Office",
        "event_location": "27 STREET between 4 AVENUE and 5 AVENUE",
        "event_borough": "Brooklyn",
        "start_date": "2025-09-13T12:00:00.000",
        "end_date": "2025-09-13T20:00:00.000",
        "start_formatted": "September 13, 2025 12:00 PM",
        "end_formatted": "September 13, 2025 08:00 PM",
        "street_closure_type": "Full Street Closure",
        "community_board": "7,",
        "police_precinct": "72,"
      }
    },
    {
      "type": "Feature",
      "geometry": {
        "type": "Point",
        "coordinates": [
          -74.1358535,
          40.6143395
        ]
      },
      "properties": {
        "event_id": "868625",
        "event_name": "18 Iowa",
        "event_type": "Block Party",
        "event_agency": "Street Activity Permit Office",
        "event_location": "IOWA PLACE between MARBLE STREET and SEWARD PLACE",
        "event_borough": "Staten Island",
        "start_date": "2025-09-13T12:00:00.000",
        "end_date": "2025-09-13T19:30:00.000",
        "start_formatted": "September 13, 2025 12:00 PM",
        "end_formatted": "September 13, 2025 07:30 PM",
        "street_closure_type": "Full Street Closure",
        "community_board": "1,",
        "police_precinct": "121,"
      }
    },
    {
      "type": "Feature",
      "geometry": {
        "type": "Point",
        "coordinates": [
          -73.9629515,
          40.679969
        ]
      },
      "properties": {
        "event_id": "863042",
        "event_name": "Pacific Blue HOA Block Party",
        "event_type": "Block Party",
        "event_agency": "Street Activity Permit Office",
        "event_location": "PACIFIC STREET between GRAND AVENUE and WASHINGTON AVENUE",
        "event_borough": "Brooklyn",
        "start_date": "2025-09-13T12:00:00.000",
        "end_date": "2025-09-13T18:00:00.000",
        "start_formatted": "September 13, 2025 12:00 PM",
        "end_formatted": "September 13, 2025 06:00 PM",
        "street_closure_type": "Full Street Closure",
        "community_board": "8,",
        "police_precinct": "77,"
      }
    },
    {
      "type": "Feature",
      "geometry": {
        "type": "Point",
        "coordinates": [
          -74.021063,
          40.629746499999996
        ]
      },
      "properties": {
        "event_id": "863127",
        "event_name": "PO Moira Smith-Reddy Memorial Block Party",
        "event_type": "Block Party",
        "event_agency": "Street Activity Permit Office",
        "event_location": "74 STREET between 5 AVENUE and 6 AVENUE",
        "event_borough": "Brooklyn",
        "start_date": "2025-09-13T12:00:00.000",
        "end_date": "2025-09-13T21:00:00.000",
        "start_formatted": "September 13, 2025 12:00 PM",
        "end_formatted": "September 13, 2025 09:00 PM",
        "street_closure_type": "Full Street Closure",
        "community_board": "10,",
        "police_precinct": "68,"
      }
    },
    {
      "type": "Feature",
      "geometry": {
        "type": "Point",
        "coordinates": [
          -73.93909450000001,
          40.824162
        ]
      },
      "properties": {
        "event_id": "877423",
        "event_name": "148th Street Back to School Block Party",
        "event_type": "Block Party",
        "event_agency": "Street Activity Permit Office",
        "event_location": "WEST  148 STREET between 7 AVENUE and 8 AVENUE",
        "event_borough": "Manhattan",
        "start_date": "2025-09-13T12:00:00.000",
        "end_date": "2025-09-13T17:00:00.000",
        "start_formatted": "September 13, 2025 12:00 PM",
        "end_formatted": "September 13, 2025 05:00 PM",
        "street_closure_type": "Full Street Closure",
        "community_board": "10,",
        "police_precinct": "32,"
      }
    },
    {
      "type": "Feature",
      "geometry": {
        "type": "Point",
        "coordinates": [
          -73.9948985,
          40.6820165
        ]
      },
      "properties": {
        "event_id": "868334",
        "event_name": "Union Street Block Party",
        "event_type": "Block Party",
        "event_agency": "Street Activity Permit Office",
        "event_location": "UNION STREET between SMITH STREET and COURT STREET",
        "event_borough": "Brooklyn",
        "start_date": "2025-09-13T12:00:00.000",
        "end_date": "2025-09-13T20:00:00.000",
        "start_formatted": "September 13, 2025 12:00 PM",
        "end_formatted": "September 13, 2025 08:00 PM",
        "street_closure_type": "Full Street Closure",
        "community_board": "6,",
        "police_precinct": "76,"
      }
    },
    {
      "type": "Feature",
      "geometry": {
        "type": "Point",
        "coordinates": [
          -73.9738795,
          40.688482
        ]
      },
      "properties": {
        "event_id": "869374",
        "event_name": "South Oxford Block Party 2025",
        "event_type": "Block Party",
        "event_agency": "Street Activity Permit Office",
        "event_location": "SOUTH OXFORD STREET between DEKALB AVENUE and LAFAYETTE AVENUE",
        "event_borough": "Brooklyn",
        "start_date": "2025-09-13T12:00:00.000",
        "end_date": "2025-09-13T16:00:00.000",
        "start_formatted": "September 13, 2025 12:00 PM",
        "end_formatted": "September 13, 2025 04:00 PM",
        "street_closure_type": "Full Street Closure",
        "community_board": "2,",
        "police_precinct": "88,"
      }
    },
    {
      "type": "Feature",
      "geometry": {
        "type": "Point",
        "coordinates": [
          -73.94923299999999,
          40.805186
        ]
      },
      "properties": {
        "event_id": "872510",
        "event_name": "West 120th Street Block Association Annual Block Party",
        "event_type": "Block Party",
        "event_agency": "Street Activity Permit Office",
        "event_location": "WEST  120 STREET between ADAM CLAYTON POWELL BOULEVARD and LENOX AVENUE",
        "event_borough": "Manhattan",
        "start_date": "2025-09-13T12:00:00.000",
        "end_date": "2025-09-13T17:00:00.000",
        "start_formatted": "September 13, 2025 12:00 PM",
        "end_formatted": "September 13, 2025 05:00 PM",
        "street_closure_type": "Sidewalk and Street Closure",
        "community_board": "10,",
        "police_precinct": "28,"
      }
    },
    {
      "type": "Feature",
      "geometry": {
        "type": "Point",
        "coordinates": [
          -73.979806,
          40.658497999999994
        ]
      },
      "properties": {
        "event_id": "861235",
        "event_name": "Fuller Place Block Party",
        "event_type": "Block Party",
        "event_agency": "Street Activity Permit Office",
        "event_location": "FULLER PLACE between WINDSOR PLACE and PROSPECT AVENUE",
        "event_borough": "Brooklyn",
        "start_date": "2025-09-13T12:00:00.000",
        "end_date": "2025-09-13T19:30:00.000",
        "start_formatted": "September 13, 2025 12:00 PM",
        "end_formatted": "September 13, 2025 07:30 PM",
        "street_closure_type": "Full Street Closure",
        "community_board": "7,",
        "police_precinct": "72,"
      }
    },
    {
      "type": "Feature",
      "geometry": {
        "type": "Point",
        "coordinates": [
          -73.9804355,
          40.679618
        ]
      },
      "properties": {
        "event_id": "876559",
        "event_name": "Butler Street Block Party",
        "event_type": "Block Party",
        "event_agency": "Street Activity Permit Office",
        "event_location": "BUTLER STREET between 4 AVENUE and GREGORY PLACE",
        "event_borough": "Brooklyn",
        "start_date": "2025-09-13T12:00:00.000",
        "end_date": "2025-09-13T18:00:00.000",
        "start_formatted": "September 13, 2025 12:00 PM",
        "end_formatted": "September 13, 2025 06:00 PM",
        "street_closure_type": "Full Street Closure",
        "community_board": "6,",
        "police_precinct": "78,"
      }
    },
    {
      "type": "Feature",
      "geometry": {
        "type": "Point",
        "coordinates": [
          -74.0342165,
          40.633745000000005
        ]
      },
      "properties": {
        "event_id": "832639",
        "event_name": "74th Street Block Party",
        "event_type": "Block Party",
        "event_agency": "Street Activity Permit Office",
        "event_location": "74 STREET between NARROWS AVENUE and COLONIAL ROAD",
        "event_borough": "Brooklyn",
        "start_date": "2025-09-13T12:00:00.000",
        "end_date": "2025-09-13T20:30:00.000",
        "start_formatted": "September 13, 2025 12:00 PM",
        "end_formatted": "September 13, 2025 08:30 PM",
        "street_closure_type": "Full Street Closure",
        "community_board": "10,",
        "police_precinct": "68,"
      }
    },
    {
      "type": "Feature",
      "geometry": {
        "type": "Point",
        "coordinates": [
          -73.9284275,
          40.687269
        ]
      },
      "properties": {
        "event_id": "861876",
        "event_name": "Madison MXP Block Party",
        "event_type": "Block Party",
        "event_agency": "Street Activity Permit Office",
        "event_location": "MADISON STREET between MALCOLM X BOULEVARD and PATCHEN AVENUE",
        "event_borough": "Brooklyn",
        "start_date": "2025-09-13T12:00:00.000",
        "end_date": "2025-09-13T19:00:00.000",
        "start_formatted": "September 13, 2025 12:00 PM",
        "end_formatted": "September 13, 2025 07:00 PM",
        "street_closure_type": "Full Street Closure",
        "community_board": "3,",
        "police_precinct": "81,"
      }
    },
    {
      "type": "Feature",
      "geometry": {
        "type": "Point",
        "coordinates": [
          -73.978916,
          40.651335
        ]
      },
      "properties": {
        "event_id": "840918",
        "event_name": "3rd Street block party",
        "event_type": "Block Party",
        "event_agency": "Street Activity Permit Office",
        "event_location": "EAST    3 STREET between VANDERBILT STREET and GREENWOOD AVENUE",
        "event_borough": "Brooklyn",
        "start_date": "2025-09-13T12:00:00.000",
        "end_date": "2025-09-13T19:30:00.000",
        "start_formatted": "September 13, 2025 12:00 PM",
        "end_formatted": "September 13, 2025 07:30 PM",
        "street_closure_type": "Full Street Closure",
        "community_board": "7,",
        "police_precinct": "72,"
      }
    },
    {
      "type": "Feature",
      "geometry": {
        "type": "Point",
        "coordinates": [
          -73.93676149999999,
          40.684061
        ]
      },
      "properties": {
        "event_id": "872085",
        "event_name": "400 Block Party",
        "event_type": "Block Party",
        "event_agency": "Street Activity Permit Office",
        "event_location": "HANCOCK STREET between LEWIS AVENUE and MARCUS GARVEY BOULEVARD",
        "event_borough": "Brooklyn",
        "start_date": "2025-09-13T12:00:00.000",
        "end_date": "2025-09-13T20:00:00.000",
        "start_formatted": "September 13, 2025 12:00 PM",
        "end_formatted": "September 13, 2025 08:00 PM",
        "street_closure_type": "Full Street Closure",
        "community_board": "3,",
        "police_precinct": "81,"
      }
    },
    {
      "type": "Feature",
      "geometry": {
        "type": "Point",
        "coordinates": [
          -73.9804015,
          40.666326
        ]
      },
      "properties": {
        "event_id": "869740",
        "event_name": "9th St Block Party",
        "event_type": "Block Party",
        "event_agency": "Street Activity Permit Office",
        "event_location": "9 STREET between 7 AVENUE and 8 AVENUE",
        "event_borough": "Brooklyn",
        "start_date": "2025-09-13T12:00:00.000",
        "end_date": "2025-09-13T20:00:00.000",
        "start_formatted": "September 13, 2025 12:00 PM",
        "end_formatted": "September 13, 2025 08:00 PM",
        "street_closure_type": "Full Street Closure",
        "community_board": "6,",
        "police_precinct": "78,"
      }
    },
    {
      "type": "Feature",
      "geometry": {
        "type": "Point",
        "coordinates": [
          -73.95862149999999,
          40.6588985
        ]
      },
      "properties": {
        "event_id": "854850",
        "event_name": "Rutland 1 Block Party",
        "event_type": "Block Party",
        "event_agency": "Street Activity Permit Office",
        "event_location": "RUTLAND ROAD between FLATBUSH AVENUE and BEDFORD AVENUE",
        "event_borough": "Brooklyn",
        "start_date": "2025-09-13T12:00:00.000",
        "end_date": "2025-09-13T19:00:00.000",
        "start_formatted": "September 13, 2025 12:00 PM",
        "end_formatted": "September 13, 2025 07:00 PM",
        "street_closure_type": "Full Street Closure",
        "community_board": "9,",
        "police_precinct": "71,"
      }
    },
    {
      "type": "Feature",
      "geometry": {
        "type": "Point",
        "coordinates": [
          -74.0039715,
          40.649483000000004
        ]
      },
      "properties": {
        "event_id": "877933",
        "event_name": "2025 Summer End Block Party",
        "event_type": "Block Party",
        "event_agency": "Street Activity Permit Office",
        "event_location": "41 STREET between 6 AVENUE and 5 AVENUE",
        "event_borough": "Brooklyn",
        "start_date": "2025-09-13T12:00:00.000",
        "end_date": "2025-09-13T21:00:00.000",
        "start_formatted": "September 13, 2025 12:00 PM",
        "end_formatted": "September 13, 2025 09:00 PM",
        "street_closure_type": "Full Street Closure",
        "community_board": "7,",
        "police_precinct": "72,"
      }
    },
    {
      "type": "Feature",
      "geometry": {
        "type": "Point",
        "coordinates": [
          -74.136822,
          40.623698000000005
        ]
      },
      "properties": {
        "event_id": "876750",
        "event_name": "Annual North Ave Celebration",
        "event_type": "Block Party",
        "event_agency": "Street Activity Permit Office",
        "event_location": "NORTH AVENUE between LIVERMORE AVENUE and DICKIE AVENUE",
        "event_borough": "Staten Island",
        "start_date": "2025-09-13T12:00:00.000",
        "end_date": "2025-09-13T21:00:00.000",
        "start_formatted": "September 13, 2025 12:00 PM",
        "end_formatted": "September 13, 2025 09:00 PM",
        "street_closure_type": "Full Street Closure",
        "community_board": "1,",
        "police_precinct": "121,"
      }
    },
    {
      "type": "Feature",
      "geometry": {
        "type": "Point",
        "coordinates": [
          -73.89036200000001,
          40.6692925
        ]
      },
      "properties": {
        "event_id": "870569",
        "event_name": "Miller ave Block party",
        "event_type": "Block Party",
        "event_agency": "Street Activity Permit Office",
        "event_location": "MILLER AVENUE between SUTTER AVENUE and BLAKE AVENUE",
        "event_borough": "Brooklyn",
        "start_date": "2025-09-13T12:00:00.000",
        "end_date": "2025-09-13T19:00:00.000",
        "start_formatted": "September 13, 2025 12:00 PM",
        "end_formatted": "September 13, 2025 07:00 PM",
        "street_closure_type": "Full Street Closure",
        "community_board": "5,",
        "police_precinct": "75,"
      }
    },
    {
      "type": "Feature",
      "geometry": {
        "type": "Point",
        "coordinates": [
          -73.9951395,
          40.6614655
        ]
      },
      "properties": {
        "event_id": "868760",
        "event_name": "Block party",
        "event_type": "Block Party",
        "event_agency": "Street Activity Permit Office",
        "event_location": "22 STREET between 4 AVENUE and 5 AVENUE",
        "event_borough": "Brooklyn",
        "start_date": "2025-09-13T12:00:00.000",
        "end_date": "2025-09-13T21:00:00.000",
        "start_formatted": "September 13, 2025 12:00 PM",
        "end_formatted": "September 13, 2025 09:00 PM",
        "street_closure_type": "Full Street Closure",
        "community_board": "7,",
        "police_precinct": "72,"
      }
    },
    {
      "type": "Feature",
      "geometry": {
        "type": "Point",
        "coordinates": [
          -74.1603045,
          40.5333595
        ]
      },
      "properties": {
        "event_id": "874943",
        "event_name": "Osage Block Party",
        "event_type": "Block Party",
        "event_agency": "Street Activity Permit Office",
        "event_location": "OSAGE LANE between WOODS OF ARDEN ROAD and HALES AVENUE",
        "event_borough": "Staten Island",
        "start_date": "2025-09-13T12:00:00.000",
        "end_date": "2025-09-13T21:00:00.000",
        "start_formatted": "September 13, 2025 12:00 PM",
        "end_formatted": "September 13, 2025 09:00 PM",
        "street_closure_type": "Full Street Closure",
        "community_board": "3,",
        "police_precinct": "123,"
      }
    },
    {
      "type": "Feature",
      "geometry": {
        "type": "Point",
        "coordinates": [
          -73.989533,
          40.659915999999996
        ]
      },
      "properties": {
        "event_id": "869559",
        "event_name": "30 years anniversary",
        "event_type": "Block Party",
        "event_agency": "Street Activity Permit Office",
        "event_location": "20 STREET between 6 AVENUE and 7 AVENUE",
        "event_borough": "Brooklyn",
        "start_date": "2025-09-13T12:00:00.000",
        "end_date": "2025-09-13T19:00:00.000",
        "start_formatted": "September 13, 2025 12:00 PM",
        "end_formatted": "September 13, 2025 07:00 PM",
        "street_closure_type": "Full Street Closure",
        "community_board": "7,",
        "police_precinct": "72,"
      }
    },
    {
      "type": "Feature",
      "geometry": {
        "type": "Point",
        "coordinates": [
          -74.0347885,
          40.632346
        ]
      },
      "properties": {
        "event_id": "871784",
        "event_name": "76th Street Block Party",
        "event_type": "Block Party",
        "event_agency": "Street Activity Permit Office",
        "event_location": "76 STREET between COLONIAL ROAD and NARROWS AVENUE",
        "event_borough": "Brooklyn",
        "start_date": "2025-09-13T12:00:00.000",
        "end_date": "2025-09-13T20:00:00.000",
        "start_formatted": "September 13, 2025 12:00 PM",
        "end_formatted": "September 13, 2025 08:00 PM",
        "street_closure_type": "Full Street Closure",
        "community_board": "10,",
        "police_precinct": "68,"
      }
    },
    {
      "type": "Feature",
      "geometry": {
        "type": "Point",
        "coordinates": [
          -73.8184955,
          40.674984499999994
        ]
      },
      "properties": {
        "event_id": "876930",
        "event_name": "Block Party",
        "event_type": "Block Party",
        "event_agency": "Street Activity Permit Office",
        "event_location": "120 STREET between ROCKAWAY BOULEVARD and SUTTER AVENUE",
        "event_borough": "Queens",
        "start_date": "2025-09-13T12:00:00.000",
        "end_date": "2025-09-13T19:00:00.000",
        "start_formatted": "September 13, 2025 12:00 PM",
        "end_formatted": "September 13, 2025 07:00 PM",
        "street_closure_type": "Full Street Closure",
        "community_board": "10,",
        "police_precinct": "106,"
      }
    },
    {
      "type": "Feature",
      "geometry": {
        "type": "Point",
        "coordinates": [
          -73.962983,
          40.638593
        ]
      },
      "properties": {
        "event_id": "876604",
        "event_name": "Ditmas Park Association Annual Block Party",
        "event_type": "Block Party",
        "event_agency": "Street Activity Permit Office",
        "event_location": "EAST   16 STREET between DORCHESTER ROAD and DITMAS AVENUE",
        "event_borough": "Brooklyn",
        "start_date": "2025-09-13T12:00:00.000",
        "end_date": "2025-09-13T19:00:00.000",
        "start_formatted": "September 13, 2025 12:00 PM",
        "end_formatted": "September 13, 2025 07:00 PM",
        "street_closure_type": "Full Street Closure",
        "community_board": "14,",
        "police_precinct": "70,"
      }
    },
    {
      "type": "Feature",
      "geometry": {
        "type": "Point",
        "coordinates": [
          -73.94557599999999,
          40.716569
        ]
      },
      "properties": {
        "event_id": "865913",
        "event_name": "JACKSON STREET SUMMER BLOCK PARTY",
        "event_type": "Block Party",
        "event_agency": "Street Activity Permit Office",
        "event_location": "JACKSON STREET between GRAHAM AVENUE and MANHATTAN AVENUE",
        "event_borough": "Brooklyn",
        "start_date": "2025-09-13T12:00:00.000",
        "end_date": "2025-09-13T19:00:00.000",
        "start_formatted": "September 13, 2025 12:00 PM",
        "end_formatted": "September 13, 2025 07:00 PM",
        "street_closure_type": "Full Street Closure",
        "community_board": "1,",
        "police_precinct": "94,"
      }
    },
    {
      "type": "Feature",
      "geometry": {
        "type": "Point",
        "coordinates": [
          -73.99476000000001,
          40.678339
        ]
      },
      "properties": {
        "event_id": "829937",
        "event_name": "Third Street Block Party",
        "event_type": "Block Party",
        "event_agency": "Street Activity Permit Office",
        "event_location": "3 STREET between SMITH STREET and HOYT STREET",
        "event_borough": "Brooklyn",
        "start_date": "2025-09-13T12:00:00.000",
        "end_date": "2025-09-13T20:00:00.000",
        "start_formatted": "September 13, 2025 12:00 PM",
        "end_formatted": "September 13, 2025 08:00 PM",
        "street_closure_type": "Full Street Closure",
        "community_board": "6,",
        "police_precinct": "76,"
      }
    },
    {
      "type": "Feature",
      "geometry": {
        "type": "Point",
        "coordinates": [
          -73.889086,
          40.6678895
        ]
      },
      "properties": {
        "event_id": "873304",
        "event_name": "van s block party",
        "event_type": "Block Party",
        "event_agency": "Street Activity Permit Office",
        "event_location": "VAN SICLEN AVENUE between BLAKE AVENUE and DUMONT AVENUE",
        "event_borough": "Brooklyn",
        "start_date": "2025-09-13T12:00:00.000",
        "end_date": "2025-09-13T19:00:00.000",
        "start_formatted": "September 13, 2025 12:00 PM",
        "end_formatted": "September 13, 2025 07:00 PM",
        "street_closure_type": "Full Street Closure",
        "community_board": "5,",
        "police_precinct": "75,"
      }
    },
    {
      "type": "Feature",
      "geometry": {
        "type": "Point",
        "coordinates": [
          -73.943057,
          40.6863345
        ]
      },
      "properties": {
        "event_id": "861702",
        "event_name": "Monroe TNT Block Asocation Block Party",
        "event_type": "Block Party",
        "event_agency": "Street Activity Permit Office",
        "event_location": "MONROE STREET between TOMPKINS AVENUE and THROOP AVENUE",
        "event_borough": "Brooklyn",
        "start_date": "2025-09-13T12:00:00.000",
        "end_date": "2025-09-13T19:00:00.000",
        "start_formatted": "September 13, 2025 12:00 PM",
        "end_formatted": "September 13, 2025 07:00 PM",
        "street_closure_type": "Full Street Closure",
        "community_board": "3,",
        "police_precinct": "79,"
      }
    },
    {
      "type": "Feature",
      "geometry": {
        "type": "Point",
        "coordinates": [
          -73.8402775,
          40.684754
        ]
      },
      "properties": {
        "event_id": "877090",
        "event_name": "Block party",
        "event_type": "Block Party",
        "event_agency": "Street Activity Permit Office",
        "event_location": "102 STREET between 103 AVENUE and 101 AVENUE",
        "event_borough": "Queens",
        "start_date": "2025-09-13T12:00:00.000",
        "end_date": "2025-09-13T17:00:00.000",
        "start_formatted": "September 13, 2025 12:00 PM",
        "end_formatted": "September 13, 2025 05:00 PM",
        "street_closure_type": "Full Street Closure",
        "community_board": "9,",
        "police_precinct": "102,"
      }
    },
    {
      "type": "Feature",
      "geometry": {
        "type": "Point",
        "coordinates": [
          -73.9745675,
          40.653324
        ]
      },
      "properties": {
        "event_id": "876162",
        "event_name": "Reeve Place Block Party",
        "event_type": "Block Party",
        "event_agency": "Street Activity Permit Office",
        "event_location": "REEVE PLACE between PROSPECT AVENUE and PROSPECT PARK SOUTHWEST",
        "event_borough": "Brooklyn",
        "start_date": "2025-09-13T12:00:00.000",
        "end_date": "2025-09-13T19:00:00.000",
        "start_formatted": "September 13, 2025 12:00 PM",
        "end_formatted": "September 13, 2025 07:00 PM",
        "street_closure_type": "Full Street Closure",
        "community_board": "7,",
        "police_precinct": "72,"
      }
    },
    {
      "type": "Feature",
      "geometry": {
        "type": "Point",
        "coordinates": [
          -73.93481349999999,
          40.6117155
        ]
      },
      "properties": {
        "event_id": "873449",
        "event_name": "East 35th Street Block Party",
        "event_type": "Block Party",
        "event_agency": "Street Activity Permit Office",
        "event_location": "EAST   35 STREET between AVENUE R and FILLMORE AVENUE",
        "event_borough": "Brooklyn",
        "start_date": "2025-09-13T12:00:00.000",
        "end_date": "2025-09-13T21:00:00.000",
        "start_formatted": "September 13, 2025 12:00 PM",
        "end_formatted": "September 13, 2025 09:00 PM",
        "street_closure_type": "Full Street Closure",
        "community_board": "18,",
        "police_precinct": "63,"
      }
    },
    {
      "type": "Feature",
      "geometry": {
        "type": "Point",
        "coordinates": [
          -73.9763735,
          40.6861455
        ]
      },
      "properties": {
        "event_id": "861605",
        "event_name": "Annual Neighbor Celebration",
        "event_type": "Block Party",
        "event_agency": "Street Activity Permit Office",
        "event_location": "FORT GREENE PLACE between LAFAYETTE AVENUE and HANSON PLACE",
        "event_borough": "Brooklyn",
        "start_date": "2025-09-13T12:00:00.000",
        "end_date": "2025-09-13T17:00:00.000",
        "start_formatted": "September 13, 2025 12:00 PM",
        "end_formatted": "September 13, 2025 05:00 PM",
        "street_closure_type": "Full Street Closure",
        "community_board": "2,",
        "police_precinct": "88,"
      }
    },
    {
      "type": "Feature",
      "geometry": {
        "type": "Point",
        "coordinates": [
          -73.908644,
          40.68092
        ]
      },
      "properties": {
        "event_id": "869833",
        "event_name": "Family day",
        "event_type": "Block Party",
        "event_agency": "Street Activity Permit Office",
        "event_location": "MOTHER GASTON BOULEVARD between MAC DOUGAL STREET and SUMPTER STREET",
        "event_borough": "Brooklyn",
        "start_date": "2025-09-13T12:00:00.000",
        "end_date": "2025-09-13T18:00:00.000",
        "start_formatted": "September 13, 2025 12:00 PM",
        "end_formatted": "September 13, 2025 06:00 PM",
        "street_closure_type": "Full Street Closure",
        "community_board": "16,",
        "police_precinct": "73,"
      }
    },
    {
      "type": "Feature",
      "geometry": {
        "type": "Point",
        "coordinates": [
          -73.93441849999999,
          40.687329000000005
        ]
      },
      "properties": {
        "event_id": "868463",
        "event_name": "500 Monroe St. Block Party",
        "event_type": "Block Party",
        "event_agency": "Street Activity Permit Office",
        "event_location": "MONROE STREET between LEWIS AVENUE and STUYVESANT AVENUE",
        "event_borough": "Brooklyn",
        "start_date": "2025-09-13T12:00:00.000",
        "end_date": "2025-09-13T19:00:00.000",
        "start_formatted": "September 13, 2025 12:00 PM",
        "end_formatted": "September 13, 2025 07:00 PM",
        "street_closure_type": "Full Street Closure",
        "community_board": "3,",
        "police_precinct": "81,"
      }
    },
    {
      "type": "Feature",
      "geometry": {
        "type": "Point",
        "coordinates": [
          -73.914084,
          40.695234
        ]
      },
      "properties": {
        "event_id": "871666",
        "event_name": "block party",
        "event_type": "Block Party",
        "event_agency": "Street Activity Permit Office",
        "event_location": "WOODBINE STREET between WILSON AVENUE and KNICKERBOCKER AVENUE",
        "event_borough": "Brooklyn",
        "start_date": "2025-09-13T12:00:00.000",
        "end_date": "2025-09-13T19:00:00.000",
        "start_formatted": "September 13, 2025 12:00 PM",
        "end_formatted": "September 13, 2025 07:00 PM",
        "street_closure_type": "Full Street Closure",
        "community_board": "4,",
        "police_precinct": "83,"
      }
    },
    {
      "type": "Feature",
      "geometry": {
        "type": "Point",
        "coordinates": [
          -73.97257400000001,
          40.671735999999996
        ]
      },
      "properties": {
        "event_id": "872160",
        "event_name": "Carroll Street Block Party",
        "event_type": "Block Party",
        "event_agency": "Street Activity Permit Office",
        "event_location": "CARROLL STREET between 8 AVENUE and PROSPECT PARK WEST",
        "event_borough": "Brooklyn",
        "start_date": "2025-09-13T12:00:00.000",
        "end_date": "2025-09-13T20:00:00.000",
        "start_formatted": "September 13, 2025 12:00 PM",
        "end_formatted": "September 13, 2025 08:00 PM",
        "street_closure_type": "Full Street Closure",
        "community_board": "6,",
        "police_precinct": "78,"
      }
    },
    {
      "type": "Feature",
      "geometry": {
        "type": "Point",
        "coordinates": [
          -73.97733500000001,
          40.658086
        ]
      },
      "properties": {
        "event_id": "848335",
        "event_name": "Windsor Place Block Party",
        "event_type": "Block Party",
        "event_agency": "Street Activity Permit Office",
        "event_location": "WINDSOR PLACE between 10 AVENUE and 11 AVENUE",
        "event_borough": "Brooklyn",
        "start_date": "2025-09-13T12:00:00.000",
        "end_date": "2025-09-13T20:00:00.000",
        "start_formatted": "September 13, 2025 12:00 PM",
        "end_formatted": "September 13, 2025 08:00 PM",
        "street_closure_type": "Full Street Closure",
        "community_board": "7,",
        "police_precinct": "72,"
      }
    },
    {
      "type": "Feature",
      "geometry": {
        "type": "Point",
        "coordinates": [
          -73.8931735,
          40.6605365
        ]
      },
      "properties": {
        "event_id": "847041",
        "event_name": "SHEFFIELD AVE BLOCK ASSOCIATION",
        "event_type": "Block Party",
        "event_agency": "Street Activity Permit Office",
        "event_location": "SHEFFIELD AVENUE between NEW LOTS AVENUE and HEGEMAN AVENUE",
        "event_borough": "Brooklyn",
        "start_date": "2025-09-13T12:00:00.000",
        "end_date": "2025-09-13T17:00:00.000",
        "start_formatted": "September 13, 2025 12:00 PM",
        "end_formatted": "September 13, 2025 05:00 PM",
        "street_closure_type": "Full Street Closure",
        "community_board": "5,",
        "police_precinct": "75,"
      }
    },
    {
      "type": "Feature",
      "geometry": {
        "type": "Point",
        "coordinates": [
          -73.985897,
          40.6833375
        ]
      },
      "properties": {
        "event_id": "859310",
        "event_name": "Warren Street Block Party 2025",
        "event_type": "Block Party",
        "event_agency": "Street Activity Permit Office",
        "event_location": "WARREN STREET between BOND STREET and NEVINS STREET",
        "event_borough": "Brooklyn",
        "start_date": "2025-09-13T11:30:00.000",
        "end_date": "2025-09-13T19:30:00.000",
        "start_formatted": "September 13, 2025 11:30 AM",
        "end_formatted": "September 13, 2025 07:30 PM",
        "street_closure_type": "Full Street Closure",
        "community_board": "2, 6,",
        "police_precinct": "76, 84,"
      }
    },
    {
      "type": "Feature",
      "geometry": {
        "type": "Point",
        "coordinates": [
          -73.852779,
          40.713842
        ]
      },
      "properties": {
        "event_id": "876884",
        "event_name": "Loubet Street 6th Annual 2025 Block Party",
        "event_type": "Block Party",
        "event_agency": "Street Activity Permit Office",
        "event_location": "LOUBET STREET between 69 AVENUE and 70 AVENUE",
        "event_borough": "Queens",
        "start_date": "2025-09-13T11:30:00.000",
        "end_date": "2025-09-13T19:30:00.000",
        "start_formatted": "September 13, 2025 11:30 AM",
        "end_formatted": "September 13, 2025 07:30 PM",
        "street_closure_type": "Full Street Closure",
        "community_board": "6,",
        "police_precinct": "112,"
      }
    },
    {
      "type": "Feature",
      "geometry": {
        "type": "Point",
        "coordinates": [
          -73.980861,
          40.654625
        ]
      },
      "properties": {
        "event_id": "869605",
        "event_name": "20th Street Block Party",
        "event_type": "Block Party",
        "event_agency": "Street Activity Permit Office",
        "event_location": "20 STREET between 10 AVENUE and TERRACE PLACE",
        "event_borough": "Brooklyn",
        "start_date": "2025-09-13T11:30:00.000",
        "end_date": "2025-09-13T19:30:00.000",
        "start_formatted": "September 13, 2025 11:30 AM",
        "end_formatted": "September 13, 2025 07:30 PM",
        "street_closure_type": "Full Street Closure",
        "community_board": "7,",
        "police_precinct": "72,"
      }
    },
    {
      "type": "Feature",
      "geometry": {
        "type": "Point",
        "coordinates": [
          -73.9445455,
          40.8256405
        ]
      },
      "properties": {
        "event_id": "869553",
        "event_name": "West 147 Street Block Association",
        "event_type": "Block Party",
        "event_agency": "Street Activity Permit Office",
        "event_location": "WEST  147 STREET between ST NICHOLAS AVENUE and CONVENT AVENUE",
        "event_borough": "Manhattan",
        "start_date": "2025-09-13T11:30:00.000",
        "end_date": "2025-09-13T17:00:00.000",
        "start_formatted": "September 13, 2025 11:30 AM",
        "end_formatted": "September 13, 2025 05:00 PM",
        "street_closure_type": "Full Street Closure",
        "community_board": "9,",
        "police_precinct": "30,"
      }
    },
    {
      "type": "Feature",
      "geometry": {
        "type": "Point",
        "coordinates": [
          -73.98503450000001,
          40.6846045
        ]
      },
      "properties": {
        "event_id": "883993",
        "event_name": "200 Bergen Street Block Party 2025",
        "event_type": "Block Party",
        "event_agency": "Street Activity Permit Office",
        "event_location": "BERGEN STREET between BOND STREET and NEVINS STREET",
        "event_borough": "Brooklyn",
        "start_date": "2025-09-13T11:30:00.000",
        "end_date": "2025-09-13T19:30:00.000",
        "start_formatted": "September 13, 2025 11:30 AM",
        "end_formatted": "September 13, 2025 07:30 PM",
        "street_closure_type": "Full Street Closure",
        "community_board": "2,",
        "police_precinct": "84,"
      }
    },
    {
      "type": "Feature",
      "geometry": {
        "type": "Point",
        "coordinates": [
          -73.937309,
          40.676973000000004
        ]
      },
      "properties": {
        "event_id": "867522",
        "event_name": "PAT Block Assocation Party",
        "event_type": "Block Party",
        "event_agency": "Street Activity Permit Office",
        "event_location": "PACIFIC STREET between ALBANY AVENUE and TROY AVENUE",
        "event_borough": "Brooklyn",
        "start_date": "2025-09-13T11:30:00.000",
        "end_date": "2025-09-13T19:30:00.000",
        "start_formatted": "September 13, 2025 11:30 AM",
        "end_formatted": "September 13, 2025 07:30 PM",
        "street_closure_type": "Full Street Closure",
        "community_board": "8,",
        "police_precinct": "77,"
      }
    },
    {
      "type": "Feature",
      "geometry": {
        "type": "Point",
        "coordinates": [
          -73.905823,
          40.619481
        ]
      },
      "properties": {
        "event_id": "876080",
        "event_name": "East 72nd Block Party",
        "event_type": "Block Party",
        "event_agency": "Street Activity Permit Office",
        "event_location": "EAST   72 STREET between AVENUE U and AVENUE V",
        "event_borough": "Brooklyn",
        "start_date": "2025-09-13T11:00:00.000",
        "end_date": "2025-09-13T19:00:00.000",
        "start_formatted": "September 13, 2025 11:00 AM",
        "end_formatted": "September 13, 2025 07:00 PM",
        "street_closure_type": "Full Street Closure",
        "community_board": "18,",
        "police_precinct": "63,"
      }
    },
    {
      "type": "Feature",
      "geometry": {
        "type": "Point",
        "coordinates": [
          -73.9937625,
          40.6839875
        ]
      },
      "properties": {
        "event_id": "876652",
        "event_name": "Douglass St Block Party",
        "event_type": "Block Party",
        "event_agency": "Street Activity Permit Office",
        "event_location": "DOUGLASS STREET between COURT STREET and SMITH STREET",
        "event_borough": "Brooklyn",
        "start_date": "2025-09-13T11:00:00.000",
        "end_date": "2025-09-13T20:00:00.000",
        "start_formatted": "September 13, 2025 11:00 AM",
        "end_formatted": "September 13, 2025 08:00 PM",
        "street_closure_type": "Full Street Closure",
        "community_board": "6,",
        "police_precinct": "76,"
      }
    },
    {
      "type": "Feature",
      "geometry": {
        "type": "Point",
        "coordinates": [
          -73.9085765,
          40.682947
        ]
      },
      "properties": {
        "event_id": "847255",
        "event_name": "Block party",
        "event_type": "Block Party",
        "event_agency": "Street Activity Permit Office",
        "event_location": "PILLING STREET between BUSHWICK AVENUE and BROADWAY",
        "event_borough": "Brooklyn",
        "start_date": "2025-09-13T11:00:00.000",
        "end_date": "2025-09-13T20:00:00.000",
        "start_formatted": "September 13, 2025 11:00 AM",
        "end_formatted": "September 13, 2025 08:00 PM",
        "street_closure_type": "Full Street Closure",
        "community_board": "4,",
        "police_precinct": "83,"
      }
    },
    {
      "type": "Feature",
      "geometry": {
        "type": "Point",
        "coordinates": [
          -73.985697,
          40.6659315
        ]
      },
      "properties": {
        "event_id": "854344",
        "event_name": "6th Avenue Annual Block Party",
        "event_type": "Block Party",
        "event_agency": "Street Activity Permit Office",
        "event_location": "6 AVENUE between 12 STREET and 13 STREET",
        "event_borough": "Brooklyn",
        "start_date": "2025-09-13T11:00:00.000",
        "end_date": "2025-09-13T20:00:00.000",
        "start_formatted": "September 13, 2025 11:00 AM",
        "end_formatted": "September 13, 2025 08:00 PM",
        "street_closure_type": "Full Street Closure",
        "community_board": "6,",
        "police_precinct": "78,"
      }
    },
    {
      "type": "Feature",
      "geometry": {
        "type": "Point",
        "coordinates": [
          -73.955558,
          40.664405
        ]
      },
      "properties": {
        "event_id": "875931",
        "event_name": "Sullivan Ludlam Stoddard Neighborhood Assoc Annual Block Party",
        "event_type": "Block Party",
        "event_agency": "Street Activity Permit Office",
        "event_location": "SULLIVAN PLACE between STODDARD PLACE and LUDLAM PLACE",
        "event_borough": "Brooklyn",
        "start_date": "2025-09-13T11:00:00.000",
        "end_date": "2025-09-13T18:00:00.000",
        "start_formatted": "September 13, 2025 11:00 AM",
        "end_formatted": "September 13, 2025 06:00 PM",
        "street_closure_type": "Full Street Closure",
        "community_board": "9,",
        "police_precinct": "71,"
      }
    },
    {
      "type": "Feature",
      "geometry": {
        "type": "Point",
        "coordinates": [
          -73.93705399999999,
          40.6855255
        ]
      },
      "properties": {
        "event_id": "873801",
        "event_name": "Put and Block party",
        "event_type": "Block Party",
        "event_agency": "Street Activity Permit Office",
        "event_location": "PUTNAM AVENUE between MARCUS GARVEY AVENUE and LEWIS AVENUE",
        "event_borough": "Brooklyn",
        "start_date": "2025-09-13T11:00:00.000",
        "end_date": "2025-09-13T18:30:00.000",
        "start_formatted": "September 13, 2025 11:00 AM",
        "end_formatted": "September 13, 2025 06:30 PM",
        "street_closure_type": "Full Street Closure",
        "community_board": "3,",
        "police_precinct": "81,"
      }
    },
    {
      "type": "Feature",
      "geometry": {
        "type": "Point",
        "coordinates": [
          -73.9267665,
          40.593953
        ]
      },
      "properties": {
        "event_id": "841992",
        "event_name": "DANS 5K FUN RUN/WALK FOR CANCER",
        "event_type": "Block Party",
        "event_agency": "Street Activity Permit Office",
        "event_location": "DEVON AVENUE between GERRITSEN AVENUE and ASTER COURT",
        "event_borough": "Brooklyn",
        "start_date": "2025-09-13T11:00:00.000",
        "end_date": "2025-09-13T13:00:00.000",
        "start_formatted": "September 13, 2025 11:00 AM",
        "end_formatted": "September 13, 2025 01:00 PM",
        "street_closure_type": "Full Street Closure",
        "community_board": "15,",
        "police_precinct": "61,"
      }
    },
    {
      "type": "Feature",
      "geometry": {
        "type": "Point",
        "coordinates": [
          -73.973003,
          40.6712065
        ]
      },
      "properties": {
        "event_id": "872192",
        "event_name": "Montgomery Place Annual Block Party",
        "event_type": "Block Party",
        "event_agency": "Street Activity Permit Office",
        "event_location": "MONTGOMERY PLACE between 8 AVENUE and PROSPECT PARK WEST",
        "event_borough": "Brooklyn",
        "start_date": "2025-09-13T11:00:00.000",
        "end_date": "2025-09-13T20:00:00.000",
        "start_formatted": "September 13, 2025 11:00 AM",
        "end_formatted": "September 13, 2025 08:00 PM",
        "street_closure_type": "Full Street Closure",
        "community_board": "6,",
        "police_precinct": "78,"
      }
    },
    {
      "type": "Feature",
      "geometry": {
        "type": "Point",
        "coordinates": [
          -73.942729,
          40.650225
        ]
      },
      "properties": {
        "event_id": "873831",
        "event_name": "Block Party",
        "event_type": "Block Party",
        "event_agency": "Street Activity Permit Office",
        "event_location": "EAST   37 STREET between CHURCH AVENUE and SNYDER AVENUE",
        "event_borough": "Brooklyn",
        "start_date": "2025-09-13T11:00:00.000",
        "end_date": "2025-09-13T18:00:00.000",
        "start_formatted": "September 13, 2025 11:00 AM",
        "end_formatted": "September 13, 2025 06:00 PM",
        "street_closure_type": "Full Street Closure",
        "community_board": "17,",
        "police_precinct": "67,"
      }
    },
    {
      "type": "Feature",
      "geometry": {
        "type": "Point",
        "coordinates": [
          -73.719166,
          40.749423500000006
        ]
      },
      "properties": {
        "event_id": "876146",
        "event_name": "Block Party",
        "event_type": "Block Party",
        "event_agency": "Street Activity Permit Office",
        "event_location": "73 ROAD between 255 STREET and LITTLE NECK PARKWAY",
        "event_borough": "Queens",
        "start_date": "2025-09-13T11:00:00.000",
        "end_date": "2025-09-13T19:00:00.000",
        "start_formatted": "September 13, 2025 11:00 AM",
        "end_formatted": "September 13, 2025 07:00 PM",
        "street_closure_type": "Full Street Closure",
        "community_board": "13,",
        "police_precinct": "105,"
      }
    },
    {
      "type": "Feature",
      "geometry": {
        "type": "Point",
        "coordinates": [
          -73.986505,
          40.67097
        ]
      },
      "properties": {
        "event_id": "857045",
        "event_name": "Seventh St betw 4th and 5th ave block party 2025",
        "event_type": "Block Party",
        "event_agency": "Street Activity Permit Office",
        "event_location": "7 STREET between 4 AVENUE and 5 AVENUE",
        "event_borough": "Brooklyn",
        "start_date": "2025-09-13T11:00:00.000",
        "end_date": "2025-09-13T19:00:00.000",
        "start_formatted": "September 13, 2025 11:00 AM",
        "end_formatted": "September 13, 2025 07:00 PM",
        "street_closure_type": "Full Street Closure",
        "community_board": "6,",
        "police_precinct": "78,"
      }
    },
    {
      "type": "Feature",
      "geometry": {
        "type": "Point",
        "coordinates": [
          -73.978746,
          40.681352000000004
        ]
      },
      "properties": {
        "event_id": "875567",
        "event_name": "St Marks Btw 4th  5th Block Party",
        "event_type": "Block Party",
        "event_agency": "Street Activity Permit Office",
        "event_location": "ST MARKS PLACE between 4 AVENUE and 5 AVENUE",
        "event_borough": "Brooklyn",
        "start_date": "2025-09-13T11:00:00.000",
        "end_date": "2025-09-13T18:00:00.000",
        "start_formatted": "September 13, 2025 11:00 AM",
        "end_formatted": "September 13, 2025 06:00 PM",
        "street_closure_type": "Full Street Closure",
        "community_board": "6,",
        "police_precinct": "78,"
      }
    },
    {
      "type": "Feature",
      "geometry": {
        "type": "Point",
        "coordinates": [
          -73.92740749999999,
          40.682139500000005
        ]
      },
      "properties": {
        "event_id": "876955",
        "event_name": "Decatur St Block Party",
        "event_type": "Block Party",
        "event_agency": "Street Activity Permit Office",
        "event_location": "DECATUR STREET between MALCOLM X BOULEVARD and PATCHEN AVENUE",
        "event_borough": "Brooklyn",
        "start_date": "2025-09-13T11:00:00.000",
        "end_date": "2025-09-13T17:00:00.000",
        "start_formatted": "September 13, 2025 11:00 AM",
        "end_formatted": "September 13, 2025 05:00 PM",
        "street_closure_type": "Full Street Closure",
        "community_board": "3,",
        "police_precinct": "81,"
      }
    },
    {
      "type": "Feature",
      "geometry": {
        "type": "Point",
        "coordinates": [
          -73.942473,
          40.683403999999996
        ]
      },
      "properties": {
        "event_id": "843789",
        "event_name": "Block Party",
        "event_type": "Block Party",
        "event_agency": "Street Activity Permit Office",
        "event_location": "HANCOCK STREET between TOMPKINS AVENUE and THROOP AVENUE",
        "event_borough": "Brooklyn",
        "start_date": "2025-09-13T11:00:00.000",
        "end_date": "2025-09-13T20:00:00.000",
        "start_formatted": "September 13, 2025 11:00 AM",
        "end_formatted": "September 13, 2025 08:00 PM",
        "street_closure_type": "Full Street Closure",
        "community_board": "3,",
        "police_precinct": "79,"
      }
    },
    {
      "type": "Feature",
      "geometry": {
        "type": "Point",
        "coordinates": [
          -73.9768785,
          40.670544500000005
        ]
      },
      "properties": {
        "event_id": "877042",
        "event_name": "2nd Street 10th Annual Block party",
        "event_type": "Block Party",
        "event_agency": "Street Activity Permit Office",
        "event_location": "2 STREET between 7 AVENUE and 8 AVENUE",
        "event_borough": "Brooklyn",
        "start_date": "2025-09-13T11:00:00.000",
        "end_date": "2025-09-13T20:00:00.000",
        "start_formatted": "September 13, 2025 11:00 AM",
        "end_formatted": "September 13, 2025 08:00 PM",
        "street_closure_type": "Full Street Closure",
        "community_board": "6,",
        "police_precinct": "78,"
      }
    },
    {
      "type": "Feature",
      "geometry": {
        "type": "Point",
        "coordinates": [
          -74.000966,
          40.6558675
        ]
      },
      "properties": {
        "event_id": "876650",
        "event_name": "32nd St Block Party",
        "event_type": "Block Party",
        "event_agency": "Street Activity Permit Office",
        "event_location": "32 STREET between 5 AVENUE and 4 AVENUE",
        "event_borough": "Brooklyn",
        "start_date": "2025-09-13T11:00:00.000",
        "end_date": "2025-09-13T18:00:00.000",
        "start_formatted": "September 13, 2025 11:00 AM",
        "end_formatted": "September 13, 2025 06:00 PM",
        "street_closure_type": "Full Street Closure",
        "community_board": "7,",
        "police_precinct": "72,"
      }
    },
    {
      "type": "Feature",
      "geometry": {
        "type": "Point",
        "coordinates": [
          -73.9648755,
          40.674938499999996
        ]
      },
      "properties": {
        "event_id": "843898",
        "event_name": "Sterling Place Annual Block Party",
        "event_type": "Block Party",
        "event_agency": "Street Activity Permit Office",
        "event_location": "STERLING PLACE between WASHINGTON AVENUE and UNDERHILL AVENUE",
        "event_borough": "Brooklyn",
        "start_date": "2025-09-13T11:00:00.000",
        "end_date": "2025-09-13T18:00:00.000",
        "start_formatted": "September 13, 2025 11:00 AM",
        "end_formatted": "September 13, 2025 06:00 PM",
        "street_closure_type": "Full Street Closure",
        "community_board": "8,",
        "police_precinct": "77,"
      }
    },
    {
      "type": "Feature",
      "geometry": {
        "type": "Point",
        "coordinates": [
          -73.912844,
          40.670358500000006
        ]
      },
      "properties": {
        "event_id": "863714",
        "event_name": "54 Bristol Tenants association",
        "event_type": "Block Party",
        "event_agency": "Street Activity Permit Office",
        "event_location": "BRISTOL STREET between EAST NEW YORK AVENUE and PITKIN AVENUE",
        "event_borough": "Brooklyn",
        "start_date": "2025-09-13T11:00:00.000",
        "end_date": "2025-09-13T16:00:00.000",
        "start_formatted": "September 13, 2025 11:00 AM",
        "end_formatted": "September 13, 2025 04:00 PM",
        "street_closure_type": "Full Street Closure",
        "community_board": "16,",
        "police_precinct": "73,"
      }
    },
    {
      "type": "Feature",
      "geometry": {
        "type": "Point",
        "coordinates": [
          -73.98441650000001,
          40.661508
        ]
      },
      "properties": {
        "event_id": "873112",
        "event_name": "Ultimate Windsor Block Party",
        "event_type": "Block Party",
        "event_agency": "Street Activity Permit Office",
        "event_location": "WINDSOR PLACE between 7 AVENUE and 8 AVENUE",
        "event_borough": "Brooklyn",
        "start_date": "2025-09-13T11:00:00.000",
        "end_date": "2025-09-13T18:00:00.000",
        "start_formatted": "September 13, 2025 11:00 AM",
        "end_formatted": "September 13, 2025 06:00 PM",
        "street_closure_type": "Full Street Closure",
        "community_board": "7,",
        "police_precinct": "72,"
      }
    },
    {
      "type": "Feature",
      "geometry": {
        "type": "Point",
        "coordinates": [
          -73.90075999999999,
          40.617138
        ]
      },
      "properties": {
        "event_id": "848158",
        "event_name": "East 74th street 3rd Annual Block Party",
        "event_type": "Block Party",
        "event_agency": "Street Activity Permit Office",
        "event_location": "EAST   74 STREET between AVENUE W and AVENUE X",
        "event_borough": "Brooklyn",
        "start_date": "2025-09-13T11:00:00.000",
        "end_date": "2025-09-13T20:00:00.000",
        "start_formatted": "September 13, 2025 11:00 AM",
        "end_formatted": "September 13, 2025 08:00 PM",
        "street_closure_type": "Full Street Closure",
        "community_board": "18,",
        "police_precinct": "63,"
      }
    },
    {
      "type": "Feature",
      "geometry": {
        "type": "Point",
        "coordinates": [
          -73.98122649999999,
          40.682316
        ]
      },
      "properties": {
        "event_id": "868119",
        "event_name": "Saint Marks Place Block Association Party",
        "event_type": "Block Party",
        "event_agency": "Street Activity Permit Office",
        "event_location": "SAINT MARKS PLACE between 3 AVENUE and 4 AVENUE",
        "event_borough": "Brooklyn",
        "start_date": "2025-09-13T11:00:00.000",
        "end_date": "2025-09-13T17:00:00.000",
        "start_formatted": "September 13, 2025 11:00 AM",
        "end_formatted": "September 13, 2025 05:00 PM",
        "street_closure_type": "Full Street Closure",
        "community_board": "2,",
        "police_precinct": "84,"
      }
    },
    {
      "type": "Feature",
      "geometry": {
        "type": "Point",
        "coordinates": [
          -73.8446645,
          40.662821
        ]
      },
      "properties": {
        "event_id": "876193",
        "event_name": "Block party",
        "event_type": "Block Party",
        "event_agency": "Street Activity Permit Office",
        "event_location": "89 STREET between 156 AVENUE and 157 AVENUE",
        "event_borough": "Queens",
        "start_date": "2025-09-13T10:30:00.000",
        "end_date": "2025-09-13T18:00:00.000",
        "start_formatted": "September 13, 2025 10:30 AM",
        "end_formatted": "September 13, 2025 06:00 PM",
        "street_closure_type": "Full Street Closure",
        "community_board": "10,",
        "police_precinct": "106,"
      }
    },
    {
      "type": "Feature",
      "geometry": {
        "type": "Point",
        "coordinates": [
          -73.97587050000001,
          40.672402000000005
        ]
      },
      "properties": {
        "event_id": "872046",
        "event_name": "Polhemus Place Block Party",
        "event_type": "Block Party",
        "event_agency": "Street Activity Permit Office",
        "event_location": "POLHEMUS PLACE between CARROLL STREET and GARFIELD PLACE",
        "event_borough": "Brooklyn",
        "start_date": "2025-09-13T10:30:00.000",
        "end_date": "2025-09-13T18:00:00.000",
        "start_formatted": "September 13, 2025 10:30 AM",
        "end_formatted": "September 13, 2025 06:00 PM",
        "street_closure_type": "Full Street Closure",
        "community_board": "6,",
        "police_precinct": "78,"
      }
    },
    {
      "type": "Feature",
      "geometry": {
        "type": "Point",
        "coordinates": [
          -73.914589,
          40.6656995
        ]
      },
      "properties": {
        "event_id": "876287",
        "event_name": "End of Summer Bash",
        "event_type": "Block Party",
        "event_agency": "Street Activity Permit Office",
        "event_location": "HERZL STREET between BLAKE AVENUE and SUTTER AVENUE",
        "event_borough": "Brooklyn",
        "start_date": "2025-09-13T10:00:00.000",
        "end_date": "2025-09-13T17:00:00.000",
        "start_formatted": "September 13, 2025 10:00 AM",
        "end_formatted": "September 13, 2025 05:00 PM",
        "street_closure_type": "Full Street Closure",
        "community_board": "16,",
        "police_precinct": "73,"
      }
    },
    {
      "type": "Feature",
      "geometry": {
        "type": "Point",
        "coordinates": [
          -73.9391555,
          40.652297000000004
        ]
      },
      "properties": {
        "event_id": "876705",
        "event_name": "Back To School and Community Day",
        "event_type": "Block Party",
        "event_agency": "Street Activity Permit Office",
        "event_location": "ALBANY AVENUE between LINDEN BOULEVARD and CHURCH AVENUE",
        "event_borough": "Brooklyn",
        "start_date": "2025-09-13T10:00:00.000",
        "end_date": "2025-09-13T18:00:00.000",
        "start_formatted": "September 13, 2025 10:00 AM",
        "end_formatted": "September 13, 2025 06:00 PM",
        "street_closure_type": "Full Street Closure",
        "community_board": "17,",
        "police_precinct": "67,"
      }
    },
    {
      "type": "Feature",
      "geometry": {
        "type": "Point",
        "coordinates": [
          -73.93407049999999,
          40.612197
        ]
      },
      "properties": {
        "event_id": "874429",
        "event_name": "East 36th Street Block Party",
        "event_type": "Block Party",
        "event_agency": "Street Activity Permit Office",
        "event_location": "EAST   36 STREET between FILLMORE AVENUE and AVENUE R",
        "event_borough": "Brooklyn",
        "start_date": "2025-09-13T10:00:00.000",
        "end_date": "2025-09-13T19:00:00.000",
        "start_formatted": "September 13, 2025 10:00 AM",
        "end_formatted": "September 13, 2025 07:00 PM",
        "street_closure_type": "Full Street Closure",
        "community_board": "18,",
        "police_precinct": "63,"
      }
    },
    {
      "type": "Feature",
      "geometry": {
        "type": "Point",
        "coordinates": [
          -73.9802435,
          40.6704805
        ]
      },
      "properties": {
        "event_id": "865657",
        "event_name": "4th Street Block Party",
        "event_type": "Block Party",
        "event_agency": "Street Activity Permit Office",
        "event_location": "4 STREET between 7 AVENUE and 6 AVENUE",
        "event_borough": "Brooklyn",
        "start_date": "2025-09-13T10:00:00.000",
        "end_date": "2025-09-13T19:00:00.000",
        "start_formatted": "September 13, 2025 10:00 AM",
        "end_formatted": "September 13, 2025 07:00 PM",
        "street_closure_type": "Full Street Closure",
        "community_board": "6,",
        "police_precinct": "78,"
      }
    },
    {
      "type": "Feature",
      "geometry": {
        "type": "Point",
        "coordinates": [
          -73.894006,
          40.683192500000004
        ]
      },
      "properties": {
        "event_id": "876716",
        "event_name": "Bulwer Block Association  Celebrating life",
        "event_type": "Block Party",
        "event_agency": "Street Activity Permit Office",
        "event_location": "BULWER PLACE between HIGHLAND BOULEVARD and JACKIE ROBINSON PARKWAY",
        "event_borough": "Brooklyn",
        "start_date": "2025-09-13T10:00:00.000",
        "end_date": "2025-09-13T19:00:00.000",
        "start_formatted": "September 13, 2025 10:00 AM",
        "end_formatted": "September 13, 2025 07:00 PM",
        "street_closure_type": "Sidewalk and Curb Lane Closure",
        "community_board": "5,",
        "police_precinct": "75,"
      }
    },
    {
      "type": "Feature",
      "geometry": {
        "type": "Point",
        "coordinates": [
          -73.976206,
          40.680365
        ]
      },
      "properties": {
        "event_id": "874711",
        "event_name": "2025 Block Party",
        "event_type": "Block Party",
        "event_agency": "Street Activity Permit Office",
        "event_location": "ST MARKS AVENUE between 5 AVENUE and 6 AVENUE",
        "event_borough": "Brooklyn",
        "start_date": "2025-09-13T10:00:00.000",
        "end_date": "2025-09-13T17:00:00.000",
        "start_formatted": "September 13, 2025 10:00 AM",
        "end_formatted": "September 13, 2025 05:00 PM",
        "street_closure_type": "Full Street Closure",
        "community_board": "6,",
        "police_precinct": "78,"
      }
    },
    {
      "type": "Feature",
      "geometry": {
        "type": "Point",
        "coordinates": [
          -73.952014,
          40.660028
        ]
      },
      "properties": {
        "event_id": "875818",
        "event_name": "200 MIDWOOD BLOCK ASSOCIATION",
        "event_type": "Block Party",
        "event_agency": "Street Activity Permit Office",
        "event_location": "MIDWOOD STREET between NOSTRAND AVENUE and ROGERS AVENUE",
        "event_borough": "Brooklyn",
        "start_date": "2025-09-13T10:00:00.000",
        "end_date": "2025-09-13T19:00:00.000",
        "start_formatted": "September 13, 2025 10:00 AM",
        "end_formatted": "September 13, 2025 07:00 PM",
        "street_closure_type": "Full Street Closure",
        "community_board": "9,",
        "police_precinct": "71,"
      }
    },
    {
      "type": "Feature",
      "geometry": {
        "type": "Point",
        "coordinates": [
          -73.9758465,
          40.688411
        ]
      },
      "properties": {
        "event_id": "852517",
        "event_name": "22nd Annual South Elliott Place Block Party",
        "event_type": "Block Party",
        "event_agency": "Street Activity Permit Office",
        "event_location": "SOUTH ELLIOTT PLACE between DEKALB AVENUE and LAFAYETTE AVENUE",
        "event_borough": "Brooklyn",
        "start_date": "2025-09-13T10:00:00.000",
        "end_date": "2025-09-13T17:00:00.000",
        "start_formatted": "September 13, 2025 10:00 AM",
        "end_formatted": "September 13, 2025 05:00 PM",
        "street_closure_type": "Full Street Closure",
        "community_board": "2,",
        "police_precinct": "88,"
      }
    },
    {
      "type": "Feature",
      "geometry": {
        "type": "Point",
        "coordinates": [
          -73.959911,
          40.681117
        ]
      },
      "properties": {
        "event_id": "880348",
        "event_name": "LGSJ",
        "event_type": "Block Party",
        "event_agency": "Street Activity Permit Office",
        "event_location": "LEFFERTS PLACE between CLASSON AVENUE and GRAND AVENUE",
        "event_borough": "Brooklyn",
        "start_date": "2025-09-13T10:00:00.000",
        "end_date": "2025-09-13T19:00:00.000",
        "start_formatted": "September 13, 2025 10:00 AM",
        "end_formatted": "September 13, 2025 07:00 PM",
        "street_closure_type": "Full Street Closure",
        "community_board": "2,",
        "police_precinct": "88,"
      }
    }
  ],
  "metadata": {
    "generated": "2026-01-16T17:46:43.694843",
    "year": 2025,
    "total_events": 335,
    "geocoded_successfully": 320,
    "failed": 15,
    "source": "NYC Open Data - Permitted Event Information"
  }
}