{
  "type": "FeatureCollection",
  "features": [
    {
      "type": "Feature",
      "geometry": {
        "type": "Point",
        "coordinates": [
          -73.97350750000001,
          40.670603
        ]
      },
      "properties": {
        "event_id": "608502",
        "event_name": "Hanukkah Block Party",
        "event_type": "Block Party",
        "event_agency": "Street Activity Permit Office",
        "event_location": "GARFIELD PLACE between 8 AVENUE and PROSPECT PARK WEST",
        "event_borough": "Brooklyn",
        "start_date": "2022-12-23T17:30:00.000",
        "end_date": "2022-12-23T21:00:00.000",
        "start_formatted": "December 23, 2022 05:30 PM",
        "end_formatted": "December 23, 2022 09:00 PM",
        "street_closure_type": "Full Street Closure",
        "community_board": "6,",
        "police_precinct": "78,"
      }
    },
    {
      "type": "Feature",
      "geometry": {
        "type": "Point",
        "coordinates": [
          -73.782117,
          40.695233
        ]
      },
      "properties": {
        "event_id": "638968",
        "event_name": "Christmas on The Boulevard",
        "event_type": "Block Party",
        "event_agency": "Street Activity Permit Office",
        "event_location": "MERRICK BOULEVARD between 110 AVENUE and 111 AVENUE",
        "event_borough": "Queens",
        "start_date": "2022-12-17T10:00:00.000",
        "end_date": "2022-12-17T16:00:00.000",
        "start_formatted": "December 17, 2022 10:00 AM",
        "end_formatted": "December 17, 2022 04:00 PM",
        "street_closure_type": "Sidewalk and Street Closure",
        "community_board": "12,",
        "police_precinct": "103, 113,"
      }
    },
    {
      "type": "Feature",
      "geometry": {
        "type": "Point",
        "coordinates": [
          -73.96425149999999,
          40.6857665
        ]
      },
      "properties": {
        "event_id": "674876",
        "event_name": "Saint James place",
        "event_type": "Block Party",
        "event_agency": "Street Activity Permit Office",
        "event_location": "SAINT JAMES PLACE between GATES AVENUE and GREENE AVENUE",
        "event_borough": "Brooklyn",
        "start_date": "2022-11-30T03:00:00.000",
        "end_date": "2022-11-30T08:00:00.000",
        "start_formatted": "November 30, 2022 03:00 AM",
        "end_formatted": "November 30, 2022 08:00 AM",
        "street_closure_type": "Full Street Closure",
        "community_board": "2,",
        "police_precinct": "88,"
      }
    },
    {
      "type": "Feature",
      "geometry": {
        "type": "Point",
        "coordinates": [
          -73.952137,
          40.667257
        ]
      },
      "properties": {
        "event_id": "675391",
        "event_name": "SGO/MECPS Welcome Back Pep Rally",
        "event_type": "Block Party",
        "event_agency": "Street Activity Permit Office",
        "event_location": "CARROLL STREET between ROGERS AVENUE and NOSTRAND AVENUE",
        "event_borough": "Brooklyn",
        "start_date": "2022-11-29T16:00:00.000",
        "end_date": "2022-11-29T19:00:00.000",
        "start_formatted": "November 29, 2022 04:00 PM",
        "end_formatted": "November 29, 2022 07:00 PM",
        "street_closure_type": "Full Street Closure",
        "community_board": "9,",
        "police_precinct": "71,"
      }
    },
    {
      "type": "Feature",
      "geometry": {
        "type": "Point",
        "coordinates": [
          -74.1118085,
          40.6265565
        ]
      },
      "properties": {
        "event_id": "674959",
        "event_name": "Bosworth Street Winter Block Party",
        "event_type": "Block Party",
        "event_agency": "Street Activity Permit Office",
        "event_location": "BOSWORTH STREET between BEMENT AVENUE and NORTH BURGHER AVENUE",
        "event_borough": "Staten Island",
        "start_date": "2022-11-27T12:00:00.000",
        "end_date": "2022-11-27T18:00:00.000",
        "start_formatted": "November 27, 2022 12:00 PM",
        "end_formatted": "November 27, 2022 06:00 PM",
        "street_closure_type": "Full Street Closure",
        "community_board": "1,",
        "police_precinct": "120,"
      }
    },
    {
      "type": "Feature",
      "geometry": {
        "type": "Point",
        "coordinates": [
          -73.8610165,
          40.571874
        ]
      },
      "properties": {
        "event_id": "677454",
        "event_name": "Little North Pole",
        "event_type": "Block Party",
        "event_agency": "Street Activity Permit Office",
        "event_location": "NEPONSIT AVENUE between B  144 STREET and B  145 STREET",
        "event_borough": "Queens",
        "start_date": "2022-11-26T15:00:00.000",
        "end_date": "2022-11-26T20:00:00.000",
        "start_formatted": "November 26, 2022 03:00 PM",
        "end_formatted": "November 26, 2022 08:00 PM",
        "street_closure_type": "Full Street Closure",
        "community_board": "14,",
        "police_precinct": "100,"
      }
    },
    {
      "type": "Feature",
      "geometry": {
        "type": "Point",
        "coordinates": [
          -73.9747885,
          40.639568
        ]
      },
      "properties": {
        "event_id": "673328",
        "event_name": "Block Party",
        "event_type": "Block Party",
        "event_agency": "Street Activity Permit Office",
        "event_location": "EAST    5 STREET between AVENUE C and CORTELYOU ROAD",
        "event_borough": "Brooklyn",
        "start_date": "2022-11-20T09:00:00.000",
        "end_date": "2022-11-20T17:00:00.000",
        "start_formatted": "November 20, 2022 09:00 AM",
        "end_formatted": "November 20, 2022 05:00 PM",
        "street_closure_type": "Full Street Closure",
        "community_board": "12,",
        "police_precinct": "66,"
      }
    },
    {
      "type": "Feature",
      "geometry": {
        "type": "Point",
        "coordinates": [
          -73.976461,
          40.6484005
        ]
      },
      "properties": {
        "event_id": "643673",
        "event_name": "Block Party",
        "event_type": "Block Party",
        "event_agency": "Street Activity Permit Office",
        "event_location": "E 5 STREET between FORT  HAMILTON  PARKWAY and CATON AVENUE",
        "event_borough": "Brooklyn",
        "start_date": "2022-11-12T13:00:00.000",
        "end_date": "2022-11-12T21:00:00.000",
        "start_formatted": "November 12, 2022 01:00 PM",
        "end_formatted": "November 12, 2022 09:00 PM",
        "street_closure_type": "Full Street Closure",
        "community_board": "12, 7,",
        "police_precinct": "66, 72,"
      }
    },
    {
      "type": "Feature",
      "geometry": {
        "type": "Point",
        "coordinates": [
          -74.00116,
          40.732633
        ]
      },
      "properties": {
        "event_id": "672462",
        "event_name": "Fall Fest",
        "event_type": "Block Party",
        "event_agency": "Street Activity Permit Office",
        "event_location": "WASHINGTON PLACE between 6 AVENUE and BARROW STREET",
        "event_borough": "Manhattan",
        "start_date": "2022-11-11T13:00:00.000",
        "end_date": "2022-11-11T15:30:00.000",
        "start_formatted": "November 11, 2022 01:00 PM",
        "end_formatted": "November 11, 2022 03:30 PM",
        "street_closure_type": "Full Street Closure",
        "community_board": "2,",
        "police_precinct": "6,"
      }
    },
    {
      "type": "Feature",
      "geometry": {
        "type": "Point",
        "coordinates": [
          -73.967323,
          40.6906035
        ]
      },
      "properties": {
        "event_id": "664286",
        "event_name": "ANNUAL CLINTON HILL HALLOWEEN SAFETY WALK WITH STREET ACTIVITIES",
        "event_type": "Block Party",
        "event_agency": "Street Activity Permit Office",
        "event_location": "WAVERLY AVENUE between WILLOUGHBY AVENUE and DEKALB AVENUE",
        "event_borough": "Brooklyn",
        "start_date": "2022-10-31T18:00:00.000",
        "end_date": "2022-10-31T21:00:00.000",
        "start_formatted": "October 31, 2022 06:00 PM",
        "end_formatted": "October 31, 2022 09:00 PM",
        "street_closure_type": "Full Street Closure",
        "community_board": "2,",
        "police_precinct": "88,"
      }
    },
    {
      "type": "Feature",
      "geometry": {
        "type": "Point",
        "coordinates": [
          -73.96659600000001,
          40.7915885
        ]
      },
      "properties": {
        "event_id": "660935",
        "event_name": "West 95th Street 2022 Halloween Party",
        "event_type": "Block Party",
        "event_agency": "Street Activity Permit Office",
        "event_location": "WEST   95 STREET between CENTRAL PARK WEST and COLUMBUS AVENUE",
        "event_borough": "Manhattan",
        "start_date": "2022-10-31T17:30:00.000",
        "end_date": "2022-10-31T20:00:00.000",
        "start_formatted": "October 31, 2022 05:30 PM",
        "end_formatted": "October 31, 2022 08:00 PM",
        "street_closure_type": "Full Street Closure",
        "community_board": "7,",
        "police_precinct": "24,"
      }
    },
    {
      "type": "Feature",
      "geometry": {
        "type": "Point",
        "coordinates": [
          -73.9774085,
          40.78187
        ]
      },
      "properties": {
        "event_id": "670667",
        "event_name": "Halloween 2022",
        "event_type": "Block Party",
        "event_agency": "Street Activity Permit Office",
        "event_location": "WEST   78 STREET between AMSTERDAM AVENUE and COLUMBUS AVENUE",
        "event_borough": "Manhattan",
        "start_date": "2022-10-31T17:00:00.000",
        "end_date": "2022-10-31T20:00:00.000",
        "start_formatted": "October 31, 2022 05:00 PM",
        "end_formatted": "October 31, 2022 08:00 PM",
        "street_closure_type": "Full Street Closure",
        "community_board": "7,",
        "police_precinct": "20,"
      }
    },
    {
      "type": "Feature",
      "geometry": {
        "type": "Point",
        "coordinates": [
          -73.968875,
          40.788456
        ]
      },
      "properties": {
        "event_id": "671117",
        "event_name": "Halloween Trick or Treating",
        "event_type": "Block Party",
        "event_agency": "Street Activity Permit Office",
        "event_location": "WEST   90 STREET between CENTRAL PARK WEST and COLUMBUS AVENUE",
        "event_borough": "Manhattan",
        "start_date": "2022-10-31T17:00:00.000",
        "end_date": "2022-10-31T20:00:00.000",
        "start_formatted": "October 31, 2022 05:00 PM",
        "end_formatted": "October 31, 2022 08:00 PM",
        "street_closure_type": "Full Street Closure",
        "community_board": "7,",
        "police_precinct": "24,"
      }
    },
    {
      "type": "Feature",
      "geometry": {
        "type": "Point",
        "coordinates": [
          -73.96686199999999,
          40.646546
        ]
      },
      "properties": {
        "event_id": "668611",
        "event_name": "Prospect Park South Annual Halloween Celebration",
        "event_type": "Block Party",
        "event_agency": "Street Activity Permit Office",
        "event_location": "ALBEMARLE ROAD between ARGYLE ROAD and RUGBY ROAD",
        "event_borough": "Brooklyn",
        "start_date": "2022-10-31T17:00:00.000",
        "end_date": "2022-10-31T20:00:00.000",
        "start_formatted": "October 31, 2022 05:00 PM",
        "end_formatted": "October 31, 2022 08:00 PM",
        "street_closure_type": "Full Street Closure",
        "community_board": "14,",
        "police_precinct": "70,"
      }
    },
    {
      "type": "Feature",
      "geometry": {
        "type": "Point",
        "coordinates": [
          -73.98460549999999,
          40.6852385
        ]
      },
      "properties": {
        "event_id": "626097",
        "event_name": "Dean Street Halloween Closure",
        "event_type": "Block Party",
        "event_agency": "Street Activity Permit Office",
        "event_location": "DEAN STREET between BOND STREET and NEVINS STREET",
        "event_borough": "Brooklyn",
        "start_date": "2022-10-31T16:00:00.000",
        "end_date": "2022-10-31T21:00:00.000",
        "start_formatted": "October 31, 2022 04:00 PM",
        "end_formatted": "October 31, 2022 09:00 PM",
        "street_closure_type": "Full Street Closure",
        "community_board": "2,",
        "police_precinct": "84,"
      }
    },
    {
      "type": "Feature",
      "geometry": {
        "type": "Point",
        "coordinates": [
          -73.97778,
          40.6868635
        ]
      },
      "properties": {
        "event_id": "672314",
        "event_name": "BAMboo 2022",
        "event_type": "Block Party",
        "event_agency": "Street Activity Permit Office",
        "event_location": "LAFAYETTE AVENUE between ST FELIX STREET and ASHLAND PLACE",
        "event_borough": "Brooklyn",
        "start_date": "2022-10-31T16:00:00.000",
        "end_date": "2022-10-31T19:00:00.000",
        "start_formatted": "October 31, 2022 04:00 PM",
        "end_formatted": "October 31, 2022 07:00 PM",
        "street_closure_type": "Sidewalk and Street Closure",
        "community_board": "2,",
        "police_precinct": "88,"
      }
    },
    {
      "type": "Feature",
      "geometry": {
        "type": "Point",
        "coordinates": [
          -73.95522349999999,
          40.78433
        ]
      },
      "properties": {
        "event_id": "662793",
        "event_name": "CHN Spooktacular",
        "event_type": "Block Party",
        "event_agency": "Street Activity Permit Office",
        "event_location": "EAST   92 STREET between MADISON AVENUE and PARK AVENUE",
        "event_borough": "Manhattan",
        "start_date": "2022-10-31T16:00:00.000",
        "end_date": "2022-10-31T18:00:00.000",
        "start_formatted": "October 31, 2022 04:00 PM",
        "end_formatted": "October 31, 2022 06:00 PM",
        "street_closure_type": "Full Street Closure",
        "community_board": "8,",
        "police_precinct": "19,"
      }
    },
    {
      "type": "Feature",
      "geometry": {
        "type": "Point",
        "coordinates": [
          -73.981252,
          40.68634
        ]
      },
      "properties": {
        "event_id": "661404",
        "event_name": "State Street Halloween Block Party",
        "event_type": "Block Party",
        "event_agency": "Street Activity Permit Office",
        "event_location": "STATE STREET between NEVINS STREET and 3 AVENUE",
        "event_borough": "Brooklyn",
        "start_date": "2022-10-31T16:00:00.000",
        "end_date": "2022-10-31T20:00:00.000",
        "start_formatted": "October 31, 2022 04:00 PM",
        "end_formatted": "October 31, 2022 08:00 PM",
        "street_closure_type": "Full Street Closure",
        "community_board": "2,",
        "police_precinct": "84,"
      }
    },
    {
      "type": "Feature",
      "geometry": {
        "type": "Point",
        "coordinates": [
          -73.98562,
          40.729273
        ]
      },
      "properties": {
        "event_id": "671094",
        "event_name": "Village Halloween Costume Ball",
        "event_type": "Block Party",
        "event_agency": "Street Activity Permit Office",
        "event_location": "EAST   10 STREET between 1 AVENUE and 2 AVENUE",
        "event_borough": "Manhattan",
        "start_date": "2022-10-31T15:30:00.000",
        "end_date": "2022-10-31T20:30:00.000",
        "start_formatted": "October 31, 2022 03:30 PM",
        "end_formatted": "October 31, 2022 08:30 PM",
        "street_closure_type": "Full Street Closure",
        "community_board": "3,",
        "police_precinct": "9,"
      }
    },
    {
      "type": "Feature",
      "geometry": {
        "type": "Point",
        "coordinates": [
          -73.943265,
          40.818447500000005
        ]
      },
      "properties": {
        "event_id": "673835",
        "event_name": "Strivers Row Halloween Event",
        "event_type": "Block Party",
        "event_agency": "Street Activity Permit Office",
        "event_location": "WEST  139 STREET between ADAM CLAYTON POWELL JR BOULEVARD and FREDERICK DOUGLASS BOULEVARD",
        "event_borough": "Manhattan",
        "start_date": "2022-10-31T15:00:00.000",
        "end_date": "2022-10-31T20:00:00.000",
        "start_formatted": "October 31, 2022 03:00 PM",
        "end_formatted": "October 31, 2022 08:00 PM",
        "street_closure_type": "Full Street Closure",
        "community_board": "10,",
        "police_precinct": "32,"
      }
    },
    {
      "type": "Feature",
      "geometry": {
        "type": "Point",
        "coordinates": [
          -73.9976225,
          40.7296265
        ]
      },
      "properties": {
        "event_id": "649969",
        "event_name": "NYU and CB2 Childrens Halloween Parade",
        "event_type": "Block Party",
        "event_agency": "Street Activity Permit Office",
        "event_location": "LAGUARDIA PLACE between WASHINGTON SQUARE SOUTH and WEST    3 STREET",
        "event_borough": "Manhattan",
        "start_date": "2022-10-31T15:00:00.000",
        "end_date": "2022-10-31T18:00:00.000",
        "start_formatted": "October 31, 2022 03:00 PM",
        "end_formatted": "October 31, 2022 06:00 PM",
        "street_closure_type": "Full Street Closure",
        "community_board": "2,",
        "police_precinct": "6,"
      }
    },
    {
      "type": "Feature",
      "geometry": {
        "type": "Point",
        "coordinates": [
          -73.985581,
          40.660264
        ]
      },
      "properties": {
        "event_id": "643157",
        "event_name": "17 Street - Halloween 2022",
        "event_type": "Block Party",
        "event_agency": "Street Activity Permit Office",
        "event_location": "17 STREET between 7 AVENUE and 8 AVENUE",
        "event_borough": "Brooklyn",
        "start_date": "2022-10-31T12:00:00.000",
        "end_date": "2022-10-31T21:00:00.000",
        "start_formatted": "October 31, 2022 12:00 PM",
        "end_formatted": "October 31, 2022 09:00 PM",
        "street_closure_type": "Full Street Closure",
        "community_board": "7,",
        "police_precinct": "72,"
      }
    },
    {
      "type": "Feature",
      "geometry": {
        "type": "Point",
        "coordinates": [
          -73.8912135,
          40.862413000000004
        ]
      },
      "properties": {
        "event_id": "670826",
        "event_name": "10th Annual Ms. Abbies Childrens Halloween Extravaganza",
        "event_type": "Block Party",
        "event_agency": "Street Activity Permit Office",
        "event_location": "DECATUR AVENUE between EAST FORDHAM ROAD and EAST  193 STREET",
        "event_borough": "Bronx",
        "start_date": "2022-10-31T11:00:00.000",
        "end_date": "2022-10-31T17:00:00.000",
        "start_formatted": "October 31, 2022 11:00 AM",
        "end_formatted": "October 31, 2022 05:00 PM",
        "street_closure_type": "Full Street Closure",
        "community_board": "7,",
        "police_precinct": "52,"
      }
    },
    {
      "type": "Feature",
      "geometry": {
        "type": "Point",
        "coordinates": [
          -73.949033,
          40.6706725
        ]
      },
      "properties": {
        "event_id": "669694",
        "event_name": "Annual Lincoln Civic Association Halloween Block Party",
        "event_type": "Block Party",
        "event_agency": "Street Activity Permit Office",
        "event_location": "LINCOLN PLACE between NEW YORK AVENUE and NOSTRAND AVENUE",
        "event_borough": "Brooklyn",
        "start_date": "2022-10-30T16:30:00.000",
        "end_date": "2022-10-30T20:30:00.000",
        "start_formatted": "October 30, 2022 04:30 PM",
        "end_formatted": "October 30, 2022 08:30 PM",
        "street_closure_type": "Sidewalk and Street Closure",
        "community_board": "8,",
        "police_precinct": "77,"
      }
    },
    {
      "type": "Feature",
      "geometry": {
        "type": "Point",
        "coordinates": [
          -73.93704550000001,
          40.5796945
        ]
      },
      "properties": {
        "event_id": "668955",
        "event_name": "BLOCK PARTY Trunk or Treat",
        "event_type": "Block Party",
        "event_agency": "Street Activity Permit Office",
        "event_location": "PEMBROKE STREET between SHORE BOULEVARD and DEAD END",
        "event_borough": "Brooklyn",
        "start_date": "2022-10-30T16:00:00.000",
        "end_date": "2022-10-30T17:30:00.000",
        "start_formatted": "October 30, 2022 04:00 PM",
        "end_formatted": "October 30, 2022 05:30 PM",
        "street_closure_type": "Full Street Closure",
        "community_board": "15,",
        "police_precinct": "61,"
      }
    },
    {
      "type": "Feature",
      "geometry": {
        "type": "Point",
        "coordinates": [
          -73.95407650000001,
          40.677302
        ]
      },
      "properties": {
        "event_id": "669935",
        "event_name": "Franklin Ave Block Party",
        "event_type": "Block Party",
        "event_agency": "Street Activity Permit Office",
        "event_location": "DEAN STREET between FRANKLIN AVENUE and BEDFORD AVENUE",
        "event_borough": "Brooklyn",
        "start_date": "2022-10-30T14:00:00.000",
        "end_date": "2022-10-30T16:00:00.000",
        "start_formatted": "October 30, 2022 02:00 PM",
        "end_formatted": "October 30, 2022 04:00 PM",
        "street_closure_type": "Full Street Closure",
        "community_board": "8,",
        "police_precinct": "77,"
      }
    },
    {
      "type": "Feature",
      "geometry": {
        "type": "Point",
        "coordinates": [
          -73.980894,
          40.6781785
        ]
      },
      "properties": {
        "event_id": "667944",
        "event_name": "Degraw Street Block Party",
        "event_type": "Block Party",
        "event_agency": "Street Activity Permit Office",
        "event_location": "DEGRAW STREET between 4 AVENUE and 5 AVENUE",
        "event_borough": "Brooklyn",
        "start_date": "2022-10-30T11:30:00.000",
        "end_date": "2022-10-30T19:00:00.000",
        "start_formatted": "October 30, 2022 11:30 AM",
        "end_formatted": "October 30, 2022 07:00 PM",
        "street_closure_type": "Full Street Closure",
        "community_board": "6,",
        "police_precinct": "78,"
      }
    },
    {
      "type": "Feature",
      "geometry": {
        "type": "Point",
        "coordinates": [
          -73.992442,
          40.691876
        ]
      },
      "properties": {
        "event_id": "663856",
        "event_name": "Packer Pumpkin Patch 2022",
        "event_type": "Block Party",
        "event_agency": "Street Activity Permit Office",
        "event_location": "LIVINGSTON STREET between COURT STREET and CLINTON STREET",
        "event_borough": "Brooklyn",
        "start_date": "2022-10-30T11:00:00.000",
        "end_date": "2022-10-30T16:00:00.000",
        "start_formatted": "October 30, 2022 11:00 AM",
        "end_formatted": "October 30, 2022 04:00 PM",
        "street_closure_type": "Full Street Closure",
        "community_board": "2,",
        "police_precinct": "84,"
      }
    },
    {
      "type": "Feature",
      "geometry": {
        "type": "Point",
        "coordinates": [
          -73.9760195,
          40.6675965
        ]
      },
      "properties": {
        "event_id": "660895",
        "event_name": "5th Street Block Association",
        "event_type": "Block Party",
        "event_agency": "Street Activity Permit Office",
        "event_location": "5 STREET between 8 AVENUE and PROSPECT PARK WEST",
        "event_borough": "Brooklyn",
        "start_date": "2022-10-30T11:00:00.000",
        "end_date": "2022-10-30T18:00:00.000",
        "start_formatted": "October 30, 2022 11:00 AM",
        "end_formatted": "October 30, 2022 06:00 PM",
        "street_closure_type": "Sidewalk and Street Closure",
        "community_board": "6,",
        "police_precinct": "78,"
      }
    },
    {
      "type": "Feature",
      "geometry": {
        "type": "Point",
        "coordinates": [
          -74.004564,
          40.7248655
        ]
      },
      "properties": {
        "event_id": "668034",
        "event_name": "CMA Halloween Block Party",
        "event_type": "Block Party",
        "event_agency": "Street Activity Permit Office",
        "event_location": "6 AVENUE between SPRING STREET and BROOME STREET",
        "event_borough": "Manhattan",
        "start_date": "2022-10-30T11:00:00.000",
        "end_date": "2022-10-30T15:00:00.000",
        "start_formatted": "October 30, 2022 11:00 AM",
        "end_formatted": "October 30, 2022 03:00 PM",
        "street_closure_type": "Full Street Closure",
        "community_board": "2,",
        "police_precinct": "1,"
      }
    },
    {
      "type": "Feature",
      "geometry": {
        "type": "Point",
        "coordinates": [
          -73.9821815,
          40.6762765
        ]
      },
      "properties": {
        "event_id": "668568",
        "event_name": "Fall 2022 Block Party",
        "event_type": "Block Party",
        "event_agency": "Street Activity Permit Office",
        "event_location": "PRESIDENT STREET between 4 AVENUE and 5 AVENUE",
        "event_borough": "Brooklyn",
        "start_date": "2022-10-30T10:00:00.000",
        "end_date": "2022-10-30T19:00:00.000",
        "start_formatted": "October 30, 2022 10:00 AM",
        "end_formatted": "October 30, 2022 07:00 PM",
        "street_closure_type": "Full Street Closure",
        "community_board": "6,",
        "police_precinct": "78,"
      }
    },
    {
      "type": "Feature",
      "geometry": {
        "type": "Point",
        "coordinates": [
          -73.8562185,
          40.6853335
        ]
      },
      "properties": {
        "event_id": "662319",
        "event_name": "Trunk or Treak",
        "event_type": "Block Party",
        "event_agency": "Street Activity Permit Office",
        "event_location": "85 STREET between ATLANTIC AVENUE and 95 AVENUE",
        "event_borough": "Queens",
        "start_date": "2022-10-29T16:00:00.000",
        "end_date": "2022-10-29T20:30:00.000",
        "start_formatted": "October 29, 2022 04:00 PM",
        "end_formatted": "October 29, 2022 08:30 PM",
        "street_closure_type": "Sidewalk and Street Closure",
        "community_board": "9,",
        "police_precinct": "102,"
      }
    },
    {
      "type": "Feature",
      "geometry": {
        "type": "Point",
        "coordinates": [
          -73.8537075,
          40.716556
        ]
      },
      "properties": {
        "event_id": "670221",
        "event_name": "Ingram Street Block Party",
        "event_type": "Block Party",
        "event_agency": "Street Activity Permit Office",
        "event_location": "INGRAM STREET between 68 AVENUE and 69 AVENUE",
        "event_borough": "Queens",
        "start_date": "2022-10-29T13:30:00.000",
        "end_date": "2022-10-29T21:00:00.000",
        "start_formatted": "October 29, 2022 01:30 PM",
        "end_formatted": "October 29, 2022 09:00 PM",
        "street_closure_type": "Full Street Closure",
        "community_board": "6,",
        "police_precinct": "112,"
      }
    },
    {
      "type": "Feature",
      "geometry": {
        "type": "Point",
        "coordinates": [
          -73.98208299999999,
          40.6465875
        ]
      },
      "properties": {
        "event_id": "669464",
        "event_name": "Halloween Block Party",
        "event_type": "Block Party",
        "event_agency": "Street Activity Permit Office",
        "event_location": "MICIELI PLACE between MINNA STREET and FORT HAMILTON PARKWAY",
        "event_borough": "Brooklyn",
        "start_date": "2022-10-29T13:00:00.000",
        "end_date": "2022-10-29T21:00:00.000",
        "start_formatted": "October 29, 2022 01:00 PM",
        "end_formatted": "October 29, 2022 09:00 PM",
        "street_closure_type": "Full Street Closure",
        "community_board": "12,",
        "police_precinct": "66,"
      }
    },
    {
      "type": "Feature",
      "geometry": {
        "type": "Point",
        "coordinates": [
          -74.0079015,
          40.6215715
        ]
      },
      "properties": {
        "event_id": "654601",
        "event_name": "74th Street Block Party",
        "event_type": "Block Party",
        "event_agency": "Street Activity Permit Office",
        "event_location": "74 STREET between 12 AVENUE and 13 AVENUE",
        "event_borough": "Brooklyn",
        "start_date": "2022-10-29T13:00:00.000",
        "end_date": "2022-10-29T21:00:00.000",
        "start_formatted": "October 29, 2022 01:00 PM",
        "end_formatted": "October 29, 2022 09:00 PM",
        "street_closure_type": "Full Street Closure",
        "community_board": "10,",
        "police_precinct": "68,"
      }
    },
    {
      "type": "Feature",
      "geometry": {
        "type": "Point",
        "coordinates": [
          -74.109409,
          40.621880000000004
        ]
      },
      "properties": {
        "event_id": "669499",
        "event_name": "October Block Party",
        "event_type": "Block Party",
        "event_agency": "Street Activity Permit Office",
        "event_location": "STARR AVENUE between BEMENT AVENUE and OAKLAND AVENUE",
        "event_borough": "Staten Island",
        "start_date": "2022-10-29T13:00:00.000",
        "end_date": "2022-10-29T20:00:00.000",
        "start_formatted": "October 29, 2022 01:00 PM",
        "end_formatted": "October 29, 2022 08:00 PM",
        "street_closure_type": "Full Street Closure",
        "community_board": "1,",
        "police_precinct": "120,"
      }
    },
    {
      "type": "Feature",
      "geometry": {
        "type": "Point",
        "coordinates": [
          -73.977022,
          40.66639
        ]
      },
      "properties": {
        "event_id": "670318",
        "event_name": "Fall Festival 2022",
        "event_type": "Block Party",
        "event_agency": "Street Activity Permit Office",
        "event_location": "7 STREET between 8 AVENUE and PROSPECT PARK WEST",
        "event_borough": "Brooklyn",
        "start_date": "2022-10-29T12:00:00.000",
        "end_date": "2022-10-29T16:00:00.000",
        "start_formatted": "October 29, 2022 12:00 PM",
        "end_formatted": "October 29, 2022 04:00 PM",
        "street_closure_type": "Full Street Closure",
        "community_board": "6,",
        "police_precinct": "78,"
      }
    },
    {
      "type": "Feature",
      "geometry": {
        "type": "Point",
        "coordinates": [
          -73.785696,
          40.77321
        ]
      },
      "properties": {
        "event_id": "666014",
        "event_name": "Halloween Trunk or Treat 2022",
        "event_type": "Block Party",
        "event_agency": "Street Activity Permit Office",
        "event_location": "29 AVENUE between 203 PLACE and CLEARVIEW EXPRESSWAY SR SB",
        "event_borough": "Queens",
        "start_date": "2022-10-29T12:00:00.000",
        "end_date": "2022-10-29T14:00:00.000",
        "start_formatted": "October 29, 2022 12:00 PM",
        "end_formatted": "October 29, 2022 02:00 PM",
        "street_closure_type": "Sidewalk and Street Closure",
        "community_board": "11,",
        "police_precinct": "111,"
      }
    },
    {
      "type": "Feature",
      "geometry": {
        "type": "Point",
        "coordinates": [
          -73.9465715,
          40.8226905
        ]
      },
      "properties": {
        "event_id": "654800",
        "event_name": "Hi Neighbor Day",
        "event_type": "Block Party",
        "event_agency": "Street Activity Permit Office",
        "event_location": "HAMILTON TERRACE between WEST  141 STREET and WEST  144 STREET",
        "event_borough": "Manhattan",
        "start_date": "2022-10-29T12:00:00.000",
        "end_date": "2022-10-29T16:00:00.000",
        "start_formatted": "October 29, 2022 12:00 PM",
        "end_formatted": "October 29, 2022 04:00 PM",
        "street_closure_type": "Full Street Closure",
        "community_board": "9,",
        "police_precinct": "30,"
      }
    },
    {
      "type": "Feature",
      "geometry": {
        "type": "Point",
        "coordinates": [
          -73.96457050000001,
          40.6794825
        ]
      },
      "properties": {
        "event_id": "662586",
        "event_name": "Halloween Family Fun Day",
        "event_type": "Block Party",
        "event_agency": "Street Activity Permit Office",
        "event_location": "DEAN STREET between UNDERHILL AVENUE and WASHINGTON AVENUE",
        "event_borough": "Brooklyn",
        "start_date": "2022-10-29T12:00:00.000",
        "end_date": "2022-10-29T21:00:00.000",
        "start_formatted": "October 29, 2022 12:00 PM",
        "end_formatted": "October 29, 2022 09:00 PM",
        "street_closure_type": "Full Street Closure",
        "community_board": "8,",
        "police_precinct": "77,"
      }
    },
    {
      "type": "Feature",
      "geometry": {
        "type": "Point",
        "coordinates": [
          -73.83787849999999,
          40.6490395
        ]
      },
      "properties": {
        "event_id": "670260",
        "event_name": "Howard Beach Kiwanis Halloween Block party",
        "event_type": "Block Party",
        "event_agency": "Street Activity Permit Office",
        "event_location": "165 AVENUE  between CROSS BAY BLVD.  and 92 STREET",
        "event_borough": "Queens",
        "start_date": "2022-10-29T12:00:00.000",
        "end_date": "2022-10-29T14:30:00.000",
        "start_formatted": "October 29, 2022 12:00 PM",
        "end_formatted": "October 29, 2022 02:30 PM",
        "street_closure_type": "Full Street Closure",
        "community_board": "10,",
        "police_precinct": "106,"
      }
    },
    {
      "type": "Feature",
      "geometry": {
        "type": "Point",
        "coordinates": [
          -73.991153,
          40.661804000000004
        ]
      },
      "properties": {
        "event_id": "670374",
        "event_name": "October Block Party",
        "event_type": "Block Party",
        "event_agency": "Street Activity Permit Office",
        "event_location": "19 STREET between 5 AVENUE and 6 AVENUE",
        "event_borough": "Brooklyn",
        "start_date": "2022-10-29T12:00:00.000",
        "end_date": "2022-10-29T18:00:00.000",
        "start_formatted": "October 29, 2022 12:00 PM",
        "end_formatted": "October 29, 2022 06:00 PM",
        "street_closure_type": "Full Street Closure",
        "community_board": "7,",
        "police_precinct": "72,"
      }
    },
    {
      "type": "Feature",
      "geometry": {
        "type": "Point",
        "coordinates": [
          -73.918349,
          40.681676499999995
        ]
      },
      "properties": {
        "event_id": "673343",
        "event_name": "Halloween Party",
        "event_type": "Block Party",
        "event_agency": "Street Activity Permit Office",
        "event_location": "CHAUNCEY STREET between HOWARD AVENUE and SARATOGA AVENUE",
        "event_borough": "Brooklyn",
        "start_date": "2022-10-29T12:00:00.000",
        "end_date": "2022-10-29T17:00:00.000",
        "start_formatted": "October 29, 2022 12:00 PM",
        "end_formatted": "October 29, 2022 05:00 PM",
        "street_closure_type": "Sidewalk and Curb Lane Closure",
        "community_board": "3,",
        "police_precinct": "81,"
      }
    },
    {
      "type": "Feature",
      "geometry": {
        "type": "Point",
        "coordinates": [
          -73.9085125,
          40.826741
        ]
      },
      "properties": {
        "event_id": "670240",
        "event_name": "Me You Boo",
        "event_type": "Block Party",
        "event_agency": "Street Activity Permit Office",
        "event_location": "EAST  165 STREET between WASHINGTON AVENUE and THIRD AVENUE",
        "event_borough": "Bronx",
        "start_date": "2022-10-29T12:00:00.000",
        "end_date": "2022-10-29T21:00:00.000",
        "start_formatted": "October 29, 2022 12:00 PM",
        "end_formatted": "October 29, 2022 09:00 PM",
        "street_closure_type": "Full Street Closure",
        "community_board": "3,",
        "police_precinct": "42,"
      }
    },
    {
      "type": "Feature",
      "geometry": {
        "type": "Point",
        "coordinates": [
          -73.977194,
          40.686049499999996
        ]
      },
      "properties": {
        "event_id": "669351",
        "event_name": "BKI Fall Festival",
        "event_type": "Block Party",
        "event_agency": "Street Activity Permit Office",
        "event_location": "ST FELIX STREET between HANSON PLACE and LAFAYETTE AVENUE",
        "event_borough": "Brooklyn",
        "start_date": "2022-10-29T12:00:00.000",
        "end_date": "2022-10-29T16:00:00.000",
        "start_formatted": "October 29, 2022 12:00 PM",
        "end_formatted": "October 29, 2022 04:00 PM",
        "street_closure_type": "Full Street Closure",
        "community_board": "2,",
        "police_precinct": "88,"
      }
    },
    {
      "type": "Feature",
      "geometry": {
        "type": "Point",
        "coordinates": [
          -73.777275,
          40.5945495
        ]
      },
      "properties": {
        "event_id": "668634",
        "event_name": "Childrens Harvest Festival - Far Rockaway",
        "event_type": "Block Party",
        "event_agency": "Street Activity Permit Office",
        "event_location": "BEACH   46 STREET between ROCKAWAY BEACH BOULEVARD and BEACH CHANNEL DRIVE",
        "event_borough": "Queens",
        "start_date": "2022-10-29T12:00:00.000",
        "end_date": "2022-10-29T16:00:00.000",
        "start_formatted": "October 29, 2022 12:00 PM",
        "end_formatted": "October 29, 2022 04:00 PM",
        "street_closure_type": "Full Street Closure",
        "community_board": "14,",
        "police_precinct": "101,"
      }
    },
    {
      "type": "Feature",
      "geometry": {
        "type": "Point",
        "coordinates": [
          -74.18342799999999,
          40.551847
        ]
      },
      "properties": {
        "event_id": "665783",
        "event_name": "Vineland block party",
        "event_type": "Block Party",
        "event_agency": "Street Activity Permit Office",
        "event_location": "VINELAND AVENUE between CARLTON BOULEVARD and GRANTWOOD AVENUE",
        "event_borough": "Staten Island",
        "start_date": "2022-10-29T12:00:00.000",
        "end_date": "2022-10-29T21:00:00.000",
        "start_formatted": "October 29, 2022 12:00 PM",
        "end_formatted": "October 29, 2022 09:00 PM",
        "street_closure_type": "Full Street Closure",
        "community_board": "3,",
        "police_precinct": "123,"
      }
    },
    {
      "type": "Feature",
      "geometry": {
        "type": "Point",
        "coordinates": [
          -73.9371975,
          40.686260000000004
        ]
      },
      "properties": {
        "event_id": "671525",
        "event_name": "October Fest",
        "event_type": "Block Party",
        "event_agency": "Street Activity Permit Office",
        "event_location": "MADISON STREET between MARCUS GARVEY BOULEVARD and LEWIS AVENUE",
        "event_borough": "Brooklyn",
        "start_date": "2022-10-29T12:00:00.000",
        "end_date": "2022-10-29T19:00:00.000",
        "start_formatted": "October 29, 2022 12:00 PM",
        "end_formatted": "October 29, 2022 07:00 PM",
        "street_closure_type": "Full Street Closure",
        "community_board": "3,",
        "police_precinct": "81,"
      }
    },
    {
      "type": "Feature",
      "geometry": {
        "type": "Point",
        "coordinates": [
          -73.97752349999999,
          40.6657875
        ]
      },
      "properties": {
        "event_id": "661708",
        "event_name": "8th Street Block Party",
        "event_type": "Block Party",
        "event_agency": "Street Activity Permit Office",
        "event_location": "8 STREET between PROSPECT PARK WEST and 8 AVENUE",
        "event_borough": "Brooklyn",
        "start_date": "2022-10-29T11:30:00.000",
        "end_date": "2022-10-29T19:30:00.000",
        "start_formatted": "October 29, 2022 11:30 AM",
        "end_formatted": "October 29, 2022 07:30 PM",
        "street_closure_type": "Full Street Closure",
        "community_board": "6,",
        "police_precinct": "78,"
      }
    },
    {
      "type": "Feature",
      "geometry": {
        "type": "Point",
        "coordinates": [
          -73.98089949999999,
          40.665724999999995
        ]
      },
      "properties": {
        "event_id": "668998",
        "event_name": "10th street Halloween Block Party",
        "event_type": "Block Party",
        "event_agency": "Street Activity Permit Office",
        "event_location": "10 STREET between 7 AVENUE and 8 AVENUE",
        "event_borough": "Brooklyn",
        "start_date": "2022-10-29T11:00:00.000",
        "end_date": "2022-10-29T19:00:00.000",
        "start_formatted": "October 29, 2022 11:00 AM",
        "end_formatted": "October 29, 2022 07:00 PM",
        "street_closure_type": "Full Street Closure",
        "community_board": "6,",
        "police_precinct": "78,"
      }
    },
    {
      "type": "Feature",
      "geometry": {
        "type": "Point",
        "coordinates": [
          -74.0377675,
          40.625052499999995
        ]
      },
      "properties": {
        "event_id": "670268",
        "event_name": "86th Street Colonial/ Narrows Block Party",
        "event_type": "Block Party",
        "event_agency": "Street Activity Permit Office",
        "event_location": "86 STREET between COLONIAL ROAD and NARROWS AVENUE",
        "event_borough": "Brooklyn",
        "start_date": "2022-10-29T11:00:00.000",
        "end_date": "2022-10-29T19:00:00.000",
        "start_formatted": "October 29, 2022 11:00 AM",
        "end_formatted": "October 29, 2022 07:00 PM",
        "street_closure_type": "Full Street Closure",
        "community_board": "10,",
        "police_precinct": "68,"
      }
    },
    {
      "type": "Feature",
      "geometry": {
        "type": "Point",
        "coordinates": [
          -73.9955845,
          40.7416275
        ]
      },
      "properties": {
        "event_id": "665212",
        "event_name": "Halloween party",
        "event_type": "Block Party",
        "event_agency": "Street Activity Permit Office",
        "event_location": "WEST   20 STREET between 6 AVENUE and 7 AVENUE",
        "event_borough": "Manhattan",
        "start_date": "2022-10-29T11:00:00.000",
        "end_date": "2022-10-29T14:00:00.000",
        "start_formatted": "October 29, 2022 11:00 AM",
        "end_formatted": "October 29, 2022 02:00 PM",
        "street_closure_type": "Full Street Closure",
        "community_board": "4,",
        "police_precinct": "13,"
      }
    },
    {
      "type": "Feature",
      "geometry": {
        "type": "Point",
        "coordinates": [
          -74.006845,
          40.6277605
        ]
      },
      "properties": {
        "event_id": "615706",
        "event_name": "NIA Halloween Spooktacular Block Party",
        "event_type": "Block Party",
        "event_agency": "Street Activity Permit Office",
        "event_location": "11 AVENUE between 66 STREET and 67 STREET",
        "event_borough": "Brooklyn",
        "start_date": "2022-10-29T11:00:00.000",
        "end_date": "2022-10-29T16:00:00.000",
        "start_formatted": "October 29, 2022 11:00 AM",
        "end_formatted": "October 29, 2022 04:00 PM",
        "street_closure_type": "Full Street Closure",
        "community_board": "10,",
        "police_precinct": "68,"
      }
    },
    {
      "type": "Feature",
      "geometry": {
        "type": "Point",
        "coordinates": [
          -73.9350135,
          40.640611500000006
        ]
      },
      "properties": {
        "event_id": "672763",
        "event_name": "Trunk or Treat",
        "event_type": "Block Party",
        "event_agency": "Street Activity Permit Office",
        "event_location": "TROY AVENUE between FOSTER AVENUE and AVENUE D",
        "event_borough": "Brooklyn",
        "start_date": "2022-10-29T10:00:00.000",
        "end_date": "2022-10-29T16:00:00.000",
        "start_formatted": "October 29, 2022 10:00 AM",
        "end_formatted": "October 29, 2022 04:00 PM",
        "street_closure_type": "Full Sidewalk Closure",
        "community_board": "17,",
        "police_precinct": "67,"
      }
    },
    {
      "type": "Feature",
      "geometry": {
        "type": "Point",
        "coordinates": [
          -73.9853215,
          40.6914115
        ]
      },
      "properties": {
        "event_id": "676590",
        "event_name": "Bridge Street Block Party",
        "event_type": "Block Party",
        "event_agency": "Street Activity Permit Office",
        "event_location": "BRIDGE STREET between FULTON MALL and WILLOUGHBY STREET",
        "event_borough": "Brooklyn",
        "start_date": "2022-10-28T15:00:00.000",
        "end_date": "2022-10-28T18:00:00.000",
        "start_formatted": "October 28, 2022 03:00 PM",
        "end_formatted": "October 28, 2022 06:00 PM",
        "street_closure_type": "Full Street Closure",
        "community_board": "2,",
        "police_precinct": "84,"
      }
    },
    {
      "type": "Feature",
      "geometry": {
        "type": "Point",
        "coordinates": [
          -73.98701550000001,
          40.734956
        ]
      },
      "properties": {
        "event_id": "666964",
        "event_name": "Preschool Halloween Fair",
        "event_type": "Block Party",
        "event_agency": "Street Activity Permit Office",
        "event_location": "EAST   16 STREET between IRVING PLACE and 3 AVENUE",
        "event_borough": "Manhattan",
        "start_date": "2022-10-28T13:00:00.000",
        "end_date": "2022-10-28T18:00:00.000",
        "start_formatted": "October 28, 2022 01:00 PM",
        "end_formatted": "October 28, 2022 06:00 PM",
        "street_closure_type": "Full Street Closure",
        "community_board": "5, 6,",
        "police_precinct": "13,"
      }
    },
    {
      "type": "Feature",
      "geometry": {
        "type": "Point",
        "coordinates": [
          -73.9235675,
          40.814183
        ]
      },
      "properties": {
        "event_id": "670143",
        "event_name": "Robert Carters Day",
        "event_type": "Block Party",
        "event_agency": "Street Activity Permit Office",
        "event_location": "EAST  143 STREET between 3 AVENUE and MORRIS AVENUE",
        "event_borough": "Bronx",
        "start_date": "2022-10-25T12:00:00.000",
        "end_date": "2022-10-25T18:00:00.000",
        "start_formatted": "October 25, 2022 12:00 PM",
        "end_formatted": "October 25, 2022 06:00 PM",
        "street_closure_type": "Full Street Closure",
        "community_board": "1,",
        "police_precinct": "40,"
      }
    },
    {
      "type": "Feature",
      "geometry": {
        "type": "Point",
        "coordinates": [
          -74.0036865,
          40.745805000000004
        ]
      },
      "properties": {
        "event_id": "671947",
        "event_name": "The Longest Table",
        "event_type": "Block Party",
        "event_agency": "Street Activity Permit Office",
        "event_location": "WEST   21 STREET between 9 AVENUE and 10 AVENUE",
        "event_borough": "Manhattan",
        "start_date": "2022-10-23T12:00:00.000",
        "end_date": "2022-10-23T14:00:00.000",
        "start_formatted": "October 23, 2022 12:00 PM",
        "end_formatted": "October 23, 2022 02:00 PM",
        "street_closure_type": "Full Street Closure",
        "community_board": "4,",
        "police_precinct": "10,"
      }
    },
    {
      "type": "Feature",
      "geometry": {
        "type": "Point",
        "coordinates": [
          -74.0051375,
          40.6346835
        ]
      },
      "properties": {
        "event_id": "655042",
        "event_name": "Neighborhood Family Time",
        "event_type": "Block Party",
        "event_agency": "Street Activity Permit Office",
        "event_location": "58 STREET between 9 AVENUE and FORT HAMILTON PARKWAY",
        "event_borough": "Brooklyn",
        "start_date": "2022-10-23T10:00:00.000",
        "end_date": "2022-10-23T14:30:00.000",
        "start_formatted": "October 23, 2022 10:00 AM",
        "end_formatted": "October 23, 2022 02:30 PM",
        "street_closure_type": "Full Sidewalk Closure",
        "community_board": "12,",
        "police_precinct": "66,"
      }
    },
    {
      "type": "Feature",
      "geometry": {
        "type": "Point",
        "coordinates": [
          -73.9791735,
          40.680721000000005
        ]
      },
      "properties": {
        "event_id": "663726",
        "event_name": "Warren Street Block Party",
        "event_type": "Block Party",
        "event_agency": "Street Activity Permit Office",
        "event_location": "WARREN STREET between FIFTH AVENUE and FOURTH AVENUE",
        "event_borough": "Brooklyn",
        "start_date": "2022-10-23T10:00:00.000",
        "end_date": "2022-10-23T17:30:00.000",
        "start_formatted": "October 23, 2022 10:00 AM",
        "end_formatted": "October 23, 2022 05:30 PM",
        "street_closure_type": "Full Street Closure",
        "community_board": "6,",
        "police_precinct": "78,"
      }
    },
    {
      "type": "Feature",
      "geometry": {
        "type": "Point",
        "coordinates": [
          -73.953293,
          40.6896555
        ]
      },
      "properties": {
        "event_id": "668961",
        "event_name": "Back to School Lift Off",
        "event_type": "Block Party",
        "event_agency": "Street Activity Permit Office",
        "event_location": "LAFAYETTE AVENUE between BEDFORD AVENUE and NOSTRAND AVENUE",
        "event_borough": "Brooklyn",
        "start_date": "2022-10-23T10:00:00.000",
        "end_date": "2022-10-23T18:00:00.000",
        "start_formatted": "October 23, 2022 10:00 AM",
        "end_formatted": "October 23, 2022 06:00 PM",
        "street_closure_type": "Full Street Closure",
        "community_board": "3,",
        "police_precinct": "79,"
      }
    },
    {
      "type": "Feature",
      "geometry": {
        "type": "Point",
        "coordinates": [
          -73.917776,
          40.6858665
        ]
      },
      "properties": {
        "event_id": "670805",
        "event_name": "Brooklyns Finest Bake Off",
        "event_type": "Block Party",
        "event_agency": "Street Activity Permit Office",
        "event_location": "SARATOGA AVENUE between HANCOCK STREET and HALSEY STREET",
        "event_borough": "Brooklyn",
        "start_date": "2022-10-22T14:00:00.000",
        "end_date": "2022-10-22T16:30:00.000",
        "start_formatted": "October 22, 2022 02:00 PM",
        "end_formatted": "October 22, 2022 04:30 PM",
        "street_closure_type": "Full Street Closure",
        "community_board": "16, 3,",
        "police_precinct": "73, 81,"
      }
    },
    {
      "type": "Feature",
      "geometry": {
        "type": "Point",
        "coordinates": [
          -73.9816,
          40.6728275
        ]
      },
      "properties": {
        "event_id": "665560",
        "event_name": "BFS Fall Block Party",
        "event_type": "Block Party",
        "event_agency": "Street Activity Permit Office",
        "event_location": "2 STREET between 5 AVENUE and 6 AVENUE",
        "event_borough": "Brooklyn",
        "start_date": "2022-10-22T14:00:00.000",
        "end_date": "2022-10-22T18:00:00.000",
        "start_formatted": "October 22, 2022 02:00 PM",
        "end_formatted": "October 22, 2022 06:00 PM",
        "street_closure_type": "Full Street Closure",
        "community_board": "6,",
        "police_precinct": "78,"
      }
    },
    {
      "type": "Feature",
      "geometry": {
        "type": "Point",
        "coordinates": [
          -74.0102985,
          40.678411499999996
        ]
      },
      "properties": {
        "event_id": "670768",
        "event_name": "The Haunted Block",
        "event_type": "Block Party",
        "event_agency": "Street Activity Permit Office",
        "event_location": "PIONEER STREET between VAN BRUNT STREET and RICHARDS STREET",
        "event_borough": "Brooklyn",
        "start_date": "2022-10-22T14:00:00.000",
        "end_date": "2022-10-22T19:00:00.000",
        "start_formatted": "October 22, 2022 02:00 PM",
        "end_formatted": "October 22, 2022 07:00 PM",
        "street_closure_type": "Full Street Closure",
        "community_board": "6,",
        "police_precinct": "76,"
      }
    },
    {
      "type": "Feature",
      "geometry": {
        "type": "Point",
        "coordinates": [
          -73.946257,
          40.670585
        ]
      },
      "properties": {
        "event_id": "670220",
        "event_name": "Annual Lincoln Civic Association Block Party -East",
        "event_type": "Block Party",
        "event_agency": "Street Activity Permit Office",
        "event_location": "LINCOLN PLACE between NEW YORK AVENUE and BROOKLYN AVENUE",
        "event_borough": "Brooklyn",
        "start_date": "2022-10-22T13:00:00.000",
        "end_date": "2022-10-22T20:00:00.000",
        "start_formatted": "October 22, 2022 01:00 PM",
        "end_formatted": "October 22, 2022 08:00 PM",
        "street_closure_type": "Full Street Closure",
        "community_board": "8,",
        "police_precinct": "77,"
      }
    },
    {
      "type": "Feature",
      "geometry": {
        "type": "Point",
        "coordinates": [
          -74.1678455,
          40.614404
        ]
      },
      "properties": {
        "event_id": "667795",
        "event_name": "Lander ave block party",
        "event_type": "Block Party",
        "event_agency": "Street Activity Permit Office",
        "event_location": "LANDER AVENUE between ELSON STREET and GRAHAM AVENUE",
        "event_borough": "Staten Island",
        "start_date": "2022-10-22T13:00:00.000",
        "end_date": "2022-10-22T21:00:00.000",
        "start_formatted": "October 22, 2022 01:00 PM",
        "end_formatted": "October 22, 2022 09:00 PM",
        "street_closure_type": "Full Street Closure",
        "community_board": "2,",
        "police_precinct": "121,"
      }
    },
    {
      "type": "Feature",
      "geometry": {
        "type": "Point",
        "coordinates": [
          -73.973003,
          40.6712065
        ]
      },
      "properties": {
        "event_id": "668060",
        "event_name": "Annual Montgomery Place Block Party",
        "event_type": "Block Party",
        "event_agency": "Street Activity Permit Office",
        "event_location": "MONTGOMERY PLACE between 8 AVENUE and PROSPECT PARK WEST",
        "event_borough": "Brooklyn",
        "start_date": "2022-10-22T11:00:00.000",
        "end_date": "2022-10-22T20:00:00.000",
        "start_formatted": "October 22, 2022 11:00 AM",
        "end_formatted": "October 22, 2022 08:00 PM",
        "street_closure_type": "Full Street Closure",
        "community_board": "6,",
        "police_precinct": "78,"
      }
    },
    {
      "type": "Feature",
      "geometry": {
        "type": "Point",
        "coordinates": [
          -73.920283,
          40.638305
        ]
      },
      "properties": {
        "event_id": "664861",
        "event_name": "East 59thStreet block Association",
        "event_type": "Block Party",
        "event_agency": "Street Activity Permit Office",
        "event_location": "EAST   59 STREET between FOSTER AVENUE and FARRAGUT ROAD",
        "event_borough": "Brooklyn",
        "start_date": "2022-10-22T11:00:00.000",
        "end_date": "2022-10-22T18:00:00.000",
        "start_formatted": "October 22, 2022 11:00 AM",
        "end_formatted": "October 22, 2022 06:00 PM",
        "street_closure_type": "Full Street Closure",
        "community_board": "18,",
        "police_precinct": "63,"
      }
    },
    {
      "type": "Feature",
      "geometry": {
        "type": "Point",
        "coordinates": [
          -73.97823650000001,
          40.67289
        ]
      },
      "properties": {
        "event_id": "666248",
        "event_name": "Garfield Place Block Party",
        "event_type": "Block Party",
        "event_agency": "Street Activity Permit Office",
        "event_location": "GARFIELD PLACE between 6 AVENUE and 7 AVENUE",
        "event_borough": "Brooklyn",
        "start_date": "2022-10-22T11:00:00.000",
        "end_date": "2022-10-22T20:00:00.000",
        "start_formatted": "October 22, 2022 11:00 AM",
        "end_formatted": "October 22, 2022 08:00 PM",
        "street_closure_type": "Full Street Closure",
        "community_board": "6,",
        "police_precinct": "78,"
      }
    },
    {
      "type": "Feature",
      "geometry": {
        "type": "Point",
        "coordinates": [
          -73.9735855,
          40.6479955
        ]
      },
      "properties": {
        "event_id": "674376",
        "event_name": "Fall Fest",
        "event_type": "Block Party",
        "event_agency": "Street Activity Permit Office",
        "event_location": "EAST    7 STREET between CATON AVENUE and KERMIT PLACE",
        "event_borough": "Brooklyn",
        "start_date": "2022-10-22T11:00:00.000",
        "end_date": "2022-10-22T15:30:00.000",
        "start_formatted": "October 22, 2022 11:00 AM",
        "end_formatted": "October 22, 2022 03:30 PM",
        "street_closure_type": "Full Street Closure",
        "community_board": "7,",
        "police_precinct": "72,"
      }
    },
    {
      "type": "Feature",
      "geometry": {
        "type": "Point",
        "coordinates": [
          -73.907499,
          40.677338500000005
        ]
      },
      "properties": {
        "event_id": "669254",
        "event_name": "Herkimer Street Block Party",
        "event_type": "Block Party",
        "event_agency": "Street Activity Permit Office",
        "event_location": "HERKIMER STREET between SHERLOCK PLACE and EASTERN PARKWAY",
        "event_borough": "Brooklyn",
        "start_date": "2022-10-22T11:00:00.000",
        "end_date": "2022-10-22T18:00:00.000",
        "start_formatted": "October 22, 2022 11:00 AM",
        "end_formatted": "October 22, 2022 06:00 PM",
        "street_closure_type": "Full Street Closure",
        "community_board": "16,",
        "police_precinct": "73,"
      }
    },
    {
      "type": "Feature",
      "geometry": {
        "type": "Point",
        "coordinates": [
          -73.95625999999999,
          40.633061
        ]
      },
      "properties": {
        "event_id": "668966",
        "event_name": "Volunteer Glenwood Malls Gardening Day",
        "event_type": "Block Party",
        "event_agency": "Street Activity Permit Office",
        "event_location": "GLENWOOD ROAD between EAST   21 STREET and EAST   22 STREET",
        "event_borough": "Brooklyn",
        "start_date": "2022-10-22T10:00:00.000",
        "end_date": "2022-10-22T16:00:00.000",
        "start_formatted": "October 22, 2022 10:00 AM",
        "end_formatted": "October 22, 2022 04:00 PM",
        "street_closure_type": "Full Street Closure",
        "community_board": "14,",
        "police_precinct": "70,"
      }
    },
    {
      "type": "Feature",
      "geometry": {
        "type": "Point",
        "coordinates": [
          -74.00084050000001,
          40.744607
        ]
      },
      "properties": {
        "event_id": "653654",
        "event_name": "PS11 Fall Festival",
        "event_type": "Block Party",
        "event_agency": "Street Activity Permit Office",
        "event_location": "WEST   21 STREET between 8 AVENUE and 9 AVENUE",
        "event_borough": "Manhattan",
        "start_date": "2022-10-22T10:00:00.000",
        "end_date": "2022-10-22T16:30:00.000",
        "start_formatted": "October 22, 2022 10:00 AM",
        "end_formatted": "October 22, 2022 04:30 PM",
        "street_closure_type": "Full Street Closure",
        "community_board": "4,",
        "police_precinct": "10,"
      }
    },
    {
      "type": "Feature",
      "geometry": {
        "type": "Point",
        "coordinates": [
          -73.9465675,
          40.645281
        ]
      },
      "properties": {
        "event_id": "667636",
        "event_name": "Fall Block Party",
        "event_type": "Block Party",
        "event_agency": "Street Activity Permit Office",
        "event_location": "BEVERLEY ROAD between EAST   32 STREET and NEW YORK AVENUE",
        "event_borough": "Brooklyn",
        "start_date": "2022-10-22T10:00:00.000",
        "end_date": "2022-10-22T18:00:00.000",
        "start_formatted": "October 22, 2022 10:00 AM",
        "end_formatted": "October 22, 2022 06:00 PM",
        "street_closure_type": "Full Street Closure",
        "community_board": "17,",
        "police_precinct": "67,"
      }
    },
    {
      "type": "Feature",
      "geometry": {
        "type": "Point",
        "coordinates": [
          -74.00179,
          40.6810095
        ]
      },
      "properties": {
        "event_id": "658666",
        "event_name": "Smith Street Block Party",
        "event_type": "Block Party",
        "event_agency": "Street Activity Permit Office",
        "event_location": "WOODHULL STREET between HENRY STREET and HICKS STREET",
        "event_borough": "Brooklyn",
        "start_date": "2022-10-22T09:30:00.000",
        "end_date": "2022-10-22T18:30:00.000",
        "start_formatted": "October 22, 2022 09:30 AM",
        "end_formatted": "October 22, 2022 06:30 PM",
        "street_closure_type": "Full Street Closure",
        "community_board": "6,",
        "police_precinct": "76,"
      }
    },
    {
      "type": "Feature",
      "geometry": {
        "type": "Point",
        "coordinates": [
          -73.941754,
          40.70384
        ]
      },
      "properties": {
        "event_id": "668995",
        "event_name": "Brooklyn Three Kings Day Parade",
        "event_type": "Block Party",
        "event_agency": "Street Activity Permit Office",
        "event_location": "MOORE STREET between HUMBOLDT STREET and GRAHAM AVENUE",
        "event_borough": "Brooklyn",
        "start_date": "2022-10-22T09:00:00.000",
        "end_date": "2022-10-22T18:00:00.000",
        "start_formatted": "October 22, 2022 09:00 AM",
        "end_formatted": "October 22, 2022 06:00 PM",
        "street_closure_type": "Full Street Closure",
        "community_board": "1,",
        "police_precinct": "90,"
      }
    },
    {
      "type": "Feature",
      "geometry": {
        "type": "Point",
        "coordinates": [
          -73.9429475,
          40.710981000000004
        ]
      },
      "properties": {
        "event_id": "668283",
        "event_name": "St. Johns Day 2022",
        "event_type": "Block Party",
        "event_agency": "Street Activity Permit Office",
        "event_location": "MAUJER STREET between HUMBOLDT STREET and GRAHAM AVENUE",
        "event_borough": "Brooklyn",
        "start_date": "2022-10-16T13:00:00.000",
        "end_date": "2022-10-16T17:00:00.000",
        "start_formatted": "October 16, 2022 01:00 PM",
        "end_formatted": "October 16, 2022 05:00 PM",
        "street_closure_type": "Full Street Closure",
        "community_board": "1,",
        "police_precinct": "90,"
      }
    },
    {
      "type": "Feature",
      "geometry": {
        "type": "Point",
        "coordinates": [
          -73.94581600000001,
          40.722915
        ]
      },
      "properties": {
        "event_id": "668062",
        "event_name": "Get To The Point - 5K Run",
        "event_type": "Block Party",
        "event_agency": "Street Activity Permit Office",
        "event_location": "DRIGGS AVENUE between DIAMOND STREET and NEWEL STREET",
        "event_borough": "Brooklyn",
        "start_date": "2022-10-16T13:00:00.000",
        "end_date": "2022-10-16T14:30:00.000",
        "start_formatted": "October 16, 2022 01:00 PM",
        "end_formatted": "October 16, 2022 02:30 PM",
        "street_closure_type": "Full Street Closure",
        "community_board": "1,",
        "police_precinct": "94,"
      }
    },
    {
      "type": "Feature",
      "geometry": {
        "type": "Point",
        "coordinates": [
          -73.846292,
          40.691829999999996
        ]
      },
      "properties": {
        "event_id": "670156",
        "event_name": "98 Street block party",
        "event_type": "Block Party",
        "event_agency": "Street Activity Permit Office",
        "event_location": "98 STREET between 89 AVENUE and 91 AVENUE",
        "event_borough": "Queens",
        "start_date": "2022-10-16T12:00:00.000",
        "end_date": "2022-10-16T18:00:00.000",
        "start_formatted": "October 16, 2022 12:00 PM",
        "end_formatted": "October 16, 2022 06:00 PM",
        "street_closure_type": "Full Street Closure",
        "community_board": "9,",
        "police_precinct": "102,"
      }
    },
    {
      "type": "Feature",
      "geometry": {
        "type": "Point",
        "coordinates": [
          -73.964131,
          40.772124500000004
        ]
      },
      "properties": {
        "event_id": "651375",
        "event_name": "Annual Block Party",
        "event_type": "Block Party",
        "event_agency": "Street Activity Permit Office",
        "event_location": "EAST   73 STREET between MADISON AVENUE and PARK AVENUE",
        "event_borough": "Manhattan",
        "start_date": "2022-10-16T11:30:00.000",
        "end_date": "2022-10-16T14:00:00.000",
        "start_formatted": "October 16, 2022 11:30 AM",
        "end_formatted": "October 16, 2022 02:00 PM",
        "street_closure_type": "Full Street Closure",
        "community_board": "8,",
        "police_precinct": "19,"
      }
    },
    {
      "type": "Feature",
      "geometry": {
        "type": "Point",
        "coordinates": [
          -74.07663,
          40.626585
        ]
      },
      "properties": {
        "event_id": "661013",
        "event_name": "anual harvest thanksgiving",
        "event_type": "Block Party",
        "event_agency": "Street Activity Permit Office",
        "event_location": "CANAL STREET  between WRIGHT STREET  and BAY STREET",
        "event_borough": "Staten Island",
        "start_date": "2022-10-16T11:00:00.000",
        "end_date": "2022-10-16T19:00:00.000",
        "start_formatted": "October 16, 2022 11:00 AM",
        "end_formatted": "October 16, 2022 07:00 PM",
        "street_closure_type": "Full Street Closure",
        "community_board": "1,",
        "police_precinct": "120,"
      }
    },
    {
      "type": "Feature",
      "geometry": {
        "type": "Point",
        "coordinates": [
          -73.984767,
          40.66506
        ]
      },
      "properties": {
        "event_id": "668391",
        "event_name": "13th Street Block Party",
        "event_type": "Block Party",
        "event_agency": "Street Activity Permit Office",
        "event_location": "13 STREET between 6 AVENUE and 7 AVENUE",
        "event_borough": "Brooklyn",
        "start_date": "2022-10-16T11:00:00.000",
        "end_date": "2022-10-16T20:00:00.000",
        "start_formatted": "October 16, 2022 11:00 AM",
        "end_formatted": "October 16, 2022 08:00 PM",
        "street_closure_type": "Full Street Closure",
        "community_board": "6,",
        "police_precinct": "78,"
      }
    },
    {
      "type": "Feature",
      "geometry": {
        "type": "Point",
        "coordinates": [
          -73.997553,
          40.69426
        ]
      },
      "properties": {
        "event_id": "658931",
        "event_name": "Multicultural Day Festival",
        "event_type": "Block Party",
        "event_agency": "Street Activity Permit Office",
        "event_location": "GRACE COURT between HICKS STREET and DEAD END",
        "event_borough": "Brooklyn",
        "start_date": "2022-10-16T11:00:00.000",
        "end_date": "2022-10-16T14:00:00.000",
        "start_formatted": "October 16, 2022 11:00 AM",
        "end_formatted": "October 16, 2022 02:00 PM",
        "street_closure_type": "Full Street Closure",
        "community_board": "2,",
        "police_precinct": "84,"
      }
    },
    {
      "type": "Feature",
      "geometry": {
        "type": "Point",
        "coordinates": [
          -73.988512,
          40.668561499999996
        ]
      },
      "properties": {
        "event_id": "668027",
        "event_name": "11th Street Block Party",
        "event_type": "Block Party",
        "event_agency": "Street Activity Permit Office",
        "event_location": "11 STREET between 5 AVENUE and 4 AVENUE",
        "event_borough": "Brooklyn",
        "start_date": "2022-10-16T09:00:00.000",
        "end_date": "2022-10-16T18:00:00.000",
        "start_formatted": "October 16, 2022 09:00 AM",
        "end_formatted": "October 16, 2022 06:00 PM",
        "street_closure_type": "Full Street Closure",
        "community_board": "6,",
        "police_precinct": "78,"
      }
    },
    {
      "type": "Feature",
      "geometry": {
        "type": "Point",
        "coordinates": [
          -73.9963255,
          40.6924705
        ]
      },
      "properties": {
        "event_id": "649638",
        "event_name": "Pickle Ball Party",
        "event_type": "Block Party",
        "event_agency": "Street Activity Permit Office",
        "event_location": "GARDEN PLACE between JORALEMON STREET and STATE STREET",
        "event_borough": "Brooklyn",
        "start_date": "2022-10-15T14:00:00.000",
        "end_date": "2022-10-15T18:00:00.000",
        "start_formatted": "October 15, 2022 02:00 PM",
        "end_formatted": "October 15, 2022 06:00 PM",
        "street_closure_type": "Full Street Closure",
        "community_board": "2,",
        "police_precinct": "84,"
      }
    },
    {
      "type": "Feature",
      "geometry": {
        "type": "Point",
        "coordinates": [
          -73.93715399999999,
          40.715257
        ]
      },
      "properties": {
        "event_id": "667281",
        "event_name": "Sharon Street Fall Block Party",
        "event_type": "Block Party",
        "event_agency": "Street Activity Permit Office",
        "event_location": "SHARON STREET between OLIVE STREET and MORGAN AVENUE",
        "event_borough": "Brooklyn",
        "start_date": "2022-10-15T13:00:00.000",
        "end_date": "2022-10-15T16:00:00.000",
        "start_formatted": "October 15, 2022 01:00 PM",
        "end_formatted": "October 15, 2022 04:00 PM",
        "street_closure_type": "Full Street Closure",
        "community_board": "1,",
        "police_precinct": "90,"
      }
    },
    {
      "type": "Feature",
      "geometry": {
        "type": "Point",
        "coordinates": [
          -73.9758065,
          40.6449585
        ]
      },
      "properties": {
        "event_id": "666583",
        "event_name": "E. 5th St. Block Party",
        "event_type": "Block Party",
        "event_agency": "Street Activity Permit Office",
        "event_location": "EAST    5 STREET between CHURCH AVENUE and ALBEMARLE ROAD",
        "event_borough": "Brooklyn",
        "start_date": "2022-10-15T12:30:00.000",
        "end_date": "2022-10-15T20:00:00.000",
        "start_formatted": "October 15, 2022 12:30 PM",
        "end_formatted": "October 15, 2022 08:00 PM",
        "street_closure_type": "Full Street Closure",
        "community_board": "12,",
        "police_precinct": "66,"
      }
    },
    {
      "type": "Feature",
      "geometry": {
        "type": "Point",
        "coordinates": [
          -74.0021625,
          40.707511499999995
        ]
      },
      "properties": {
        "event_id": "664659",
        "event_name": "Taste of the Seaport",
        "event_type": "Block Party",
        "event_agency": "Street Activity Permit Office",
        "event_location": "FRONT STREET between BEEKMAN STREET and PECK SLIP",
        "event_borough": "Manhattan",
        "start_date": "2022-10-15T12:00:00.000",
        "end_date": "2022-10-15T16:00:00.000",
        "start_formatted": "October 15, 2022 12:00 PM",
        "end_formatted": "October 15, 2022 04:00 PM",
        "street_closure_type": "Full Street Closure",
        "community_board": "1,",
        "police_precinct": "1,"
      }
    },
    {
      "type": "Feature",
      "geometry": {
        "type": "Point",
        "coordinates": [
          -74.03298000000001,
          40.6223655
        ]
      },
      "properties": {
        "event_id": "665751",
        "event_name": "88th Street Block Party",
        "event_type": "Block Party",
        "event_agency": "Street Activity Permit Office",
        "event_location": "88 STREET between RIDGE BOULEVARD and 3 AVENUE",
        "event_borough": "Brooklyn",
        "start_date": "2022-10-15T12:00:00.000",
        "end_date": "2022-10-15T20:00:00.000",
        "start_formatted": "October 15, 2022 12:00 PM",
        "end_formatted": "October 15, 2022 08:00 PM",
        "street_closure_type": "Full Street Closure",
        "community_board": "10,",
        "police_precinct": "68,"
      }
    },
    {
      "type": "Feature",
      "geometry": {
        "type": "Point",
        "coordinates": [
          -73.8145845,
          40.762967
        ]
      },
      "properties": {
        "event_id": "671179",
        "event_name": "Shared Dialogue Shared Space: Murray Hill",
        "event_type": "Block Party",
        "event_agency": "Street Activity Permit Office",
        "event_location": "BARTON AVENUE between 150 STREET and 149 PLACE",
        "event_borough": "Queens",
        "start_date": "2022-10-15T12:00:00.000",
        "end_date": "2022-10-15T16:00:00.000",
        "start_formatted": "October 15, 2022 12:00 PM",
        "end_formatted": "October 15, 2022 04:00 PM",
        "street_closure_type": "Full Street Closure",
        "community_board": "7,",
        "police_precinct": "109,"
      }
    },
    {
      "type": "Feature",
      "geometry": {
        "type": "Point",
        "coordinates": [
          -74.027814,
          40.6384745
        ]
      },
      "properties": {
        "event_id": "664745",
        "event_name": "St Andrew Block Party",
        "event_type": "Block Party",
        "event_agency": "Street Activity Permit Office",
        "event_location": "RIDGE BOULEVARD between SENATOR STREET and 67 STREET",
        "event_borough": "Brooklyn",
        "start_date": "2022-10-15T12:00:00.000",
        "end_date": "2022-10-15T16:00:00.000",
        "start_formatted": "October 15, 2022 12:00 PM",
        "end_formatted": "October 15, 2022 04:00 PM",
        "street_closure_type": "Full Street Closure",
        "community_board": "10,",
        "police_precinct": "68,"
      }
    },
    {
      "type": "Feature",
      "geometry": {
        "type": "Point",
        "coordinates": [
          -73.9794245,
          40.649034
        ]
      },
      "properties": {
        "event_id": "658835",
        "event_name": "E2 St Block Party",
        "event_type": "Block Party",
        "event_agency": "Street Activity Permit Office",
        "event_location": "EAST    2 STREET between GREENWOOD AVENUE and FT HAMILTON PARKWAY",
        "event_borough": "Brooklyn",
        "start_date": "2022-10-15T12:00:00.000",
        "end_date": "2022-10-15T20:00:00.000",
        "start_formatted": "October 15, 2022 12:00 PM",
        "end_formatted": "October 15, 2022 08:00 PM",
        "street_closure_type": "Full Street Closure",
        "community_board": "7,",
        "police_precinct": "72,"
      }
    },
    {
      "type": "Feature",
      "geometry": {
        "type": "Point",
        "coordinates": [
          -73.934856,
          40.6895235
        ]
      },
      "properties": {
        "event_id": "669247",
        "event_name": "Bedstuy walls",
        "event_type": "Block Party",
        "event_agency": "Street Activity Permit Office",
        "event_location": "LEXINGTON AVENUE between STUYVESANT AVENUE and LEWIS AVENUE",
        "event_borough": "Brooklyn",
        "start_date": "2022-10-15T10:00:00.000",
        "end_date": "2022-10-15T16:00:00.000",
        "start_formatted": "October 15, 2022 10:00 AM",
        "end_formatted": "October 15, 2022 04:00 PM",
        "street_closure_type": "Full Street Closure",
        "community_board": "3,",
        "police_precinct": "81,"
      }
    },
    {
      "type": "Feature",
      "geometry": {
        "type": "Point",
        "coordinates": [
          -73.965873,
          40.807134000000005
        ]
      },
      "properties": {
        "event_id": "662494",
        "event_name": "BPCNS Fall Fair",
        "event_type": "Block Party",
        "event_agency": "Street Activity Permit Office",
        "event_location": "WEST  114 STREET between RIVERSIDE DRIVE and BROADWAY",
        "event_borough": "Manhattan",
        "start_date": "2022-10-15T10:00:00.000",
        "end_date": "2022-10-15T15:00:00.000",
        "start_formatted": "October 15, 2022 10:00 AM",
        "end_formatted": "October 15, 2022 03:00 PM",
        "street_closure_type": "Full Street Closure",
        "community_board": "9,",
        "police_precinct": "26,"
      }
    },
    {
      "type": "Feature",
      "geometry": {
        "type": "Point",
        "coordinates": [
          -73.9314845,
          40.6210885
        ]
      },
      "properties": {
        "event_id": "655214",
        "event_name": "Avenue M 1st annual block party",
        "event_type": "Block Party",
        "event_agency": "Street Activity Permit Office",
        "event_location": "AVENUE M between EAST   45 STREET and EAST   46 STREET",
        "event_borough": "Brooklyn",
        "start_date": "2022-10-15T10:00:00.000",
        "end_date": "2022-10-15T19:00:00.000",
        "start_formatted": "October 15, 2022 10:00 AM",
        "end_formatted": "October 15, 2022 07:00 PM",
        "street_closure_type": "Full Street Closure",
        "community_board": "18,",
        "police_precinct": "63,"
      }
    },
    {
      "type": "Feature",
      "geometry": {
        "type": "Point",
        "coordinates": [
          -73.9432245,
          40.813413499999996
        ]
      },
      "properties": {
        "event_id": "629331",
        "event_name": "halloween block party",
        "event_type": "Block Party",
        "event_agency": "Street Activity Permit Office",
        "event_location": "133 STREET between ADAM CLAYTON POWELL JR. BOULEVARD and LENOX AVENUE",
        "event_borough": "Manhattan",
        "start_date": "2022-10-15T10:00:00.000",
        "end_date": "2022-10-15T17:00:00.000",
        "start_formatted": "October 15, 2022 10:00 AM",
        "end_formatted": "October 15, 2022 05:00 PM",
        "street_closure_type": "Full Street Closure",
        "community_board": "10,",
        "police_precinct": "32,"
      }
    },
    {
      "type": "Feature",
      "geometry": {
        "type": "Point",
        "coordinates": [
          -73.97350750000001,
          40.670603
        ]
      },
      "properties": {
        "event_id": "608471",
        "event_name": "Sukkot Block Party",
        "event_type": "Block Party",
        "event_agency": "Street Activity Permit Office",
        "event_location": "GARFIELD PLACE between 8 AVENUE and PROSPECT PARK WEST",
        "event_borough": "Brooklyn",
        "start_date": "2022-10-15T10:00:00.000",
        "end_date": "2022-10-15T15:00:00.000",
        "start_formatted": "October 15, 2022 10:00 AM",
        "end_formatted": "October 15, 2022 03:00 PM",
        "street_closure_type": "Full Street Closure",
        "community_board": "6,",
        "police_precinct": "78,"
      }
    },
    {
      "type": "Feature",
      "geometry": {
        "type": "Point",
        "coordinates": [
          -73.9903695,
          40.6703075
        ]
      },
      "properties": {
        "event_id": "660520",
        "event_name": "Block party",
        "event_type": "Block Party",
        "event_agency": "Street Activity Permit Office",
        "event_location": "10 STREET between 3 AVENUE and 4 AVENUE",
        "event_borough": "Brooklyn",
        "start_date": "2022-10-09T13:00:00.000",
        "end_date": "2022-10-09T20:00:00.000",
        "start_formatted": "October 09, 2022 01:00 PM",
        "end_formatted": "October 09, 2022 08:00 PM",
        "street_closure_type": "Full Street Closure",
        "community_board": "6,",
        "police_precinct": "78,"
      }
    },
    {
      "type": "Feature",
      "geometry": {
        "type": "Point",
        "coordinates": [
          -73.986505,
          40.67097
        ]
      },
      "properties": {
        "event_id": "654326",
        "event_name": "7th Street /4th and 5th ave Block Party",
        "event_type": "Block Party",
        "event_agency": "Street Activity Permit Office",
        "event_location": "7 STREET between 4 AVENUE and 5 AVENUE",
        "event_borough": "Brooklyn",
        "start_date": "2022-10-09T11:00:00.000",
        "end_date": "2022-10-09T19:00:00.000",
        "start_formatted": "October 09, 2022 11:00 AM",
        "end_formatted": "October 09, 2022 07:00 PM",
        "street_closure_type": "Full Street Closure",
        "community_board": "6,",
        "police_precinct": "78,"
      }
    },
    {
      "type": "Feature",
      "geometry": {
        "type": "Point",
        "coordinates": [
          -73.99489650000001,
          40.685614
        ]
      },
      "properties": {
        "event_id": "665691",
        "event_name": "Sukkot  Simchat Torah Block Party",
        "event_type": "Block Party",
        "event_agency": "Street Activity Permit Office",
        "event_location": "KANE STREET between COURT STREET and TOMPKINS PLACE",
        "event_borough": "Brooklyn",
        "start_date": "2022-10-09T10:30:00.000",
        "end_date": "2022-10-09T12:00:00.000",
        "start_formatted": "October 09, 2022 10:30 AM",
        "end_formatted": "October 09, 2022 12:00 PM",
        "street_closure_type": "Full Street Closure",
        "community_board": "6,",
        "police_precinct": "76,"
      }
    },
    {
      "type": "Feature",
      "geometry": {
        "type": "Point",
        "coordinates": [
          -74.0285725,
          40.6331565
        ]
      },
      "properties": {
        "event_id": "643607",
        "event_name": "BLOCK PARTY",
        "event_type": "Block Party",
        "event_agency": "Street Activity Permit Office",
        "event_location": "73 STREET between 3 AVENUE and RIDGE BOULEVARD",
        "event_borough": "Brooklyn",
        "start_date": "2022-10-08T13:00:00.000",
        "end_date": "2022-10-08T21:00:00.000",
        "start_formatted": "October 08, 2022 01:00 PM",
        "end_formatted": "October 08, 2022 09:00 PM",
        "street_closure_type": "Full Street Closure",
        "community_board": "10,",
        "police_precinct": "68,"
      }
    },
    {
      "type": "Feature",
      "geometry": {
        "type": "Point",
        "coordinates": [
          -74.033259,
          40.6216845
        ]
      },
      "properties": {
        "event_id": "664492",
        "event_name": "89th Street Block Party 2022",
        "event_type": "Block Party",
        "event_agency": "Street Activity Permit Office",
        "event_location": "89 STREET between 3 AVENUE and RIDGE BOULEVARD",
        "event_borough": "Brooklyn",
        "start_date": "2022-10-08T11:00:00.000",
        "end_date": "2022-10-08T19:00:00.000",
        "start_formatted": "October 08, 2022 11:00 AM",
        "end_formatted": "October 08, 2022 07:00 PM",
        "street_closure_type": "Full Street Closure",
        "community_board": "10,",
        "police_precinct": "68,"
      }
    },
    {
      "type": "Feature",
      "geometry": {
        "type": "Point",
        "coordinates": [
          -73.993007,
          40.685295499999995
        ]
      },
      "properties": {
        "event_id": "665860",
        "event_name": "Baltic Street Fall party",
        "event_type": "Block Party",
        "event_agency": "Street Activity Permit Office",
        "event_location": "BALTIC STREET between SMITH STREET and COURT STREET",
        "event_borough": "Brooklyn",
        "start_date": "2022-10-08T11:00:00.000",
        "end_date": "2022-10-08T20:00:00.000",
        "start_formatted": "October 08, 2022 11:00 AM",
        "end_formatted": "October 08, 2022 08:00 PM",
        "street_closure_type": "Full Street Closure",
        "community_board": "6,",
        "police_precinct": "76,"
      }
    },
    {
      "type": "Feature",
      "geometry": {
        "type": "Point",
        "coordinates": [
          -73.99906100000001,
          40.678143000000006
        ]
      },
      "properties": {
        "event_id": "645790",
        "event_name": "16th Annual Pumpkinfest",
        "event_type": "Block Party",
        "event_agency": "Street Activity Permit Office",
        "event_location": "4 PLACE between COURT STREET and CLINTON STREET",
        "event_borough": "Brooklyn",
        "start_date": "2022-10-08T10:00:00.000",
        "end_date": "2022-10-08T16:00:00.000",
        "start_formatted": "October 08, 2022 10:00 AM",
        "end_formatted": "October 08, 2022 04:00 PM",
        "street_closure_type": "Full Street Closure",
        "community_board": "6,",
        "police_precinct": "76,"
      }
    },
    {
      "type": "Feature",
      "geometry": {
        "type": "Point",
        "coordinates": [
          -73.9522365,
          40.7855325
        ]
      },
      "properties": {
        "event_id": "664338",
        "event_name": "Goat Hill Block Party",
        "event_type": "Block Party",
        "event_agency": "Street Activity Permit Office",
        "event_location": "EAST   95 STREET between LEXINGTON AVENUE and PARK AVENUE",
        "event_borough": "Manhattan",
        "start_date": "2022-10-06T16:00:00.000",
        "end_date": "2022-10-06T19:00:00.000",
        "start_formatted": "October 06, 2022 04:00 PM",
        "end_formatted": "October 06, 2022 07:00 PM",
        "street_closure_type": "Full Street Closure",
        "community_board": "8,",
        "police_precinct": "19,"
      }
    },
    {
      "type": "Feature",
      "geometry": {
        "type": "Point",
        "coordinates": [
          -73.8980475,
          40.8450315
        ]
      },
      "properties": {
        "event_id": "663980",
        "event_name": "Homecoming",
        "event_type": "Block Party",
        "event_agency": "Street Activity Permit Office",
        "event_location": "BATHGATE AVENUE between EAST  175 STREET and EAST  176 STREET",
        "event_borough": "Bronx",
        "start_date": "2022-10-06T09:00:00.000",
        "end_date": "2022-10-06T13:30:00.000",
        "start_formatted": "October 06, 2022 09:00 AM",
        "end_formatted": "October 06, 2022 01:30 PM",
        "street_closure_type": "Full Street Closure",
        "community_board": "6,",
        "police_precinct": "48,"
      }
    },
    {
      "type": "Feature",
      "geometry": {
        "type": "Point",
        "coordinates": [
          -73.972542,
          40.6866855
        ]
      },
      "properties": {
        "event_id": "664793",
        "event_name": "Cumberland Street Block",
        "event_type": "Block Party",
        "event_agency": "Street Activity Permit Office",
        "event_location": "CUMBERLAND STREET between GREENE AVENUE and LAFAYETTE AVENUE",
        "event_borough": "Brooklyn",
        "start_date": "2022-10-02T14:00:00.000",
        "end_date": "2022-10-02T18:00:00.000",
        "start_formatted": "October 02, 2022 02:00 PM",
        "end_formatted": "October 02, 2022 06:00 PM",
        "street_closure_type": "Full Street Closure",
        "community_board": "2,",
        "police_precinct": "88,"
      }
    },
    {
      "type": "Feature",
      "geometry": {
        "type": "Point",
        "coordinates": [
          -73.94372100000001,
          40.817826
        ]
      },
      "properties": {
        "event_id": "673637",
        "event_name": "Fall Fest",
        "event_type": "Block Party",
        "event_agency": "Street Activity Permit Office",
        "event_location": "WEST  138 STREET between 7 AVENUE and 8 AVENUE",
        "event_borough": "Manhattan",
        "start_date": "2022-10-02T12:00:00.000",
        "end_date": "2022-10-02T17:00:00.000",
        "start_formatted": "October 02, 2022 12:00 PM",
        "end_formatted": "October 02, 2022 05:00 PM",
        "street_closure_type": "Full Street Closure",
        "community_board": "10,",
        "police_precinct": "32,"
      }
    },
    {
      "type": "Feature",
      "geometry": {
        "type": "Point",
        "coordinates": [
          -73.9810975,
          40.6734285
        ]
      },
      "properties": {
        "event_id": "664259",
        "event_name": "Autumn Block Party 2022",
        "event_type": "Block Party",
        "event_agency": "Street Activity Permit Office",
        "event_location": "1 STREET between 5 AVENUE and 6 AVENUE",
        "event_borough": "Brooklyn",
        "start_date": "2022-10-02T10:00:00.000",
        "end_date": "2022-10-02T19:00:00.000",
        "start_formatted": "October 02, 2022 10:00 AM",
        "end_formatted": "October 02, 2022 07:00 PM",
        "street_closure_type": "Full Street Closure",
        "community_board": "6,",
        "police_precinct": "78,"
      }
    },
    {
      "type": "Feature",
      "geometry": {
        "type": "Point",
        "coordinates": [
          -73.96015,
          40.6340105
        ]
      },
      "properties": {
        "event_id": "646362",
        "event_name": "Midwood Park HOA Block Party",
        "event_type": "Block Party",
        "event_agency": "Street Activity Permit Office",
        "event_location": "EAST   18 STREET between GLENWOOD ROAD and FOSTER AVENUE",
        "event_borough": "Brooklyn",
        "start_date": "2022-10-02T10:00:00.000",
        "end_date": "2022-10-02T16:00:00.000",
        "start_formatted": "October 02, 2022 10:00 AM",
        "end_formatted": "October 02, 2022 04:00 PM",
        "street_closure_type": "Full Street Closure",
        "community_board": "14,",
        "police_precinct": "70,"
      }
    },
    {
      "type": "Feature",
      "geometry": {
        "type": "Point",
        "coordinates": [
          -73.982989,
          40.675186499999995
        ]
      },
      "properties": {
        "event_id": "656815",
        "event_name": "Garfield Gardens Block Party",
        "event_type": "Block Party",
        "event_agency": "Street Activity Permit Office",
        "event_location": "GARFIELD PLACE between 5 AVENUE and 4 AVENUE",
        "event_borough": "Brooklyn",
        "start_date": "2022-10-02T09:30:00.000",
        "end_date": "2022-10-02T18:30:00.000",
        "start_formatted": "October 02, 2022 09:30 AM",
        "end_formatted": "October 02, 2022 06:30 PM",
        "street_closure_type": "Full Street Closure",
        "community_board": "6,",
        "police_precinct": "78,"
      }
    },
    {
      "type": "Feature",
      "geometry": {
        "type": "Point",
        "coordinates": [
          -73.9427895,
          40.726727499999996
        ]
      },
      "properties": {
        "event_id": "662725",
        "event_name": "Monitor Street Block Party",
        "event_type": "Block Party",
        "event_agency": "Street Activity Permit Office",
        "event_location": "MONITOR STREET between NORMAN AVENUE and NASSAU AVENUE",
        "event_borough": "Brooklyn",
        "start_date": "2022-10-01T15:00:00.000",
        "end_date": "2022-10-01T20:30:00.000",
        "start_formatted": "October 01, 2022 03:00 PM",
        "end_formatted": "October 01, 2022 08:30 PM",
        "street_closure_type": "Full Street Closure",
        "community_board": "1,",
        "police_precinct": "94,"
      }
    },
    {
      "type": "Feature",
      "geometry": {
        "type": "Point",
        "coordinates": [
          -73.9355285,
          40.611256
        ]
      },
      "properties": {
        "event_id": "656540",
        "event_name": "34th Street Block Party",
        "event_type": "Block Party",
        "event_agency": "Street Activity Permit Office",
        "event_location": "EAST   34 STREET between AVENUE R and FILLMORE AVENUE",
        "event_borough": "Brooklyn",
        "start_date": "2022-10-01T13:00:00.000",
        "end_date": "2022-10-01T20:00:00.000",
        "start_formatted": "October 01, 2022 01:00 PM",
        "end_formatted": "October 01, 2022 08:00 PM",
        "street_closure_type": "Full Street Closure",
        "community_board": "18,",
        "police_precinct": "63,"
      }
    },
    {
      "type": "Feature",
      "geometry": {
        "type": "Point",
        "coordinates": [
          -73.9647225,
          40.647761
        ]
      },
      "properties": {
        "event_id": "652294",
        "event_name": "Prospect Park South Block Party",
        "event_type": "Block Party",
        "event_agency": "Street Activity Permit Office",
        "event_location": "BUCKINGHAM ROAD between CHURCH AVENUE and ALBEMARLE ROAD",
        "event_borough": "Brooklyn",
        "start_date": "2022-10-01T13:00:00.000",
        "end_date": "2022-10-01T18:00:00.000",
        "start_formatted": "October 01, 2022 01:00 PM",
        "end_formatted": "October 01, 2022 06:00 PM",
        "street_closure_type": "Full Street Closure",
        "community_board": "14,",
        "police_precinct": "70,"
      }
    },
    {
      "type": "Feature",
      "geometry": {
        "type": "Point",
        "coordinates": [
          -73.98928849999999,
          40.6010785
        ]
      },
      "properties": {
        "event_id": "653894",
        "event_name": "Saint Francis Festival",
        "event_type": "Block Party",
        "event_agency": "Street Activity Permit Office",
        "event_location": "84 STREET between 23 AVENUE and 24 AVENUE",
        "event_borough": "Brooklyn",
        "start_date": "2022-10-01T13:00:00.000",
        "end_date": "2022-10-01T19:00:00.000",
        "start_formatted": "October 01, 2022 01:00 PM",
        "end_formatted": "October 01, 2022 07:00 PM",
        "street_closure_type": "Full Street Closure",
        "community_board": "11,",
        "police_precinct": "62,"
      }
    },
    {
      "type": "Feature",
      "geometry": {
        "type": "Point",
        "coordinates": [
          -74.03834499999999,
          40.623639
        ]
      },
      "properties": {
        "event_id": "664071",
        "event_name": "Block Party",
        "event_type": "Block Party",
        "event_agency": "Street Activity Permit Office",
        "event_location": "88 STREET between NARROWS AVENUE and COLONIAL ROAD",
        "event_borough": "Brooklyn",
        "start_date": "2022-10-01T13:00:00.000",
        "end_date": "2022-10-01T21:00:00.000",
        "start_formatted": "October 01, 2022 01:00 PM",
        "end_formatted": "October 01, 2022 09:00 PM",
        "street_closure_type": "Full Street Closure",
        "community_board": "10,",
        "police_precinct": "68,"
      }
    },
    {
      "type": "Feature",
      "geometry": {
        "type": "Point",
        "coordinates": [
          -74.003292,
          40.653629
        ]
      },
      "properties": {
        "event_id": "664378",
        "event_name": "Fall Block Party",
        "event_type": "Block Party",
        "event_agency": "Street Activity Permit Office",
        "event_location": "36 STREET between 4 AVENUE and 5 AVENUE",
        "event_borough": "Brooklyn",
        "start_date": "2022-10-01T13:00:00.000",
        "end_date": "2022-10-01T21:00:00.000",
        "start_formatted": "October 01, 2022 01:00 PM",
        "end_formatted": "October 01, 2022 09:00 PM",
        "street_closure_type": "Full Street Closure",
        "community_board": "7,",
        "police_precinct": "72,"
      }
    },
    {
      "type": "Feature",
      "geometry": {
        "type": "Point",
        "coordinates": [
          -73.786231,
          40.777055000000004
        ]
      },
      "properties": {
        "event_id": "661497",
        "event_name": "207th Street Block Party",
        "event_type": "Block Party",
        "event_agency": "Street Activity Permit Office",
        "event_location": "207 STREET between 26 AVENUE and 23 AVENUE",
        "event_borough": "Queens",
        "start_date": "2022-10-01T12:30:00.000",
        "end_date": "2022-10-01T20:30:00.000",
        "start_formatted": "October 01, 2022 12:30 PM",
        "end_formatted": "October 01, 2022 08:30 PM",
        "street_closure_type": "Full Street Closure",
        "community_board": "7,",
        "police_precinct": "109,"
      }
    },
    {
      "type": "Feature",
      "geometry": {
        "type": "Point",
        "coordinates": [
          -73.84854,
          40.681488
        ]
      },
      "properties": {
        "event_id": "657840",
        "event_name": "91st Street Block Party",
        "event_type": "Block Party",
        "event_agency": "Street Activity Permit Office",
        "event_location": "91 STREET between 103 AVENUE and ROCKAWAY BOULEVARD",
        "event_borough": "Queens",
        "start_date": "2022-10-01T12:30:00.000",
        "end_date": "2022-10-01T20:30:00.000",
        "start_formatted": "October 01, 2022 12:30 PM",
        "end_formatted": "October 01, 2022 08:30 PM",
        "street_closure_type": "Sidewalk and Street Closure",
        "community_board": "9,",
        "police_precinct": "102,"
      }
    },
    {
      "type": "Feature",
      "geometry": {
        "type": "Point",
        "coordinates": [
          -73.8638,
          40.689645
        ]
      },
      "properties": {
        "event_id": "662892",
        "event_name": "Historic Neirs Tavern 193rd Anniversary Street Celebration",
        "event_type": "Block Party",
        "event_agency": "Street Activity Permit Office",
        "event_location": "88 AVENUE between 78 STREET and 77 STREET",
        "event_borough": "Queens",
        "start_date": "2022-10-01T12:00:00.000",
        "end_date": "2022-10-01T18:00:00.000",
        "start_formatted": "October 01, 2022 12:00 PM",
        "end_formatted": "October 01, 2022 06:00 PM",
        "street_closure_type": "Full Street Closure",
        "community_board": "9,",
        "police_precinct": "102,"
      }
    },
    {
      "type": "Feature",
      "geometry": {
        "type": "Point",
        "coordinates": [
          -73.976834,
          40.658687
        ]
      },
      "properties": {
        "event_id": "658397",
        "event_name": "16th Street Block Party",
        "event_type": "Block Party",
        "event_agency": "Street Activity Permit Office",
        "event_location": "16 STREET between 10 AVENUE and 11 AVENUE",
        "event_borough": "Brooklyn",
        "start_date": "2022-10-01T12:00:00.000",
        "end_date": "2022-10-01T19:00:00.000",
        "start_formatted": "October 01, 2022 12:00 PM",
        "end_formatted": "October 01, 2022 07:00 PM",
        "street_closure_type": "Full Street Closure",
        "community_board": "7,",
        "police_precinct": "72,"
      }
    },
    {
      "type": "Feature",
      "geometry": {
        "type": "Point",
        "coordinates": [
          -74.032707,
          40.615921
        ]
      },
      "properties": {
        "event_id": "663418",
        "event_name": "96th Street Block Party",
        "event_type": "Block Party",
        "event_agency": "Street Activity Permit Office",
        "event_location": "96 STREET between 3 AVENUE and 4 AVENUE",
        "event_borough": "Brooklyn",
        "start_date": "2022-10-01T12:00:00.000",
        "end_date": "2022-10-01T20:00:00.000",
        "start_formatted": "October 01, 2022 12:00 PM",
        "end_formatted": "October 01, 2022 08:00 PM",
        "street_closure_type": "Full Street Closure",
        "community_board": "10,",
        "police_precinct": "68,"
      }
    },
    {
      "type": "Feature",
      "geometry": {
        "type": "Point",
        "coordinates": [
          -73.9304345,
          40.608932499999995
        ]
      },
      "properties": {
        "event_id": "653556",
        "event_name": "East 36 Street Ave ST",
        "event_type": "Block Party",
        "event_agency": "Street Activity Permit Office",
        "event_location": "EAST   36 STREET between AVENUE T and AVENUE S",
        "event_borough": "Brooklyn",
        "start_date": "2022-10-01T12:00:00.000",
        "end_date": "2022-10-01T20:30:00.000",
        "start_formatted": "October 01, 2022 12:00 PM",
        "end_formatted": "October 01, 2022 08:30 PM",
        "street_closure_type": "Full Street Closure",
        "community_board": "18,",
        "police_precinct": "63,"
      }
    },
    {
      "type": "Feature",
      "geometry": {
        "type": "Point",
        "coordinates": [
          -74.025653,
          40.625753
        ]
      },
      "properties": {
        "event_id": "663988",
        "event_name": "9th annual 81st street Block party",
        "event_type": "Block Party",
        "event_agency": "Street Activity Permit Office",
        "event_location": "81 STREET between 4 AVENUE and 5 AVENUE",
        "event_borough": "Brooklyn",
        "start_date": "2022-10-01T12:00:00.000",
        "end_date": "2022-10-01T21:00:00.000",
        "start_formatted": "October 01, 2022 12:00 PM",
        "end_formatted": "October 01, 2022 09:00 PM",
        "street_closure_type": "Full Street Closure",
        "community_board": "10,",
        "police_precinct": "68,"
      }
    },
    {
      "type": "Feature",
      "geometry": {
        "type": "Point",
        "coordinates": [
          -73.99812750000001,
          40.716224
        ]
      },
      "properties": {
        "event_id": "664992",
        "event_name": "The 20th Autumn Moon And China Day Festival",
        "event_type": "Block Party",
        "event_agency": "Street Activity Permit Office",
        "event_location": "MOTT STREET between CANAL STREET and BAYARD STREET",
        "event_borough": "Manhattan",
        "start_date": "2022-10-01T12:00:00.000",
        "end_date": "2022-10-01T16:00:00.000",
        "start_formatted": "October 01, 2022 12:00 PM",
        "end_formatted": "October 01, 2022 04:00 PM",
        "street_closure_type": "Full Street Closure",
        "community_board": "3,",
        "police_precinct": "5,"
      }
    },
    {
      "type": "Feature",
      "geometry": {
        "type": "Point",
        "coordinates": [
          -73.9966465,
          40.687698499999996
        ]
      },
      "properties": {
        "event_id": "659409",
        "event_name": "Warren Street Block Party",
        "event_type": "Block Party",
        "event_agency": "Street Activity Permit Office",
        "event_location": "WARREN STREET between CLINTON STREET and HENRY STREET",
        "event_borough": "Brooklyn",
        "start_date": "2022-10-01T12:00:00.000",
        "end_date": "2022-10-01T21:00:00.000",
        "start_formatted": "October 01, 2022 12:00 PM",
        "end_formatted": "October 01, 2022 09:00 PM",
        "street_closure_type": "Full Street Closure",
        "community_board": "6,",
        "police_precinct": "76,"
      }
    },
    {
      "type": "Feature",
      "geometry": {
        "type": "Point",
        "coordinates": [
          -74.1628335,
          40.615158
        ]
      },
      "properties": {
        "event_id": "665571",
        "event_name": "Block party",
        "event_type": "Block Party",
        "event_agency": "Street Activity Permit Office",
        "event_location": "ROMAN AVENUE between ARLENE STREET and MAY AVENUE",
        "event_borough": "Staten Island",
        "start_date": "2022-10-01T12:00:00.000",
        "end_date": "2022-10-01T21:00:00.000",
        "start_formatted": "October 01, 2022 12:00 PM",
        "end_formatted": "October 01, 2022 09:00 PM",
        "street_closure_type": "Full Street Closure",
        "community_board": "2,",
        "police_precinct": "121,"
      }
    },
    {
      "type": "Feature",
      "geometry": {
        "type": "Point",
        "coordinates": [
          -74.0020065,
          40.684872999999996
        ]
      },
      "properties": {
        "event_id": "661891",
        "event_name": "Sackett St Block Party",
        "event_type": "Block Party",
        "event_agency": "Street Activity Permit Office",
        "event_location": "SACKETT STREET between HICKS STREET and COLUMBIA STREET",
        "event_borough": "Brooklyn",
        "start_date": "2022-10-01T12:00:00.000",
        "end_date": "2022-10-01T20:00:00.000",
        "start_formatted": "October 01, 2022 12:00 PM",
        "end_formatted": "October 01, 2022 08:00 PM",
        "street_closure_type": "Full Street Closure",
        "community_board": "6,",
        "police_precinct": "76,"
      }
    },
    {
      "type": "Feature",
      "geometry": {
        "type": "Point",
        "coordinates": [
          -74.01575700000001,
          40.648386
        ]
      },
      "properties": {
        "event_id": "644333",
        "event_name": "50th St block party 2022, 2",
        "event_type": "Block Party",
        "event_agency": "Street Activity Permit Office",
        "event_location": "50 STREET between 2 AVENUE and 3 AVENUE",
        "event_borough": "Brooklyn",
        "start_date": "2022-10-01T12:00:00.000",
        "end_date": "2022-10-01T21:00:00.000",
        "start_formatted": "October 01, 2022 12:00 PM",
        "end_formatted": "October 01, 2022 09:00 PM",
        "street_closure_type": "Sidewalk and Street Closure",
        "community_board": "7,",
        "police_precinct": "72,"
      }
    },
    {
      "type": "Feature",
      "geometry": {
        "type": "Point",
        "coordinates": [
          -73.9792395,
          40.671685
        ]
      },
      "properties": {
        "event_id": "665305",
        "event_name": "2nd Street Fall Block Party",
        "event_type": "Block Party",
        "event_agency": "Street Activity Permit Office",
        "event_location": "2 STREET between 6 AVENUE and 7 AVENUE",
        "event_borough": "Brooklyn",
        "start_date": "2022-10-01T12:00:00.000",
        "end_date": "2022-10-01T19:00:00.000",
        "start_formatted": "October 01, 2022 12:00 PM",
        "end_formatted": "October 01, 2022 07:00 PM",
        "street_closure_type": "Full Street Closure",
        "community_board": "6,",
        "police_precinct": "78,"
      }
    },
    {
      "type": "Feature",
      "geometry": {
        "type": "Point",
        "coordinates": [
          -73.9893655,
          40.6715135
        ]
      },
      "properties": {
        "event_id": "663190",
        "event_name": "8th Street Block Association Block Party",
        "event_type": "Block Party",
        "event_agency": "Street Activity Permit Office",
        "event_location": "8 STREET between 4 AVENUE and 3 AVENUE",
        "event_borough": "Brooklyn",
        "start_date": "2022-10-01T12:00:00.000",
        "end_date": "2022-10-01T19:30:00.000",
        "start_formatted": "October 01, 2022 12:00 PM",
        "end_formatted": "October 01, 2022 07:30 PM",
        "street_closure_type": "Full Street Closure",
        "community_board": "6,",
        "police_precinct": "78,"
      }
    },
    {
      "type": "Feature",
      "geometry": {
        "type": "Point",
        "coordinates": [
          -74.19096200000001,
          40.5898845
        ]
      },
      "properties": {
        "event_id": "659402",
        "event_name": "Alberta Avenue block party",
        "event_type": "Block Party",
        "event_agency": "Street Activity Permit Office",
        "event_location": "ALBERTA AVENUE between VICTORY BOULEVARD and WILD AVENUE",
        "event_borough": "Staten Island",
        "start_date": "2022-10-01T12:00:00.000",
        "end_date": "2022-10-01T21:00:00.000",
        "start_formatted": "October 01, 2022 12:00 PM",
        "end_formatted": "October 01, 2022 09:00 PM",
        "street_closure_type": "Full Street Closure",
        "community_board": "2,",
        "police_precinct": "121,"
      }
    },
    {
      "type": "Feature",
      "geometry": {
        "type": "Point",
        "coordinates": [
          -73.8888755,
          40.6961845
        ]
      },
      "properties": {
        "event_id": "665063",
        "event_name": "Liberty Park Annual Block Party",
        "event_type": "Block Party",
        "event_agency": "Street Activity Permit Office",
        "event_location": "80 AVENUE between 65 STREET and 64 LANE",
        "event_borough": "Queens",
        "start_date": "2022-10-01T11:30:00.000",
        "end_date": "2022-10-01T17:00:00.000",
        "start_formatted": "October 01, 2022 11:30 AM",
        "end_formatted": "October 01, 2022 05:00 PM",
        "street_closure_type": "Full Street Closure",
        "community_board": "5,",
        "police_precinct": "104,"
      }
    },
    {
      "type": "Feature",
      "geometry": {
        "type": "Point",
        "coordinates": [
          -73.98053999999999,
          40.662169
        ]
      },
      "properties": {
        "event_id": "669080",
        "event_name": "14th Street Annual Block Party",
        "event_type": "Block Party",
        "event_agency": "Street Activity Permit Office",
        "event_location": "14 STREET between 8 AVENUE and PROSPECT PARK WEST",
        "event_borough": "Brooklyn",
        "start_date": "2022-10-01T11:00:00.000",
        "end_date": "2022-10-01T19:00:00.000",
        "start_formatted": "October 01, 2022 11:00 AM",
        "end_formatted": "October 01, 2022 07:00 PM",
        "street_closure_type": "Full Street Closure",
        "community_board": "6,",
        "police_precinct": "78,"
      }
    },
    {
      "type": "Feature",
      "geometry": {
        "type": "Point",
        "coordinates": [
          -73.9874945,
          40.730851
        ]
      },
      "properties": {
        "event_id": "654315",
        "event_name": "Third Street Music School Settlement Block Party",
        "event_type": "Block Party",
        "event_agency": "Street Activity Permit Office",
        "event_location": "EAST   11 STREET between SECOND AVENUE and THIRD AVENUE",
        "event_borough": "Manhattan",
        "start_date": "2022-10-01T11:00:00.000",
        "end_date": "2022-10-01T17:00:00.000",
        "start_formatted": "October 01, 2022 11:00 AM",
        "end_formatted": "October 01, 2022 05:00 PM",
        "street_closure_type": "Full Street Closure",
        "community_board": "3,",
        "police_precinct": "9,"
      }
    },
    {
      "type": "Feature",
      "geometry": {
        "type": "Point",
        "coordinates": [
          -74.0336585,
          40.6351095
        ]
      },
      "properties": {
        "event_id": "664422",
        "event_name": "72nd Street Block Party",
        "event_type": "Block Party",
        "event_agency": "Street Activity Permit Office",
        "event_location": "72 STREET between COLONIAL ROAD and NARROWS AVENUE",
        "event_borough": "Brooklyn",
        "start_date": "2022-10-01T11:00:00.000",
        "end_date": "2022-10-01T19:00:00.000",
        "start_formatted": "October 01, 2022 11:00 AM",
        "end_formatted": "October 01, 2022 07:00 PM",
        "street_closure_type": "Full Street Closure",
        "community_board": "10,",
        "police_precinct": "68,"
      }
    },
    {
      "type": "Feature",
      "geometry": {
        "type": "Point",
        "coordinates": [
          -74.001546,
          40.655309
        ]
      },
      "properties": {
        "event_id": "663979",
        "event_name": "33rd Street Block Party",
        "event_type": "Block Party",
        "event_agency": "Street Activity Permit Office",
        "event_location": "33 STREET between 4 AVENUE and 5 AVENUE",
        "event_borough": "Brooklyn",
        "start_date": "2022-10-01T11:00:00.000",
        "end_date": "2022-10-01T20:00:00.000",
        "start_formatted": "October 01, 2022 11:00 AM",
        "end_formatted": "October 01, 2022 08:00 PM",
        "street_closure_type": "Full Street Closure",
        "community_board": "7,",
        "police_precinct": "72,"
      }
    },
    {
      "type": "Feature",
      "geometry": {
        "type": "Point",
        "coordinates": [
          -73.9286565,
          40.612891
        ]
      },
      "properties": {
        "event_id": "647263",
        "event_name": "Coleman Street Block Party",
        "event_type": "Block Party",
        "event_agency": "Street Activity Permit Office",
        "event_location": "COLEMAN STREET between FILLMORE AVENUE and AVENUE S",
        "event_borough": "Brooklyn",
        "start_date": "2022-10-01T11:00:00.000",
        "end_date": "2022-10-01T20:00:00.000",
        "start_formatted": "October 01, 2022 11:00 AM",
        "end_formatted": "October 01, 2022 08:00 PM",
        "street_closure_type": "Full Street Closure",
        "community_board": "18,",
        "police_precinct": "63,"
      }
    },
    {
      "type": "Feature",
      "geometry": {
        "type": "Point",
        "coordinates": [
          -74.13392300000001,
          40.6216115
        ]
      },
      "properties": {
        "event_id": "661529",
        "event_name": "Oktoberfest 2022",
        "event_type": "Block Party",
        "event_agency": "Street Activity Permit Office",
        "event_location": "LOCKWOOD PLACE between COLLEGE AVENUE and NORTH AVENUE",
        "event_borough": "Staten Island",
        "start_date": "2022-10-01T11:00:00.000",
        "end_date": "2022-10-01T20:00:00.000",
        "start_formatted": "October 01, 2022 11:00 AM",
        "end_formatted": "October 01, 2022 08:00 PM",
        "street_closure_type": "Full Street Closure",
        "community_board": "1,",
        "police_precinct": "121,"
      }
    },
    {
      "type": "Feature",
      "geometry": {
        "type": "Point",
        "coordinates": [
          -73.96481349999999,
          40.6758715
        ]
      },
      "properties": {
        "event_id": "662555",
        "event_name": "PPUABA ANNUAL BLOCK PARTY",
        "event_type": "Block Party",
        "event_agency": "Street Activity Permit Office",
        "event_location": "PARK PLACE between UNDERHILL AVENUE and WASHINGTON AVENUE",
        "event_borough": "Brooklyn",
        "start_date": "2022-10-01T11:00:00.000",
        "end_date": "2022-10-01T18:00:00.000",
        "start_formatted": "October 01, 2022 11:00 AM",
        "end_formatted": "October 01, 2022 06:00 PM",
        "street_closure_type": "Full Street Closure",
        "community_board": "8,",
        "police_precinct": "77,"
      }
    },
    {
      "type": "Feature",
      "geometry": {
        "type": "Point",
        "coordinates": [
          -73.967419,
          40.64202
        ]
      },
      "properties": {
        "event_id": "649727",
        "event_name": "westminster rd Block party",
        "event_type": "Block Party",
        "event_agency": "Street Activity Permit Office",
        "event_location": "WESTMINSTER ROAD between BEVERLEY ROAD and CORTELYOU ROAD",
        "event_borough": "Brooklyn",
        "start_date": "2022-10-01T10:30:00.000",
        "end_date": "2022-10-01T19:00:00.000",
        "start_formatted": "October 01, 2022 10:30 AM",
        "end_formatted": "October 01, 2022 07:00 PM",
        "street_closure_type": "Full Street Closure",
        "community_board": "14,",
        "police_precinct": "70,"
      }
    },
    {
      "type": "Feature",
      "geometry": {
        "type": "Point",
        "coordinates": [
          -73.982163,
          40.643715
        ]
      },
      "properties": {
        "event_id": "664824",
        "event_name": "Clara Street Block Party",
        "event_type": "Block Party",
        "event_agency": "Street Activity Permit Office",
        "event_location": "CLARA STREET between DAHILL ROAD and CHESTER AVENUE",
        "event_borough": "Brooklyn",
        "start_date": "2022-10-01T10:00:00.000",
        "end_date": "2022-10-01T19:00:00.000",
        "start_formatted": "October 01, 2022 10:00 AM",
        "end_formatted": "October 01, 2022 07:00 PM",
        "street_closure_type": "Full Street Closure",
        "community_board": "12,",
        "police_precinct": "66,"
      }
    },
    {
      "type": "Feature",
      "geometry": {
        "type": "Point",
        "coordinates": [
          -73.93844200000001,
          40.6093725
        ]
      },
      "properties": {
        "event_id": "661522",
        "event_name": "Marine Parkway Block Party",
        "event_type": "Block Party",
        "event_agency": "Street Activity Permit Office",
        "event_location": "MARINE PARKWAY between AVENUE R and FILLMORE AVENUE",
        "event_borough": "Brooklyn",
        "start_date": "2022-10-01T10:00:00.000",
        "end_date": "2022-10-01T18:30:00.000",
        "start_formatted": "October 01, 2022 10:00 AM",
        "end_formatted": "October 01, 2022 06:30 PM",
        "street_closure_type": "Full Street Closure",
        "community_board": "18,",
        "police_precinct": "63,"
      }
    },
    {
      "type": "Feature",
      "geometry": {
        "type": "Point",
        "coordinates": [
          -73.9795355,
          40.6633755
        ]
      },
      "properties": {
        "event_id": "658287",
        "event_name": "12th Street Block Party",
        "event_type": "Block Party",
        "event_agency": "Street Activity Permit Office",
        "event_location": "12 STREET between 8 AVENUE and PROSPECT PARK WEST",
        "event_borough": "Brooklyn",
        "start_date": "2022-10-01T10:00:00.000",
        "end_date": "2022-10-01T17:00:00.000",
        "start_formatted": "October 01, 2022 10:00 AM",
        "end_formatted": "October 01, 2022 05:00 PM",
        "street_closure_type": "Full Street Closure",
        "community_board": "6,",
        "police_precinct": "78,"
      }
    },
    {
      "type": "Feature",
      "geometry": {
        "type": "Point",
        "coordinates": [
          -73.982254,
          40.668071
        ]
      },
      "properties": {
        "event_id": "656978",
        "event_name": "2022 Fall Block Party",
        "event_type": "Block Party",
        "event_agency": "Street Activity Permit Office",
        "event_location": "8 STREET between 6 AVENUE and 7 AVENUE",
        "event_borough": "Brooklyn",
        "start_date": "2022-10-01T10:00:00.000",
        "end_date": "2022-10-01T16:00:00.000",
        "start_formatted": "October 01, 2022 10:00 AM",
        "end_formatted": "October 01, 2022 04:00 PM",
        "street_closure_type": "Full Street Closure",
        "community_board": "6,",
        "police_precinct": "78,"
      }
    },
    {
      "type": "Feature",
      "geometry": {
        "type": "Point",
        "coordinates": [
          -73.98527,
          40.664456
        ]
      },
      "properties": {
        "event_id": "664165",
        "event_name": "14th Street Block Party",
        "event_type": "Block Party",
        "event_agency": "Street Activity Permit Office",
        "event_location": "14 STREET between 6 AVENUE and 7 AVENUE",
        "event_borough": "Brooklyn",
        "start_date": "2022-10-01T09:30:00.000",
        "end_date": "2022-10-01T17:30:00.000",
        "start_formatted": "October 01, 2022 09:30 AM",
        "end_formatted": "October 01, 2022 05:30 PM",
        "street_closure_type": "Full Street Closure",
        "community_board": "6,",
        "police_precinct": "78,"
      }
    },
    {
      "type": "Feature",
      "geometry": {
        "type": "Point",
        "coordinates": [
          -73.9042455,
          40.846622999999994
        ]
      },
      "properties": {
        "event_id": "663880",
        "event_name": "Annual Employee Appreciation Event",
        "event_type": "Block Party",
        "event_agency": "Street Activity Permit Office",
        "event_location": "EAST  175 STREET between CLAY AVENUE and ANTHONY AVENUE",
        "event_borough": "Bronx",
        "start_date": "2022-09-30T12:00:00.000",
        "end_date": "2022-09-30T15:30:00.000",
        "start_formatted": "September 30, 2022 12:00 PM",
        "end_formatted": "September 30, 2022 03:30 PM",
        "street_closure_type": "Full Street Closure",
        "community_board": "5,",
        "police_precinct": "46,"
      }
    },
    {
      "type": "Feature",
      "geometry": {
        "type": "Point",
        "coordinates": [
          -73.771006,
          40.757947
        ]
      },
      "properties": {
        "event_id": "617410",
        "event_name": "Community Korean Food Festival",
        "event_type": "Block Party",
        "event_agency": "Street Activity Permit Office",
        "event_location": "211 STREET between 46 AVENUE and 45 DRIVE",
        "event_borough": "Queens",
        "start_date": "2022-09-25T16:00:00.000",
        "end_date": "2022-09-25T21:00:00.000",
        "start_formatted": "September 25, 2022 04:00 PM",
        "end_formatted": "September 25, 2022 09:00 PM",
        "street_closure_type": "Full Street Closure",
        "community_board": "11,",
        "police_precinct": "111,"
      }
    },
    {
      "type": "Feature",
      "geometry": {
        "type": "Point",
        "coordinates": [
          -73.924658,
          40.76491
        ]
      },
      "properties": {
        "event_id": "656500",
        "event_name": "Holy Cross Ukrainian Heritage Culture Day",
        "event_type": "Block Party",
        "event_agency": "Street Activity Permit Office",
        "event_location": "31 AVENUE between 29 STREET and 30 STREET",
        "event_borough": "Queens",
        "start_date": "2022-09-25T12:00:00.000",
        "end_date": "2022-09-25T18:00:00.000",
        "start_formatted": "September 25, 2022 12:00 PM",
        "end_formatted": "September 25, 2022 06:00 PM",
        "street_closure_type": "Full Street Closure",
        "community_board": "1,",
        "police_precinct": "114,"
      }
    },
    {
      "type": "Feature",
      "geometry": {
        "type": "Point",
        "coordinates": [
          -73.946849,
          40.7238745
        ]
      },
      "properties": {
        "event_id": "647386",
        "event_name": "Parish Fun Day",
        "event_type": "Block Party",
        "event_agency": "Street Activity Permit Office",
        "event_location": "NEWEL STREET between DRIGGS AVENUE and NASSAU AVENUE",
        "event_borough": "Brooklyn",
        "start_date": "2022-09-25T11:00:00.000",
        "end_date": "2022-09-25T17:00:00.000",
        "start_formatted": "September 25, 2022 11:00 AM",
        "end_formatted": "September 25, 2022 05:00 PM",
        "street_closure_type": "Sidewalk and Street Closure",
        "community_board": "1,",
        "police_precinct": "94,"
      }
    },
    {
      "type": "Feature",
      "geometry": {
        "type": "Point",
        "coordinates": [
          -73.976377,
          40.671145499999994
        ]
      },
      "properties": {
        "event_id": "648167",
        "event_name": "1st street block party",
        "event_type": "Block Party",
        "event_agency": "Street Activity Permit Office",
        "event_location": "1 STREET between 8 AVENUE and 7 AVENUE",
        "event_borough": "Brooklyn",
        "start_date": "2022-09-25T10:00:00.000",
        "end_date": "2022-09-25T17:00:00.000",
        "start_formatted": "September 25, 2022 10:00 AM",
        "end_formatted": "September 25, 2022 05:00 PM",
        "street_closure_type": "Full Street Closure",
        "community_board": "6,",
        "police_precinct": "78,"
      }
    },
    {
      "type": "Feature",
      "geometry": {
        "type": "Point",
        "coordinates": [
          -73.94831450000001,
          40.8230265
        ]
      },
      "properties": {
        "event_id": "642514",
        "event_name": "Our Lady of Lourdes Church",
        "event_type": "Block Party",
        "event_agency": "Street Activity Permit Office",
        "event_location": "WEST  142 STREET between AMSTERDAM AVENUE and CONVENT AVENUE",
        "event_borough": "Manhattan",
        "start_date": "2022-09-25T09:00:00.000",
        "end_date": "2022-09-25T18:00:00.000",
        "start_formatted": "September 25, 2022 09:00 AM",
        "end_formatted": "September 25, 2022 06:00 PM",
        "street_closure_type": "Full Street Closure",
        "community_board": "9,",
        "police_precinct": "30,"
      }
    },
    {
      "type": "Feature",
      "geometry": {
        "type": "Point",
        "coordinates": [
          -73.92987400000001,
          40.69498
        ]
      },
      "properties": {
        "event_id": "669002",
        "event_name": "Dodworth Block Party",
        "event_type": "Block Party",
        "event_agency": "Street Activity Permit Office",
        "event_location": "DODWORTH STREET between BUSHWICK AVENUE and BROADWAY",
        "event_borough": "Brooklyn",
        "start_date": "2022-09-24T13:00:00.000",
        "end_date": "2022-09-24T19:00:00.000",
        "start_formatted": "September 24, 2022 01:00 PM",
        "end_formatted": "September 24, 2022 07:00 PM",
        "street_closure_type": "Full Street Closure",
        "community_board": "4,",
        "police_precinct": "83,"
      }
    },
    {
      "type": "Feature",
      "geometry": {
        "type": "Point",
        "coordinates": [
          -73.9729095,
          40.644454499999995
        ]
      },
      "properties": {
        "event_id": "662146",
        "event_name": "Annual E. 7th Street Block Party",
        "event_type": "Block Party",
        "event_agency": "Street Activity Permit Office",
        "event_location": "EAST    7 STREET between CHURCH AVENUE and BEVERLY ROAD",
        "event_borough": "Brooklyn",
        "start_date": "2022-09-24T13:00:00.000",
        "end_date": "2022-09-24T20:00:00.000",
        "start_formatted": "September 24, 2022 01:00 PM",
        "end_formatted": "September 24, 2022 08:00 PM",
        "street_closure_type": "Full Street Closure",
        "community_board": "12,",
        "police_precinct": "66,"
      }
    },
    {
      "type": "Feature",
      "geometry": {
        "type": "Point",
        "coordinates": [
          -73.9974665,
          40.65923
        ]
      },
      "properties": {
        "event_id": "655788",
        "event_name": "26th Street Block Party",
        "event_type": "Block Party",
        "event_agency": "Street Activity Permit Office",
        "event_location": "26 STREET between 4 AVENUE and 5 AVENUE",
        "event_borough": "Brooklyn",
        "start_date": "2022-09-24T13:00:00.000",
        "end_date": "2022-09-24T20:00:00.000",
        "start_formatted": "September 24, 2022 01:00 PM",
        "end_formatted": "September 24, 2022 08:00 PM",
        "street_closure_type": "Full Street Closure",
        "community_board": "7,",
        "police_precinct": "72,"
      }
    },
    {
      "type": "Feature",
      "geometry": {
        "type": "Point",
        "coordinates": [
          -73.94557599999999,
          40.716569
        ]
      },
      "properties": {
        "event_id": "655146",
        "event_name": "Jackson Street Block Party 10",
        "event_type": "Block Party",
        "event_agency": "Street Activity Permit Office",
        "event_location": "JACKSON STREET between GRAHAM AVENUE and MANHATTAN AVENUE",
        "event_borough": "Brooklyn",
        "start_date": "2022-09-24T13:00:00.000",
        "end_date": "2022-09-24T20:00:00.000",
        "start_formatted": "September 24, 2022 01:00 PM",
        "end_formatted": "September 24, 2022 08:00 PM",
        "street_closure_type": "Full Street Closure",
        "community_board": "1,",
        "police_precinct": "94,"
      }
    },
    {
      "type": "Feature",
      "geometry": {
        "type": "Point",
        "coordinates": [
          -73.738427,
          40.760762
        ]
      },
      "properties": {
        "event_id": "652197",
        "event_name": "245 Street Block Party",
        "event_type": "Block Party",
        "event_agency": "Street Activity Permit Office",
        "event_location": "245 STREET between VAN ZANDT AVENUE and THORNHILL AVENUE",
        "event_borough": "Queens",
        "start_date": "2022-09-24T12:00:00.000",
        "end_date": "2022-09-24T19:00:00.000",
        "start_formatted": "September 24, 2022 12:00 PM",
        "end_formatted": "September 24, 2022 07:00 PM",
        "street_closure_type": "Full Street Closure",
        "community_board": "11,",
        "police_precinct": "111,"
      }
    },
    {
      "type": "Feature",
      "geometry": {
        "type": "Point",
        "coordinates": [
          -73.8530495,
          40.70985
        ]
      },
      "properties": {
        "event_id": "658609",
        "event_name": "70th Road Block Party",
        "event_type": "Block Party",
        "event_agency": "Street Activity Permit Office",
        "event_location": "70 ROAD between METROPOLITAN AVENUE and SYBILLA STREET",
        "event_borough": "Queens",
        "start_date": "2022-09-24T12:00:00.000",
        "end_date": "2022-09-24T20:30:00.000",
        "start_formatted": "September 24, 2022 12:00 PM",
        "end_formatted": "September 24, 2022 08:30 PM",
        "street_closure_type": "Full Street Closure",
        "community_board": "6,",
        "police_precinct": "112,"
      }
    },
    {
      "type": "Feature",
      "geometry": {
        "type": "Point",
        "coordinates": [
          -73.935019,
          40.6717005
        ]
      },
      "properties": {
        "event_id": "653871",
        "event_name": "Sterling Place Schenectady - Troy blocck Party 2022",
        "event_type": "Block Party",
        "event_agency": "Street Activity Permit Office",
        "event_location": "STERLING PLACE between SCHENECTADY AVENUE and TROY AVENUE",
        "event_borough": "Brooklyn",
        "start_date": "2022-09-24T12:00:00.000",
        "end_date": "2022-09-24T18:00:00.000",
        "start_formatted": "September 24, 2022 12:00 PM",
        "end_formatted": "September 24, 2022 06:00 PM",
        "street_closure_type": "Full Street Closure",
        "community_board": "8,",
        "police_precinct": "77,"
      }
    },
    {
      "type": "Feature",
      "geometry": {
        "type": "Point",
        "coordinates": [
          -73.94132049999999,
          40.797602999999995
        ]
      },
      "properties": {
        "event_id": "661633",
        "event_name": "Salsa el barrio Multicultural event",
        "event_type": "Block Party",
        "event_agency": "Street Activity Permit Office",
        "event_location": "EAST  115 STREET between THIRD AVENUE and LEXINGTON AVENUE",
        "event_borough": "Manhattan",
        "start_date": "2022-09-24T12:00:00.000",
        "end_date": "2022-09-24T19:00:00.000",
        "start_formatted": "September 24, 2022 12:00 PM",
        "end_formatted": "September 24, 2022 07:00 PM",
        "street_closure_type": "Full Street Closure",
        "community_board": "11,",
        "police_precinct": "23, 25,"
      }
    },
    {
      "type": "Feature",
      "geometry": {
        "type": "Point",
        "coordinates": [
          -74.038066,
          40.6243195
        ]
      },
      "properties": {
        "event_id": "658840",
        "event_name": "Block Party",
        "event_type": "Block Party",
        "event_agency": "Street Activity Permit Office",
        "event_location": "87 STREET between COLONIAL ROAD and NARROWS AVENUE",
        "event_borough": "Brooklyn",
        "start_date": "2022-09-24T12:00:00.000",
        "end_date": "2022-09-24T20:30:00.000",
        "start_formatted": "September 24, 2022 12:00 PM",
        "end_formatted": "September 24, 2022 08:30 PM",
        "street_closure_type": "Full Street Closure",
        "community_board": "10,",
        "police_precinct": "68,"
      }
    },
    {
      "type": "Feature",
      "geometry": {
        "type": "Point",
        "coordinates": [
          -74.0131025,
          40.6200195
        ]
      },
      "properties": {
        "event_id": "663492",
        "event_name": "79th st block party",
        "event_type": "Block Party",
        "event_agency": "Street Activity Permit Office",
        "event_location": "79 STREET between 11 AVENUE and 12 AVENUE",
        "event_borough": "Brooklyn",
        "start_date": "2022-09-24T12:00:00.000",
        "end_date": "2022-09-24T19:30:00.000",
        "start_formatted": "September 24, 2022 12:00 PM",
        "end_formatted": "September 24, 2022 07:30 PM",
        "street_closure_type": "Full Street Closure",
        "community_board": "10,",
        "police_precinct": "68,"
      }
    },
    {
      "type": "Feature",
      "geometry": {
        "type": "Point",
        "coordinates": [
          -73.9005975,
          40.772404
        ]
      },
      "properties": {
        "event_id": "580640",
        "event_name": "St Francis of Assisi Annual Fall Festival",
        "event_type": "Block Party",
        "event_agency": "Street Activity Permit Office",
        "event_location": "21 AVENUE between 45 STREET and 46 STREET",
        "event_borough": "Queens",
        "start_date": "2022-09-24T12:00:00.000",
        "end_date": "2022-09-24T21:00:00.000",
        "start_formatted": "September 24, 2022 12:00 PM",
        "end_formatted": "September 24, 2022 09:00 PM",
        "street_closure_type": "Sidewalk and Street Closure",
        "community_board": "1,",
        "police_precinct": "114,"
      }
    },
    {
      "type": "Feature",
      "geometry": {
        "type": "Point",
        "coordinates": [
          -73.7542645,
          40.690837
        ]
      },
      "properties": {
        "event_id": "670888",
        "event_name": "Community Give Back Event",
        "event_type": "Block Party",
        "event_agency": "Street Activity Permit Office",
        "event_location": "119 AVENUE between 196 STREET and 197 STREET",
        "event_borough": "Queens",
        "start_date": "2022-09-24T12:00:00.000",
        "end_date": "2022-09-24T16:00:00.000",
        "start_formatted": "September 24, 2022 12:00 PM",
        "end_formatted": "September 24, 2022 04:00 PM",
        "street_closure_type": "Full Sidewalk Closure",
        "community_board": "12,",
        "police_precinct": "113,"
      }
    },
    {
      "type": "Feature",
      "geometry": {
        "type": "Point",
        "coordinates": [
          -74.1874635,
          40.548761999999996
        ]
      },
      "properties": {
        "event_id": "671314",
        "event_name": "Crown ave block party",
        "event_type": "Block Party",
        "event_agency": "Street Activity Permit Office",
        "event_location": "CROWN AVENUE between ARDEN AVENUE and JEFFERSON BOULEVARD",
        "event_borough": "Staten Island",
        "start_date": "2022-09-24T12:00:00.000",
        "end_date": "2022-09-24T21:00:00.000",
        "start_formatted": "September 24, 2022 12:00 PM",
        "end_formatted": "September 24, 2022 09:00 PM",
        "street_closure_type": "Full Sidewalk Closure",
        "community_board": "3,",
        "police_precinct": "123,"
      }
    },
    {
      "type": "Feature",
      "geometry": {
        "type": "Point",
        "coordinates": [
          -73.9415345,
          40.693253
        ]
      },
      "properties": {
        "event_id": "664160",
        "event_name": "Pulaski 4 Block Party",
        "event_type": "Block Party",
        "event_agency": "Street Activity Permit Office",
        "event_location": "PULASKI STREET between MARCUS GARVEY BOULEVARD and THROOP AVENUE",
        "event_borough": "Brooklyn",
        "start_date": "2022-09-24T11:30:00.000",
        "end_date": "2022-09-24T19:30:00.000",
        "start_formatted": "September 24, 2022 11:30 AM",
        "end_formatted": "September 24, 2022 07:30 PM",
        "street_closure_type": "Full Street Closure",
        "community_board": "3,",
        "police_precinct": "79,"
      }
    },
    {
      "type": "Feature",
      "geometry": {
        "type": "Point",
        "coordinates": [
          -73.8899565,
          40.8277585
        ]
      },
      "properties": {
        "event_id": "665219",
        "event_name": "Festival Del Grito De Lares",
        "event_type": "Block Party",
        "event_agency": "Street Activity Permit Office",
        "event_location": "VYSE AVENUE between EAST  167 STREET and HOME STREET",
        "event_borough": "Bronx",
        "start_date": "2022-09-24T11:00:00.000",
        "end_date": "2022-09-24T19:00:00.000",
        "start_formatted": "September 24, 2022 11:00 AM",
        "end_formatted": "September 24, 2022 07:00 PM",
        "street_closure_type": "Full Street Closure",
        "community_board": "3,",
        "police_precinct": "42,"
      }
    },
    {
      "type": "Feature",
      "geometry": {
        "type": "Point",
        "coordinates": [
          -73.9305155,
          40.5964825
        ]
      },
      "properties": {
        "event_id": "664035",
        "event_name": "Allen avenue block party",
        "event_type": "Block Party",
        "event_agency": "Street Activity Permit Office",
        "event_location": "ALLEN AVENUE between PLUMB    2 STREET and GERRITSEN AVENUE",
        "event_borough": "Brooklyn",
        "start_date": "2022-09-24T11:00:00.000",
        "end_date": "2022-09-24T19:00:00.000",
        "start_formatted": "September 24, 2022 11:00 AM",
        "end_formatted": "September 24, 2022 07:00 PM",
        "street_closure_type": "Full Street Closure",
        "community_board": "15,",
        "police_precinct": "61,"
      }
    },
    {
      "type": "Feature",
      "geometry": {
        "type": "Point",
        "coordinates": [
          -73.8680945,
          40.843666
        ]
      },
      "properties": {
        "event_id": "663433",
        "event_name": "Dianna back to school Block party",
        "event_type": "Block Party",
        "event_agency": "Street Activity Permit Office",
        "event_location": "FILLMORE STREET between MORRIS PARK AVENUE and VANNEST AVENUE",
        "event_borough": "Bronx",
        "start_date": "2022-09-24T11:00:00.000",
        "end_date": "2022-09-24T18:30:00.000",
        "start_formatted": "September 24, 2022 11:00 AM",
        "end_formatted": "September 24, 2022 06:30 PM",
        "street_closure_type": "Full Street Closure",
        "community_board": "11,",
        "police_precinct": "49,"
      }
    },
    {
      "type": "Feature",
      "geometry": {
        "type": "Point",
        "coordinates": [
          -73.91134149999999,
          40.668288000000004
        ]
      },
      "properties": {
        "event_id": "663217",
        "event_name": "Chester St. Annual Block Party",
        "event_type": "Block Party",
        "event_agency": "Street Activity Permit Office",
        "event_location": "CHESTER STREET between SUTTER AVENUE and PITKIN AVENUE",
        "event_borough": "Brooklyn",
        "start_date": "2022-09-24T11:00:00.000",
        "end_date": "2022-09-24T20:00:00.000",
        "start_formatted": "September 24, 2022 11:00 AM",
        "end_formatted": "September 24, 2022 08:00 PM",
        "street_closure_type": "Full Street Closure",
        "community_board": "16,",
        "police_precinct": "73,"
      }
    },
    {
      "type": "Feature",
      "geometry": {
        "type": "Point",
        "coordinates": [
          -74.01193950000001,
          40.6211385
        ]
      },
      "properties": {
        "event_id": "659858",
        "event_name": "77th Street Annual Block Party",
        "event_type": "Block Party",
        "event_agency": "Street Activity Permit Office",
        "event_location": "77 STREET between 11 AVENUE and 12 AVENUE",
        "event_borough": "Brooklyn",
        "start_date": "2022-09-24T11:00:00.000",
        "end_date": "2022-09-24T20:00:00.000",
        "start_formatted": "September 24, 2022 11:00 AM",
        "end_formatted": "September 24, 2022 08:00 PM",
        "street_closure_type": "Full Street Closure",
        "community_board": "10,",
        "police_precinct": "68,"
      }
    },
    {
      "type": "Feature",
      "geometry": {
        "type": "Point",
        "coordinates": [
          -73.978538,
          40.722389500000006
        ]
      },
      "properties": {
        "event_id": "669427",
        "event_name": "EA/NYPD",
        "event_type": "Block Party",
        "event_agency": "Street Activity Permit Office",
        "event_location": "EAST    5 STREET between AVENUE C and AVENUE D",
        "event_borough": "Manhattan",
        "start_date": "2022-09-24T11:00:00.000",
        "end_date": "2022-09-24T16:00:00.000",
        "start_formatted": "September 24, 2022 11:00 AM",
        "end_formatted": "September 24, 2022 04:00 PM",
        "street_closure_type": "Full Street Closure",
        "community_board": "3,",
        "police_precinct": "9,"
      }
    },
    {
      "type": "Feature",
      "geometry": {
        "type": "Point",
        "coordinates": [
          -74.00707750000001,
          40.615468
        ]
      },
      "properties": {
        "event_id": "657182",
        "event_name": "80th street block party",
        "event_type": "Block Party",
        "event_agency": "Street Activity Permit Office",
        "event_location": "80 STREET between 14 AVENUE and 15 AVENUE",
        "event_borough": "Brooklyn",
        "start_date": "2022-09-24T11:00:00.000",
        "end_date": "2022-09-24T20:00:00.000",
        "start_formatted": "September 24, 2022 11:00 AM",
        "end_formatted": "September 24, 2022 08:00 PM",
        "street_closure_type": "Sidewalk and Street Closure",
        "community_board": "11,",
        "police_precinct": "62,"
      }
    },
    {
      "type": "Feature",
      "geometry": {
        "type": "Point",
        "coordinates": [
          -73.9707635,
          40.6771165
        ]
      },
      "properties": {
        "event_id": "659130",
        "event_name": "Block Party Park Place",
        "event_type": "Block Party",
        "event_agency": "Street Activity Permit Office",
        "event_location": "PARK PLACE between CARLTON AVENUE and VANDERBILT AVENUE",
        "event_borough": "Brooklyn",
        "start_date": "2022-09-24T11:00:00.000",
        "end_date": "2022-09-24T19:00:00.000",
        "start_formatted": "September 24, 2022 11:00 AM",
        "end_formatted": "September 24, 2022 07:00 PM",
        "street_closure_type": "Full Street Closure",
        "community_board": "8,",
        "police_precinct": "78,"
      }
    },
    {
      "type": "Feature",
      "geometry": {
        "type": "Point",
        "coordinates": [
          -73.9860525,
          40.577668
        ]
      },
      "properties": {
        "event_id": "665518",
        "event_name": "West 19 Street Block Party",
        "event_type": "Block Party",
        "event_agency": "Street Activity Permit Office",
        "event_location": "WEST   19 STREET between MERMAID AVENUE and NEPTUNE AVENUE",
        "event_borough": "Brooklyn",
        "start_date": "2022-09-24T11:00:00.000",
        "end_date": "2022-09-24T19:30:00.000",
        "start_formatted": "September 24, 2022 11:00 AM",
        "end_formatted": "September 24, 2022 07:30 PM",
        "street_closure_type": "Full Street Closure",
        "community_board": "13,",
        "police_precinct": "60,"
      }
    },
    {
      "type": "Feature",
      "geometry": {
        "type": "Point",
        "coordinates": [
          -73.955286,
          40.661284
        ]
      },
      "properties": {
        "event_id": "660394",
        "event_name": "Annual Lincoln Road Block Party",
        "event_type": "Block Party",
        "event_agency": "Street Activity Permit Office",
        "event_location": "LINCOLN ROAD between ROGERS AVENUE and BEDFORD AVENUE",
        "event_borough": "Brooklyn",
        "start_date": "2022-09-24T10:30:00.000",
        "end_date": "2022-09-24T18:30:00.000",
        "start_formatted": "September 24, 2022 10:30 AM",
        "end_formatted": "September 24, 2022 06:30 PM",
        "street_closure_type": "Full Street Closure",
        "community_board": "9,",
        "police_precinct": "71,"
      }
    },
    {
      "type": "Feature",
      "geometry": {
        "type": "Point",
        "coordinates": [
          -73.842659,
          40.884510500000005
        ]
      },
      "properties": {
        "event_id": "669565",
        "event_name": "JASA Bay Eden OAC Carnival",
        "event_type": "Block Party",
        "event_agency": "Street Activity Permit Office",
        "event_location": "EAST  229 STREET between SCHIEFFELIN AVENUE and SCHIEFFELIN PLACE",
        "event_borough": "Bronx",
        "start_date": "2022-09-24T10:00:00.000",
        "end_date": "2022-09-24T17:00:00.000",
        "start_formatted": "September 24, 2022 10:00 AM",
        "end_formatted": "September 24, 2022 05:00 PM",
        "street_closure_type": "Full Sidewalk Closure",
        "community_board": "12,",
        "police_precinct": "47,"
      }
    },
    {
      "type": "Feature",
      "geometry": {
        "type": "Point",
        "coordinates": [
          -73.9785315,
          40.664584
        ]
      },
      "properties": {
        "event_id": "655511",
        "event_name": "10th Street Block Association",
        "event_type": "Block Party",
        "event_agency": "Street Activity Permit Office",
        "event_location": "10 STREET between 8 AVENUE and PROSPECT PARK WEST",
        "event_borough": "Brooklyn",
        "start_date": "2022-09-24T10:00:00.000",
        "end_date": "2022-09-24T19:00:00.000",
        "start_formatted": "September 24, 2022 10:00 AM",
        "end_formatted": "September 24, 2022 07:00 PM",
        "street_closure_type": "Full Street Closure",
        "community_board": "6,",
        "police_precinct": "78,"
      }
    },
    {
      "type": "Feature",
      "geometry": {
        "type": "Point",
        "coordinates": [
          -73.95197,
          40.6690395
        ]
      },
      "properties": {
        "event_id": "665530",
        "event_name": "USBCA Fall Block Party",
        "event_type": "Block Party",
        "event_agency": "Street Activity Permit Office",
        "event_location": "UNION STREET between NOSTRAND AVENUE and ROGERS AVENUE",
        "event_borough": "Brooklyn",
        "start_date": "2022-09-24T10:00:00.000",
        "end_date": "2022-09-24T17:00:00.000",
        "start_formatted": "September 24, 2022 10:00 AM",
        "end_formatted": "September 24, 2022 05:00 PM",
        "street_closure_type": "Full Street Closure",
        "community_board": "9,",
        "police_precinct": "71,"
      }
    },
    {
      "type": "Feature",
      "geometry": {
        "type": "Point",
        "coordinates": [
          -73.930086,
          40.611968000000005
        ]
      },
      "properties": {
        "event_id": "654273",
        "event_name": "Ryder street block party",
        "event_type": "Block Party",
        "event_agency": "Street Activity Permit Office",
        "event_location": "RYDER STREET between FILLMORE AVENUE and AVENUE S",
        "event_borough": "Brooklyn",
        "start_date": "2022-09-24T10:00:00.000",
        "end_date": "2022-09-24T19:00:00.000",
        "start_formatted": "September 24, 2022 10:00 AM",
        "end_formatted": "September 24, 2022 07:00 PM",
        "street_closure_type": "Full Street Closure",
        "community_board": "18,",
        "police_precinct": "63,"
      }
    },
    {
      "type": "Feature",
      "geometry": {
        "type": "Point",
        "coordinates": [
          -74.012844,
          40.6511895
        ]
      },
      "properties": {
        "event_id": "657936",
        "event_name": "block party",
        "event_type": "Block Party",
        "event_agency": "Street Activity Permit Office",
        "event_location": "45 STREET between 2 AVENUE and 3 AVENUE",
        "event_borough": "Brooklyn",
        "start_date": "2022-09-24T10:00:00.000",
        "end_date": "2022-09-24T19:00:00.000",
        "start_formatted": "September 24, 2022 10:00 AM",
        "end_formatted": "September 24, 2022 07:00 PM",
        "street_closure_type": "Full Street Closure",
        "community_board": "7,",
        "police_precinct": "72,"
      }
    },
    {
      "type": "Feature",
      "geometry": {
        "type": "Point",
        "coordinates": [
          -73.952014,
          40.660028
        ]
      },
      "properties": {
        "event_id": "660512",
        "event_name": "BLOCK PARTY",
        "event_type": "Block Party",
        "event_agency": "Street Activity Permit Office",
        "event_location": "MIDWOOD STREET between NOSTRAND AVENUE and ROGERS AVENUE",
        "event_borough": "Brooklyn",
        "start_date": "2022-09-24T10:00:00.000",
        "end_date": "2022-09-24T19:00:00.000",
        "start_formatted": "September 24, 2022 10:00 AM",
        "end_formatted": "September 24, 2022 07:00 PM",
        "street_closure_type": "Full Street Closure",
        "community_board": "9,",
        "police_precinct": "71,"
      }
    },
    {
      "type": "Feature",
      "geometry": {
        "type": "Point",
        "coordinates": [
          -73.93407049999999,
          40.612197
        ]
      },
      "properties": {
        "event_id": "651136",
        "event_name": "2022 Block Closing",
        "event_type": "Block Party",
        "event_agency": "Street Activity Permit Office",
        "event_location": "EAST   36 STREET between FILLMORE AVENUE and AVENUE R",
        "event_borough": "Brooklyn",
        "start_date": "2022-09-24T10:00:00.000",
        "end_date": "2022-09-24T19:00:00.000",
        "start_formatted": "September 24, 2022 10:00 AM",
        "end_formatted": "September 24, 2022 07:00 PM",
        "street_closure_type": "Full Street Closure",
        "community_board": "18,",
        "police_precinct": "63,"
      }
    },
    {
      "type": "Feature",
      "geometry": {
        "type": "Point",
        "coordinates": [
          -73.98417649999999,
          40.6858725
        ]
      },
      "properties": {
        "event_id": "653273",
        "event_name": "Pacific 400 Block Annual Party 2022",
        "event_type": "Block Party",
        "event_agency": "Street Activity Permit Office",
        "event_location": "PACIFIC STREET between NEVINS STREET and BOND STREET",
        "event_borough": "Brooklyn",
        "start_date": "2022-09-24T10:00:00.000",
        "end_date": "2022-09-24T18:00:00.000",
        "start_formatted": "September 24, 2022 10:00 AM",
        "end_formatted": "September 24, 2022 06:00 PM",
        "street_closure_type": "Full Street Closure",
        "community_board": "2,",
        "police_precinct": "84,"
      }
    },
    {
      "type": "Feature",
      "geometry": {
        "type": "Point",
        "coordinates": [
          -73.9804015,
          40.666326
        ]
      },
      "properties": {
        "event_id": "653272",
        "event_name": "9th St betw 7-8 Ave Block Party",
        "event_type": "Block Party",
        "event_agency": "Street Activity Permit Office",
        "event_location": "9 STREET between 7 AVENUE and 8 AVENUE",
        "event_borough": "Brooklyn",
        "start_date": "2022-09-18T15:00:00.000",
        "end_date": "2022-09-18T20:00:00.000",
        "start_formatted": "September 18, 2022 03:00 PM",
        "end_formatted": "September 18, 2022 08:00 PM",
        "street_closure_type": "Full Street Closure",
        "community_board": "6,",
        "police_precinct": "78,"
      }
    },
    {
      "type": "Feature",
      "geometry": {
        "type": "Point",
        "coordinates": [
          -73.970971,
          40.681234
        ]
      },
      "properties": {
        "event_id": "664381",
        "event_name": "Carlton Ave 2022 Block Pary",
        "event_type": "Block Party",
        "event_agency": "Street Activity Permit Office",
        "event_location": "CARLTON AVENUE between DEAN STREET and PACIFIC STREET",
        "event_borough": "Brooklyn",
        "start_date": "2022-09-18T13:00:00.000",
        "end_date": "2022-09-18T19:00:00.000",
        "start_formatted": "September 18, 2022 01:00 PM",
        "end_formatted": "September 18, 2022 07:00 PM",
        "street_closure_type": "Full Street Closure",
        "community_board": "8,",
        "police_precinct": "78,"
      }
    },
    {
      "type": "Feature",
      "geometry": {
        "type": "Point",
        "coordinates": [
          -73.9095475,
          40.619432
        ]
      },
      "properties": {
        "event_id": "662781",
        "event_name": "St. Bernard Parish Block Party",
        "event_type": "Block Party",
        "event_agency": "Street Activity Permit Office",
        "event_location": "EAST   69 STREET between VETERANS AVENUE and AVENUE U",
        "event_borough": "Brooklyn",
        "start_date": "2022-09-18T13:00:00.000",
        "end_date": "2022-09-18T18:00:00.000",
        "start_formatted": "September 18, 2022 01:00 PM",
        "end_formatted": "September 18, 2022 06:00 PM",
        "street_closure_type": "Full Street Closure",
        "community_board": "18,",
        "police_precinct": "63,"
      }
    },
    {
      "type": "Feature",
      "geometry": {
        "type": "Point",
        "coordinates": [
          -73.9691415,
          40.6332175
        ]
      },
      "properties": {
        "event_id": "654458",
        "event_name": "Music event for Newkirk Community Garden",
        "event_type": "Block Party",
        "event_agency": "Street Activity Permit Office",
        "event_location": "EAST    8 STREET between NEWKIRK AVENUE and WEBSTER AVENUE",
        "event_borough": "Brooklyn",
        "start_date": "2022-09-18T13:00:00.000",
        "end_date": "2022-09-18T18:00:00.000",
        "start_formatted": "September 18, 2022 01:00 PM",
        "end_formatted": "September 18, 2022 06:00 PM",
        "street_closure_type": "Full Street Closure",
        "community_board": "14,",
        "police_precinct": "70,"
      }
    },
    {
      "type": "Feature",
      "geometry": {
        "type": "Point",
        "coordinates": [
          -73.96308049999999,
          40.632315500000004
        ]
      },
      "properties": {
        "event_id": "659697",
        "event_name": "Fall Block Party",
        "event_type": "Block Party",
        "event_agency": "Street Activity Permit Office",
        "event_location": "GLENWOOD ROAD between RUGBY ROAD and DEAD END",
        "event_borough": "Brooklyn",
        "start_date": "2022-09-18T13:00:00.000",
        "end_date": "2022-09-18T16:00:00.000",
        "start_formatted": "September 18, 2022 01:00 PM",
        "end_formatted": "September 18, 2022 04:00 PM",
        "street_closure_type": "Full Street Closure",
        "community_board": "14,",
        "police_precinct": "70,"
      }
    },
    {
      "type": "Feature",
      "geometry": {
        "type": "Point",
        "coordinates": [
          -73.962582,
          40.8116
        ]
      },
      "properties": {
        "event_id": "646094",
        "event_name": "Riverside Church Community Homecoming 2022",
        "event_type": "Block Party",
        "event_agency": "Street Activity Permit Office",
        "event_location": "CLAREMONT AVENUE between WEST  120 STREET and WEST  122 STREET",
        "event_borough": "Manhattan",
        "start_date": "2022-09-18T12:00:00.000",
        "end_date": "2022-09-18T16:00:00.000",
        "start_formatted": "September 18, 2022 12:00 PM",
        "end_formatted": "September 18, 2022 04:00 PM",
        "street_closure_type": "Full Street Closure",
        "community_board": "9,",
        "police_precinct": "26,"
      }
    },
    {
      "type": "Feature",
      "geometry": {
        "type": "Point",
        "coordinates": [
          -73.952711,
          40.686721500000004
        ]
      },
      "properties": {
        "event_id": "664329",
        "event_name": "Osun Community Outreach",
        "event_type": "Block Party",
        "event_agency": "Street Activity Permit Office",
        "event_location": "QUINCY STREET between BEDFORD AVENUE and NOSTRAND AVENUE",
        "event_borough": "Brooklyn",
        "start_date": "2022-09-18T12:00:00.000",
        "end_date": "2022-09-18T18:00:00.000",
        "start_formatted": "September 18, 2022 12:00 PM",
        "end_formatted": "September 18, 2022 06:00 PM",
        "street_closure_type": "Partial Sidewalk Closure",
        "community_board": "3,",
        "police_precinct": "79,"
      }
    },
    {
      "type": "Feature",
      "geometry": {
        "type": "Point",
        "coordinates": [
          -73.99432300000001,
          40.66554
        ]
      },
      "properties": {
        "event_id": "661106",
        "event_name": "Block party",
        "event_type": "Block Party",
        "event_agency": "Street Activity Permit Office",
        "event_location": "17 STREET between 3 AVENUE and 4 AVENUE",
        "event_borough": "Brooklyn",
        "start_date": "2022-09-18T12:00:00.000",
        "end_date": "2022-09-18T21:00:00.000",
        "start_formatted": "September 18, 2022 12:00 PM",
        "end_formatted": "September 18, 2022 09:00 PM",
        "street_closure_type": "Full Street Closure",
        "community_board": "7,",
        "police_precinct": "72,"
      }
    },
    {
      "type": "Feature",
      "geometry": {
        "type": "Point",
        "coordinates": [
          -73.91801749999999,
          40.817747
        ]
      },
      "properties": {
        "event_id": "652594",
        "event_name": "Stickball Festival",
        "event_type": "Block Party",
        "event_agency": "Street Activity Permit Office",
        "event_location": "EAST  151 STREET between MELROSE AVENUE and COURTLANDT AVENUE",
        "event_borough": "Bronx",
        "start_date": "2022-09-18T11:00:00.000",
        "end_date": "2022-09-18T16:00:00.000",
        "start_formatted": "September 18, 2022 11:00 AM",
        "end_formatted": "September 18, 2022 04:00 PM",
        "street_closure_type": "Full Street Closure",
        "community_board": "1,",
        "police_precinct": "40,"
      }
    },
    {
      "type": "Feature",
      "geometry": {
        "type": "Point",
        "coordinates": [
          -73.9832585,
          40.666866
        ]
      },
      "properties": {
        "event_id": "659848",
        "event_name": "2022 10th Street Fall Block Party",
        "event_type": "Block Party",
        "event_agency": "Street Activity Permit Office",
        "event_location": "10 STREET between 7 AVENUE and 6 AVENUE",
        "event_borough": "Brooklyn",
        "start_date": "2022-09-18T11:00:00.000",
        "end_date": "2022-09-18T19:00:00.000",
        "start_formatted": "September 18, 2022 11:00 AM",
        "end_formatted": "September 18, 2022 07:00 PM",
        "street_closure_type": "Full Street Closure",
        "community_board": "6,",
        "police_precinct": "78,"
      }
    },
    {
      "type": "Feature",
      "geometry": {
        "type": "Point",
        "coordinates": [
          -73.9839915,
          40.6739865
        ]
      },
      "properties": {
        "event_id": "666624",
        "event_name": "2nd Street Block Party 2022",
        "event_type": "Block Party",
        "event_agency": "Street Activity Permit Office",
        "event_location": "2 STREET between 4 AVENUE and 5 AVENUE",
        "event_borough": "Brooklyn",
        "start_date": "2022-09-18T11:00:00.000",
        "end_date": "2022-09-18T19:00:00.000",
        "start_formatted": "September 18, 2022 11:00 AM",
        "end_formatted": "September 18, 2022 07:00 PM",
        "street_closure_type": "Full Street Closure",
        "community_board": "6,",
        "police_precinct": "78,"
      }
    },
    {
      "type": "Feature",
      "geometry": {
        "type": "Point",
        "coordinates": [
          -73.997553,
          40.69426
        ]
      },
      "properties": {
        "event_id": "658924",
        "event_name": "Fall Church BBQ",
        "event_type": "Block Party",
        "event_agency": "Street Activity Permit Office",
        "event_location": "GRACE COURT between HICKS STREET and DEAD END",
        "event_borough": "Brooklyn",
        "start_date": "2022-09-18T11:00:00.000",
        "end_date": "2022-09-18T14:00:00.000",
        "start_formatted": "September 18, 2022 11:00 AM",
        "end_formatted": "September 18, 2022 02:00 PM",
        "street_closure_type": "Full Street Closure",
        "community_board": "2,",
        "police_precinct": "84,"
      }
    },
    {
      "type": "Feature",
      "geometry": {
        "type": "Point",
        "coordinates": [
          -73.9663965,
          40.62585
        ]
      },
      "properties": {
        "event_id": "657257",
        "event_name": "Carnival 2022",
        "event_type": "Block Party",
        "event_agency": "Street Activity Permit Office",
        "event_location": "EAST   10 STREET between AVENUE I and AVENUE J",
        "event_borough": "Brooklyn",
        "start_date": "2022-09-18T10:00:00.000",
        "end_date": "2022-09-18T16:00:00.000",
        "start_formatted": "September 18, 2022 10:00 AM",
        "end_formatted": "September 18, 2022 04:00 PM",
        "street_closure_type": "Full Street Closure",
        "community_board": "12,",
        "police_precinct": "66,"
      }
    },
    {
      "type": "Feature",
      "geometry": {
        "type": "Point",
        "coordinates": [
          -74.00442749999999,
          40.630084
        ]
      },
      "properties": {
        "event_id": "663111",
        "event_name": "St George Block Party",
        "event_type": "Block Party",
        "event_agency": "Street Activity Permit Office",
        "event_location": "11 AVENUE between 62 STREET and 63 STREET",
        "event_borough": "Brooklyn",
        "start_date": "2022-09-18T10:00:00.000",
        "end_date": "2022-09-18T16:30:00.000",
        "start_formatted": "September 18, 2022 10:00 AM",
        "end_formatted": "September 18, 2022 04:30 PM",
        "street_closure_type": "Full Street Closure",
        "community_board": "10,",
        "police_precinct": "68,"
      }
    },
    {
      "type": "Feature",
      "geometry": {
        "type": "Point",
        "coordinates": [
          -73.977891,
          40.68262300000001
        ]
      },
      "properties": {
        "event_id": "634079",
        "event_name": "September Dean Street  Block Party",
        "event_type": "Block Party",
        "event_agency": "Street Activity Permit Office",
        "event_location": "DEAN STREET between FOURTH AVENUE and FIFTH AVENUE",
        "event_borough": "Brooklyn",
        "start_date": "2022-09-18T10:00:00.000",
        "end_date": "2022-09-18T19:00:00.000",
        "start_formatted": "September 18, 2022 10:00 AM",
        "end_formatted": "September 18, 2022 07:00 PM",
        "street_closure_type": "Full Street Closure",
        "community_board": "6,",
        "police_precinct": "78,"
      }
    },
    {
      "type": "Feature",
      "geometry": {
        "type": "Point",
        "coordinates": [
          -73.97964,
          40.675292
        ]
      },
      "properties": {
        "event_id": "649407",
        "event_name": "Block Party 2022",
        "event_type": "Block Party",
        "event_agency": "Street Activity Permit Office",
        "event_location": "PRESIDENT STREET between 5 AVENUE and 6 AVENUE",
        "event_borough": "Brooklyn",
        "start_date": "2022-09-18T10:00:00.000",
        "end_date": "2022-09-18T19:00:00.000",
        "start_formatted": "September 18, 2022 10:00 AM",
        "end_formatted": "September 18, 2022 07:00 PM",
        "street_closure_type": "Full Street Closure",
        "community_board": "6,",
        "police_precinct": "78,"
      }
    },
    {
      "type": "Feature",
      "geometry": {
        "type": "Point",
        "coordinates": [
          -74.0001965,
          40.680311
        ]
      },
      "properties": {
        "event_id": "651093",
        "event_name": "2nd Place Block Party 2022",
        "event_type": "Block Party",
        "event_agency": "Street Activity Permit Office",
        "event_location": "2 PLACE between CLINTON STREET and HENRY STREET",
        "event_borough": "Brooklyn",
        "start_date": "2022-09-18T10:00:00.000",
        "end_date": "2022-09-18T19:00:00.000",
        "start_formatted": "September 18, 2022 10:00 AM",
        "end_formatted": "September 18, 2022 07:00 PM",
        "street_closure_type": "Full Street Closure",
        "community_board": "6,",
        "police_precinct": "76,"
      }
    },
    {
      "type": "Feature",
      "geometry": {
        "type": "Point",
        "coordinates": [
          -74.006845,
          40.6277605
        ]
      },
      "properties": {
        "event_id": "663111",
        "event_name": "St George Block Party",
        "event_type": "Block Party",
        "event_agency": "Street Activity Permit Office",
        "event_location": "11 AVENUE between 67 STREET and 66 STREET",
        "event_borough": "Brooklyn",
        "start_date": "2022-09-18T10:00:00.000",
        "end_date": "2022-09-18T16:30:00.000",
        "start_formatted": "September 18, 2022 10:00 AM",
        "end_formatted": "September 18, 2022 04:30 PM",
        "street_closure_type": "Full Street Closure",
        "community_board": "10,",
        "police_precinct": "68,"
      }
    },
    {
      "type": "Feature",
      "geometry": {
        "type": "Point",
        "coordinates": [
          -73.8192435,
          40.822022000000004
        ]
      },
      "properties": {
        "event_id": "642656",
        "event_name": "6th Annual Community Day",
        "event_type": "Block Party",
        "event_agency": "Street Activity Permit Office",
        "event_location": "EAST  177 STREET between EAST TREMONT AVENUE and DEWEY AVENUE",
        "event_borough": "Bronx",
        "start_date": "2022-09-18T10:00:00.000",
        "end_date": "2022-09-18T16:00:00.000",
        "start_formatted": "September 18, 2022 10:00 AM",
        "end_formatted": "September 18, 2022 04:00 PM",
        "street_closure_type": "Full Street Closure",
        "community_board": "10,",
        "police_precinct": "45,"
      }
    },
    {
      "type": "Feature",
      "geometry": {
        "type": "Point",
        "coordinates": [
          -74.0040365,
          40.6270115
        ]
      },
      "properties": {
        "event_id": "668455",
        "event_name": "Our Lady of Cisne",
        "event_type": "Block Party",
        "event_agency": "Street Activity Permit Office",
        "event_location": "12 AVENUE between 65 STREET and 66 STREET",
        "event_borough": "Brooklyn",
        "start_date": "2022-09-18T09:00:00.000",
        "end_date": "2022-09-18T18:00:00.000",
        "start_formatted": "September 18, 2022 09:00 AM",
        "end_formatted": "September 18, 2022 06:00 PM",
        "street_closure_type": "Sidewalk and Street Closure",
        "community_board": "10,",
        "police_precinct": "68,"
      }
    },
    {
      "type": "Feature",
      "geometry": {
        "type": "Point",
        "coordinates": [
          -73.9113175,
          40.754196
        ]
      },
      "properties": {
        "event_id": "662092",
        "event_name": "Kea Devay Childrens Day",
        "event_type": "Block Party",
        "event_agency": "Street Activity Permit Office",
        "event_location": "NEWTOWN ROAD between 49 STREET and NORTHERN BOULEVARD",
        "event_borough": "Queens",
        "start_date": "2022-09-17T15:00:00.000",
        "end_date": "2022-09-17T19:00:00.000",
        "start_formatted": "September 17, 2022 03:00 PM",
        "end_formatted": "September 17, 2022 07:00 PM",
        "street_closure_type": "Full Street Closure",
        "community_board": "1,",
        "police_precinct": "114,"
      }
    },
    {
      "type": "Feature",
      "geometry": {
        "type": "Point",
        "coordinates": [
          -73.922455,
          40.692679
        ]
      },
      "properties": {
        "event_id": "658847",
        "event_name": "Community Outreach",
        "event_type": "Block Party",
        "event_agency": "Street Activity Permit Office",
        "event_location": "MENAHAN STREET between BUSHWICK AVENUE and EVERGREEN AVENUE",
        "event_borough": "Brooklyn",
        "start_date": "2022-09-17T14:00:00.000",
        "end_date": "2022-09-17T20:30:00.000",
        "start_formatted": "September 17, 2022 02:00 PM",
        "end_formatted": "September 17, 2022 08:30 PM",
        "street_closure_type": "Full Street Closure",
        "community_board": "4,",
        "police_precinct": "83,"
      }
    },
    {
      "type": "Feature",
      "geometry": {
        "type": "Point",
        "coordinates": [
          -73.9963255,
          40.6924705
        ]
      },
      "properties": {
        "event_id": "659412",
        "event_name": "GARDEN PLACE ANNUAL BLOCK PARTY",
        "event_type": "Block Party",
        "event_agency": "Street Activity Permit Office",
        "event_location": "GARDEN PLACE between JORALEMON STREET and STATE STREET",
        "event_borough": "Brooklyn",
        "start_date": "2022-09-17T14:00:00.000",
        "end_date": "2022-09-17T20:00:00.000",
        "start_formatted": "September 17, 2022 02:00 PM",
        "end_formatted": "September 17, 2022 08:00 PM",
        "street_closure_type": "Full Street Closure",
        "community_board": "2,",
        "police_precinct": "84,"
      }
    },
    {
      "type": "Feature",
      "geometry": {
        "type": "Point",
        "coordinates": [
          -73.889086,
          40.6678895
        ]
      },
      "properties": {
        "event_id": "660719",
        "event_name": "VAN SICLEN FAMILY AND FRIENDS",
        "event_type": "Block Party",
        "event_agency": "Street Activity Permit Office",
        "event_location": "VAN SICLEN AVENUE between BLAKE AVENUE and DUMONT AVENUE",
        "event_borough": "Brooklyn",
        "start_date": "2022-09-17T14:00:00.000",
        "end_date": "2022-09-17T23:00:00.000",
        "start_formatted": "September 17, 2022 02:00 PM",
        "end_formatted": "September 17, 2022 11:00 PM",
        "street_closure_type": "Full Street Closure",
        "community_board": "5,",
        "police_precinct": "75,"
      }
    },
    {
      "type": "Feature",
      "geometry": {
        "type": "Point",
        "coordinates": [
          -73.88767200000001,
          40.669692999999995
        ]
      },
      "properties": {
        "event_id": "660555",
        "event_name": "Schenck Avenues annual black party",
        "event_type": "Block Party",
        "event_agency": "Street Activity Permit Office",
        "event_location": "SCHENCK  AVENUE between SUTTER  AVENUE and BLAKE AVENUE",
        "event_borough": "Brooklyn",
        "start_date": "2022-09-17T13:30:00.000",
        "end_date": "2022-09-17T19:30:00.000",
        "start_formatted": "September 17, 2022 01:30 PM",
        "end_formatted": "September 17, 2022 07:30 PM",
        "street_closure_type": "Full Street Closure",
        "community_board": "5,",
        "police_precinct": "75,"
      }
    },
    {
      "type": "Feature",
      "geometry": {
        "type": "Point",
        "coordinates": [
          -73.9977215,
          40.685480999999996
        ]
      },
      "properties": {
        "event_id": "658324",
        "event_name": "Strong Place Block Party",
        "event_type": "Block Party",
        "event_agency": "Street Activity Permit Office",
        "event_location": "STRONG PLACE between DEGRAW STREET and KANE STREET",
        "event_borough": "Brooklyn",
        "start_date": "2022-09-17T13:00:00.000",
        "end_date": "2022-09-17T19:30:00.000",
        "start_formatted": "September 17, 2022 01:00 PM",
        "end_formatted": "September 17, 2022 07:30 PM",
        "street_closure_type": "Full Street Closure",
        "community_board": "6,",
        "police_precinct": "76,"
      }
    },
    {
      "type": "Feature",
      "geometry": {
        "type": "Point",
        "coordinates": [
          -74.147368,
          40.6132985
        ]
      },
      "properties": {
        "event_id": "655854",
        "event_name": "Holgate Block Party",
        "event_type": "Block Party",
        "event_agency": "Street Activity Permit Office",
        "event_location": "HOLGATE STREET between WILLOWBROOK ROAD and HAWTHORNE AVENUE",
        "event_borough": "Staten Island",
        "start_date": "2022-09-17T13:00:00.000",
        "end_date": "2022-09-17T21:00:00.000",
        "start_formatted": "September 17, 2022 01:00 PM",
        "end_formatted": "September 17, 2022 09:00 PM",
        "street_closure_type": "Full Street Closure",
        "community_board": "1,",
        "police_precinct": "121,"
      }
    },
    {
      "type": "Feature",
      "geometry": {
        "type": "Point",
        "coordinates": [
          -73.93325250000001,
          40.6814665
        ]
      },
      "properties": {
        "event_id": "665663",
        "event_name": "Jazz Block Party",
        "event_type": "Block Party",
        "event_agency": "Street Activity Permit Office",
        "event_location": "DECATUR STREET between LEWIS AVENUE and STUYVESANT AVENUE",
        "event_borough": "Brooklyn",
        "start_date": "2022-09-17T13:00:00.000",
        "end_date": "2022-09-17T16:00:00.000",
        "start_formatted": "September 17, 2022 01:00 PM",
        "end_formatted": "September 17, 2022 04:00 PM",
        "street_closure_type": "Full Street Closure",
        "community_board": "3,",
        "police_precinct": "81,"
      }
    },
    {
      "type": "Feature",
      "geometry": {
        "type": "Point",
        "coordinates": [
          -73.936469,
          40.682595
        ]
      },
      "properties": {
        "event_id": "649967",
        "event_name": "MLMG Annual Block Party",
        "event_type": "Block Party",
        "event_agency": "Street Activity Permit Office",
        "event_location": "MACON STREET between LEWIS AVENUE and MARCUS GARVEY BOULEVARD",
        "event_borough": "Brooklyn",
        "start_date": "2022-09-17T13:00:00.000",
        "end_date": "2022-09-17T19:00:00.000",
        "start_formatted": "September 17, 2022 01:00 PM",
        "end_formatted": "September 17, 2022 07:00 PM",
        "street_closure_type": "Sidewalk and Street Closure",
        "community_board": "3,",
        "police_precinct": "81,"
      }
    },
    {
      "type": "Feature",
      "geometry": {
        "type": "Point",
        "coordinates": [
          -74.14739,
          40.615809
        ]
      },
      "properties": {
        "event_id": "657538",
        "event_name": "Hawthorne Ave Block Party",
        "event_type": "Block Party",
        "event_agency": "Street Activity Permit Office",
        "event_location": "HAWTHORNE AVENUE between WATCHOGUE ROAD and CASWELL AVENUE",
        "event_borough": "Staten Island",
        "start_date": "2022-09-17T13:00:00.000",
        "end_date": "2022-09-17T21:00:00.000",
        "start_formatted": "September 17, 2022 01:00 PM",
        "end_formatted": "September 17, 2022 09:00 PM",
        "street_closure_type": "Full Street Closure",
        "community_board": "1,",
        "police_precinct": "121,"
      }
    },
    {
      "type": "Feature",
      "geometry": {
        "type": "Point",
        "coordinates": [
          -74.1070445,
          40.6231755
        ]
      },
      "properties": {
        "event_id": "658577",
        "event_name": "Davis avenue block party 22",
        "event_type": "Block Party",
        "event_agency": "Street Activity Permit Office",
        "event_location": "DAVIS AVENUE between WHITEWOOD AVENUE and DEAD END",
        "event_borough": "Staten Island",
        "start_date": "2022-09-17T13:00:00.000",
        "end_date": "2022-09-17T20:00:00.000",
        "start_formatted": "September 17, 2022 01:00 PM",
        "end_formatted": "September 17, 2022 08:00 PM",
        "street_closure_type": "Full Street Closure",
        "community_board": "1,",
        "police_precinct": "120,"
      }
    },
    {
      "type": "Feature",
      "geometry": {
        "type": "Point",
        "coordinates": [
          -74.118753,
          40.6269075
        ]
      },
      "properties": {
        "event_id": "656300",
        "event_name": "Clove Lake Pl Block Party",
        "event_type": "Block Party",
        "event_agency": "Street Activity Permit Office",
        "event_location": "CLOVE LAKE PLACE between ELIZABETH STREET  and CLOVE ROAD",
        "event_borough": "Staten Island",
        "start_date": "2022-09-17T13:00:00.000",
        "end_date": "2022-09-17T20:00:00.000",
        "start_formatted": "September 17, 2022 01:00 PM",
        "end_formatted": "September 17, 2022 08:00 PM",
        "street_closure_type": "Full Street Closure",
        "community_board": "1,",
        "police_precinct": "120,"
      }
    },
    {
      "type": "Feature",
      "geometry": {
        "type": "Point",
        "coordinates": [
          -74.0158855,
          40.6207895
        ]
      },
      "properties": {
        "event_id": "659681",
        "event_name": "80th street",
        "event_type": "Block Party",
        "event_agency": "Street Activity Permit Office",
        "event_location": "80 STREET between 10 AVENUE and 11 AVENUE",
        "event_borough": "Brooklyn",
        "start_date": "2022-09-17T13:00:00.000",
        "end_date": "2022-09-17T21:00:00.000",
        "start_formatted": "September 17, 2022 01:00 PM",
        "end_formatted": "September 17, 2022 09:00 PM",
        "street_closure_type": "Full Street Closure",
        "community_board": "10,",
        "police_precinct": "68,"
      }
    },
    {
      "type": "Feature",
      "geometry": {
        "type": "Point",
        "coordinates": [
          -73.99476000000001,
          40.678339
        ]
      },
      "properties": {
        "event_id": "638814",
        "event_name": "Third Street association Block Party",
        "event_type": "Block Party",
        "event_agency": "Street Activity Permit Office",
        "event_location": "THIRD STREET between SMITH STREET and HOYT STREET",
        "event_borough": "Brooklyn",
        "start_date": "2022-09-17T13:00:00.000",
        "end_date": "2022-09-17T21:00:00.000",
        "start_formatted": "September 17, 2022 01:00 PM",
        "end_formatted": "September 17, 2022 09:00 PM",
        "street_closure_type": "Full Street Closure",
        "community_board": "6,",
        "police_precinct": "76,"
      }
    },
    {
      "type": "Feature",
      "geometry": {
        "type": "Point",
        "coordinates": [
          -73.97835850000001,
          40.6532275
        ]
      },
      "properties": {
        "event_id": "643294",
        "event_name": "19th Street Block Party",
        "event_type": "Block Party",
        "event_agency": "Street Activity Permit Office",
        "event_location": "19 STREET between SEELEY STREET and VANDERBILT STREET",
        "event_borough": "Brooklyn",
        "start_date": "2022-09-17T13:00:00.000",
        "end_date": "2022-09-17T20:00:00.000",
        "start_formatted": "September 17, 2022 01:00 PM",
        "end_formatted": "September 17, 2022 08:00 PM",
        "street_closure_type": "Full Street Closure",
        "community_board": "7,",
        "police_precinct": "72,"
      }
    },
    {
      "type": "Feature",
      "geometry": {
        "type": "Point",
        "coordinates": [
          -73.93844949999999,
          40.61498
        ]
      },
      "properties": {
        "event_id": "661111",
        "event_name": "Block party",
        "event_type": "Block Party",
        "event_agency": "Street Activity Permit Office",
        "event_location": "EAST   35 STREET between AVENUE P and QUENTIN ROAD",
        "event_borough": "Brooklyn",
        "start_date": "2022-09-17T12:30:00.000",
        "end_date": "2022-09-17T20:30:00.000",
        "start_formatted": "September 17, 2022 12:30 PM",
        "end_formatted": "September 17, 2022 08:30 PM",
        "street_closure_type": "Full Street Closure",
        "community_board": "18,",
        "police_precinct": "63,"
      }
    },
    {
      "type": "Feature",
      "geometry": {
        "type": "Point",
        "coordinates": [
          -73.987629,
          40.6655985
        ]
      },
      "properties": {
        "event_id": "653271",
        "event_name": "Block Party",
        "event_type": "Block Party",
        "event_agency": "Street Activity Permit Office",
        "event_location": "14 STREET between 5 AVENUE and 6 AVENUE",
        "event_borough": "Brooklyn",
        "start_date": "2022-09-17T12:30:00.000",
        "end_date": "2022-09-17T20:30:00.000",
        "start_formatted": "September 17, 2022 12:30 PM",
        "end_formatted": "September 17, 2022 08:30 PM",
        "street_closure_type": "Sidewalk and Street Closure",
        "community_board": "6,",
        "police_precinct": "78,"
      }
    },
    {
      "type": "Feature",
      "geometry": {
        "type": "Point",
        "coordinates": [
          -73.97733500000001,
          40.658086
        ]
      },
      "properties": {
        "event_id": "645824",
        "event_name": "Annual Windsor Place Block Party",
        "event_type": "Block Party",
        "event_agency": "Street Activity Permit Office",
        "event_location": "WINDSOR PLACE between 10 AVENUE and 11 AVENUE",
        "event_borough": "Brooklyn",
        "start_date": "2022-09-17T12:00:00.000",
        "end_date": "2022-09-17T20:00:00.000",
        "start_formatted": "September 17, 2022 12:00 PM",
        "end_formatted": "September 17, 2022 08:00 PM",
        "street_closure_type": "Full Street Closure",
        "community_board": "7,",
        "police_precinct": "72,"
      }
    },
    {
      "type": "Feature",
      "geometry": {
        "type": "Point",
        "coordinates": [
          -73.9401795,
          40.6017675
        ]
      },
      "properties": {
        "event_id": "659642",
        "event_name": "Brown Street Block Party",
        "event_type": "Block Party",
        "event_agency": "Street Activity Permit Office",
        "event_location": "BROWN STREET between AVENUE U and AVENUE T",
        "event_borough": "Brooklyn",
        "start_date": "2022-09-17T12:00:00.000",
        "end_date": "2022-09-17T21:00:00.000",
        "start_formatted": "September 17, 2022 12:00 PM",
        "end_formatted": "September 17, 2022 09:00 PM",
        "street_closure_type": "Full Street Closure",
        "community_board": "15,",
        "police_precinct": "61,"
      }
    },
    {
      "type": "Feature",
      "geometry": {
        "type": "Point",
        "coordinates": [
          -74.0347885,
          40.632346
        ]
      },
      "properties": {
        "event_id": "652680",
        "event_name": "76th Street Block Party",
        "event_type": "Block Party",
        "event_agency": "Street Activity Permit Office",
        "event_location": "76 STREET between COLONIAL ROAD and NARROWS AVENUE",
        "event_borough": "Brooklyn",
        "start_date": "2022-09-17T12:00:00.000",
        "end_date": "2022-09-17T21:00:00.000",
        "start_formatted": "September 17, 2022 12:00 PM",
        "end_formatted": "September 17, 2022 09:00 PM",
        "street_closure_type": "Full Street Closure",
        "community_board": "10,",
        "police_precinct": "68,"
      }
    },
    {
      "type": "Feature",
      "geometry": {
        "type": "Point",
        "coordinates": [
          -73.9923315,
          40.678015
        ]
      },
      "properties": {
        "event_id": "623827",
        "event_name": "2nd St. Annual Block Party",
        "event_type": "Block Party",
        "event_agency": "Street Activity Permit Office",
        "event_location": "2 STREET between HOYT STREET and BOND STREET",
        "event_borough": "Brooklyn",
        "start_date": "2022-09-17T12:00:00.000",
        "end_date": "2022-09-17T20:00:00.000",
        "start_formatted": "September 17, 2022 12:00 PM",
        "end_formatted": "September 17, 2022 08:00 PM",
        "street_closure_type": "Full Street Closure",
        "community_board": "6,",
        "police_precinct": "76,"
      }
    },
    {
      "type": "Feature",
      "geometry": {
        "type": "Point",
        "coordinates": [
          -74.0335415,
          40.6210035
        ]
      },
      "properties": {
        "event_id": "640068",
        "event_name": "90th Street-20th Annual Block Party",
        "event_type": "Block Party",
        "event_agency": "Street Activity Permit Office",
        "event_location": "90 STREET between RIDGE BOULEVARD and 3 AVENUE",
        "event_borough": "Brooklyn",
        "start_date": "2022-09-17T12:00:00.000",
        "end_date": "2022-09-17T21:00:00.000",
        "start_formatted": "September 17, 2022 12:00 PM",
        "end_formatted": "September 17, 2022 09:00 PM",
        "street_closure_type": "Full Street Closure",
        "community_board": "10,",
        "police_precinct": "68,"
      }
    },
    {
      "type": "Feature",
      "geometry": {
        "type": "Point",
        "coordinates": [
          -73.99195950000001,
          40.6824845
        ]
      },
      "properties": {
        "event_id": "654855",
        "event_name": "DeGraw Street Block Party",
        "event_type": "Block Party",
        "event_agency": "Street Activity Permit Office",
        "event_location": "DEGRAW STREET between SMITH STREET and HOYT STREET",
        "event_borough": "Brooklyn",
        "start_date": "2022-09-17T12:00:00.000",
        "end_date": "2022-09-17T20:30:00.000",
        "start_formatted": "September 17, 2022 12:00 PM",
        "end_formatted": "September 17, 2022 08:30 PM",
        "street_closure_type": "Full Street Closure",
        "community_board": "6,",
        "police_precinct": "76,"
      }
    },
    {
      "type": "Feature",
      "geometry": {
        "type": "Point",
        "coordinates": [
          -73.960159,
          40.8156215
        ]
      },
      "properties": {
        "event_id": "653974",
        "event_name": "West Harlem Coalition Anti Gentrification Street Fair",
        "event_type": "Block Party",
        "event_agency": "Street Activity Permit Office",
        "event_location": "TIEMANN PLACE between BROADWAY and RIVERSIDE DRIVE",
        "event_borough": "Manhattan",
        "start_date": "2022-09-17T12:00:00.000",
        "end_date": "2022-09-17T21:00:00.000",
        "start_formatted": "September 17, 2022 12:00 PM",
        "end_formatted": "September 17, 2022 09:00 PM",
        "street_closure_type": "Full Street Closure",
        "community_board": "9,",
        "police_precinct": "26,"
      }
    },
    {
      "type": "Feature",
      "geometry": {
        "type": "Point",
        "coordinates": [
          -73.9780315,
          40.6651825
        ]
      },
      "properties": {
        "event_id": "662350",
        "event_name": "9th Street Block Party",
        "event_type": "Block Party",
        "event_agency": "Street Activity Permit Office",
        "event_location": "9 STREET between 8 AVENUE and PROSPECT PARK WEST",
        "event_borough": "Brooklyn",
        "start_date": "2022-09-17T12:00:00.000",
        "end_date": "2022-09-17T20:00:00.000",
        "start_formatted": "September 17, 2022 12:00 PM",
        "end_formatted": "September 17, 2022 08:00 PM",
        "street_closure_type": "Full Street Closure",
        "community_board": "6,",
        "police_precinct": "78,"
      }
    },
    {
      "type": "Feature",
      "geometry": {
        "type": "Point",
        "coordinates": [
          -73.9807445,
          40.669881000000004
        ]
      },
      "properties": {
        "event_id": "660891",
        "event_name": "5th Street between 6th and 7thAve",
        "event_type": "Block Party",
        "event_agency": "Street Activity Permit Office",
        "event_location": "5 STREET between 6 AVENUE and 7 AVENUE",
        "event_borough": "Brooklyn",
        "start_date": "2022-09-17T12:00:00.000",
        "end_date": "2022-09-17T21:00:00.000",
        "start_formatted": "September 17, 2022 12:00 PM",
        "end_formatted": "September 17, 2022 09:00 PM",
        "street_closure_type": "Full Street Closure",
        "community_board": "6,",
        "police_precinct": "78,"
      }
    },
    {
      "type": "Feature",
      "geometry": {
        "type": "Point",
        "coordinates": [
          -73.9928,
          40.663714999999996
        ]
      },
      "properties": {
        "event_id": "659360",
        "event_name": "18th Street Sept Block Party",
        "event_type": "Block Party",
        "event_agency": "Street Activity Permit Office",
        "event_location": "18 STREET between 4 AVENUE and 5 AVENUE",
        "event_borough": "Brooklyn",
        "start_date": "2022-09-17T12:00:00.000",
        "end_date": "2022-09-17T21:00:00.000",
        "start_formatted": "September 17, 2022 12:00 PM",
        "end_formatted": "September 17, 2022 09:00 PM",
        "street_closure_type": "Full Street Closure",
        "community_board": "7,",
        "police_precinct": "72,"
      }
    },
    {
      "type": "Feature",
      "geometry": {
        "type": "Point",
        "coordinates": [
          -73.94247150000001,
          40.8090145
        ]
      },
      "properties": {
        "event_id": "650322",
        "event_name": "128 street family and friends",
        "event_type": "Block Party",
        "event_agency": "Street Activity Permit Office",
        "event_location": "WEST  128 STREET between LENOX AVENUE and 5 AVENUE",
        "event_borough": "Manhattan",
        "start_date": "2022-09-17T12:00:00.000",
        "end_date": "2022-09-17T18:00:00.000",
        "start_formatted": "September 17, 2022 12:00 PM",
        "end_formatted": "September 17, 2022 06:00 PM",
        "street_closure_type": "Full Street Closure",
        "community_board": "10,",
        "police_precinct": "32,"
      }
    },
    {
      "type": "Feature",
      "geometry": {
        "type": "Point",
        "coordinates": [
          -73.97257400000001,
          40.671735999999996
        ]
      },
      "properties": {
        "event_id": "662056",
        "event_name": "Carroll Street PPW",
        "event_type": "Block Party",
        "event_agency": "Street Activity Permit Office",
        "event_location": "CARROLL STREET between 8 AVENUE and PROSPECT PARK WEST",
        "event_borough": "Brooklyn",
        "start_date": "2022-09-17T12:00:00.000",
        "end_date": "2022-09-17T20:00:00.000",
        "start_formatted": "September 17, 2022 12:00 PM",
        "end_formatted": "September 17, 2022 08:00 PM",
        "street_closure_type": "Full Street Closure",
        "community_board": "6,",
        "police_precinct": "78,"
      }
    },
    {
      "type": "Feature",
      "geometry": {
        "type": "Point",
        "coordinates": [
          -73.9928845,
          40.667294
        ]
      },
      "properties": {
        "event_id": "659789",
        "event_name": "15th Street Block Party",
        "event_type": "Block Party",
        "event_agency": "Street Activity Permit Office",
        "event_location": "15 STREET between 3 AVENUE and 4 AVENUE",
        "event_borough": "Brooklyn",
        "start_date": "2022-09-17T12:00:00.000",
        "end_date": "2022-09-17T19:00:00.000",
        "start_formatted": "September 17, 2022 12:00 PM",
        "end_formatted": "September 17, 2022 07:00 PM",
        "street_closure_type": "Full Street Closure",
        "community_board": "6, 7,",
        "police_precinct": "72, 78,"
      }
    },
    {
      "type": "Feature",
      "geometry": {
        "type": "Point",
        "coordinates": [
          -73.975849,
          40.6762205
        ]
      },
      "properties": {
        "event_id": "571904",
        "event_name": "Lincoln Place Block Association",
        "event_type": "Block Party",
        "event_agency": "Street Activity Permit Office",
        "event_location": "LINCOLN PLACE between 7 AVENUE and 6 AVENUE",
        "event_borough": "Brooklyn",
        "start_date": "2022-09-17T12:00:00.000",
        "end_date": "2022-09-17T19:00:00.000",
        "start_formatted": "September 17, 2022 12:00 PM",
        "end_formatted": "September 17, 2022 07:00 PM",
        "street_closure_type": "Full Street Closure",
        "community_board": "6,",
        "police_precinct": "78,"
      }
    },
    {
      "type": "Feature",
      "geometry": {
        "type": "Point",
        "coordinates": [
          -73.8943105,
          40.8698045
        ]
      },
      "properties": {
        "event_id": "663198",
        "event_name": "Rock the Block",
        "event_type": "Block Party",
        "event_agency": "Street Activity Permit Office",
        "event_location": "MORRIS AVE  between EAST 196 STREET  and JEROME AVE",
        "event_borough": "Bronx",
        "start_date": "2022-09-17T12:00:00.000",
        "end_date": "2022-09-17T17:00:00.000",
        "start_formatted": "September 17, 2022 12:00 PM",
        "end_formatted": "September 17, 2022 05:00 PM",
        "street_closure_type": "Full Street Closure",
        "community_board": "7,",
        "police_precinct": "52,"
      }
    },
    {
      "type": "Feature",
      "geometry": {
        "type": "Point",
        "coordinates": [
          -73.9854675,
          40.683966
        ]
      },
      "properties": {
        "event_id": "658359",
        "event_name": "WYBBAN block Assoc. Block Party",
        "event_type": "Block Party",
        "event_agency": "Street Activity Permit Office",
        "event_location": "WYCKOFF STREET between BOND STREET and NEVINS STREET",
        "event_borough": "Brooklyn",
        "start_date": "2022-09-17T12:00:00.000",
        "end_date": "2022-09-17T20:00:00.000",
        "start_formatted": "September 17, 2022 12:00 PM",
        "end_formatted": "September 17, 2022 08:00 PM",
        "street_closure_type": "Full Street Closure",
        "community_board": "2,",
        "police_precinct": "84,"
      }
    },
    {
      "type": "Feature",
      "geometry": {
        "type": "Point",
        "coordinates": [
          -73.991698,
          40.672639000000004
        ]
      },
      "properties": {
        "event_id": "652021",
        "event_name": "Gowanus 8th Street Block Party",
        "event_type": "Block Party",
        "event_agency": "Street Activity Permit Office",
        "event_location": "8 STREET between 2 AVENUE and 3 AVENUE",
        "event_borough": "Brooklyn",
        "start_date": "2022-09-17T12:00:00.000",
        "end_date": "2022-09-17T20:00:00.000",
        "start_formatted": "September 17, 2022 12:00 PM",
        "end_formatted": "September 17, 2022 08:00 PM",
        "street_closure_type": "Full Street Closure",
        "community_board": "6,",
        "police_precinct": "78,"
      }
    },
    {
      "type": "Feature",
      "geometry": {
        "type": "Point",
        "coordinates": [
          -74.030003,
          40.622407499999994
        ]
      },
      "properties": {
        "event_id": "661439",
        "event_name": "87th Street Block Party 2022",
        "event_type": "Block Party",
        "event_agency": "Street Activity Permit Office",
        "event_location": "87 STREET between 3 AVENUE and 4 AVENUE",
        "event_borough": "Brooklyn",
        "start_date": "2022-09-17T12:00:00.000",
        "end_date": "2022-09-17T21:00:00.000",
        "start_formatted": "September 17, 2022 12:00 PM",
        "end_formatted": "September 17, 2022 09:00 PM",
        "street_closure_type": "Full Street Closure",
        "community_board": "10,",
        "police_precinct": "68,"
      }
    },
    {
      "type": "Feature",
      "geometry": {
        "type": "Point",
        "coordinates": [
          -73.9967925,
          40.685198
        ]
      },
      "properties": {
        "event_id": "636973",
        "event_name": "Clinton Street Block Party 2022",
        "event_type": "Block Party",
        "event_agency": "Street Activity Permit Office",
        "event_location": "CLINTON STREET between KANE STREET and DEGRAW STREET",
        "event_borough": "Brooklyn",
        "start_date": "2022-09-17T12:00:00.000",
        "end_date": "2022-09-17T21:00:00.000",
        "start_formatted": "September 17, 2022 12:00 PM",
        "end_formatted": "September 17, 2022 09:00 PM",
        "street_closure_type": "Full Street Closure",
        "community_board": "6,",
        "police_precinct": "76,"
      }
    },
    {
      "type": "Feature",
      "geometry": {
        "type": "Point",
        "coordinates": [
          -74.011448,
          40.645787999999996
        ]
      },
      "properties": {
        "event_id": "635884",
        "event_name": "50th Street Block Party",
        "event_type": "Block Party",
        "event_agency": "Street Activity Permit Office",
        "event_location": "50 STREET between 4 AVENUE and 5 AVENUE",
        "event_borough": "Brooklyn",
        "start_date": "2022-09-17T12:00:00.000",
        "end_date": "2022-09-17T21:00:00.000",
        "start_formatted": "September 17, 2022 12:00 PM",
        "end_formatted": "September 17, 2022 09:00 PM",
        "street_closure_type": "Full Street Closure",
        "community_board": "7,",
        "police_precinct": "72,"
      }
    },
    {
      "type": "Feature",
      "geometry": {
        "type": "Point",
        "coordinates": [
          -74.00562,
          40.651388
        ]
      },
      "properties": {
        "event_id": "654498",
        "event_name": "40th Street Block Party 2",
        "event_type": "Block Party",
        "event_agency": "Street Activity Permit Office",
        "event_location": "40 STREET between 4 AVENUE and 5 AVENUE",
        "event_borough": "Brooklyn",
        "start_date": "2022-09-17T12:00:00.000",
        "end_date": "2022-09-17T21:00:00.000",
        "start_formatted": "September 17, 2022 12:00 PM",
        "end_formatted": "September 17, 2022 09:00 PM",
        "street_closure_type": "Full Street Closure",
        "community_board": "7,",
        "police_precinct": "72,"
      }
    },
    {
      "type": "Feature",
      "geometry": {
        "type": "Point",
        "coordinates": [
          -73.978916,
          40.651335
        ]
      },
      "properties": {
        "event_id": "622929",
        "event_name": "East 3 Block party",
        "event_type": "Block Party",
        "event_agency": "Street Activity Permit Office",
        "event_location": "EAST    3 STREET between GREENWOOD AVENUE and VANDERBILT STREET",
        "event_borough": "Brooklyn",
        "start_date": "2022-09-17T12:00:00.000",
        "end_date": "2022-09-17T19:00:00.000",
        "start_formatted": "September 17, 2022 12:00 PM",
        "end_formatted": "September 17, 2022 07:00 PM",
        "street_closure_type": "Full Street Closure",
        "community_board": "7,",
        "police_precinct": "72,"
      }
    },
    {
      "type": "Feature",
      "geometry": {
        "type": "Point",
        "coordinates": [
          -73.8692335,
          40.719477499999996
        ]
      },
      "properties": {
        "event_id": "661830",
        "event_name": "83rd Place Neighbors Block Party",
        "event_type": "Block Party",
        "event_agency": "Street Activity Permit Office",
        "event_location": "83 PLACE between FURMANVILLE AVENUE and 64 ROAD",
        "event_borough": "Queens",
        "start_date": "2022-09-17T12:00:00.000",
        "end_date": "2022-09-17T20:00:00.000",
        "start_formatted": "September 17, 2022 12:00 PM",
        "end_formatted": "September 17, 2022 08:00 PM",
        "street_closure_type": "Full Street Closure",
        "community_board": "5,",
        "police_precinct": "104,"
      }
    },
    {
      "type": "Feature",
      "geometry": {
        "type": "Point",
        "coordinates": [
          -73.955207,
          40.6605455
        ]
      },
      "properties": {
        "event_id": "645755",
        "event_name": "Maple St Block Party",
        "event_type": "Block Party",
        "event_agency": "Street Activity Permit Office",
        "event_location": "MAPLE STREET between BEDFORD AVENUE and ROGERS AVENUE",
        "event_borough": "Brooklyn",
        "start_date": "2022-09-17T12:00:00.000",
        "end_date": "2022-09-17T20:00:00.000",
        "start_formatted": "September 17, 2022 12:00 PM",
        "end_formatted": "September 17, 2022 08:00 PM",
        "street_closure_type": "Full Street Closure",
        "community_board": "9,",
        "police_precinct": "71,"
      }
    },
    {
      "type": "Feature",
      "geometry": {
        "type": "Point",
        "coordinates": [
          -73.88231250000001,
          40.7051025
        ]
      },
      "properties": {
        "event_id": "660594",
        "event_name": "70th Street Block Party",
        "event_type": "Block Party",
        "event_agency": "Street Activity Permit Office",
        "event_location": "70 STREET between 70 AVENUE and CENTRAL AVENUE",
        "event_borough": "Queens",
        "start_date": "2022-09-17T12:00:00.000",
        "end_date": "2022-09-17T21:00:00.000",
        "start_formatted": "September 17, 2022 12:00 PM",
        "end_formatted": "September 17, 2022 09:00 PM",
        "street_closure_type": "Full Street Closure",
        "community_board": "5,",
        "police_precinct": "104,"
      }
    },
    {
      "type": "Feature",
      "geometry": {
        "type": "Point",
        "coordinates": [
          -73.7529925,
          40.608798
        ]
      },
      "properties": {
        "event_id": "660040",
        "event_name": "Redfern Family Day",
        "event_type": "Block Party",
        "event_agency": "Street Activity Permit Office",
        "event_location": "HASSOCK ST between BEACH CHANNEL DR and REDFERN AVE",
        "event_borough": "Queens",
        "start_date": "2022-09-17T12:00:00.000",
        "end_date": "2022-09-17T18:00:00.000",
        "start_formatted": "September 17, 2022 12:00 PM",
        "end_formatted": "September 17, 2022 06:00 PM",
        "street_closure_type": "Full Street Closure",
        "community_board": "14,",
        "police_precinct": "101,"
      }
    },
    {
      "type": "Feature",
      "geometry": {
        "type": "Point",
        "coordinates": [
          -73.9805355,
          40.658889
        ]
      },
      "properties": {
        "event_id": "652039",
        "event_name": "Howard Place Block Party 2022",
        "event_type": "Block Party",
        "event_agency": "Street Activity Permit Office",
        "event_location": "HOWARD PLACE between WINDSOR PLACE and PROSPECT AVENUE",
        "event_borough": "Brooklyn",
        "start_date": "2022-09-17T12:00:00.000",
        "end_date": "2022-09-17T21:00:00.000",
        "start_formatted": "September 17, 2022 12:00 PM",
        "end_formatted": "September 17, 2022 09:00 PM",
        "street_closure_type": "Full Street Closure",
        "community_board": "7,",
        "police_precinct": "72,"
      }
    },
    {
      "type": "Feature",
      "geometry": {
        "type": "Point",
        "coordinates": [
          -73.8418355,
          40.7106405
        ]
      },
      "properties": {
        "event_id": "659176",
        "event_name": "Kessel Street Family Block Party",
        "event_type": "Block Party",
        "event_agency": "Street Activity Permit Office",
        "event_location": "KESSEL STREET between 75 ROAD and WHITSON STREET",
        "event_borough": "Queens",
        "start_date": "2022-09-17T11:30:00.000",
        "end_date": "2022-09-17T19:30:00.000",
        "start_formatted": "September 17, 2022 11:30 AM",
        "end_formatted": "September 17, 2022 07:30 PM",
        "street_closure_type": "Full Street Closure",
        "community_board": "6,",
        "police_precinct": "112,"
      }
    },
    {
      "type": "Feature",
      "geometry": {
        "type": "Point",
        "coordinates": [
          -73.9842645,
          40.665662499999996
        ]
      },
      "properties": {
        "event_id": "655975",
        "event_name": "12 Street Block Party",
        "event_type": "Block Party",
        "event_agency": "Street Activity Permit Office",
        "event_location": "12 STREET between 6 AVENUE and 7 AVENUE",
        "event_borough": "Brooklyn",
        "start_date": "2022-09-17T11:00:00.000",
        "end_date": "2022-09-17T19:00:00.000",
        "start_formatted": "September 17, 2022 11:00 AM",
        "end_formatted": "September 17, 2022 07:00 PM",
        "street_closure_type": "Full Street Closure",
        "community_board": "6,",
        "police_precinct": "78,"
      }
    },
    {
      "type": "Feature",
      "geometry": {
        "type": "Point",
        "coordinates": [
          -73.94769600000001,
          40.709096
        ]
      },
      "properties": {
        "event_id": "666002",
        "event_name": "Anniversary  Block Party",
        "event_type": "Block Party",
        "event_agency": "Street Activity Permit Office",
        "event_location": "STAGG STREET between LORIMER STREET and LEONARD STREET",
        "event_borough": "Brooklyn",
        "start_date": "2022-09-17T11:00:00.000",
        "end_date": "2022-09-17T19:00:00.000",
        "start_formatted": "September 17, 2022 11:00 AM",
        "end_formatted": "September 17, 2022 07:00 PM",
        "street_closure_type": "Sidewalk and Curb Lane Closure",
        "community_board": "1,",
        "police_precinct": "90,"
      }
    },
    {
      "type": "Feature",
      "geometry": {
        "type": "Point",
        "coordinates": [
          -73.94923299999999,
          40.805186
        ]
      },
      "properties": {
        "event_id": "656271",
        "event_name": "2022 Block Party",
        "event_type": "Block Party",
        "event_agency": "Street Activity Permit Office",
        "event_location": "WEST  120 STREET between ADAM CLAYTON POWELL BOULEVARD and LENOX AVENUE",
        "event_borough": "Manhattan",
        "start_date": "2022-09-17T11:00:00.000",
        "end_date": "2022-09-17T16:00:00.000",
        "start_formatted": "September 17, 2022 11:00 AM",
        "end_formatted": "September 17, 2022 04:00 PM",
        "street_closure_type": "Full Street Closure",
        "community_board": "10,",
        "police_precinct": "28,"
      }
    },
    {
      "type": "Feature",
      "geometry": {
        "type": "Point",
        "coordinates": [
          -73.92476450000001,
          40.6962915
        ]
      },
      "properties": {
        "event_id": "662337",
        "event_name": "Stanhope Block Party",
        "event_type": "Block Party",
        "event_agency": "Street Activity Permit Office",
        "event_location": "STANHOPE STREET between CENTRAL AVENUE and EVERGREEN AVENUE",
        "event_borough": "Brooklyn",
        "start_date": "2022-09-17T11:00:00.000",
        "end_date": "2022-09-17T19:00:00.000",
        "start_formatted": "September 17, 2022 11:00 AM",
        "end_formatted": "September 17, 2022 07:00 PM",
        "street_closure_type": "Full Street Closure",
        "community_board": "4,",
        "police_precinct": "83,"
      }
    },
    {
      "type": "Feature",
      "geometry": {
        "type": "Point",
        "coordinates": [
          -74.1118085,
          40.6265565
        ]
      },
      "properties": {
        "event_id": "661450",
        "event_name": "Bosworth st Block party 2022",
        "event_type": "Block Party",
        "event_agency": "Street Activity Permit Office",
        "event_location": "BOSWORTH STREET between BEMENT AVENUE and NORTH BURGHER AVENUE",
        "event_borough": "Staten Island",
        "start_date": "2022-09-17T11:00:00.000",
        "end_date": "2022-09-17T20:00:00.000",
        "start_formatted": "September 17, 2022 11:00 AM",
        "end_formatted": "September 17, 2022 08:00 PM",
        "street_closure_type": "Full Street Closure",
        "community_board": "1,",
        "police_precinct": "120,"
      }
    },
    {
      "type": "Feature",
      "geometry": {
        "type": "Point",
        "coordinates": [
          -73.9376355,
          40.688458999999995
        ]
      },
      "properties": {
        "event_id": "662884",
        "event_name": "Block Party",
        "event_type": "Block Party",
        "event_agency": "Street Activity Permit Office",
        "event_location": "QUINCY STREET between MARCUS GARVEY BOULEVARD and LEWIS AVENUE",
        "event_borough": "Brooklyn",
        "start_date": "2022-09-17T11:00:00.000",
        "end_date": "2022-09-17T18:30:00.000",
        "start_formatted": "September 17, 2022 11:00 AM",
        "end_formatted": "September 17, 2022 06:30 PM",
        "street_closure_type": "Full Street Closure",
        "community_board": "3,",
        "police_precinct": "81,"
      }
    },
    {
      "type": "Feature",
      "geometry": {
        "type": "Point",
        "coordinates": [
          -73.90581800000001,
          40.6905285
        ]
      },
      "properties": {
        "event_id": "642684",
        "event_name": "Back to school event",
        "event_type": "Block Party",
        "event_agency": "Street Activity Permit Office",
        "event_location": "DECATUR STREET between KNICKERBOCKER AVENUE and WILSON AVENUE",
        "event_borough": "Brooklyn",
        "start_date": "2022-09-17T11:00:00.000",
        "end_date": "2022-09-17T20:00:00.000",
        "start_formatted": "September 17, 2022 11:00 AM",
        "end_formatted": "September 17, 2022 08:00 PM",
        "street_closure_type": "Full Street Closure",
        "community_board": "4,",
        "police_precinct": "83,"
      }
    },
    {
      "type": "Feature",
      "geometry": {
        "type": "Point",
        "coordinates": [
          -73.99383499999999,
          40.679717999999994
        ]
      },
      "properties": {
        "event_id": "662175",
        "event_name": "Carroll Street Block Party",
        "event_type": "Block Party",
        "event_agency": "Street Activity Permit Office",
        "event_location": "CARROLL STREET between SMITH STREET and HOYT STREET",
        "event_borough": "Brooklyn",
        "start_date": "2022-09-17T11:00:00.000",
        "end_date": "2022-09-17T20:00:00.000",
        "start_formatted": "September 17, 2022 11:00 AM",
        "end_formatted": "September 17, 2022 08:00 PM",
        "street_closure_type": "Full Street Closure",
        "community_board": "6,",
        "police_precinct": "76,"
      }
    },
    {
      "type": "Feature",
      "geometry": {
        "type": "Point",
        "coordinates": [
          -74.1603045,
          40.5333595
        ]
      },
      "properties": {
        "event_id": "654466",
        "event_name": "Osage Lane Block Party",
        "event_type": "Block Party",
        "event_agency": "Street Activity Permit Office",
        "event_location": "OSAGE LANE between WOODS OF ARDEN ROAD and HALES AVENUE",
        "event_borough": "Staten Island",
        "start_date": "2022-09-17T11:00:00.000",
        "end_date": "2022-09-17T20:00:00.000",
        "start_formatted": "September 17, 2022 11:00 AM",
        "end_formatted": "September 17, 2022 08:00 PM",
        "street_closure_type": "Full Street Closure",
        "community_board": "3,",
        "police_precinct": "123,"
      }
    },
    {
      "type": "Feature",
      "geometry": {
        "type": "Point",
        "coordinates": [
          -73.852779,
          40.713842
        ]
      },
      "properties": {
        "event_id": "662438",
        "event_name": "Loubet Street 3rd Annual 2022 Block Party",
        "event_type": "Block Party",
        "event_agency": "Street Activity Permit Office",
        "event_location": "LOUBET STREET between 69 AVENUE and 70 AVENUE",
        "event_borough": "Queens",
        "start_date": "2022-09-17T11:00:00.000",
        "end_date": "2022-09-17T19:00:00.000",
        "start_formatted": "September 17, 2022 11:00 AM",
        "end_formatted": "September 17, 2022 07:00 PM",
        "street_closure_type": "Full Street Closure",
        "community_board": "6,",
        "police_precinct": "112,"
      }
    },
    {
      "type": "Feature",
      "geometry": {
        "type": "Point",
        "coordinates": [
          -73.97903249999999,
          40.663976500000004
        ]
      },
      "properties": {
        "event_id": "653240",
        "event_name": "11th Street Block Association Block Party",
        "event_type": "Block Party",
        "event_agency": "Street Activity Permit Office",
        "event_location": "11 STREET between PROSPECT PARK WEST and 8 AVENUE",
        "event_borough": "Brooklyn",
        "start_date": "2022-09-17T11:00:00.000",
        "end_date": "2022-09-17T20:00:00.000",
        "start_formatted": "September 17, 2022 11:00 AM",
        "end_formatted": "September 17, 2022 08:00 PM",
        "street_closure_type": "Full Street Closure",
        "community_board": "6,",
        "police_precinct": "78,"
      }
    },
    {
      "type": "Feature",
      "geometry": {
        "type": "Point",
        "coordinates": [
          -73.985697,
          40.6659315
        ]
      },
      "properties": {
        "event_id": "639809",
        "event_name": "6th Avenue Annual Block Party",
        "event_type": "Block Party",
        "event_agency": "Street Activity Permit Office",
        "event_location": "6 AVENUE between 12 STREET and 13 STREET",
        "event_borough": "Brooklyn",
        "start_date": "2022-09-17T11:00:00.000",
        "end_date": "2022-09-17T20:00:00.000",
        "start_formatted": "September 17, 2022 11:00 AM",
        "end_formatted": "September 17, 2022 08:00 PM",
        "street_closure_type": "Full Street Closure",
        "community_board": "6,",
        "police_precinct": "78,"
      }
    },
    {
      "type": "Feature",
      "geometry": {
        "type": "Point",
        "coordinates": [
          -73.9445145,
          40.6936605
        ]
      },
      "properties": {
        "event_id": "640355",
        "event_name": "Hart Family Fun Day",
        "event_type": "Block Party",
        "event_agency": "Street Activity Permit Office",
        "event_location": "HART STREET between THROOP AVENUE and TOMPKINS AVENUE",
        "event_borough": "Brooklyn",
        "start_date": "2022-09-17T11:00:00.000",
        "end_date": "2022-09-17T20:00:00.000",
        "start_formatted": "September 17, 2022 11:00 AM",
        "end_formatted": "September 17, 2022 08:00 PM",
        "street_closure_type": "Sidewalk and Street Closure",
        "community_board": "3,",
        "police_precinct": "79,"
      }
    },
    {
      "type": "Feature",
      "geometry": {
        "type": "Point",
        "coordinates": [
          -74.0097995,
          40.643882
        ]
      },
      "properties": {
        "event_id": "661261",
        "event_name": "Welcome Back To School 2022",
        "event_type": "Block Party",
        "event_agency": "Street Activity Permit Office",
        "event_location": "51 STREET between 5 AVENUE and 6 AVENUE",
        "event_borough": "Brooklyn",
        "start_date": "2022-09-17T11:00:00.000",
        "end_date": "2022-09-17T16:00:00.000",
        "start_formatted": "September 17, 2022 11:00 AM",
        "end_formatted": "September 17, 2022 04:00 PM",
        "street_closure_type": "Full Street Closure",
        "community_board": "7,",
        "police_precinct": "72,"
      }
    },
    {
      "type": "Feature",
      "geometry": {
        "type": "Point",
        "coordinates": [
          -73.9656205,
          40.642513
        ]
      },
      "properties": {
        "event_id": "661010",
        "event_name": "PS 139 PA Party",
        "event_type": "Block Party",
        "event_agency": "Street Activity Permit Office",
        "event_location": "RUGBY ROAD between CORTELYOU ROAD and BEVERLEY ROAD",
        "event_borough": "Brooklyn",
        "start_date": "2022-09-17T11:00:00.000",
        "end_date": "2022-09-17T18:00:00.000",
        "start_formatted": "September 17, 2022 11:00 AM",
        "end_formatted": "September 17, 2022 06:00 PM",
        "street_closure_type": "Full Street Closure",
        "community_board": "14,",
        "police_precinct": "70,"
      }
    },
    {
      "type": "Feature",
      "geometry": {
        "type": "Point",
        "coordinates": [
          -73.9648755,
          40.674938499999996
        ]
      },
      "properties": {
        "event_id": "647416",
        "event_name": "Sterling Place Annual Block Party",
        "event_type": "Block Party",
        "event_agency": "Street Activity Permit Office",
        "event_location": "STERLING PLACE between UNDERHILL AVENUE and WASHINGTON AVENUE",
        "event_borough": "Brooklyn",
        "start_date": "2022-09-17T11:00:00.000",
        "end_date": "2022-09-17T17:00:00.000",
        "start_formatted": "September 17, 2022 11:00 AM",
        "end_formatted": "September 17, 2022 05:00 PM",
        "street_closure_type": "Full Street Closure",
        "community_board": "8,",
        "police_precinct": "77,"
      }
    },
    {
      "type": "Feature",
      "geometry": {
        "type": "Point",
        "coordinates": [
          -74.0241925,
          40.636624
        ]
      },
      "properties": {
        "event_id": "660909",
        "event_name": "Senator Street Block Party",
        "event_type": "Block Party",
        "event_agency": "Street Activity Permit Office",
        "event_location": "SENATOR STREET between 3 AVENUE and 4 AVENUE",
        "event_borough": "Brooklyn",
        "start_date": "2022-09-17T11:00:00.000",
        "end_date": "2022-09-17T20:00:00.000",
        "start_formatted": "September 17, 2022 11:00 AM",
        "end_formatted": "September 17, 2022 08:00 PM",
        "street_closure_type": "Full Street Closure",
        "community_board": "10,",
        "police_precinct": "68,"
      }
    },
    {
      "type": "Feature",
      "geometry": {
        "type": "Point",
        "coordinates": [
          -73.97263749999999,
          40.6970635
        ]
      },
      "properties": {
        "event_id": "626413",
        "event_name": "Greene Hill Summer Kick Off",
        "event_type": "Block Party",
        "event_agency": "Street Activity Permit Office",
        "event_location": "ADELPHI STREET between PARK AVENUE and FLUSHING AVENUE",
        "event_borough": "Brooklyn",
        "start_date": "2022-09-17T11:00:00.000",
        "end_date": "2022-09-17T17:00:00.000",
        "start_formatted": "September 17, 2022 11:00 AM",
        "end_formatted": "September 17, 2022 05:00 PM",
        "street_closure_type": "Full Street Closure",
        "community_board": "2,",
        "police_precinct": "88,"
      }
    },
    {
      "type": "Feature",
      "geometry": {
        "type": "Point",
        "coordinates": [
          -74.03686450000001,
          40.62366
        ]
      },
      "properties": {
        "event_id": "647244",
        "event_name": "Annual Colonial Road Block Party",
        "event_type": "Block Party",
        "event_agency": "Street Activity Permit Office",
        "event_location": "COLONIAL ROAD between 87 STREET and 88 STREET",
        "event_borough": "Brooklyn",
        "start_date": "2022-09-17T11:00:00.000",
        "end_date": "2022-09-17T20:00:00.000",
        "start_formatted": "September 17, 2022 11:00 AM",
        "end_formatted": "September 17, 2022 08:00 PM",
        "street_closure_type": "Full Street Closure",
        "community_board": "10,",
        "police_precinct": "68,"
      }
    },
    {
      "type": "Feature",
      "geometry": {
        "type": "Point",
        "coordinates": [
          -73.943057,
          40.6863345
        ]
      },
      "properties": {
        "event_id": "653771",
        "event_name": "Friends and Family Day",
        "event_type": "Block Party",
        "event_agency": "Street Activity Permit Office",
        "event_location": "MONROE STREET between THROOP AVENUE and TOMPKINS AVENUE",
        "event_borough": "Brooklyn",
        "start_date": "2022-09-17T11:00:00.000",
        "end_date": "2022-09-17T20:00:00.000",
        "start_formatted": "September 17, 2022 11:00 AM",
        "end_formatted": "September 17, 2022 08:00 PM",
        "street_closure_type": "Full Street Closure",
        "community_board": "3,",
        "police_precinct": "79,"
      }
    },
    {
      "type": "Feature",
      "geometry": {
        "type": "Point",
        "coordinates": [
          -74.00101849999999,
          40.686487
        ]
      },
      "properties": {
        "event_id": "659810",
        "event_name": "Tiffany Place Block Party",
        "event_type": "Block Party",
        "event_agency": "Street Activity Permit Office",
        "event_location": "TIFFANY PLACE between KANE STREET and DEGRAW STREET",
        "event_borough": "Brooklyn",
        "start_date": "2022-09-17T11:00:00.000",
        "end_date": "2022-09-17T18:00:00.000",
        "start_formatted": "September 17, 2022 11:00 AM",
        "end_formatted": "September 17, 2022 06:00 PM",
        "street_closure_type": "Full Street Closure",
        "community_board": "6,",
        "police_precinct": "76,"
      }
    },
    {
      "type": "Feature",
      "geometry": {
        "type": "Point",
        "coordinates": [
          -73.955558,
          40.664405
        ]
      },
      "properties": {
        "event_id": "662392",
        "event_name": "Seventh Annual Sullivan Ludlam Stoddard Neighborhood Association Block Party",
        "event_type": "Block Party",
        "event_agency": "Street Activity Permit Office",
        "event_location": "SULLIVAN PLACE between LUDLAM PLACE and STODDARD PLACE",
        "event_borough": "Brooklyn",
        "start_date": "2022-09-17T11:00:00.000",
        "end_date": "2022-09-17T18:00:00.000",
        "start_formatted": "September 17, 2022 11:00 AM",
        "end_formatted": "September 17, 2022 06:00 PM",
        "street_closure_type": "Full Street Closure",
        "community_board": "9,",
        "police_precinct": "71,"
      }
    },
    {
      "type": "Feature",
      "geometry": {
        "type": "Point",
        "coordinates": [
          -73.97737950000001,
          40.6699435
        ]
      },
      "properties": {
        "event_id": "660947",
        "event_name": "3rd Street Block Party",
        "event_type": "Block Party",
        "event_agency": "Street Activity Permit Office",
        "event_location": "3 STREET between 7 AVENUE and 8 AVENUE",
        "event_borough": "Brooklyn",
        "start_date": "2022-09-17T11:00:00.000",
        "end_date": "2022-09-17T18:30:00.000",
        "start_formatted": "September 17, 2022 11:00 AM",
        "end_formatted": "September 17, 2022 06:30 PM",
        "street_closure_type": "Full Street Closure",
        "community_board": "6,",
        "police_precinct": "78,"
      }
    },
    {
      "type": "Feature",
      "geometry": {
        "type": "Point",
        "coordinates": [
          -73.925302,
          40.6993175
        ]
      },
      "properties": {
        "event_id": "658325",
        "event_name": "Hart St Block party",
        "event_type": "Block Party",
        "event_agency": "Street Activity Permit Office",
        "event_location": "HART STREET between WILSON AVENUE and CENTRAL AVENUE",
        "event_borough": "Brooklyn",
        "start_date": "2022-09-17T11:00:00.000",
        "end_date": "2022-09-17T18:00:00.000",
        "start_formatted": "September 17, 2022 11:00 AM",
        "end_formatted": "September 17, 2022 06:00 PM",
        "street_closure_type": "Full Street Closure",
        "community_board": "4,",
        "police_precinct": "83,"
      }
    },
    {
      "type": "Feature",
      "geometry": {
        "type": "Point",
        "coordinates": [
          -73.9798935,
          40.666929999999994
        ]
      },
      "properties": {
        "event_id": "637448",
        "event_name": "8th Street b/w 7th  8th Block Party",
        "event_type": "Block Party",
        "event_agency": "Street Activity Permit Office",
        "event_location": "8 STREET between 7 AVENUE and 8 AVENUE",
        "event_borough": "Brooklyn",
        "start_date": "2022-09-17T11:00:00.000",
        "end_date": "2022-09-17T18:00:00.000",
        "start_formatted": "September 17, 2022 11:00 AM",
        "end_formatted": "September 17, 2022 06:00 PM",
        "street_closure_type": "Full Street Closure",
        "community_board": "6,",
        "police_precinct": "78,"
      }
    },
    {
      "type": "Feature",
      "geometry": {
        "type": "Point",
        "coordinates": [
          -73.9319065,
          40.6135995
        ]
      },
      "properties": {
        "event_id": "654264",
        "event_name": "Ryder Street Block Party",
        "event_type": "Block Party",
        "event_agency": "Street Activity Permit Office",
        "event_location": "RYDER STREET between AVENUE R and FILLMORE AVENUE",
        "event_borough": "Brooklyn",
        "start_date": "2022-09-17T10:00:00.000",
        "end_date": "2022-09-17T19:00:00.000",
        "start_formatted": "September 17, 2022 10:00 AM",
        "end_formatted": "September 17, 2022 07:00 PM",
        "street_closure_type": "Full Street Closure",
        "community_board": "18,",
        "police_precinct": "63,"
      }
    },
    {
      "type": "Feature",
      "geometry": {
        "type": "Point",
        "coordinates": [
          -74.02446,
          40.628675
        ]
      },
      "properties": {
        "event_id": "658532",
        "event_name": "77th Street 400 Block",
        "event_type": "Block Party",
        "event_agency": "Street Activity Permit Office",
        "event_location": "77 STREET between 4 AVENUE and 5 AVENUE",
        "event_borough": "Brooklyn",
        "start_date": "2022-09-17T10:00:00.000",
        "end_date": "2022-09-17T18:00:00.000",
        "start_formatted": "September 17, 2022 10:00 AM",
        "end_formatted": "September 17, 2022 06:00 PM",
        "street_closure_type": "Full Street Closure",
        "community_board": "10,",
        "police_precinct": "68,"
      }
    },
    {
      "type": "Feature",
      "geometry": {
        "type": "Point",
        "coordinates": [
          -73.97784,
          40.657482
        ]
      },
      "properties": {
        "event_id": "652652",
        "event_name": "Annual Sherman Street Block Party",
        "event_type": "Block Party",
        "event_agency": "Street Activity Permit Office",
        "event_location": "SHERMAN STREET between 10 AVENUE and 11 AVENUE",
        "event_borough": "Brooklyn",
        "start_date": "2022-09-17T10:00:00.000",
        "end_date": "2022-09-17T19:00:00.000",
        "start_formatted": "September 17, 2022 10:00 AM",
        "end_formatted": "September 17, 2022 07:00 PM",
        "street_closure_type": "Full Street Closure",
        "community_board": "7,",
        "police_precinct": "72,"
      }
    },
    {
      "type": "Feature",
      "geometry": {
        "type": "Point",
        "coordinates": [
          -73.917718,
          40.6143535
        ]
      },
      "properties": {
        "event_id": "659644",
        "event_name": "58 th st block party",
        "event_type": "Block Party",
        "event_agency": "Street Activity Permit Office",
        "event_location": "EAST   58 STREET between AVENUE U and AVENUE T",
        "event_borough": "Brooklyn",
        "start_date": "2022-09-17T10:00:00.000",
        "end_date": "2022-09-17T19:00:00.000",
        "start_formatted": "September 17, 2022 10:00 AM",
        "end_formatted": "September 17, 2022 07:00 PM",
        "street_closure_type": "Full Street Closure",
        "community_board": "18,",
        "police_precinct": "63,"
      }
    },
    {
      "type": "Feature",
      "geometry": {
        "type": "Point",
        "coordinates": [
          -73.98441650000001,
          40.661508
        ]
      },
      "properties": {
        "event_id": "655380",
        "event_name": "Windsor Place Block Party",
        "event_type": "Block Party",
        "event_agency": "Street Activity Permit Office",
        "event_location": "WINDSOR PLACE between 7 AVENUE and 8 AVENUE",
        "event_borough": "Brooklyn",
        "start_date": "2022-09-17T10:00:00.000",
        "end_date": "2022-09-17T18:00:00.000",
        "start_formatted": "September 17, 2022 10:00 AM",
        "end_formatted": "September 17, 2022 06:00 PM",
        "street_closure_type": "Full Street Closure",
        "community_board": "7,",
        "police_precinct": "72,"
      }
    },
    {
      "type": "Feature",
      "geometry": {
        "type": "Point",
        "coordinates": [
          -73.978746,
          40.681352000000004
        ]
      },
      "properties": {
        "event_id": "657508",
        "event_name": "Saint Marks Place btw 4th 5th Ave",
        "event_type": "Block Party",
        "event_agency": "Street Activity Permit Office",
        "event_location": "SAINT MARKS PLACE between 4 AVENUE and 5 AVENUE",
        "event_borough": "Brooklyn",
        "start_date": "2022-09-17T10:00:00.000",
        "end_date": "2022-09-17T17:00:00.000",
        "start_formatted": "September 17, 2022 10:00 AM",
        "end_formatted": "September 17, 2022 05:00 PM",
        "street_closure_type": "Full Street Closure",
        "community_board": "6,",
        "police_precinct": "78,"
      }
    },
    {
      "type": "Feature",
      "geometry": {
        "type": "Point",
        "coordinates": [
          -73.97873799999999,
          40.672286
        ]
      },
      "properties": {
        "event_id": "650698",
        "event_name": "2022 1st Street Block Party",
        "event_type": "Block Party",
        "event_agency": "Street Activity Permit Office",
        "event_location": "1 STREET between 6 AVENUE and 7 AVENUE",
        "event_borough": "Brooklyn",
        "start_date": "2022-09-17T10:00:00.000",
        "end_date": "2022-09-17T19:00:00.000",
        "start_formatted": "September 17, 2022 10:00 AM",
        "end_formatted": "September 17, 2022 07:00 PM",
        "street_closure_type": "Full Street Closure",
        "community_board": "6,",
        "police_precinct": "78,"
      }
    },
    {
      "type": "Feature",
      "geometry": {
        "type": "Point",
        "coordinates": [
          -73.9135395,
          40.657877
        ]
      },
      "properties": {
        "event_id": "659793",
        "event_name": "STRAUSS STREET block party",
        "event_type": "Block Party",
        "event_agency": "Street Activity Permit Office",
        "event_location": "STRAUSS STREET between NEWPORT STREET and LOTT AVENUE",
        "event_borough": "Brooklyn",
        "start_date": "2022-09-17T10:00:00.000",
        "end_date": "2022-09-17T17:00:00.000",
        "start_formatted": "September 17, 2022 10:00 AM",
        "end_formatted": "September 17, 2022 05:00 PM",
        "street_closure_type": "Full Street Closure",
        "community_board": "16,",
        "police_precinct": "73,"
      }
    },
    {
      "type": "Feature",
      "geometry": {
        "type": "Point",
        "coordinates": [
          -73.945345,
          40.8308705
        ]
      },
      "properties": {
        "event_id": "656814",
        "event_name": "St. Catherine of Genoa Church Annual Festival",
        "event_type": "Block Party",
        "event_agency": "Street Activity Permit Office",
        "event_location": "WEST  153 STREET between AMSTERDAM AVENUE and BROADWAY",
        "event_borough": "Manhattan",
        "start_date": "2022-09-17T10:00:00.000",
        "end_date": "2022-09-17T17:00:00.000",
        "start_formatted": "September 17, 2022 10:00 AM",
        "end_formatted": "September 17, 2022 05:00 PM",
        "street_closure_type": "Full Street Closure",
        "community_board": "9,",
        "police_precinct": "30,"
      }
    },
    {
      "type": "Feature",
      "geometry": {
        "type": "Point",
        "coordinates": [
          -74.076921,
          40.627049
        ]
      },
      "properties": {
        "event_id": "616587",
        "event_name": "We are Family Festival",
        "event_type": "Block Party",
        "event_agency": "Street Activity Permit Office",
        "event_location": "WATER STREET between BAY STREET and WRIGHT STREET",
        "event_borough": "Staten Island",
        "start_date": "2022-09-17T10:00:00.000",
        "end_date": "2022-09-17T17:00:00.000",
        "start_formatted": "September 17, 2022 10:00 AM",
        "end_formatted": "September 17, 2022 05:00 PM",
        "street_closure_type": "Full Street Closure",
        "community_board": "1,",
        "police_precinct": "120,"
      }
    },
    {
      "type": "Feature",
      "geometry": {
        "type": "Point",
        "coordinates": [
          -73.877012,
          40.8275105
        ]
      },
      "properties": {
        "event_id": "658450",
        "event_name": "Ward Avenue Block Party",
        "event_type": "Block Party",
        "event_agency": "Street Activity Permit Office",
        "event_location": "WARD AVENUE between WATSON AVENUE and WESTCHESTER AVENUE",
        "event_borough": "Bronx",
        "start_date": "2022-09-17T10:00:00.000",
        "end_date": "2022-09-17T17:00:00.000",
        "start_formatted": "September 17, 2022 10:00 AM",
        "end_formatted": "September 17, 2022 05:00 PM",
        "street_closure_type": "Full Street Closure",
        "community_board": "9,",
        "police_precinct": "43,"
      }
    },
    {
      "type": "Feature",
      "geometry": {
        "type": "Point",
        "coordinates": [
          -73.930898,
          40.6291595
        ]
      },
      "properties": {
        "event_id": "662743",
        "event_name": "Schenectady IJ Block Party",
        "event_type": "Block Party",
        "event_agency": "Street Activity Permit Office",
        "event_location": "SCHENECTADY AVENUE between AVENUE I and AVENUE J",
        "event_borough": "Brooklyn",
        "start_date": "2022-09-17T09:00:00.000",
        "end_date": "2022-09-17T15:00:00.000",
        "start_formatted": "September 17, 2022 09:00 AM",
        "end_formatted": "September 17, 2022 03:00 PM",
        "street_closure_type": "Full Street Closure",
        "community_board": "18,",
        "police_precinct": "63,"
      }
    },
    {
      "type": "Feature",
      "geometry": {
        "type": "Point",
        "coordinates": [
          -73.89183499999999,
          40.8413745
        ]
      },
      "properties": {
        "event_id": "638390",
        "event_name": "1785 Association Block Party",
        "event_type": "Block Party",
        "event_agency": "Street Activity Permit Office",
        "event_location": "PROSPECT AVENUE between CROTONA PARK NORTH and EAST  175 STREET",
        "event_borough": "Bronx",
        "start_date": "2022-09-17T09:00:00.000",
        "end_date": "2022-09-17T18:00:00.000",
        "start_formatted": "September 17, 2022 09:00 AM",
        "end_formatted": "September 17, 2022 06:00 PM",
        "street_closure_type": "Full Street Closure",
        "community_board": "6,",
        "police_precinct": "48,"
      }
    },
    {
      "type": "Feature",
      "geometry": {
        "type": "Point",
        "coordinates": [
          -73.863276,
          40.753574
        ]
      },
      "properties": {
        "event_id": "669109",
        "event_name": "Our Lady of Sorrows Feast",
        "event_type": "Block Party",
        "event_agency": "Street Activity Permit Office",
        "event_location": "37 AVENUE between 104 STREET and 105 STREET",
        "event_borough": "Queens",
        "start_date": "2022-09-15T18:00:00.000",
        "end_date": "2022-09-15T21:30:00.000",
        "start_formatted": "September 15, 2022 06:00 PM",
        "end_formatted": "September 15, 2022 09:30 PM",
        "street_closure_type": "Curb Lane Only",
        "community_board": "3,",
        "police_precinct": "115,"
      }
    },
    {
      "type": "Feature",
      "geometry": {
        "type": "Point",
        "coordinates": [
          -73.9266275,
          40.691295499999995
        ]
      },
      "properties": {
        "event_id": "654378",
        "event_name": "46th Church Anniversary",
        "event_type": "Block Party",
        "event_agency": "Street Activity Permit Office",
        "event_location": "GREENE AVENUE between PATCHEN AVENUE and BROADWAY",
        "event_borough": "Brooklyn",
        "start_date": "2022-09-11T13:30:00.000",
        "end_date": "2022-09-11T16:30:00.000",
        "start_formatted": "September 11, 2022 01:30 PM",
        "end_formatted": "September 11, 2022 04:30 PM",
        "street_closure_type": "Full Street Closure",
        "community_board": "3,",
        "police_precinct": "81,"
      }
    },
    {
      "type": "Feature",
      "geometry": {
        "type": "Point",
        "coordinates": [
          -73.9914535,
          40.611146500000004
        ]
      },
      "properties": {
        "event_id": "656281",
        "event_name": "Parish Block Party",
        "event_type": "Block Party",
        "event_agency": "Street Activity Permit Office",
        "event_location": "20 AVENUE between 74 STREET and BAY RIDGE PARKWAY",
        "event_borough": "Brooklyn",
        "start_date": "2022-09-11T12:00:00.000",
        "end_date": "2022-09-11T20:00:00.000",
        "start_formatted": "September 11, 2022 12:00 PM",
        "end_formatted": "September 11, 2022 08:00 PM",
        "street_closure_type": "Full Street Closure",
        "community_board": "11,",
        "police_precinct": "62,"
      }
    },
    {
      "type": "Feature",
      "geometry": {
        "type": "Point",
        "coordinates": [
          -73.915022,
          40.8238425
        ]
      },
      "properties": {
        "event_id": "654508",
        "event_name": "St. Davids Block Party",
        "event_type": "Block Party",
        "event_agency": "Street Activity Permit Office",
        "event_location": "EAST  160 STREET between MELROSE AVENUE and COURTLANDT AVENUE",
        "event_borough": "Bronx",
        "start_date": "2022-09-11T12:00:00.000",
        "end_date": "2022-09-11T17:00:00.000",
        "start_formatted": "September 11, 2022 12:00 PM",
        "end_formatted": "September 11, 2022 05:00 PM",
        "street_closure_type": "Sidewalk and Street Closure",
        "community_board": "3,",
        "police_precinct": "42,"
      }
    },
    {
      "type": "Feature",
      "geometry": {
        "type": "Point",
        "coordinates": [
          -74.0039715,
          40.649483000000004
        ]
      },
      "properties": {
        "event_id": "659045",
        "event_name": "End of Summer Celebration",
        "event_type": "Block Party",
        "event_agency": "Street Activity Permit Office",
        "event_location": "41 STREET between 6 AVENUE and 5 AVENUE",
        "event_borough": "Brooklyn",
        "start_date": "2022-09-11T12:00:00.000",
        "end_date": "2022-09-11T20:00:00.000",
        "start_formatted": "September 11, 2022 12:00 PM",
        "end_formatted": "September 11, 2022 08:00 PM",
        "street_closure_type": "Full Street Closure",
        "community_board": "7,",
        "police_precinct": "72,"
      }
    },
    {
      "type": "Feature",
      "geometry": {
        "type": "Point",
        "coordinates": [
          -73.9825115,
          40.7376945
        ]
      },
      "properties": {
        "event_id": "661775",
        "event_name": "Church of the Epiphany Welcome Home Block Party",
        "event_type": "Block Party",
        "event_agency": "Street Activity Permit Office",
        "event_location": "EAST   22 STREET between 2 AVENUE and 3 AVENUE",
        "event_borough": "Manhattan",
        "start_date": "2022-09-11T12:00:00.000",
        "end_date": "2022-09-11T15:00:00.000",
        "start_formatted": "September 11, 2022 12:00 PM",
        "end_formatted": "September 11, 2022 03:00 PM",
        "street_closure_type": "Full Street Closure",
        "community_board": "6,",
        "police_precinct": "13,"
      }
    },
    {
      "type": "Feature",
      "geometry": {
        "type": "Point",
        "coordinates": [
          -73.961484,
          40.632492
        ]
      },
      "properties": {
        "event_id": "647298",
        "event_name": "Fiske Terrace Block Party",
        "event_type": "Block Party",
        "event_agency": "Street Activity Permit Office",
        "event_location": "GLENWOOD ROAD between DEAD END and EAST   17 STREET",
        "event_borough": "Brooklyn",
        "start_date": "2022-09-11T12:00:00.000",
        "end_date": "2022-09-11T17:00:00.000",
        "start_formatted": "September 11, 2022 12:00 PM",
        "end_formatted": "September 11, 2022 05:00 PM",
        "street_closure_type": "Full Street Closure",
        "community_board": "14,",
        "police_precinct": "70,"
      }
    },
    {
      "type": "Feature",
      "geometry": {
        "type": "Point",
        "coordinates": [
          -73.9651265,
          40.770762
        ]
      },
      "properties": {
        "event_id": "627914",
        "event_name": "St. James Church Homecoming Picnic",
        "event_type": "Block Party",
        "event_agency": "Street Activity Permit Office",
        "event_location": "EAST   71 STREET between MADISON AVENUE and PARK AVENUE",
        "event_borough": "Manhattan",
        "start_date": "2022-09-11T11:30:00.000",
        "end_date": "2022-09-11T14:00:00.000",
        "start_formatted": "September 11, 2022 11:30 AM",
        "end_formatted": "September 11, 2022 02:00 PM",
        "street_closure_type": "Full Street Closure",
        "community_board": "8,",
        "police_precinct": "19,"
      }
    },
    {
      "type": "Feature",
      "geometry": {
        "type": "Point",
        "coordinates": [
          -73.981172,
          40.657606
        ]
      },
      "properties": {
        "event_id": "630876",
        "event_name": "17th Street Block Party",
        "event_type": "Block Party",
        "event_agency": "Street Activity Permit Office",
        "event_location": "17 STREET between PROSPECT PARK WEST and 10 AVENUE",
        "event_borough": "Brooklyn",
        "start_date": "2022-09-11T11:00:00.000",
        "end_date": "2022-09-11T19:00:00.000",
        "start_formatted": "September 11, 2022 11:00 AM",
        "end_formatted": "September 11, 2022 07:00 PM",
        "street_closure_type": "Sidewalk and Street Closure",
        "community_board": "7,",
        "police_precinct": "72,"
      }
    },
    {
      "type": "Feature",
      "geometry": {
        "type": "Point",
        "coordinates": [
          -74.009904,
          40.717195000000004
        ]
      },
      "properties": {
        "event_id": "650551",
        "event_name": "Rock the Block 2022",
        "event_type": "Block Party",
        "event_agency": "Street Activity Permit Office",
        "event_location": "DUANE STREET between GREENWICH STREET and HUDSON STREET",
        "event_borough": "Manhattan",
        "start_date": "2022-09-11T11:00:00.000",
        "end_date": "2022-09-11T13:00:00.000",
        "start_formatted": "September 11, 2022 11:00 AM",
        "end_formatted": "September 11, 2022 01:00 PM",
        "street_closure_type": "Full Street Closure",
        "community_board": "1,",
        "police_precinct": "1,"
      }
    },
    {
      "type": "Feature",
      "geometry": {
        "type": "Point",
        "coordinates": [
          -73.986122,
          40.667404
        ]
      },
      "properties": {
        "event_id": "630535",
        "event_name": "11th St Block Party",
        "event_type": "Block Party",
        "event_agency": "Street Activity Permit Office",
        "event_location": "11 STREET between 5 AVENUE and 6 AVENUE",
        "event_borough": "Brooklyn",
        "start_date": "2022-09-11T11:00:00.000",
        "end_date": "2022-09-11T20:00:00.000",
        "start_formatted": "September 11, 2022 11:00 AM",
        "end_formatted": "September 11, 2022 08:00 PM",
        "street_closure_type": "Sidewalk and Street Closure",
        "community_board": "6,",
        "police_precinct": "78,"
      }
    },
    {
      "type": "Feature",
      "geometry": {
        "type": "Point",
        "coordinates": [
          -73.898915,
          40.822476
        ]
      },
      "properties": {
        "event_id": "643524",
        "event_name": "Annual Dressdown Sunday/Summerfest",
        "event_type": "Block Party",
        "event_agency": "Street Activity Permit Office",
        "event_location": "REV. JAMES A. POLITE AVENUE   between E 163 STREET  and E 164 STREET",
        "event_borough": "Bronx",
        "start_date": "2022-09-11T10:00:00.000",
        "end_date": "2022-09-11T17:00:00.000",
        "start_formatted": "September 11, 2022 10:00 AM",
        "end_formatted": "September 11, 2022 05:00 PM",
        "street_closure_type": "Full Street Closure",
        "community_board": "2,",
        "police_precinct": "41,"
      }
    },
    {
      "type": "Feature",
      "geometry": {
        "type": "Point",
        "coordinates": [
          -73.9358765,
          40.84514
        ]
      },
      "properties": {
        "event_id": "638345",
        "event_name": "Somos Los Hijos de Dios",
        "event_type": "Block Party",
        "event_agency": "Street Activity Permit Office",
        "event_location": "WEST  175 STREET between ST NICHOLAS AVENUE and AUDUBON AVENUE",
        "event_borough": "Manhattan",
        "start_date": "2022-09-11T10:00:00.000",
        "end_date": "2022-09-11T17:00:00.000",
        "start_formatted": "September 11, 2022 10:00 AM",
        "end_formatted": "September 11, 2022 05:00 PM",
        "street_closure_type": "Full Street Closure",
        "community_board": "12,",
        "police_precinct": "33,"
      }
    },
    {
      "type": "Feature",
      "geometry": {
        "type": "Point",
        "coordinates": [
          -73.82826349999999,
          40.791977
        ]
      },
      "properties": {
        "event_id": "656467",
        "event_name": "Malba Residents Block Party",
        "event_type": "Block Party",
        "event_agency": "Street Activity Permit Office",
        "event_location": "BOULEVARD between MALBA DRIVE and POINT CRESCENT",
        "event_borough": "Queens",
        "start_date": "2022-09-11T09:30:00.000",
        "end_date": "2022-09-11T16:00:00.000",
        "start_formatted": "September 11, 2022 09:30 AM",
        "end_formatted": "September 11, 2022 04:00 PM",
        "street_closure_type": "Full Street Closure",
        "community_board": "7,",
        "police_precinct": "109,"
      }
    },
    {
      "type": "Feature",
      "geometry": {
        "type": "Point",
        "coordinates": [
          -73.80676600000001,
          40.677669
        ]
      },
      "properties": {
        "event_id": "657656",
        "event_name": "Block Get Together",
        "event_type": "Block Party",
        "event_agency": "Street Activity Permit Office",
        "event_location": "133 STREET between 116 AVENUE and FOCH BOULEVARD",
        "event_borough": "Queens",
        "start_date": "2022-09-10T17:30:00.000",
        "end_date": "2022-09-10T21:00:00.000",
        "start_formatted": "September 10, 2022 05:30 PM",
        "end_formatted": "September 10, 2022 09:00 PM",
        "street_closure_type": "Full Street Closure",
        "community_board": "10,",
        "police_precinct": "106,"
      }
    },
    {
      "type": "Feature",
      "geometry": {
        "type": "Point",
        "coordinates": [
          -73.8696205,
          40.657298999999995
        ]
      },
      "properties": {
        "event_id": "657918",
        "event_name": "Music Fest",
        "event_type": "Block Party",
        "event_agency": "Street Activity Permit Office",
        "event_location": "VANDALIA AVENUE between ERSKINE STREET and BERRIMAN STREET",
        "event_borough": "Brooklyn",
        "start_date": "2022-09-10T15:00:00.000",
        "end_date": "2022-09-10T19:00:00.000",
        "start_formatted": "September 10, 2022 03:00 PM",
        "end_formatted": "September 10, 2022 07:00 PM",
        "street_closure_type": "Full Street Closure",
        "community_board": "5,",
        "police_precinct": "75,"
      }
    },
    {
      "type": "Feature",
      "geometry": {
        "type": "Point",
        "coordinates": [
          -74.110772,
          40.629312
        ]
      },
      "properties": {
        "event_id": "659857",
        "event_name": "Green Street Game Day",
        "event_type": "Block Party",
        "event_agency": "Street Activity Permit Office",
        "event_location": "GREEN STREET between BEMENT AVENUE and DEAD END",
        "event_borough": "Staten Island",
        "start_date": "2022-09-10T14:00:00.000",
        "end_date": "2022-09-10T20:00:00.000",
        "start_formatted": "September 10, 2022 02:00 PM",
        "end_formatted": "September 10, 2022 08:00 PM",
        "street_closure_type": "Full Street Closure",
        "community_board": "1,",
        "police_precinct": "120,"
      }
    },
    {
      "type": "Feature",
      "geometry": {
        "type": "Point",
        "coordinates": [
          -73.7934305,
          40.751944
        ]
      },
      "properties": {
        "event_id": "661964",
        "event_name": "Bagley Avenue Block Party",
        "event_type": "Block Party",
        "event_agency": "Street Activity Permit Office",
        "event_location": "BAGLEY AVENUE between UTOPIA PARKWAY and AUBURNDALE LANE",
        "event_borough": "Queens",
        "start_date": "2022-09-10T14:00:00.000",
        "end_date": "2022-09-10T21:00:00.000",
        "start_formatted": "September 10, 2022 02:00 PM",
        "end_formatted": "September 10, 2022 09:00 PM",
        "street_closure_type": "Full Street Closure",
        "community_board": "11, 7,",
        "police_precinct": "109, 111,"
      }
    },
    {
      "type": "Feature",
      "geometry": {
        "type": "Point",
        "coordinates": [
          -73.92888049999999,
          40.698916499999996
        ]
      },
      "properties": {
        "event_id": "654111",
        "event_name": "Willoughby Event",
        "event_type": "Block Party",
        "event_agency": "Street Activity Permit Office",
        "event_location": "WILLOUGHBY AVENUE between EVERGREEN AVENUE and CENTRAL AVENUE",
        "event_borough": "Brooklyn",
        "start_date": "2022-09-10T13:30:00.000",
        "end_date": "2022-09-10T19:30:00.000",
        "start_formatted": "September 10, 2022 01:30 PM",
        "end_formatted": "September 10, 2022 07:30 PM",
        "street_closure_type": "Full Street Closure",
        "community_board": "4,",
        "police_precinct": "83,"
      }
    },
    {
      "type": "Feature",
      "geometry": {
        "type": "Point",
        "coordinates": [
          -74.158731,
          40.542462
        ]
      },
      "properties": {
        "event_id": "663092",
        "event_name": "Pacific Ave",
        "event_type": "Block Party",
        "event_agency": "Street Activity Permit Office",
        "event_location": "PACIFIC AVENUE between OAKDALE STREET and SYCAMORE STREET",
        "event_borough": "Staten Island",
        "start_date": "2022-09-10T13:00:00.000",
        "end_date": "2022-09-10T21:00:00.000",
        "start_formatted": "September 10, 2022 01:00 PM",
        "end_formatted": "September 10, 2022 09:00 PM",
        "street_closure_type": "Full Street Closure",
        "community_board": "3,",
        "police_precinct": "122,"
      }
    },
    {
      "type": "Feature",
      "geometry": {
        "type": "Point",
        "coordinates": [
          -74.0009805,
          40.678678000000005
        ]
      },
      "properties": {
        "event_id": "659612",
        "event_name": "4th Place Annual Block Party",
        "event_type": "Block Party",
        "event_agency": "Street Activity Permit Office",
        "event_location": "4 PLACE between CLINTON STREET and HENRY STREET",
        "event_borough": "Brooklyn",
        "start_date": "2022-09-10T13:00:00.000",
        "end_date": "2022-09-10T21:00:00.000",
        "start_formatted": "September 10, 2022 01:00 PM",
        "end_formatted": "September 10, 2022 09:00 PM",
        "street_closure_type": "Full Street Closure",
        "community_board": "6,",
        "police_precinct": "76,"
      }
    },
    {
      "type": "Feature",
      "geometry": {
        "type": "Point",
        "coordinates": [
          -74.1529855,
          40.5457655
        ]
      },
      "properties": {
        "event_id": "659498",
        "event_name": "holly ave block party",
        "event_type": "Block Party",
        "event_agency": "Street Activity Permit Office",
        "event_location": "HOLLY AVENUE between OAKDALE STREET and SYCAMORE STREET",
        "event_borough": "Staten Island",
        "start_date": "2022-09-10T13:00:00.000",
        "end_date": "2022-09-10T21:00:00.000",
        "start_formatted": "September 10, 2022 01:00 PM",
        "end_formatted": "September 10, 2022 09:00 PM",
        "street_closure_type": "Full Street Closure",
        "community_board": "3,",
        "police_precinct": "122,"
      }
    },
    {
      "type": "Feature",
      "geometry": {
        "type": "Point",
        "coordinates": [
          -74.1355125,
          40.618390000000005
        ]
      },
      "properties": {
        "event_id": "648393",
        "event_name": "Neal Dow Block Party",
        "event_type": "Block Party",
        "event_agency": "Street Activity Permit Office",
        "event_location": "NEAL DOW AVENUE between LEONARD AVENUE and LATHROP AVENUE",
        "event_borough": "Staten Island",
        "start_date": "2022-09-10T13:00:00.000",
        "end_date": "2022-09-10T21:00:00.000",
        "start_formatted": "September 10, 2022 01:00 PM",
        "end_formatted": "September 10, 2022 09:00 PM",
        "street_closure_type": "Full Street Closure",
        "community_board": "1,",
        "police_precinct": "121,"
      }
    },
    {
      "type": "Feature",
      "geometry": {
        "type": "Point",
        "coordinates": [
          -73.8977675,
          40.656758499999995
        ]
      },
      "properties": {
        "event_id": "647668",
        "event_name": "Snediker Avenue Annual Block Party",
        "event_type": "Block Party",
        "event_agency": "Street Activity Permit Office",
        "event_location": "SNEDIKER AVENUE between LINDEN BOULEVARD and DEWITT AVENUE",
        "event_borough": "Brooklyn",
        "start_date": "2022-09-10T13:00:00.000",
        "end_date": "2022-09-10T20:00:00.000",
        "start_formatted": "September 10, 2022 01:00 PM",
        "end_formatted": "September 10, 2022 08:00 PM",
        "street_closure_type": "Full Street Closure",
        "community_board": "5,",
        "police_precinct": "75,"
      }
    },
    {
      "type": "Feature",
      "geometry": {
        "type": "Point",
        "coordinates": [
          -74.1614575,
          40.5601655
        ]
      },
      "properties": {
        "event_id": "660570",
        "event_name": "Block Party",
        "event_type": "Block Party",
        "event_agency": "Street Activity Permit Office",
        "event_location": "GURLEY AVENUE between ARMSTRONG AVENUE and ABINGDON AVENUE",
        "event_borough": "Staten Island",
        "start_date": "2022-09-10T13:00:00.000",
        "end_date": "2022-09-10T21:00:00.000",
        "start_formatted": "September 10, 2022 01:00 PM",
        "end_formatted": "September 10, 2022 09:00 PM",
        "street_closure_type": "Sidewalk and Street Closure",
        "community_board": "3,",
        "police_precinct": "122,"
      }
    },
    {
      "type": "Feature",
      "geometry": {
        "type": "Point",
        "coordinates": [
          -74.160844,
          40.5339065
        ]
      },
      "properties": {
        "event_id": "660788",
        "event_name": "orchard block party",
        "event_type": "Block Party",
        "event_agency": "Street Activity Permit Office",
        "event_location": "ORCHARD LANE between OSAGE LANE and SHIRLEY AVENUE",
        "event_borough": "Staten Island",
        "start_date": "2022-09-10T13:00:00.000",
        "end_date": "2022-09-10T21:00:00.000",
        "start_formatted": "September 10, 2022 01:00 PM",
        "end_formatted": "September 10, 2022 09:00 PM",
        "street_closure_type": "Full Street Closure",
        "community_board": "3,",
        "police_precinct": "123,"
      }
    },
    {
      "type": "Feature",
      "geometry": {
        "type": "Point",
        "coordinates": [
          -74.0126465,
          40.617011500000004
        ]
      },
      "properties": {
        "event_id": "667599",
        "event_name": "82nd Street Block Party",
        "event_type": "Block Party",
        "event_agency": "Street Activity Permit Office",
        "event_location": "82 STREET between 13 AVENUE and 12 AVENUE",
        "event_borough": "Brooklyn",
        "start_date": "2022-09-10T13:00:00.000",
        "end_date": "2022-09-10T21:00:00.000",
        "start_formatted": "September 10, 2022 01:00 PM",
        "end_formatted": "September 10, 2022 09:00 PM",
        "street_closure_type": "Full Street Closure",
        "community_board": "10,",
        "police_precinct": "68,"
      }
    },
    {
      "type": "Feature",
      "geometry": {
        "type": "Point",
        "coordinates": [
          -73.799241,
          40.7773595
        ]
      },
      "properties": {
        "event_id": "658407",
        "event_name": "22nd Avenue Block Party",
        "event_type": "Block Party",
        "event_agency": "Street Activity Permit Office",
        "event_location": "22 AVENUE between 166 STREET and FRANCIS LEWIS BOULEVARD",
        "event_borough": "Queens",
        "start_date": "2022-09-10T13:00:00.000",
        "end_date": "2022-09-10T21:00:00.000",
        "start_formatted": "September 10, 2022 01:00 PM",
        "end_formatted": "September 10, 2022 09:00 PM",
        "street_closure_type": "Full Street Closure",
        "community_board": "7,",
        "police_precinct": "109,"
      }
    },
    {
      "type": "Feature",
      "geometry": {
        "type": "Point",
        "coordinates": [
          -74.028018,
          40.634518
        ]
      },
      "properties": {
        "event_id": "661371",
        "event_name": "71 street block party",
        "event_type": "Block Party",
        "event_agency": "Street Activity Permit Office",
        "event_location": "71 STREET between 3 AVENUE and RIDGE BOULEVARD",
        "event_borough": "Brooklyn",
        "start_date": "2022-09-10T13:00:00.000",
        "end_date": "2022-09-10T20:00:00.000",
        "start_formatted": "September 10, 2022 01:00 PM",
        "end_formatted": "September 10, 2022 08:00 PM",
        "street_closure_type": "Full Street Closure",
        "community_board": "10,",
        "police_precinct": "68,"
      }
    },
    {
      "type": "Feature",
      "geometry": {
        "type": "Point",
        "coordinates": [
          -73.8886935,
          40.660306500000004
        ]
      },
      "properties": {
        "event_id": "653559",
        "event_name": "Wyona street block party",
        "event_type": "Block Party",
        "event_agency": "Street Activity Permit Office",
        "event_location": "WYONA STREET between LINDEN BOULEVARD and HEGEMAN AVENUE",
        "event_borough": "Brooklyn",
        "start_date": "2022-09-10T13:00:00.000",
        "end_date": "2022-09-10T21:00:00.000",
        "start_formatted": "September 10, 2022 01:00 PM",
        "end_formatted": "September 10, 2022 09:00 PM",
        "street_closure_type": "Full Street Closure",
        "community_board": "5,",
        "police_precinct": "75,"
      }
    },
    {
      "type": "Feature",
      "geometry": {
        "type": "Point",
        "coordinates": [
          -73.978972,
          40.656273
        ]
      },
      "properties": {
        "event_id": "652327",
        "event_name": "2022 17th St. block party",
        "event_type": "Block Party",
        "event_agency": "Street Activity Permit Office",
        "event_location": "17 STREET between 10 AVENUE and 11 AVENUE",
        "event_borough": "Brooklyn",
        "start_date": "2022-09-10T12:30:00.000",
        "end_date": "2022-09-10T19:30:00.000",
        "start_formatted": "September 10, 2022 12:30 PM",
        "end_formatted": "September 10, 2022 07:30 PM",
        "street_closure_type": "Full Street Closure",
        "community_board": "7,",
        "police_precinct": "72,"
      }
    },
    {
      "type": "Feature",
      "geometry": {
        "type": "Point",
        "coordinates": [
          -74.2439155,
          40.500383
        ]
      },
      "properties": {
        "event_id": "656800",
        "event_name": "Main Street",
        "event_type": "Block Party",
        "event_agency": "Street Activity Permit Office",
        "event_location": "MAIN STREET between CLERMONT AVENUE and BILLOP AVENUE",
        "event_borough": "Staten Island",
        "start_date": "2022-09-10T12:30:00.000",
        "end_date": "2022-09-10T21:00:00.000",
        "start_formatted": "September 10, 2022 12:30 PM",
        "end_formatted": "September 10, 2022 09:00 PM",
        "street_closure_type": "Full Street Closure",
        "community_board": "3,",
        "police_precinct": "123,"
      }
    },
    {
      "type": "Feature",
      "geometry": {
        "type": "Point",
        "coordinates": [
          -74.11349899999999,
          40.579346
        ]
      },
      "properties": {
        "event_id": "659759",
        "event_name": "Prescott Avenue neighborhood celebration",
        "event_type": "Block Party",
        "event_agency": "Street Activity Permit Office",
        "event_location": "PRESCOTT AVENUE between RICHMOND ROAD and KRUSER STREET",
        "event_borough": "Staten Island",
        "start_date": "2022-09-10T12:30:00.000",
        "end_date": "2022-09-10T20:30:00.000",
        "start_formatted": "September 10, 2022 12:30 PM",
        "end_formatted": "September 10, 2022 08:30 PM",
        "street_closure_type": "Full Street Closure",
        "community_board": "2,",
        "police_precinct": "122,"
      }
    },
    {
      "type": "Feature",
      "geometry": {
        "type": "Point",
        "coordinates": [
          -74.1324405,
          40.619464
        ]
      },
      "properties": {
        "event_id": "655027",
        "event_name": "Wardwell Block Party",
        "event_type": "Block Party",
        "event_agency": "Street Activity Permit Office",
        "event_location": "WARDWELL AVENUE between MAINE AVENUE and THE BOULEVARD",
        "event_borough": "Staten Island",
        "start_date": "2022-09-10T12:30:00.000",
        "end_date": "2022-09-10T21:00:00.000",
        "start_formatted": "September 10, 2022 12:30 PM",
        "end_formatted": "September 10, 2022 09:00 PM",
        "street_closure_type": "Full Street Closure",
        "community_board": "1,",
        "police_precinct": "121,"
      }
    },
    {
      "type": "Feature",
      "geometry": {
        "type": "Point",
        "coordinates": [
          -73.9951395,
          40.6614655
        ]
      },
      "properties": {
        "event_id": "653520",
        "event_name": "22nd St Block Party 2022 - 2",
        "event_type": "Block Party",
        "event_agency": "Street Activity Permit Office",
        "event_location": "22 STREET between 4 AVENUE and 5 AVENUE",
        "event_borough": "Brooklyn",
        "start_date": "2022-09-10T12:30:00.000",
        "end_date": "2022-09-10T20:30:00.000",
        "start_formatted": "September 10, 2022 12:30 PM",
        "end_formatted": "September 10, 2022 08:30 PM",
        "street_closure_type": "Full Street Closure",
        "community_board": "7,",
        "police_precinct": "72,"
      }
    },
    {
      "type": "Feature",
      "geometry": {
        "type": "Point",
        "coordinates": [
          -73.982056,
          40.660365999999996
        ]
      },
      "properties": {
        "event_id": "660746",
        "event_name": "Windsor Place 2022 Block Party",
        "event_type": "Block Party",
        "event_agency": "Street Activity Permit Office",
        "event_location": "WINDSOR PLACE between 8 AVENUE and PROSPECT PARK WEST",
        "event_borough": "Brooklyn",
        "start_date": "2022-09-10T12:30:00.000",
        "end_date": "2022-09-10T20:30:00.000",
        "start_formatted": "September 10, 2022 12:30 PM",
        "end_formatted": "September 10, 2022 08:30 PM",
        "street_closure_type": "Full Street Closure",
        "community_board": "7,",
        "police_precinct": "72,"
      }
    },
    {
      "type": "Feature",
      "geometry": {
        "type": "Point",
        "coordinates": [
          -73.97771750000001,
          40.688671
        ]
      },
      "properties": {
        "event_id": "653246",
        "event_name": "Saint Felix Block Party",
        "event_type": "Block Party",
        "event_agency": "Street Activity Permit Office",
        "event_location": "SAINT FELIX STREET between DEKALB AVENUE and FULTON STREET",
        "event_borough": "Brooklyn",
        "start_date": "2022-09-10T12:00:00.000",
        "end_date": "2022-09-10T19:30:00.000",
        "start_formatted": "September 10, 2022 12:00 PM",
        "end_formatted": "September 10, 2022 07:30 PM",
        "street_closure_type": "Full Street Closure",
        "community_board": "2,",
        "police_precinct": "88,"
      }
    },
    {
      "type": "Feature",
      "geometry": {
        "type": "Point",
        "coordinates": [
          -73.9589065,
          40.661849000000004
        ]
      },
      "properties": {
        "event_id": "651589",
        "event_name": "Open street for the blocks residents",
        "event_type": "Block Party",
        "event_agency": "Street Activity Permit Office",
        "event_location": "LEFFERTS AVENUE between BEDFORD AVENUE and WASHINGTON AVENUE",
        "event_borough": "Brooklyn",
        "start_date": "2022-09-10T12:00:00.000",
        "end_date": "2022-09-10T19:00:00.000",
        "start_formatted": "September 10, 2022 12:00 PM",
        "end_formatted": "September 10, 2022 07:00 PM",
        "street_closure_type": "Full Street Closure",
        "community_board": "9,",
        "police_precinct": "71,"
      }
    },
    {
      "type": "Feature",
      "geometry": {
        "type": "Point",
        "coordinates": [
          -74.165981,
          40.59612
        ]
      },
      "properties": {
        "event_id": "657166",
        "event_name": "Plymouth rd block.party",
        "event_type": "Block Party",
        "event_agency": "Street Activity Permit Office",
        "event_location": "PLYMOUTH ROAD between MULBERRY AVENUE and ROCKVILLE AVENUE",
        "event_borough": "Staten Island",
        "start_date": "2022-09-10T12:00:00.000",
        "end_date": "2022-09-10T20:00:00.000",
        "start_formatted": "September 10, 2022 12:00 PM",
        "end_formatted": "September 10, 2022 08:00 PM",
        "street_closure_type": "Full Street Closure",
        "community_board": "2,",
        "police_precinct": "121,"
      }
    },
    {
      "type": "Feature",
      "geometry": {
        "type": "Point",
        "coordinates": [
          -73.958495,
          40.688306
        ]
      },
      "properties": {
        "event_id": "610753",
        "event_name": "Clifton Place Block Party",
        "event_type": "Block Party",
        "event_agency": "Street Activity Permit Office",
        "event_location": "CLIFTON PLACE between FRANKLIN AVENUE and CLASSON AVENUE",
        "event_borough": "Brooklyn",
        "start_date": "2022-09-10T12:00:00.000",
        "end_date": "2022-09-10T18:00:00.000",
        "start_formatted": "September 10, 2022 12:00 PM",
        "end_formatted": "September 10, 2022 06:00 PM",
        "street_closure_type": "Full Street Closure",
        "community_board": "3,",
        "police_precinct": "79,"
      }
    },
    {
      "type": "Feature",
      "geometry": {
        "type": "Point",
        "coordinates": [
          -73.953824,
          40.680137
        ]
      },
      "properties": {
        "event_id": "660610",
        "event_name": "Back 2 School Giveaway",
        "event_type": "Block Party",
        "event_agency": "Street Activity Permit Office",
        "event_location": "BREVOORT PLACE between BEDFORD AVENUE and BEDFORD PLACE",
        "event_borough": "Brooklyn",
        "start_date": "2022-09-10T12:00:00.000",
        "end_date": "2022-09-10T18:00:00.000",
        "start_formatted": "September 10, 2022 12:00 PM",
        "end_formatted": "September 10, 2022 06:00 PM",
        "street_closure_type": "Full Street Closure",
        "community_board": "3,",
        "police_precinct": "79,"
      }
    },
    {
      "type": "Feature",
      "geometry": {
        "type": "Point",
        "coordinates": [
          -73.98637350000001,
          40.6624915
        ]
      },
      "properties": {
        "event_id": "653227",
        "event_name": "Annual Jackson Place Block Party",
        "event_type": "Block Party",
        "event_agency": "Street Activity Permit Office",
        "event_location": "JACKSON PLACE between 16 STREET and PROSPECT AVENUE",
        "event_borough": "Brooklyn",
        "start_date": "2022-09-10T12:00:00.000",
        "end_date": "2022-09-10T20:00:00.000",
        "start_formatted": "September 10, 2022 12:00 PM",
        "end_formatted": "September 10, 2022 08:00 PM",
        "street_closure_type": "Full Street Closure",
        "community_board": "7,",
        "police_precinct": "72,"
      }
    },
    {
      "type": "Feature",
      "geometry": {
        "type": "Point",
        "coordinates": [
          -73.814255,
          40.5848075
        ]
      },
      "properties": {
        "event_id": "659442",
        "event_name": "Beach 92nd Party",
        "event_type": "Block Party",
        "event_agency": "Street Activity Permit Office",
        "event_location": "BEACH   92 STREET between SHORE FRONT PARKWAY and HOLLAND AVENUE",
        "event_borough": "Queens",
        "start_date": "2022-09-10T12:00:00.000",
        "end_date": "2022-09-10T20:00:00.000",
        "start_formatted": "September 10, 2022 12:00 PM",
        "end_formatted": "September 10, 2022 08:00 PM",
        "street_closure_type": "Full Street Closure",
        "community_board": "14,",
        "police_precinct": "100,"
      }
    },
    {
      "type": "Feature",
      "geometry": {
        "type": "Point",
        "coordinates": [
          -74.21019100000001,
          40.536849000000004
        ]
      },
      "properties": {
        "event_id": "660800",
        "event_name": "Rennselaer Av Block Party",
        "event_type": "Block Party",
        "event_agency": "Street Activity Permit Office",
        "event_location": "RENSSELAER AVENUE between LENEVAR AVENUE and MAGUIRE AVENUE",
        "event_borough": "Staten Island",
        "start_date": "2022-09-10T12:00:00.000",
        "end_date": "2022-09-10T21:00:00.000",
        "start_formatted": "September 10, 2022 12:00 PM",
        "end_formatted": "September 10, 2022 09:00 PM",
        "street_closure_type": "Sidewalk and Street Closure",
        "community_board": "3,",
        "police_precinct": "123,"
      }
    },
    {
      "type": "Feature",
      "geometry": {
        "type": "Point",
        "coordinates": [
          -73.9776605,
          40.6497255
        ]
      },
      "properties": {
        "event_id": "644719",
        "event_name": "Block party",
        "event_type": "Block Party",
        "event_agency": "Street Activity Permit Office",
        "event_location": "EAST    4 STREET between GREENWOOD AVENUE and FORT HAMILTON PARKWAY",
        "event_borough": "Brooklyn",
        "start_date": "2022-09-10T12:00:00.000",
        "end_date": "2022-09-10T19:00:00.000",
        "start_formatted": "September 10, 2022 12:00 PM",
        "end_formatted": "September 10, 2022 07:00 PM",
        "street_closure_type": "Full Street Closure",
        "community_board": "7,",
        "police_precinct": "72,"
      }
    },
    {
      "type": "Feature",
      "geometry": {
        "type": "Point",
        "coordinates": [
          -73.919826,
          40.651466
        ]
      },
      "properties": {
        "event_id": "661279",
        "event_name": "We Love NYNY and We Love You",
        "event_type": "Block Party",
        "event_agency": "Street Activity Permit Office",
        "event_location": "EAST   89 STREET between RALPH AVENUE and AVENUE A",
        "event_borough": "Brooklyn",
        "start_date": "2022-09-10T12:00:00.000",
        "end_date": "2022-09-10T18:00:00.000",
        "start_formatted": "September 10, 2022 12:00 PM",
        "end_formatted": "September 10, 2022 06:00 PM",
        "street_closure_type": "Full Street Closure",
        "community_board": "17,",
        "police_precinct": "67,"
      }
    },
    {
      "type": "Feature",
      "geometry": {
        "type": "Point",
        "coordinates": [
          -73.9745,
          40.6782085
        ]
      },
      "properties": {
        "event_id": "661427",
        "event_name": "Spring Fling 2022",
        "event_type": "Block Party",
        "event_agency": "Street Activity Permit Office",
        "event_location": "PARK PLACE between 6 AVENUE and 7 AVENUE",
        "event_borough": "Brooklyn",
        "start_date": "2022-09-10T12:00:00.000",
        "end_date": "2022-09-10T20:00:00.000",
        "start_formatted": "September 10, 2022 12:00 PM",
        "end_formatted": "September 10, 2022 08:00 PM",
        "street_closure_type": "Full Street Closure",
        "community_board": "6,",
        "police_precinct": "78,"
      }
    },
    {
      "type": "Feature",
      "geometry": {
        "type": "Point",
        "coordinates": [
          -74.014157,
          40.604659999999996
        ]
      },
      "properties": {
        "event_id": "636886",
        "event_name": "Bay 11 th Block Party",
        "event_type": "Block Party",
        "event_agency": "Street Activity Permit Office",
        "event_location": "BAY   11 STREET between CROPSEY AVENUE and INDEPENDENCE AVENUE",
        "event_borough": "Brooklyn",
        "start_date": "2022-09-10T12:00:00.000",
        "end_date": "2022-09-10T20:30:00.000",
        "start_formatted": "September 10, 2022 12:00 PM",
        "end_formatted": "September 10, 2022 08:30 PM",
        "street_closure_type": "Full Street Closure",
        "community_board": "11,",
        "police_precinct": "62,"
      }
    },
    {
      "type": "Feature",
      "geometry": {
        "type": "Point",
        "coordinates": [
          -73.92003,
          40.703498999999994
        ]
      },
      "properties": {
        "event_id": "658704",
        "event_name": "Dekalb Annual Block Party",
        "event_type": "Block Party",
        "event_agency": "Street Activity Permit Office",
        "event_location": "DEKALB AVENUE between WYCKOFF AVENUE and IRVING AVENUE",
        "event_borough": "Brooklyn",
        "start_date": "2022-09-10T12:00:00.000",
        "end_date": "2022-09-10T19:00:00.000",
        "start_formatted": "September 10, 2022 12:00 PM",
        "end_formatted": "September 10, 2022 07:00 PM",
        "street_closure_type": "Full Street Closure",
        "community_board": "4,",
        "police_precinct": "83,"
      }
    },
    {
      "type": "Feature",
      "geometry": {
        "type": "Point",
        "coordinates": [
          -74.0176325,
          40.619112
        ]
      },
      "properties": {
        "event_id": "653976",
        "event_name": "83 street block party",
        "event_type": "Block Party",
        "event_agency": "Street Activity Permit Office",
        "event_location": "83 STREET between 10 AVENUE and 11 AVENUE",
        "event_borough": "Brooklyn",
        "start_date": "2022-09-10T12:00:00.000",
        "end_date": "2022-09-10T21:00:00.000",
        "start_formatted": "September 10, 2022 12:00 PM",
        "end_formatted": "September 10, 2022 09:00 PM",
        "street_closure_type": "Full Street Closure",
        "community_board": "10,",
        "police_precinct": "68,"
      }
    },
    {
      "type": "Feature",
      "geometry": {
        "type": "Point",
        "coordinates": [
          -73.9399335,
          40.6851935
        ]
      },
      "properties": {
        "event_id": "642962",
        "event_name": "500 Putnam Avenue Block Party",
        "event_type": "Block Party",
        "event_agency": "Street Activity Permit Office",
        "event_location": "PUTNAM AVENUE between THROOP AVENUE and MARCUS GARVEY BOULEVARD",
        "event_borough": "Brooklyn",
        "start_date": "2022-09-10T12:00:00.000",
        "end_date": "2022-09-10T18:00:00.000",
        "start_formatted": "September 10, 2022 12:00 PM",
        "end_formatted": "September 10, 2022 06:00 PM",
        "street_closure_type": "Full Street Closure",
        "community_board": "3,",
        "police_precinct": "79,"
      }
    },
    {
      "type": "Feature",
      "geometry": {
        "type": "Point",
        "coordinates": [
          -74.0197795,
          40.626785999999996
        ]
      },
      "properties": {
        "event_id": "660855",
        "event_name": "Spirit of 76 th street Block party",
        "event_type": "Block Party",
        "event_agency": "Street Activity Permit Office",
        "event_location": "76 STREET between 6 AVENUE and 7 AVENUE",
        "event_borough": "Brooklyn",
        "start_date": "2022-09-10T12:00:00.000",
        "end_date": "2022-09-10T21:00:00.000",
        "start_formatted": "September 10, 2022 12:00 PM",
        "end_formatted": "September 10, 2022 09:00 PM",
        "street_closure_type": "Full Street Closure",
        "community_board": "10,",
        "police_precinct": "68,"
      }
    },
    {
      "type": "Feature",
      "geometry": {
        "type": "Point",
        "coordinates": [
          -73.9284275,
          40.687269
        ]
      },
      "properties": {
        "event_id": "653220",
        "event_name": "Block party",
        "event_type": "Block Party",
        "event_agency": "Street Activity Permit Office",
        "event_location": "MADISON STREET between PATCHEN AVENUE and MALCOLM X BOULEVARD",
        "event_borough": "Brooklyn",
        "start_date": "2022-09-10T12:00:00.000",
        "end_date": "2022-09-10T19:00:00.000",
        "start_formatted": "September 10, 2022 12:00 PM",
        "end_formatted": "September 10, 2022 07:00 PM",
        "street_closure_type": "Full Street Closure",
        "community_board": "3,",
        "police_precinct": "81,"
      }
    },
    {
      "type": "Feature",
      "geometry": {
        "type": "Point",
        "coordinates": [
          -73.872828,
          40.705574
        ]
      },
      "properties": {
        "event_id": "642621",
        "event_name": "78th Street Block Party",
        "event_type": "Block Party",
        "event_agency": "Street Activity Permit Office",
        "event_location": "78 STREET between 78 AVENUE and 77 AVENUE",
        "event_borough": "Queens",
        "start_date": "2022-09-10T12:00:00.000",
        "end_date": "2022-09-10T21:00:00.000",
        "start_formatted": "September 10, 2022 12:00 PM",
        "end_formatted": "September 10, 2022 09:00 PM",
        "street_closure_type": "Full Street Closure",
        "community_board": "5,",
        "police_precinct": "104,"
      }
    },
    {
      "type": "Feature",
      "geometry": {
        "type": "Point",
        "coordinates": [
          -74.0277575,
          40.6351195
        ]
      },
      "properties": {
        "event_id": "652453",
        "event_name": "Ovington Avenue 200 Block Party",
        "event_type": "Block Party",
        "event_agency": "Street Activity Permit Office",
        "event_location": "OVINGTON AVENUE between 3 AVENUE and RIDGE BOULEVARD",
        "event_borough": "Brooklyn",
        "start_date": "2022-09-10T12:00:00.000",
        "end_date": "2022-09-10T21:00:00.000",
        "start_formatted": "September 10, 2022 12:00 PM",
        "end_formatted": "September 10, 2022 09:00 PM",
        "street_closure_type": "Full Street Closure",
        "community_board": "10,",
        "police_precinct": "68,"
      }
    },
    {
      "type": "Feature",
      "geometry": {
        "type": "Point",
        "coordinates": [
          -74.0021285,
          40.654749
        ]
      },
      "properties": {
        "event_id": "647661",
        "event_name": "34th Street Block Party",
        "event_type": "Block Party",
        "event_agency": "Street Activity Permit Office",
        "event_location": "34 STREET between 4 AVENUE and 5 AVENUE",
        "event_borough": "Brooklyn",
        "start_date": "2022-09-10T12:00:00.000",
        "end_date": "2022-09-10T20:00:00.000",
        "start_formatted": "September 10, 2022 12:00 PM",
        "end_formatted": "September 10, 2022 08:00 PM",
        "street_closure_type": "Full Street Closure",
        "community_board": "7,",
        "police_precinct": "72,"
      }
    },
    {
      "type": "Feature",
      "geometry": {
        "type": "Point",
        "coordinates": [
          -73.9937625,
          40.6839875
        ]
      },
      "properties": {
        "event_id": "654184",
        "event_name": "Douglass Street Block Party",
        "event_type": "Block Party",
        "event_agency": "Street Activity Permit Office",
        "event_location": "DOUGLASS STREET between SMITH STREET and COURT STREET",
        "event_borough": "Brooklyn",
        "start_date": "2022-09-10T12:00:00.000",
        "end_date": "2022-09-10T21:00:00.000",
        "start_formatted": "September 10, 2022 12:00 PM",
        "end_formatted": "September 10, 2022 09:00 PM",
        "street_closure_type": "Full Street Closure",
        "community_board": "6,",
        "police_precinct": "76,"
      }
    },
    {
      "type": "Feature",
      "geometry": {
        "type": "Point",
        "coordinates": [
          -73.93617850000001,
          40.6811305
        ]
      },
      "properties": {
        "event_id": "637038",
        "event_name": "3rd Decatur Street Summer Time Fun",
        "event_type": "Block Party",
        "event_agency": "Street Activity Permit Office",
        "event_location": "DECATUR STREET between LEWIS AVENUE and MARCUS GARVEY BOULEVARD",
        "event_borough": "Brooklyn",
        "start_date": "2022-09-10T12:00:00.000",
        "end_date": "2022-09-10T20:00:00.000",
        "start_formatted": "September 10, 2022 12:00 PM",
        "end_formatted": "September 10, 2022 08:00 PM",
        "street_closure_type": "Full Street Closure",
        "community_board": "3,",
        "police_precinct": "81,"
      }
    },
    {
      "type": "Feature",
      "geometry": {
        "type": "Point",
        "coordinates": [
          -73.991928,
          40.6785515
        ]
      },
      "properties": {
        "event_id": "660543",
        "event_name": "11th Annual 1st Street Block Party",
        "event_type": "Block Party",
        "event_agency": "Street Activity Permit Office",
        "event_location": "1 STREET between HOYT STREET and BOND STREET",
        "event_borough": "Brooklyn",
        "start_date": "2022-09-10T12:00:00.000",
        "end_date": "2022-09-10T19:00:00.000",
        "start_formatted": "September 10, 2022 12:00 PM",
        "end_formatted": "September 10, 2022 07:00 PM",
        "street_closure_type": "Full Street Closure",
        "community_board": "6,",
        "police_precinct": "76,"
      }
    },
    {
      "type": "Feature",
      "geometry": {
        "type": "Point",
        "coordinates": [
          -73.7950855,
          40.6981495
        ]
      },
      "properties": {
        "event_id": "668009",
        "event_name": "Positive Project 40 Day",
        "event_type": "Block Party",
        "event_agency": "Street Activity Permit Office",
        "event_location": "160 STREET between TUSKEGEE AIRMAN WAY and 107 AVENUE",
        "event_borough": "Queens",
        "start_date": "2022-09-10T12:00:00.000",
        "end_date": "2022-09-10T18:30:00.000",
        "start_formatted": "September 10, 2022 12:00 PM",
        "end_formatted": "September 10, 2022 06:30 PM",
        "street_closure_type": "Full Street Closure",
        "community_board": "12,",
        "police_precinct": "103,"
      }
    },
    {
      "type": "Feature",
      "geometry": {
        "type": "Point",
        "coordinates": [
          -73.9758465,
          40.688411
        ]
      },
      "properties": {
        "event_id": "580251",
        "event_name": "The 20th Annual South Elliott Place Block Party",
        "event_type": "Block Party",
        "event_agency": "Street Activity Permit Office",
        "event_location": "SOUTH ELLIOTT PLACE between DEKALB AVENUE and LAFAYETTE AVENUE",
        "event_borough": "Brooklyn",
        "start_date": "2022-09-10T12:00:00.000",
        "end_date": "2022-09-10T20:00:00.000",
        "start_formatted": "September 10, 2022 12:00 PM",
        "end_formatted": "September 10, 2022 08:00 PM",
        "street_closure_type": "Full Street Closure",
        "community_board": "2,",
        "police_precinct": "88,"
      }
    },
    {
      "type": "Feature",
      "geometry": {
        "type": "Point",
        "coordinates": [
          -73.921906,
          40.7365905
        ]
      },
      "properties": {
        "event_id": "655681",
        "event_name": "277Q Fam Fest",
        "event_type": "Block Party",
        "event_agency": "Street Activity Permit Office",
        "event_location": "44 STREET between 50 AVENUE and LAUREL HILL BLVD",
        "event_borough": "Queens",
        "start_date": "2022-09-10T12:00:00.000",
        "end_date": "2022-09-10T16:00:00.000",
        "start_formatted": "September 10, 2022 12:00 PM",
        "end_formatted": "September 10, 2022 04:00 PM",
        "street_closure_type": "Full Street Closure",
        "community_board": "2,",
        "police_precinct": "108,"
      }
    },
    {
      "type": "Feature",
      "geometry": {
        "type": "Point",
        "coordinates": [
          -73.80812,
          40.775236500000005
        ]
      },
      "properties": {
        "event_id": "655277",
        "event_name": "Block Party 2022",
        "event_type": "Block Party",
        "event_agency": "Street Activity Permit Office",
        "event_location": "25 AVENUE between 154 STREET and 157 STREET",
        "event_borough": "Queens",
        "start_date": "2022-09-10T12:00:00.000",
        "end_date": "2022-09-10T21:00:00.000",
        "start_formatted": "September 10, 2022 12:00 PM",
        "end_formatted": "September 10, 2022 09:00 PM",
        "street_closure_type": "Full Street Closure",
        "community_board": "7,",
        "police_precinct": "109,"
      }
    },
    {
      "type": "Feature",
      "geometry": {
        "type": "Point",
        "coordinates": [
          -73.88297850000001,
          40.668795
        ]
      },
      "properties": {
        "event_id": "630511",
        "event_name": "2022 Cleveland Street Block Party",
        "event_type": "Block Party",
        "event_agency": "Street Activity Permit Office",
        "event_location": "CLEVELAND STREET between BLAKE AVENUE and DUMONT AVENUE",
        "event_borough": "Brooklyn",
        "start_date": "2022-09-10T12:00:00.000",
        "end_date": "2022-09-10T20:00:00.000",
        "start_formatted": "September 10, 2022 12:00 PM",
        "end_formatted": "September 10, 2022 08:00 PM",
        "street_closure_type": "Full Street Closure",
        "community_board": "5,",
        "police_precinct": "75,"
      }
    },
    {
      "type": "Feature",
      "geometry": {
        "type": "Point",
        "coordinates": [
          -73.99788000000001,
          40.680594
        ]
      },
      "properties": {
        "event_id": "660109",
        "event_name": "1stPlace Block Party",
        "event_type": "Block Party",
        "event_agency": "Street Activity Permit Office",
        "event_location": "1 PLACE between COURT STREET and CLINTON STREET",
        "event_borough": "Brooklyn",
        "start_date": "2022-09-10T12:00:00.000",
        "end_date": "2022-09-10T19:00:00.000",
        "start_formatted": "September 10, 2022 12:00 PM",
        "end_formatted": "September 10, 2022 07:00 PM",
        "street_closure_type": "Full Street Closure",
        "community_board": "6,",
        "police_precinct": "76,"
      }
    },
    {
      "type": "Feature",
      "geometry": {
        "type": "Point",
        "coordinates": [
          -73.84282200000001,
          40.6630845
        ]
      },
      "properties": {
        "event_id": "660812",
        "event_name": "91st Street Block Party",
        "event_type": "Block Party",
        "event_agency": "Street Activity Permit Office",
        "event_location": "91 STREET between 156 AVENUE and 157 AVENUE",
        "event_borough": "Queens",
        "start_date": "2022-09-10T12:00:00.000",
        "end_date": "2022-09-10T20:00:00.000",
        "start_formatted": "September 10, 2022 12:00 PM",
        "end_formatted": "September 10, 2022 08:00 PM",
        "street_closure_type": "Full Street Closure",
        "community_board": "10,",
        "police_precinct": "106,"
      }
    },
    {
      "type": "Feature",
      "geometry": {
        "type": "Point",
        "coordinates": [
          -73.951939,
          40.659316000000004
        ]
      },
      "properties": {
        "event_id": "632509",
        "event_name": "Rutland 200 Block Association",
        "event_type": "Block Party",
        "event_agency": "Street Activity Permit Office",
        "event_location": "RUTLAND ROAD between ROGERS AVENUE and NOSTRAND AVENUE",
        "event_borough": "Brooklyn",
        "start_date": "2022-09-10T12:00:00.000",
        "end_date": "2022-09-10T18:30:00.000",
        "start_formatted": "September 10, 2022 12:00 PM",
        "end_formatted": "September 10, 2022 06:30 PM",
        "street_closure_type": "Full Street Closure",
        "community_board": "9,",
        "police_precinct": "71,"
      }
    },
    {
      "type": "Feature",
      "geometry": {
        "type": "Point",
        "coordinates": [
          -73.91247050000001,
          40.689717
        ]
      },
      "properties": {
        "event_id": "654417",
        "event_name": "weirfield st block party",
        "event_type": "Block Party",
        "event_agency": "Street Activity Permit Office",
        "event_location": "WEIRFIELD STREET between EVERGREEN AVENUE and CENTRAL AVENUE",
        "event_borough": "Brooklyn",
        "start_date": "2022-09-10T12:00:00.000",
        "end_date": "2022-09-10T20:00:00.000",
        "start_formatted": "September 10, 2022 12:00 PM",
        "end_formatted": "September 10, 2022 08:00 PM",
        "street_closure_type": "Full Street Closure",
        "community_board": "4,",
        "police_precinct": "83,"
      }
    },
    {
      "type": "Feature",
      "geometry": {
        "type": "Point",
        "coordinates": [
          -74.0147405,
          40.6459525
        ]
      },
      "properties": {
        "event_id": "631828",
        "event_name": "52nd Street Block Party 2",
        "event_type": "Block Party",
        "event_agency": "Street Activity Permit Office",
        "event_location": "52 STREET between 3 AVENUE and 4 AVENUE",
        "event_borough": "Brooklyn",
        "start_date": "2022-09-10T12:00:00.000",
        "end_date": "2022-09-10T21:00:00.000",
        "start_formatted": "September 10, 2022 12:00 PM",
        "end_formatted": "September 10, 2022 09:00 PM",
        "street_closure_type": "Full Street Closure",
        "community_board": "7,",
        "police_precinct": "72,"
      }
    },
    {
      "type": "Feature",
      "geometry": {
        "type": "Point",
        "coordinates": [
          -73.83435850000001,
          40.664108999999996
        ]
      },
      "properties": {
        "event_id": "653255",
        "event_name": "100th street block party",
        "event_type": "Block Party",
        "event_agency": "Street Activity Permit Office",
        "event_location": "100 STREET between 99 STREET and 157 AVENUE",
        "event_borough": "Queens",
        "start_date": "2022-09-10T12:00:00.000",
        "end_date": "2022-09-10T21:00:00.000",
        "start_formatted": "September 10, 2022 12:00 PM",
        "end_formatted": "September 10, 2022 09:00 PM",
        "street_closure_type": "Full Street Closure",
        "community_board": "10,",
        "police_precinct": "106,"
      }
    },
    {
      "type": "Feature",
      "geometry": {
        "type": "Point",
        "coordinates": [
          -73.9414295,
          40.662934
        ]
      },
      "properties": {
        "event_id": "653729",
        "event_name": "Barbara Simmons Way",
        "event_type": "Block Party",
        "event_agency": "Street Activity Permit Office",
        "event_location": "LEFFERTS AVENUE between KINGSTON AVENUE and ALBANY AVENUE",
        "event_borough": "Brooklyn",
        "start_date": "2022-09-10T12:00:00.000",
        "end_date": "2022-09-10T20:00:00.000",
        "start_formatted": "September 10, 2022 12:00 PM",
        "end_formatted": "September 10, 2022 08:00 PM",
        "street_closure_type": "Full Street Closure",
        "community_board": "9,",
        "police_precinct": "71,"
      }
    },
    {
      "type": "Feature",
      "geometry": {
        "type": "Point",
        "coordinates": [
          -73.8818275,
          40.67266
        ]
      },
      "properties": {
        "event_id": "633017",
        "event_name": "St. Paul AME Church Community Day-Block Party",
        "event_type": "Block Party",
        "event_agency": "Street Activity Permit Office",
        "event_location": "BELMONT AVENUE between LINWOOD STREET and ESSEX STREET",
        "event_borough": "Brooklyn",
        "start_date": "2022-09-10T12:00:00.000",
        "end_date": "2022-09-10T18:00:00.000",
        "start_formatted": "September 10, 2022 12:00 PM",
        "end_formatted": "September 10, 2022 06:00 PM",
        "street_closure_type": "Full Street Closure",
        "community_board": "5,",
        "police_precinct": "75,"
      }
    },
    {
      "type": "Feature",
      "geometry": {
        "type": "Point",
        "coordinates": [
          -73.94936150000001,
          40.662444
        ]
      },
      "properties": {
        "event_id": "647552",
        "event_name": "Lefferts Circle Block Association Block Party",
        "event_type": "Block Party",
        "event_agency": "Street Activity Permit Office",
        "event_location": "LEFFERTS AVENUE between NOSTRAND AVENUE and NEW YORK AVENUE",
        "event_borough": "Brooklyn",
        "start_date": "2022-09-10T12:00:00.000",
        "end_date": "2022-09-10T18:30:00.000",
        "start_formatted": "September 10, 2022 12:00 PM",
        "end_formatted": "September 10, 2022 06:30 PM",
        "street_closure_type": "Sidewalk and Street Closure",
        "community_board": "9,",
        "police_precinct": "71,"
      }
    },
    {
      "type": "Feature",
      "geometry": {
        "type": "Point",
        "coordinates": [
          -73.94037800000001,
          40.673784
        ]
      },
      "properties": {
        "event_id": "617580",
        "event_name": "Meet and Greet on Prospect Place",
        "event_type": "Block Party",
        "event_agency": "Street Activity Permit Office",
        "event_location": "PROSPECT PLACE between KINGSTON AVENUE and ALBANY AVENUE",
        "event_borough": "Brooklyn",
        "start_date": "2022-09-10T12:00:00.000",
        "end_date": "2022-09-10T19:00:00.000",
        "start_formatted": "September 10, 2022 12:00 PM",
        "end_formatted": "September 10, 2022 07:00 PM",
        "street_closure_type": "Full Street Closure",
        "community_board": "8,",
        "police_precinct": "77,"
      }
    },
    {
      "type": "Feature",
      "geometry": {
        "type": "Point",
        "coordinates": [
          -73.97551849999999,
          40.668196
        ]
      },
      "properties": {
        "event_id": "603349",
        "event_name": "2022 Annual Block Party except for COVID years 4th street between 8th ave and PPW",
        "event_type": "Block Party",
        "event_agency": "Street Activity Permit Office",
        "event_location": "4 STREET between PROSPECT PARK WEST and 8 AVENUE",
        "event_borough": "Brooklyn",
        "start_date": "2022-09-10T11:30:00.000",
        "end_date": "2022-09-10T19:30:00.000",
        "start_formatted": "September 10, 2022 11:30 AM",
        "end_formatted": "September 10, 2022 07:30 PM",
        "street_closure_type": "Full Street Closure",
        "community_board": "6,",
        "police_precinct": "78,"
      }
    },
    {
      "type": "Feature",
      "geometry": {
        "type": "Point",
        "coordinates": [
          -73.97919250000001,
          40.659828
        ]
      },
      "properties": {
        "event_id": "635571",
        "event_name": "Block Party 2022 2",
        "event_type": "Block Party",
        "event_agency": "Street Activity Permit Office",
        "event_location": "16 STREET between PROSPECT PARK WEST and 10 AVENUE",
        "event_borough": "Brooklyn",
        "start_date": "2022-09-10T11:30:00.000",
        "end_date": "2022-09-10T20:30:00.000",
        "start_formatted": "September 10, 2022 11:30 AM",
        "end_formatted": "September 10, 2022 08:30 PM",
        "street_closure_type": "Full Street Closure",
        "community_board": "7,",
        "police_precinct": "72,"
      }
    },
    {
      "type": "Feature",
      "geometry": {
        "type": "Point",
        "coordinates": [
          -73.95604399999999,
          40.730748500000004
        ]
      },
      "properties": {
        "event_id": "667043",
        "event_name": "The Kent Street Block Association Block Party",
        "event_type": "Block Party",
        "event_agency": "Street Activity Permit Office",
        "event_location": "KENT STREET between MANHATTAN AVENUE and FRANKLIN STREET",
        "event_borough": "Brooklyn",
        "start_date": "2022-09-10T11:30:00.000",
        "end_date": "2022-09-10T19:00:00.000",
        "start_formatted": "September 10, 2022 11:30 AM",
        "end_formatted": "September 10, 2022 07:00 PM",
        "street_closure_type": "Full Street Closure",
        "community_board": "1,",
        "police_precinct": "94,"
      }
    },
    {
      "type": "Feature",
      "geometry": {
        "type": "Point",
        "coordinates": [
          -73.9768785,
          40.670544500000005
        ]
      },
      "properties": {
        "event_id": "654372",
        "event_name": "2nd Street 7th Annual",
        "event_type": "Block Party",
        "event_agency": "Street Activity Permit Office",
        "event_location": "2 STREET between 7 AVENUE and 8 AVENUE",
        "event_borough": "Brooklyn",
        "start_date": "2022-09-10T11:30:00.000",
        "end_date": "2022-09-10T20:30:00.000",
        "start_formatted": "September 10, 2022 11:30 AM",
        "end_formatted": "September 10, 2022 08:30 PM",
        "street_closure_type": "Full Street Closure",
        "community_board": "6,",
        "police_precinct": "78,"
      }
    },
    {
      "type": "Feature",
      "geometry": {
        "type": "Point",
        "coordinates": [
          -73.985897,
          40.6833375
        ]
      },
      "properties": {
        "event_id": "649807",
        "event_name": "Warren Street Block Party 2022",
        "event_type": "Block Party",
        "event_agency": "Street Activity Permit Office",
        "event_location": "WARREN STREET between BOND STREET and NEVINS STREET",
        "event_borough": "Brooklyn",
        "start_date": "2022-09-10T11:30:00.000",
        "end_date": "2022-09-10T19:00:00.000",
        "start_formatted": "September 10, 2022 11:30 AM",
        "end_formatted": "September 10, 2022 07:00 PM",
        "street_closure_type": "Full Street Closure",
        "community_board": "2, 6,",
        "police_precinct": "76, 84,"
      }
    },
    {
      "type": "Feature",
      "geometry": {
        "type": "Point",
        "coordinates": [
          -73.921032,
          40.815058
        ]
      },
      "properties": {
        "event_id": "659113",
        "event_name": "Mott Haven Reformed Church  Mott Haven Community Partnership Block Party",
        "event_type": "Block Party",
        "event_agency": "Street Activity Permit Office",
        "event_location": "EAST  146 STREET between 3 AVENUE and COLLEGE AVENUE",
        "event_borough": "Bronx",
        "start_date": "2022-09-10T11:00:00.000",
        "end_date": "2022-09-10T15:30:00.000",
        "start_formatted": "September 10, 2022 11:00 AM",
        "end_formatted": "September 10, 2022 03:30 PM",
        "street_closure_type": "Full Street Closure",
        "community_board": "1,",
        "police_precinct": "40,"
      }
    },
    {
      "type": "Feature",
      "geometry": {
        "type": "Point",
        "coordinates": [
          -74.0056875,
          40.615083999999996
        ]
      },
      "properties": {
        "event_id": "658752",
        "event_name": "15th avenue block party",
        "event_type": "Block Party",
        "event_agency": "Street Activity Permit Office",
        "event_location": "15 AVENUE between 79 STREET and 80 STREET",
        "event_borough": "Brooklyn",
        "start_date": "2022-09-10T11:00:00.000",
        "end_date": "2022-09-10T20:00:00.000",
        "start_formatted": "September 10, 2022 11:00 AM",
        "end_formatted": "September 10, 2022 08:00 PM",
        "street_closure_type": "Sidewalk and Street Closure",
        "community_board": "11,",
        "police_precinct": "62,"
      }
    },
    {
      "type": "Feature",
      "geometry": {
        "type": "Point",
        "coordinates": [
          -73.9986355,
          40.685758
        ]
      },
      "properties": {
        "event_id": "650537",
        "event_name": "Henry Street Block Party",
        "event_type": "Block Party",
        "event_agency": "Street Activity Permit Office",
        "event_location": "HENRY STREET between KANE STREET and DEGRAW STREET",
        "event_borough": "Brooklyn",
        "start_date": "2022-09-10T11:00:00.000",
        "end_date": "2022-09-10T20:00:00.000",
        "start_formatted": "September 10, 2022 11:00 AM",
        "end_formatted": "September 10, 2022 08:00 PM",
        "street_closure_type": "Full Street Closure",
        "community_board": "6,",
        "police_precinct": "76,"
      }
    },
    {
      "type": "Feature",
      "geometry": {
        "type": "Point",
        "coordinates": [
          -73.869577,
          40.686561
        ]
      },
      "properties": {
        "event_id": "659388",
        "event_name": "Block party",
        "event_type": "Block Party",
        "event_agency": "Street Activity Permit Office",
        "event_location": "OBRIEN PLACE between LINCOLN AVENUE and NICHOLS AVENUE",
        "event_borough": "Brooklyn",
        "start_date": "2022-09-10T11:00:00.000",
        "end_date": "2022-09-10T20:00:00.000",
        "start_formatted": "September 10, 2022 11:00 AM",
        "end_formatted": "September 10, 2022 08:00 PM",
        "street_closure_type": "Full Street Closure",
        "community_board": "5,",
        "police_precinct": "75,"
      }
    },
    {
      "type": "Feature",
      "geometry": {
        "type": "Point",
        "coordinates": [
          -74.021063,
          40.629746499999996
        ]
      },
      "properties": {
        "event_id": "656484",
        "event_name": "74th Street Annual Block Party",
        "event_type": "Block Party",
        "event_agency": "Street Activity Permit Office",
        "event_location": "74 STREET between 5 AVENUE and 6 AVENUE",
        "event_borough": "Brooklyn",
        "start_date": "2022-09-10T11:00:00.000",
        "end_date": "2022-09-10T20:00:00.000",
        "start_formatted": "September 10, 2022 11:00 AM",
        "end_formatted": "September 10, 2022 08:00 PM",
        "street_closure_type": "Full Street Closure",
        "community_board": "10,",
        "police_precinct": "68,"
      }
    },
    {
      "type": "Feature",
      "geometry": {
        "type": "Point",
        "coordinates": [
          -73.977429,
          40.678555
        ]
      },
      "properties": {
        "event_id": "653142",
        "event_name": "Sterling place Annual Block Party",
        "event_type": "Block Party",
        "event_agency": "Street Activity Permit Office",
        "event_location": "STERLING PLACE between 6 AVENUE and 5 AVENUE",
        "event_borough": "Brooklyn",
        "start_date": "2022-09-10T11:00:00.000",
        "end_date": "2022-09-10T19:00:00.000",
        "start_formatted": "September 10, 2022 11:00 AM",
        "end_formatted": "September 10, 2022 07:00 PM",
        "street_closure_type": "Full Street Closure",
        "community_board": "6,",
        "police_precinct": "78,"
      }
    },
    {
      "type": "Feature",
      "geometry": {
        "type": "Point",
        "coordinates": [
          -73.9043935,
          40.620405
        ]
      },
      "properties": {
        "event_id": "637444",
        "event_name": "2022 E 74th Street Block Party",
        "event_type": "Block Party",
        "event_agency": "Street Activity Permit Office",
        "event_location": "EAST   74 STREET between AVENUE U and AVENUE V",
        "event_borough": "Brooklyn",
        "start_date": "2022-09-10T11:00:00.000",
        "end_date": "2022-09-10T20:00:00.000",
        "start_formatted": "September 10, 2022 11:00 AM",
        "end_formatted": "September 10, 2022 08:00 PM",
        "street_closure_type": "Full Street Closure",
        "community_board": "18,",
        "police_precinct": "63,"
      }
    },
    {
      "type": "Feature",
      "geometry": {
        "type": "Point",
        "coordinates": [
          -73.9261245,
          40.611718499999995
        ]
      },
      "properties": {
        "event_id": "627670",
        "event_name": "Hendrickson Street Block Gathering",
        "event_type": "Block Party",
        "event_agency": "Street Activity Permit Office",
        "event_location": "HENDRICKSON STREET between AVENUE S and AVENUE T",
        "event_borough": "Brooklyn",
        "start_date": "2022-09-10T11:00:00.000",
        "end_date": "2022-09-10T18:00:00.000",
        "start_formatted": "September 10, 2022 11:00 AM",
        "end_formatted": "September 10, 2022 06:00 PM",
        "street_closure_type": "Full Street Closure",
        "community_board": "18,",
        "police_precinct": "63,"
      }
    },
    {
      "type": "Feature",
      "geometry": {
        "type": "Point",
        "coordinates": [
          -73.981252,
          40.68634
        ]
      },
      "properties": {
        "event_id": "661354",
        "event_name": "State Street Block Party",
        "event_type": "Block Party",
        "event_agency": "Street Activity Permit Office",
        "event_location": "STATE STREET between NEVINS STREET and 3 AVENUE",
        "event_borough": "Brooklyn",
        "start_date": "2022-09-10T11:00:00.000",
        "end_date": "2022-09-10T18:00:00.000",
        "start_formatted": "September 10, 2022 11:00 AM",
        "end_formatted": "September 10, 2022 06:00 PM",
        "street_closure_type": "Full Street Closure",
        "community_board": "2,",
        "police_precinct": "84,"
      }
    },
    {
      "type": "Feature",
      "geometry": {
        "type": "Point",
        "coordinates": [
          -73.79641799999999,
          40.706284499999995
        ]
      },
      "properties": {
        "event_id": "660031",
        "event_name": "First Church Intercultural Community Fair",
        "event_type": "Block Party",
        "event_agency": "Street Activity Permit Office",
        "event_location": "164 STREET between 89 AVENUE and JAMAICA AVENUE",
        "event_borough": "Queens",
        "start_date": "2022-09-10T11:00:00.000",
        "end_date": "2022-09-10T16:00:00.000",
        "start_formatted": "September 10, 2022 11:00 AM",
        "end_formatted": "September 10, 2022 04:00 PM",
        "street_closure_type": "Full Street Closure",
        "community_board": "12,",
        "police_precinct": "103,"
      }
    },
    {
      "type": "Feature",
      "geometry": {
        "type": "Point",
        "coordinates": [
          -74.022076,
          40.6272575
        ]
      },
      "properties": {
        "event_id": "655678",
        "event_name": "77th Street Block Association Annual Block Party",
        "event_type": "Block Party",
        "event_agency": "Street Activity Permit Office",
        "event_location": "77 STREET between 5 AVENUE and 6 AVENUE",
        "event_borough": "Brooklyn",
        "start_date": "2022-09-10T11:00:00.000",
        "end_date": "2022-09-10T20:00:00.000",
        "start_formatted": "September 10, 2022 11:00 AM",
        "end_formatted": "September 10, 2022 08:00 PM",
        "street_closure_type": "Full Street Closure",
        "community_board": "10,",
        "police_precinct": "68,"
      }
    },
    {
      "type": "Feature",
      "geometry": {
        "type": "Point",
        "coordinates": [
          -73.980075,
          40.674659500000004
        ]
      },
      "properties": {
        "event_id": "632418",
        "event_name": "Block Party",
        "event_type": "Block Party",
        "event_agency": "Street Activity Permit Office",
        "event_location": "CARROLL STREET between 6 AVENUE and 5 AVENUE",
        "event_borough": "Brooklyn",
        "start_date": "2022-09-10T11:00:00.000",
        "end_date": "2022-09-10T20:00:00.000",
        "start_formatted": "September 10, 2022 11:00 AM",
        "end_formatted": "September 10, 2022 08:00 PM",
        "street_closure_type": "Full Street Closure",
        "community_board": "6,",
        "police_precinct": "78,"
      }
    },
    {
      "type": "Feature",
      "geometry": {
        "type": "Point",
        "coordinates": [
          -74.0100925,
          40.650431
        ]
      },
      "properties": {
        "event_id": "627196",
        "event_name": "44 street block party",
        "event_type": "Block Party",
        "event_agency": "Street Activity Permit Office",
        "event_location": "44 STREET between 3 AVENUE and 4 AVENUE",
        "event_borough": "Brooklyn",
        "start_date": "2022-09-10T11:00:00.000",
        "end_date": "2022-09-10T19:00:00.000",
        "start_formatted": "September 10, 2022 11:00 AM",
        "end_formatted": "September 10, 2022 07:00 PM",
        "street_closure_type": "Sidewalk and Street Closure",
        "community_board": "7,",
        "police_precinct": "72,"
      }
    },
    {
      "type": "Feature",
      "geometry": {
        "type": "Point",
        "coordinates": [
          -73.93189050000001,
          40.6079905
        ]
      },
      "properties": {
        "event_id": "647556",
        "event_name": "E. 34 Street Party",
        "event_type": "Block Party",
        "event_agency": "Street Activity Permit Office",
        "event_location": "EAST   34 STREET between AVENUE S and AVENUE T",
        "event_borough": "Brooklyn",
        "start_date": "2022-09-10T11:00:00.000",
        "end_date": "2022-09-10T18:00:00.000",
        "start_formatted": "September 10, 2022 11:00 AM",
        "end_formatted": "September 10, 2022 06:00 PM",
        "street_closure_type": "Full Street Closure",
        "community_board": "18,",
        "police_precinct": "63,"
      }
    },
    {
      "type": "Feature",
      "geometry": {
        "type": "Point",
        "coordinates": [
          -73.9616275,
          40.6751965
        ]
      },
      "properties": {
        "event_id": "630311",
        "event_name": "Park Pl Block Party",
        "event_type": "Block Party",
        "event_agency": "Street Activity Permit Office",
        "event_location": "PARK PLACE between GRAND AVENUE and CLASSON AVENUE",
        "event_borough": "Brooklyn",
        "start_date": "2022-09-10T11:00:00.000",
        "end_date": "2022-09-10T19:00:00.000",
        "start_formatted": "September 10, 2022 11:00 AM",
        "end_formatted": "September 10, 2022 07:00 PM",
        "street_closure_type": "Full Street Closure",
        "community_board": "8,",
        "police_precinct": "77,"
      }
    },
    {
      "type": "Feature",
      "geometry": {
        "type": "Point",
        "coordinates": [
          -73.980861,
          40.654625
        ]
      },
      "properties": {
        "event_id": "655487",
        "event_name": "20th Street Block Party",
        "event_type": "Block Party",
        "event_agency": "Street Activity Permit Office",
        "event_location": "20 STREET between 10 AVENUE and TERRACE PLACE",
        "event_borough": "Brooklyn",
        "start_date": "2022-09-10T11:00:00.000",
        "end_date": "2022-09-10T18:00:00.000",
        "start_formatted": "September 10, 2022 11:00 AM",
        "end_formatted": "September 10, 2022 06:00 PM",
        "street_closure_type": "Full Street Closure",
        "community_board": "7,",
        "police_precinct": "72,"
      }
    },
    {
      "type": "Feature",
      "geometry": {
        "type": "Point",
        "coordinates": [
          -73.92740749999999,
          40.682139500000005
        ]
      },
      "properties": {
        "event_id": "652929",
        "event_name": "368A-429 Decatur Street Block Association",
        "event_type": "Block Party",
        "event_agency": "Street Activity Permit Office",
        "event_location": "DECATUR STREET between MALCOLM X BOULEVARD and PATCHEN AVENUE",
        "event_borough": "Brooklyn",
        "start_date": "2022-09-10T11:00:00.000",
        "end_date": "2022-09-10T20:00:00.000",
        "start_formatted": "September 10, 2022 11:00 AM",
        "end_formatted": "September 10, 2022 08:00 PM",
        "street_closure_type": "Full Street Closure",
        "community_board": "3,",
        "police_precinct": "81,"
      }
    },
    {
      "type": "Feature",
      "geometry": {
        "type": "Point",
        "coordinates": [
          -73.986625,
          40.666803
        ]
      },
      "properties": {
        "event_id": "666297",
        "event_name": "12th St. Fall Block Party 2022",
        "event_type": "Block Party",
        "event_agency": "Street Activity Permit Office",
        "event_location": "12 STREET between 5 AVENUE and 6 AVENUE",
        "event_borough": "Brooklyn",
        "start_date": "2022-09-10T11:00:00.000",
        "end_date": "2022-09-10T20:00:00.000",
        "start_formatted": "September 10, 2022 11:00 AM",
        "end_formatted": "September 10, 2022 08:00 PM",
        "street_closure_type": "Full Street Closure",
        "community_board": "6,",
        "police_precinct": "78,"
      }
    },
    {
      "type": "Feature",
      "geometry": {
        "type": "Point",
        "coordinates": [
          -73.992381,
          40.6678935
        ]
      },
      "properties": {
        "event_id": "657380",
        "event_name": "14th street block party",
        "event_type": "Block Party",
        "event_agency": "Street Activity Permit Office",
        "event_location": "14 STREET between 3 AVENUE and 4 AVENUE",
        "event_borough": "Brooklyn",
        "start_date": "2022-09-10T11:00:00.000",
        "end_date": "2022-09-10T20:00:00.000",
        "start_formatted": "September 10, 2022 11:00 AM",
        "end_formatted": "September 10, 2022 08:00 PM",
        "street_closure_type": "Full Street Closure",
        "community_board": "6,",
        "police_precinct": "78,"
      }
    },
    {
      "type": "Feature",
      "geometry": {
        "type": "Point",
        "coordinates": [
          -73.948774,
          40.805813
        ]
      },
      "properties": {
        "event_id": "636510",
        "event_name": "Block Party 2022",
        "event_type": "Block Party",
        "event_agency": "Street Activity Permit Office",
        "event_location": "WEST  121 STREET between LENOX AVENUE and ADAM CLAYTON POWELL JR BOULEVARD",
        "event_borough": "Manhattan",
        "start_date": "2022-09-10T11:00:00.000",
        "end_date": "2022-09-10T15:00:00.000",
        "start_formatted": "September 10, 2022 11:00 AM",
        "end_formatted": "September 10, 2022 03:00 PM",
        "street_closure_type": "Full Street Closure",
        "community_board": "10,",
        "police_precinct": "28,"
      }
    },
    {
      "type": "Feature",
      "geometry": {
        "type": "Point",
        "coordinates": [
          -73.9278735,
          40.607777999999996
        ]
      },
      "properties": {
        "event_id": "668035",
        "event_name": "37 Street Block Party",
        "event_type": "Block Party",
        "event_agency": "Street Activity Permit Office",
        "event_location": "EAST   37 STREET between AVENUE T and AVENUE U",
        "event_borough": "Brooklyn",
        "start_date": "2022-09-10T11:00:00.000",
        "end_date": "2022-09-10T20:00:00.000",
        "start_formatted": "September 10, 2022 11:00 AM",
        "end_formatted": "September 10, 2022 08:00 PM",
        "street_closure_type": "Full Street Closure",
        "community_board": "18,",
        "police_precinct": "63,"
      }
    },
    {
      "type": "Feature",
      "geometry": {
        "type": "Point",
        "coordinates": [
          -73.8853765,
          40.638031999999995
        ]
      },
      "properties": {
        "event_id": "659571",
        "event_name": "Block association 104",
        "event_type": "Block Party",
        "event_agency": "Street Activity Permit Office",
        "event_location": "EAST  104 STREET between AVENUE N and SEAVIEW AVENUE",
        "event_borough": "Brooklyn",
        "start_date": "2022-09-10T11:00:00.000",
        "end_date": "2022-09-10T17:00:00.000",
        "start_formatted": "September 10, 2022 11:00 AM",
        "end_formatted": "September 10, 2022 05:00 PM",
        "street_closure_type": "Full Street Closure",
        "community_board": "18,",
        "police_precinct": "69,"
      }
    },
    {
      "type": "Feature",
      "geometry": {
        "type": "Point",
        "coordinates": [
          -73.905819,
          40.638910499999994
        ]
      },
      "properties": {
        "event_id": "659406",
        "event_name": "89 street block party",
        "event_type": "Block Party",
        "event_agency": "Street Activity Permit Office",
        "event_location": "EAST   89 STREET between FLATLANDS AVENUE and AVENUE J",
        "event_borough": "Brooklyn",
        "start_date": "2022-09-10T11:00:00.000",
        "end_date": "2022-09-10T20:00:00.000",
        "start_formatted": "September 10, 2022 11:00 AM",
        "end_formatted": "September 10, 2022 08:00 PM",
        "street_closure_type": "Full Street Closure",
        "community_board": "18,",
        "police_precinct": "69,"
      }
    },
    {
      "type": "Feature",
      "geometry": {
        "type": "Point",
        "coordinates": [
          -73.937341,
          40.686993
        ]
      },
      "properties": {
        "event_id": "657390",
        "event_name": "Sgt FF Shawn E Powell Way Co-naming",
        "event_type": "Block Party",
        "event_agency": "Street Activity Permit Office",
        "event_location": "MONROE STREET between MARCUS GARVEY BOULEVARD and LEWIS AVENUE",
        "event_borough": "Brooklyn",
        "start_date": "2022-09-10T11:00:00.000",
        "end_date": "2022-09-10T14:00:00.000",
        "start_formatted": "September 10, 2022 11:00 AM",
        "end_formatted": "September 10, 2022 02:00 PM",
        "street_closure_type": "Full Street Closure",
        "community_board": "3,",
        "police_precinct": "81,"
      }
    },
    {
      "type": "Feature",
      "geometry": {
        "type": "Point",
        "coordinates": [
          -73.9085765,
          40.682947
        ]
      },
      "properties": {
        "event_id": "641591",
        "event_name": "family day",
        "event_type": "Block Party",
        "event_agency": "Street Activity Permit Office",
        "event_location": "PILLING STREET between BUSHWICK AVENUE and BROADWAY",
        "event_borough": "Brooklyn",
        "start_date": "2022-09-10T11:00:00.000",
        "end_date": "2022-09-10T20:00:00.000",
        "start_formatted": "September 10, 2022 11:00 AM",
        "end_formatted": "September 10, 2022 08:00 PM",
        "street_closure_type": "Sidewalk and Street Closure",
        "community_board": "4,",
        "police_precinct": "83,"
      }
    },
    {
      "type": "Feature",
      "geometry": {
        "type": "Point",
        "coordinates": [
          -73.98261249999999,
          40.675648
        ]
      },
      "properties": {
        "event_id": "655190",
        "event_name": "Carroll Street Between 4th and 5th Ave Block Party",
        "event_type": "Block Party",
        "event_agency": "Street Activity Permit Office",
        "event_location": "CARROLL STREET between 4 AVENUE and 5 AVENUE",
        "event_borough": "Brooklyn",
        "start_date": "2022-09-10T11:00:00.000",
        "end_date": "2022-09-10T18:00:00.000",
        "start_formatted": "September 10, 2022 11:00 AM",
        "end_formatted": "September 10, 2022 06:00 PM",
        "street_closure_type": "Full Street Closure",
        "community_board": "6,",
        "police_precinct": "78,"
      }
    },
    {
      "type": "Feature",
      "geometry": {
        "type": "Point",
        "coordinates": [
          -73.96631049999999,
          40.68553
        ]
      },
      "properties": {
        "event_id": "663397",
        "event_name": "Back to School Block Party",
        "event_type": "Block Party",
        "event_agency": "Street Activity Permit Office",
        "event_location": "WAVERLY AVENUE between GREENE AVENUE and GATES AVENUE",
        "event_borough": "Brooklyn",
        "start_date": "2022-09-10T11:00:00.000",
        "end_date": "2022-09-10T14:00:00.000",
        "start_formatted": "September 10, 2022 11:00 AM",
        "end_formatted": "September 10, 2022 02:00 PM",
        "street_closure_type": "Full Street Closure",
        "community_board": "2,",
        "police_precinct": "88,"
      }
    },
    {
      "type": "Feature",
      "geometry": {
        "type": "Point",
        "coordinates": [
          -73.949033,
          40.6706725
        ]
      },
      "properties": {
        "event_id": "661806",
        "event_name": "BLOCK PARTY CULTURE ART",
        "event_type": "Block Party",
        "event_agency": "Street Activity Permit Office",
        "event_location": "LINCOLN PLACE between NEW YORK AVENUE and NOSTRAND AVENUE",
        "event_borough": "Brooklyn",
        "start_date": "2022-09-10T10:30:00.000",
        "end_date": "2022-09-10T18:00:00.000",
        "start_formatted": "September 10, 2022 10:30 AM",
        "end_formatted": "September 10, 2022 06:00 PM",
        "street_closure_type": "Sidewalk and Street Closure",
        "community_board": "8,",
        "police_precinct": "77,"
      }
    },
    {
      "type": "Feature",
      "geometry": {
        "type": "Point",
        "coordinates": [
          -73.94904650000001,
          40.659496000000004
        ]
      },
      "properties": {
        "event_id": "656070",
        "event_name": "300 Rutland Road Block Association Community Block Party",
        "event_type": "Block Party",
        "event_agency": "Street Activity Permit Office",
        "event_location": "RUTLAND ROAD between NOSTRAND AVENUE and NEW YORK AVENUE",
        "event_borough": "Brooklyn",
        "start_date": "2022-09-10T10:00:00.000",
        "end_date": "2022-09-10T18:00:00.000",
        "start_formatted": "September 10, 2022 10:00 AM",
        "end_formatted": "September 10, 2022 06:00 PM",
        "street_closure_type": "Full Street Closure",
        "community_board": "9,",
        "police_precinct": "71,"
      }
    },
    {
      "type": "Feature",
      "geometry": {
        "type": "Point",
        "coordinates": [
          -73.83068850000001,
          40.7586635
        ]
      },
      "properties": {
        "event_id": "640630",
        "event_name": "Flushing BID Annual Block Party",
        "event_type": "Block Party",
        "event_agency": "Street Activity Permit Office",
        "event_location": "40 ROAD between MAIN STREET and PRINCE STREET",
        "event_borough": "Queens",
        "start_date": "2022-09-10T10:00:00.000",
        "end_date": "2022-09-10T17:00:00.000",
        "start_formatted": "September 10, 2022 10:00 AM",
        "end_formatted": "September 10, 2022 05:00 PM",
        "street_closure_type": "Full Street Closure",
        "community_board": "7,",
        "police_precinct": "109,"
      }
    },
    {
      "type": "Feature",
      "geometry": {
        "type": "Point",
        "coordinates": [
          -73.9581245,
          40.655754
        ]
      },
      "properties": {
        "event_id": "651125",
        "event_name": "Parkside Ave Block Party 2022",
        "event_type": "Block Party",
        "event_agency": "Street Activity Permit Office",
        "event_location": "PARKSIDE AVENUE between FLATBUSH AVENUE and BEDFORD AVENUE",
        "event_borough": "Brooklyn",
        "start_date": "2022-09-10T10:00:00.000",
        "end_date": "2022-09-10T18:00:00.000",
        "start_formatted": "September 10, 2022 10:00 AM",
        "end_formatted": "September 10, 2022 06:00 PM",
        "street_closure_type": "Full Street Closure",
        "community_board": "9,",
        "police_precinct": "71,"
      }
    },
    {
      "type": "Feature",
      "geometry": {
        "type": "Point",
        "coordinates": [
          -73.968875,
          40.788456
        ]
      },
      "properties": {
        "event_id": "660765",
        "event_name": "Green-up Day and Barbecue",
        "event_type": "Block Party",
        "event_agency": "Street Activity Permit Office",
        "event_location": "WEST   90 STREET between CENTRAL PARK WEST and COLUMBUS AVENUE",
        "event_borough": "Manhattan",
        "start_date": "2022-09-10T10:00:00.000",
        "end_date": "2022-09-10T15:00:00.000",
        "start_formatted": "September 10, 2022 10:00 AM",
        "end_formatted": "September 10, 2022 03:00 PM",
        "street_closure_type": "Full Street Closure",
        "community_board": "7,",
        "police_precinct": "24,"
      }
    },
    {
      "type": "Feature",
      "geometry": {
        "type": "Point",
        "coordinates": [
          -73.97377850000001,
          40.67461
        ]
      },
      "properties": {
        "event_id": "661295",
        "event_name": "Block Party",
        "event_type": "Block Party",
        "event_agency": "Street Activity Permit Office",
        "event_location": "BERKELEY PLACE between 7 AVENUE and 8 AVENUE",
        "event_borough": "Brooklyn",
        "start_date": "2022-09-10T10:00:00.000",
        "end_date": "2022-09-10T19:00:00.000",
        "start_formatted": "September 10, 2022 10:00 AM",
        "end_formatted": "September 10, 2022 07:00 PM",
        "street_closure_type": "Full Street Closure",
        "community_board": "6,",
        "police_precinct": "78,"
      }
    },
    {
      "type": "Feature",
      "geometry": {
        "type": "Point",
        "coordinates": [
          -73.98376300000001,
          40.6662635
        ]
      },
      "properties": {
        "event_id": "659473",
        "event_name": "11th Street Block Party",
        "event_type": "Block Party",
        "event_agency": "Street Activity Permit Office",
        "event_location": "11 STREET between 6 AVENUE and 7 AVENUE",
        "event_borough": "Brooklyn",
        "start_date": "2022-09-10T10:00:00.000",
        "end_date": "2022-09-10T19:00:00.000",
        "start_formatted": "September 10, 2022 10:00 AM",
        "end_formatted": "September 10, 2022 07:00 PM",
        "street_closure_type": "Full Street Closure",
        "community_board": "6,",
        "police_precinct": "78,"
      }
    },
    {
      "type": "Feature",
      "geometry": {
        "type": "Point",
        "coordinates": [
          -73.85856799999999,
          40.885130000000004
        ]
      },
      "properties": {
        "event_id": "654307",
        "event_name": "Grandparents Day Celebration",
        "event_type": "Block Party",
        "event_agency": "Street Activity Permit Office",
        "event_location": "BARNES AVENUE between EAST  222 STREET and EAST  223 STREET",
        "event_borough": "Bronx",
        "start_date": "2022-09-10T10:00:00.000",
        "end_date": "2022-09-10T16:00:00.000",
        "start_formatted": "September 10, 2022 10:00 AM",
        "end_formatted": "September 10, 2022 04:00 PM",
        "street_closure_type": "Full Street Closure",
        "community_board": "12,",
        "police_precinct": "47,"
      }
    },
    {
      "type": "Feature",
      "geometry": {
        "type": "Point",
        "coordinates": [
          -73.95513,
          40.659833
        ]
      },
      "properties": {
        "event_id": "653656",
        "event_name": "Midwood II Block Party",
        "event_type": "Block Party",
        "event_agency": "Street Activity Permit Office",
        "event_location": "MIDWOOD STREET between BEDFORD AVENUE and ROGERS AVENUE",
        "event_borough": "Brooklyn",
        "start_date": "2022-09-10T10:00:00.000",
        "end_date": "2022-09-10T19:00:00.000",
        "start_formatted": "September 10, 2022 10:00 AM",
        "end_formatted": "September 10, 2022 07:00 PM",
        "street_closure_type": "Full Street Closure",
        "community_board": "9,",
        "police_precinct": "71,"
      }
    },
    {
      "type": "Feature",
      "geometry": {
        "type": "Point",
        "coordinates": [
          -73.962057,
          40.6930885
        ]
      },
      "properties": {
        "event_id": "656610",
        "event_name": "Emerson Davis Family Day",
        "event_type": "Block Party",
        "event_agency": "Street Activity Permit Office",
        "event_location": "EMERSON PLACE between WILLOUGHBY AVENUE and MYRTLE AVENUE",
        "event_borough": "Brooklyn",
        "start_date": "2022-09-10T09:00:00.000",
        "end_date": "2022-09-10T17:00:00.000",
        "start_formatted": "September 10, 2022 09:00 AM",
        "end_formatted": "September 10, 2022 05:00 PM",
        "street_closure_type": "Full Street Closure",
        "community_board": "2,",
        "police_precinct": "88,"
      }
    },
    {
      "type": "Feature",
      "geometry": {
        "type": "Point",
        "coordinates": [
          -73.977022,
          40.66639
        ]
      },
      "properties": {
        "event_id": "660894",
        "event_name": "Play in the Street",
        "event_type": "Block Party",
        "event_agency": "Street Activity Permit Office",
        "event_location": "7 STREET between 8 AVENUE and PROSPECT PARK WEST",
        "event_borough": "Brooklyn",
        "start_date": "2022-09-10T09:00:00.000",
        "end_date": "2022-09-10T18:00:00.000",
        "start_formatted": "September 10, 2022 09:00 AM",
        "end_formatted": "September 10, 2022 06:00 PM",
        "street_closure_type": "Full Street Closure",
        "community_board": "6,",
        "police_precinct": "78,"
      }
    },
    {
      "type": "Feature",
      "geometry": {
        "type": "Point",
        "coordinates": [
          -73.985619,
          40.668008
        ]
      },
      "properties": {
        "event_id": "633053",
        "event_name": "Tenth Street 5th 6th Sept 2022 Block Party",
        "event_type": "Block Party",
        "event_agency": "Street Activity Permit Office",
        "event_location": "10 STREET between 5 AVENUE and 6 AVENUE",
        "event_borough": "Brooklyn",
        "start_date": "2022-09-10T09:00:00.000",
        "end_date": "2022-09-10T18:00:00.000",
        "start_formatted": "September 10, 2022 09:00 AM",
        "end_formatted": "September 10, 2022 06:00 PM",
        "street_closure_type": "Full Street Closure",
        "community_board": "6,",
        "police_precinct": "78,"
      }
    },
    {
      "type": "Feature",
      "geometry": {
        "type": "Point",
        "coordinates": [
          -74.096318,
          40.584114
        ]
      },
      "properties": {
        "event_id": "637288",
        "event_name": "Staten Island Little League Block Party",
        "event_type": "Block Party",
        "event_agency": "Street Activity Permit Office",
        "event_location": "JOYCE STREET between SEAVER AVENUE and NAUGHTON AVENUE",
        "event_borough": "Staten Island",
        "start_date": "2022-09-10T09:00:00.000",
        "end_date": "2022-09-10T16:30:00.000",
        "start_formatted": "September 10, 2022 09:00 AM",
        "end_formatted": "September 10, 2022 04:30 PM",
        "street_closure_type": "Partial Sidewalk Closure",
        "community_board": "2,",
        "police_precinct": "122,"
      }
    },
    {
      "type": "Feature",
      "geometry": {
        "type": "Point",
        "coordinates": [
          -73.93860000000001,
          40.819742
        ]
      },
      "properties": {
        "event_id": "660412",
        "event_name": "143rd block association block party",
        "event_type": "Block Party",
        "event_agency": "Street Activity Permit Office",
        "event_location": "WEST  143 STREET between LENOX AVENUE and ADAM CLAYTON POWELL BOULEVARD",
        "event_borough": "Manhattan",
        "start_date": "2022-09-10T09:00:00.000",
        "end_date": "2022-09-10T18:00:00.000",
        "start_formatted": "September 10, 2022 09:00 AM",
        "end_formatted": "September 10, 2022 06:00 PM",
        "street_closure_type": "Full Street Closure",
        "community_board": "10,",
        "police_precinct": "32,"
      }
    },
    {
      "type": "Feature",
      "geometry": {
        "type": "Point",
        "coordinates": [
          -73.844428,
          40.823877499999995
        ]
      },
      "properties": {
        "event_id": "628983",
        "event_name": "Block Party",
        "event_type": "Block Party",
        "event_agency": "Street Activity Permit Office",
        "event_location": "LAFAYETTE AVENUE between HAVEMEYER AVENUE and ZEREGA AVENUE",
        "event_borough": "Bronx",
        "start_date": "2022-09-09T18:00:00.000",
        "end_date": "2022-09-09T21:00:00.000",
        "start_formatted": "September 09, 2022 06:00 PM",
        "end_formatted": "September 09, 2022 09:00 PM",
        "street_closure_type": "Full Street Closure",
        "community_board": "9,",
        "police_precinct": "43,"
      }
    },
    {
      "type": "Feature",
      "geometry": {
        "type": "Point",
        "coordinates": [
          -73.95379500000001,
          40.8236955
        ]
      },
      "properties": {
        "event_id": "660430",
        "event_name": "Victor Rojas Family Day Block Party",
        "event_type": "Block Party",
        "event_agency": "Street Activity Permit Office",
        "event_location": "WEST  140 STREET between BROADWAY and RIVERSIDE DRIVE",
        "event_borough": "Manhattan",
        "start_date": "2022-09-09T10:00:00.000",
        "end_date": "2022-09-09T15:00:00.000",
        "start_formatted": "September 09, 2022 10:00 AM",
        "end_formatted": "September 09, 2022 03:00 PM",
        "street_closure_type": "Full Street Closure",
        "community_board": "9,",
        "police_precinct": "30,"
      }
    },
    {
      "type": "Feature",
      "geometry": {
        "type": "Point",
        "coordinates": [
          -73.945065,
          40.7082685
        ]
      },
      "properties": {
        "event_id": "645330",
        "event_name": "Rescatando Almas Para Cristo",
        "event_type": "Block Party",
        "event_agency": "Street Activity Permit Office",
        "event_location": "MANHATTAN AVENUE between SCHOLES STREET and MESEROLE STREET",
        "event_borough": "Brooklyn",
        "start_date": "2022-09-04T10:00:00.000",
        "end_date": "2022-09-04T17:00:00.000",
        "start_formatted": "September 04, 2022 10:00 AM",
        "end_formatted": "September 04, 2022 05:00 PM",
        "street_closure_type": "Sidewalk and Street Closure",
        "community_board": "1,",
        "police_precinct": "90,"
      }
    },
    {
      "type": "Feature",
      "geometry": {
        "type": "Point",
        "coordinates": [
          -74.2065585,
          40.536079
        ]
      },
      "properties": {
        "event_id": "655003",
        "event_name": "Ramona Block Party",
        "event_type": "Block Party",
        "event_agency": "Street Activity Permit Office",
        "event_location": "RAMONA AVENUE between FOSTER ROAD and LENEVAR AVENUE",
        "event_borough": "Staten Island",
        "start_date": "2022-09-03T13:00:00.000",
        "end_date": "2022-09-03T21:00:00.000",
        "start_formatted": "September 03, 2022 01:00 PM",
        "end_formatted": "September 03, 2022 09:00 PM",
        "street_closure_type": "Full Street Closure",
        "community_board": "3,",
        "police_precinct": "123,"
      }
    },
    {
      "type": "Feature",
      "geometry": {
        "type": "Point",
        "coordinates": [
          -73.81828949999999,
          40.832747
        ]
      },
      "properties": {
        "event_id": "657281",
        "event_name": "Lafayette Ave Block Party",
        "event_type": "Block Party",
        "event_agency": "Street Activity Permit Office",
        "event_location": "LAFAYETTE AVENUE between WILCOX AVENUE and CLARENCE AVENUE",
        "event_borough": "Bronx",
        "start_date": "2022-09-03T13:00:00.000",
        "end_date": "2022-09-03T21:00:00.000",
        "start_formatted": "September 03, 2022 01:00 PM",
        "end_formatted": "September 03, 2022 09:00 PM",
        "street_closure_type": "Full Street Closure",
        "community_board": "10,",
        "police_precinct": "45,"
      }
    },
    {
      "type": "Feature",
      "geometry": {
        "type": "Point",
        "coordinates": [
          -74.00040200000001,
          40.6881955
        ]
      },
      "properties": {
        "event_id": "657869",
        "event_name": "Block party",
        "event_type": "Block Party",
        "event_agency": "Street Activity Permit Office",
        "event_location": "BALTIC STREET between COLUMBIA STREET and HICKS STREET",
        "event_borough": "Brooklyn",
        "start_date": "2022-09-03T13:00:00.000",
        "end_date": "2022-09-03T21:00:00.000",
        "start_formatted": "September 03, 2022 01:00 PM",
        "end_formatted": "September 03, 2022 09:00 PM",
        "street_closure_type": "Full Street Closure",
        "community_board": "6,",
        "police_precinct": "76,"
      }
    },
    {
      "type": "Feature",
      "geometry": {
        "type": "Point",
        "coordinates": [
          -73.9508005,
          40.793269
        ]
      },
      "properties": {
        "event_id": "629211",
        "event_name": "El Barrio Old Timers",
        "event_type": "Block Party",
        "event_agency": "Street Activity Permit Office",
        "event_location": "EAST  105 STREET between MADISON AVENUE and 5 AVENUE",
        "event_borough": "Manhattan",
        "start_date": "2022-09-03T12:00:00.000",
        "end_date": "2022-09-03T19:00:00.000",
        "start_formatted": "September 03, 2022 12:00 PM",
        "end_formatted": "September 03, 2022 07:00 PM",
        "street_closure_type": "Full Street Closure",
        "community_board": "11,",
        "police_precinct": "23,"
      }
    },
    {
      "type": "Feature",
      "geometry": {
        "type": "Point",
        "coordinates": [
          -74.00363250000001,
          40.6815215
        ]
      },
      "properties": {
        "event_id": "659917",
        "event_name": "Woodhull St Block Party",
        "event_type": "Block Party",
        "event_agency": "Street Activity Permit Office",
        "event_location": "WOODHULL STREET between COLUMBIA STREET and HICKS STREET",
        "event_borough": "Brooklyn",
        "start_date": "2022-09-03T12:00:00.000",
        "end_date": "2022-09-03T21:00:00.000",
        "start_formatted": "September 03, 2022 12:00 PM",
        "end_formatted": "September 03, 2022 09:00 PM",
        "street_closure_type": "Full Street Closure",
        "community_board": "6,",
        "police_precinct": "76,"
      }
    },
    {
      "type": "Feature",
      "geometry": {
        "type": "Point",
        "coordinates": [
          -73.945057,
          40.8274865
        ]
      },
      "properties": {
        "event_id": "656626",
        "event_name": "149th Annual Block Party",
        "event_type": "Block Party",
        "event_agency": "Street Activity Permit Office",
        "event_location": "WEST  149 STREET between AMSTERDAM AVENUE and CONVENT AVENUE",
        "event_borough": "Manhattan",
        "start_date": "2022-09-03T11:00:00.000",
        "end_date": "2022-09-03T18:00:00.000",
        "start_formatted": "September 03, 2022 11:00 AM",
        "end_formatted": "September 03, 2022 06:00 PM",
        "street_closure_type": "Full Street Closure",
        "community_board": "9,",
        "police_precinct": "30,"
      }
    },
    {
      "type": "Feature",
      "geometry": {
        "type": "Point",
        "coordinates": [
          -73.93500499999999,
          40.690259
        ]
      },
      "properties": {
        "event_id": "650627",
        "event_name": "800s Greene Avenue Block Party",
        "event_type": "Block Party",
        "event_agency": "Street Activity Permit Office",
        "event_location": "GREENE AVENUE between LEWIS AVENUE and STUYVESANT AVENUE",
        "event_borough": "Brooklyn",
        "start_date": "2022-09-03T11:00:00.000",
        "end_date": "2022-09-03T20:00:00.000",
        "start_formatted": "September 03, 2022 11:00 AM",
        "end_formatted": "September 03, 2022 08:00 PM",
        "street_closure_type": "Full Street Closure",
        "community_board": "3,",
        "police_precinct": "81,"
      }
    },
    {
      "type": "Feature",
      "geometry": {
        "type": "Point",
        "coordinates": [
          -73.93442300000001,
          40.6091585
        ]
      },
      "properties": {
        "event_id": "633079",
        "event_name": "BLOCK PARTY",
        "event_type": "Block Party",
        "event_agency": "Street Activity Permit Office",
        "event_location": "EAST   33 STREET between FILLMORE AVENUE and AVENUE S",
        "event_borough": "Brooklyn",
        "start_date": "2022-09-03T10:00:00.000",
        "end_date": "2022-09-03T19:00:00.000",
        "start_formatted": "September 03, 2022 10:00 AM",
        "end_formatted": "September 03, 2022 07:00 PM",
        "street_closure_type": "Full Street Closure",
        "community_board": "18,",
        "police_precinct": "63,"
      }
    },
    {
      "type": "Feature",
      "geometry": {
        "type": "Point",
        "coordinates": [
          -73.946718,
          40.828999499999995
        ]
      },
      "properties": {
        "event_id": "656893",
        "event_name": "Back to School Block Party",
        "event_type": "Block Party",
        "event_agency": "Street Activity Permit Office",
        "event_location": "WEST  150 STREET between AMSTERDAM AVENUE and BROADWAY",
        "event_borough": "Manhattan",
        "start_date": "2022-09-02T12:30:00.000",
        "end_date": "2022-09-02T15:30:00.000",
        "start_formatted": "September 02, 2022 12:30 PM",
        "end_formatted": "September 02, 2022 03:30 PM",
        "street_closure_type": "Full Street Closure",
        "community_board": "9,",
        "police_precinct": "30,"
      }
    },
    {
      "type": "Feature",
      "geometry": {
        "type": "Point",
        "coordinates": [
          -73.9595955,
          40.708155
        ]
      },
      "properties": {
        "event_id": "667530",
        "event_name": "family day  - health fair",
        "event_type": "Block Party",
        "event_agency": "Street Activity Permit Office",
        "event_location": "HAVEMEYER STREET between DIVISION AVENUE and BROADWAY",
        "event_borough": "Brooklyn",
        "start_date": "2022-09-01T12:00:00.000",
        "end_date": "2022-09-01T18:00:00.000",
        "start_formatted": "September 01, 2022 12:00 PM",
        "end_formatted": "September 01, 2022 06:00 PM",
        "street_closure_type": "Full Street Closure",
        "community_board": "1,",
        "police_precinct": "90,"
      }
    },
    {
      "type": "Feature",
      "geometry": {
        "type": "Point",
        "coordinates": [
          -73.9163955,
          40.8404295
        ]
      },
      "properties": {
        "event_id": "659285",
        "event_name": "Homecoming and 10 year anniversary",
        "event_type": "Block Party",
        "event_agency": "Street Activity Permit Office",
        "event_location": "TOWNSEND AVENUE between EAST  170 STREET and EAST  171 STREET",
        "event_borough": "Bronx",
        "start_date": "2022-08-31T09:00:00.000",
        "end_date": "2022-08-31T15:00:00.000",
        "start_formatted": "August 31, 2022 09:00 AM",
        "end_formatted": "August 31, 2022 03:00 PM",
        "street_closure_type": "Full Street Closure",
        "community_board": "4,",
        "police_precinct": "44,"
      }
    },
    {
      "type": "Feature",
      "geometry": {
        "type": "Point",
        "coordinates": [
          -73.94455149999999,
          40.798950500000004
        ]
      },
      "properties": {
        "event_id": "659765",
        "event_name": "Taft Back To School Jam",
        "event_type": "Block Party",
        "event_agency": "Street Activity Permit Office",
        "event_location": "EAST  115 STREET between PARK AVENUE and MADISON AVENUE",
        "event_borough": "Manhattan",
        "start_date": "2022-08-30T12:00:00.000",
        "end_date": "2022-08-30T18:00:00.000",
        "start_formatted": "August 30, 2022 12:00 PM",
        "end_formatted": "August 30, 2022 06:00 PM",
        "street_closure_type": "Full Street Closure",
        "community_board": "11,",
        "police_precinct": "23, 25,"
      }
    },
    {
      "type": "Feature",
      "geometry": {
        "type": "Point",
        "coordinates": [
          -73.930188,
          40.6810695
        ]
      },
      "properties": {
        "event_id": "659352",
        "event_name": "Bainbridge Homeowners  Tenants Block Association Annual Block Party",
        "event_type": "Block Party",
        "event_agency": "Street Activity Permit Office",
        "event_location": "BAINBRIDGE STREET between MALCOLM X BOULEVARD and STUYVESANT AVENUE",
        "event_borough": "Brooklyn",
        "start_date": "2022-08-29T10:00:00.000",
        "end_date": "2022-08-29T18:00:00.000",
        "start_formatted": "August 29, 2022 10:00 AM",
        "end_formatted": "August 29, 2022 06:00 PM",
        "street_closure_type": "Full Street Closure",
        "community_board": "3,",
        "police_precinct": "81,"
      }
    },
    {
      "type": "Feature",
      "geometry": {
        "type": "Point",
        "coordinates": [
          -73.9483295,
          40.5986985
        ]
      },
      "properties": {
        "event_id": "657045",
        "event_name": "East 23rd Street Block Partu",
        "event_type": "Block Party",
        "event_agency": "Street Activity Permit Office",
        "event_location": "EAST   23 STREET between AVENUE U and AVENUE V",
        "event_borough": "Brooklyn",
        "start_date": "2022-08-28T12:00:00.000",
        "end_date": "2022-08-28T21:00:00.000",
        "start_formatted": "August 28, 2022 12:00 PM",
        "end_formatted": "August 28, 2022 09:00 PM",
        "street_closure_type": "Full Street Closure",
        "community_board": "15,",
        "police_precinct": "61,"
      }
    },
    {
      "type": "Feature",
      "geometry": {
        "type": "Point",
        "coordinates": [
          -74.008535,
          40.648588000000004
        ]
      },
      "properties": {
        "event_id": "657175",
        "event_name": "45th Street Block Party",
        "event_type": "Block Party",
        "event_agency": "Street Activity Permit Office",
        "event_location": "45 STREET between 5 AVENUE and 4 AVENUE",
        "event_borough": "Brooklyn",
        "start_date": "2022-08-28T12:00:00.000",
        "end_date": "2022-08-28T21:00:00.000",
        "start_formatted": "August 28, 2022 12:00 PM",
        "end_formatted": "August 28, 2022 09:00 PM",
        "street_closure_type": "Full Street Closure",
        "community_board": "7,",
        "police_precinct": "72,"
      }
    },
    {
      "type": "Feature",
      "geometry": {
        "type": "Point",
        "coordinates": [
          -73.87849750000001,
          40.681857
        ]
      },
      "properties": {
        "event_id": "657953",
        "event_name": "la hermosa",
        "event_type": "Block Party",
        "event_agency": "Street Activity Permit Office",
        "event_location": "FULTON STREET between LOGAN STREET and NORWOOD AVENUE",
        "event_borough": "Brooklyn",
        "start_date": "2022-08-28T12:00:00.000",
        "end_date": "2022-08-28T17:00:00.000",
        "start_formatted": "August 28, 2022 12:00 PM",
        "end_formatted": "August 28, 2022 05:00 PM",
        "street_closure_type": "Full Street Closure",
        "community_board": "5,",
        "police_precinct": "75,"
      }
    },
    {
      "type": "Feature",
      "geometry": {
        "type": "Point",
        "coordinates": [
          -73.931914,
          40.675114
        ]
      },
      "properties": {
        "event_id": "652787",
        "event_name": "Rock Da Block",
        "event_type": "Block Party",
        "event_agency": "Street Activity Permit Office",
        "event_location": "BERGEN STREET between UTICA AVENUE and SCHENECTADY AVENUE",
        "event_borough": "Brooklyn",
        "start_date": "2022-08-28T12:00:00.000",
        "end_date": "2022-08-28T19:00:00.000",
        "start_formatted": "August 28, 2022 12:00 PM",
        "end_formatted": "August 28, 2022 07:00 PM",
        "street_closure_type": "Full Street Closure",
        "community_board": "8,",
        "police_precinct": "77,"
      }
    },
    {
      "type": "Feature",
      "geometry": {
        "type": "Point",
        "coordinates": [
          -73.8793795,
          40.682683999999995
        ]
      },
      "properties": {
        "event_id": "643918",
        "event_name": "Ian Block Association Party",
        "event_type": "Block Party",
        "event_agency": "Street Activity Permit Office",
        "event_location": "NORWOOD AVENUE between RIDGEWOOD AVENUE and FULTON STREET",
        "event_borough": "Brooklyn",
        "start_date": "2022-08-28T12:00:00.000",
        "end_date": "2022-08-28T19:30:00.000",
        "start_formatted": "August 28, 2022 12:00 PM",
        "end_formatted": "August 28, 2022 07:30 PM",
        "street_closure_type": "Full Street Closure",
        "community_board": "5,",
        "police_precinct": "75,"
      }
    },
    {
      "type": "Feature",
      "geometry": {
        "type": "Point",
        "coordinates": [
          -73.94348099999999,
          40.6435735
        ]
      },
      "properties": {
        "event_id": "660286",
        "event_name": "Block Party",
        "event_type": "Block Party",
        "event_agency": "Street Activity Permit Office",
        "event_location": "CLARENDON ROAD between EAST   35 STREET and BROOKLYN AVENUE",
        "event_borough": "Brooklyn",
        "start_date": "2022-08-28T12:00:00.000",
        "end_date": "2022-08-28T19:00:00.000",
        "start_formatted": "August 28, 2022 12:00 PM",
        "end_formatted": "August 28, 2022 07:00 PM",
        "street_closure_type": "Full Street Closure",
        "community_board": "17,",
        "police_precinct": "67,"
      }
    },
    {
      "type": "Feature",
      "geometry": {
        "type": "Point",
        "coordinates": [
          -73.925021,
          40.609626500000005
        ]
      },
      "properties": {
        "event_id": "644591",
        "event_name": "Block Party",
        "event_type": "Block Party",
        "event_agency": "Street Activity Permit Office",
        "event_location": "COLEMAN STREET between AVENUE T and AVENUE U",
        "event_borough": "Brooklyn",
        "start_date": "2022-08-28T11:00:00.000",
        "end_date": "2022-08-28T20:00:00.000",
        "start_formatted": "August 28, 2022 11:00 AM",
        "end_formatted": "August 28, 2022 08:00 PM",
        "street_closure_type": "Full Street Closure",
        "community_board": "18,",
        "police_precinct": "63,"
      }
    },
    {
      "type": "Feature",
      "geometry": {
        "type": "Point",
        "coordinates": [
          -73.944369,
          40.692927499999996
        ]
      },
      "properties": {
        "event_id": "638878",
        "event_name": "Pulaski Street TNT",
        "event_type": "Block Party",
        "event_agency": "Street Activity Permit Office",
        "event_location": "PULASKI STREET between THROOP AVENUE and TOMPKINS AVENUE",
        "event_borough": "Brooklyn",
        "start_date": "2022-08-28T11:00:00.000",
        "end_date": "2022-08-28T20:00:00.000",
        "start_formatted": "August 28, 2022 11:00 AM",
        "end_formatted": "August 28, 2022 08:00 PM",
        "street_closure_type": "Full Street Closure",
        "community_board": "3,",
        "police_precinct": "79,"
      }
    },
    {
      "type": "Feature",
      "geometry": {
        "type": "Point",
        "coordinates": [
          -73.9517625,
          40.634780500000005
        ]
      },
      "properties": {
        "event_id": "647925",
        "event_name": "Block Party Part 2 Family Day",
        "event_type": "Block Party",
        "event_agency": "Street Activity Permit Office",
        "event_location": "AMERSFORT  PLACE between FARRAGUT  ROAD and GLENWOOD  ROAD",
        "event_borough": "Brooklyn",
        "start_date": "2022-08-28T11:00:00.000",
        "end_date": "2022-08-28T18:00:00.000",
        "start_formatted": "August 28, 2022 11:00 AM",
        "end_formatted": "August 28, 2022 06:00 PM",
        "street_closure_type": "Full Street Closure",
        "community_board": "14,",
        "police_precinct": "70,"
      }
    },
    {
      "type": "Feature",
      "geometry": {
        "type": "Point",
        "coordinates": [
          -73.963015,
          40.679156500000005
        ]
      },
      "properties": {
        "event_id": "654418",
        "event_name": "NAMIC FAMILY DAY",
        "event_type": "Block Party",
        "event_agency": "Street Activity Permit Office",
        "event_location": "DEAN STREET between WASHINGTON AVENUE and GRAND AVENUE",
        "event_borough": "Brooklyn",
        "start_date": "2022-08-28T10:00:00.000",
        "end_date": "2022-08-28T19:00:00.000",
        "start_formatted": "August 28, 2022 10:00 AM",
        "end_formatted": "August 28, 2022 07:00 PM",
        "street_closure_type": "Sidewalk and Street Closure",
        "community_board": "8,",
        "police_precinct": "77,"
      }
    },
    {
      "type": "Feature",
      "geometry": {
        "type": "Point",
        "coordinates": [
          -73.734804,
          40.716426
        ]
      },
      "properties": {
        "event_id": "632870",
        "event_name": "Vine Baptist Church 10th Anniversary",
        "event_type": "Block Party",
        "event_agency": "Street Activity Permit Office",
        "event_location": "98 AVENUE between SPRINGFIELD AVE  and 219 STREET",
        "event_borough": "Queens",
        "start_date": "2022-08-28T10:00:00.000",
        "end_date": "2022-08-28T18:00:00.000",
        "start_formatted": "August 28, 2022 10:00 AM",
        "end_formatted": "August 28, 2022 06:00 PM",
        "street_closure_type": "Full Street Closure",
        "community_board": "13,",
        "police_precinct": "105,"
      }
    },
    {
      "type": "Feature",
      "geometry": {
        "type": "Point",
        "coordinates": [
          -73.968095,
          40.694482
        ]
      },
      "properties": {
        "event_id": "656219",
        "event_name": "Annual Adult Harvest and Church Dedication",
        "event_type": "Block Party",
        "event_agency": "Street Activity Permit Office",
        "event_location": "WAVERLY AVENUE between MYRTLE AVENUE and PARK AVENUE",
        "event_borough": "Brooklyn",
        "start_date": "2022-08-28T10:00:00.000",
        "end_date": "2022-08-28T18:00:00.000",
        "start_formatted": "August 28, 2022 10:00 AM",
        "end_formatted": "August 28, 2022 06:00 PM",
        "street_closure_type": "Full Street Closure",
        "community_board": "2,",
        "police_precinct": "88,"
      }
    },
    {
      "type": "Feature",
      "geometry": {
        "type": "Point",
        "coordinates": [
          -73.961311,
          40.6760805
        ]
      },
      "properties": {
        "event_id": "635577",
        "event_name": "Prospect Place Block Party",
        "event_type": "Block Party",
        "event_agency": "Street Activity Permit Office",
        "event_location": "PROSPECT PLACE between CLASSON AVENUE and GRAND AVENUE",
        "event_borough": "Brooklyn",
        "start_date": "2022-08-27T15:00:00.000",
        "end_date": "2022-08-27T20:00:00.000",
        "start_formatted": "August 27, 2022 03:00 PM",
        "end_formatted": "August 27, 2022 08:00 PM",
        "street_closure_type": "Full Street Closure",
        "community_board": "8,",
        "police_precinct": "77,"
      }
    },
    {
      "type": "Feature",
      "geometry": {
        "type": "Point",
        "coordinates": [
          -73.953776,
          40.811710500000004
        ]
      },
      "properties": {
        "event_id": "658716",
        "event_name": "Cultivate NYC First Baptist Church Colleyville",
        "event_type": "Block Party",
        "event_agency": "Street Activity Permit Office",
        "event_location": "MORNINGSIDE AVENUE between WEST  125 STREET and WEST  126 STREET",
        "event_borough": "Manhattan",
        "start_date": "2022-08-27T15:00:00.000",
        "end_date": "2022-08-27T19:00:00.000",
        "start_formatted": "August 27, 2022 03:00 PM",
        "end_formatted": "August 27, 2022 07:00 PM",
        "street_closure_type": "Full Street Closure",
        "community_board": "9,",
        "police_precinct": "26,"
      }
    },
    {
      "type": "Feature",
      "geometry": {
        "type": "Point",
        "coordinates": [
          -74.1432365,
          40.5595225
        ]
      },
      "properties": {
        "event_id": "649112",
        "event_name": "Willow Wood Lane Block Party",
        "event_type": "Block Party",
        "event_agency": "Street Activity Permit Office",
        "event_location": "WILLOWWOOD LANE between SANDALWOOD DRIVE and DEAD END",
        "event_borough": "Staten Island",
        "start_date": "2022-08-27T13:30:00.000",
        "end_date": "2022-08-27T21:00:00.000",
        "start_formatted": "August 27, 2022 01:30 PM",
        "end_formatted": "August 27, 2022 09:00 PM",
        "street_closure_type": "Full Street Closure",
        "community_board": "3,",
        "police_precinct": "122,"
      }
    },
    {
      "type": "Feature",
      "geometry": {
        "type": "Point",
        "coordinates": [
          -73.7590075,
          40.597803
        ]
      },
      "properties": {
        "event_id": "658546",
        "event_name": "Circle of Neighbors Celebration",
        "event_type": "Block Party",
        "event_agency": "Street Activity Permit Office",
        "event_location": "DEERFIELD ROAD between BEACH   25 STREET and BRIAR PLACE",
        "event_borough": "Queens",
        "start_date": "2022-08-27T13:00:00.000",
        "end_date": "2022-08-27T21:00:00.000",
        "start_formatted": "August 27, 2022 01:00 PM",
        "end_formatted": "August 27, 2022 09:00 PM",
        "street_closure_type": "Full Street Closure",
        "community_board": "14,",
        "police_precinct": "101,"
      }
    },
    {
      "type": "Feature",
      "geometry": {
        "type": "Point",
        "coordinates": [
          -73.74213950000001,
          40.653989499999994
        ]
      },
      "properties": {
        "event_id": "654496",
        "event_name": "Block Party",
        "event_type": "Block Party",
        "event_agency": "Street Activity Permit Office",
        "event_location": "148 ROAD between EDGEWOOD STREET and 241 STREET",
        "event_borough": "Queens",
        "start_date": "2022-08-27T13:00:00.000",
        "end_date": "2022-08-27T21:00:00.000",
        "start_formatted": "August 27, 2022 01:00 PM",
        "end_formatted": "August 27, 2022 09:00 PM",
        "street_closure_type": "Full Street Closure",
        "community_board": "13,",
        "police_precinct": "105,"
      }
    },
    {
      "type": "Feature",
      "geometry": {
        "type": "Point",
        "coordinates": [
          -73.84319550000001,
          40.649172
        ]
      },
      "properties": {
        "event_id": "655144",
        "event_name": "87th st 2022",
        "event_type": "Block Party",
        "event_agency": "Street Activity Permit Office",
        "event_location": "87 STREET between 164 AVENUE and 165 AVENUE",
        "event_borough": "Queens",
        "start_date": "2022-08-27T13:00:00.000",
        "end_date": "2022-08-27T21:00:00.000",
        "start_formatted": "August 27, 2022 01:00 PM",
        "end_formatted": "August 27, 2022 09:00 PM",
        "street_closure_type": "Full Street Closure",
        "community_board": "10,",
        "police_precinct": "106,"
      }
    },
    {
      "type": "Feature",
      "geometry": {
        "type": "Point",
        "coordinates": [
          -74.116153,
          40.614999499999996
        ]
      },
      "properties": {
        "event_id": "658834",
        "event_name": "block party",
        "event_type": "Block Party",
        "event_agency": "Street Activity Permit Office",
        "event_location": "SANFORD PLACE between SLOSSON AVENUE and BRENTON PLACE",
        "event_borough": "Staten Island",
        "start_date": "2022-08-27T13:00:00.000",
        "end_date": "2022-08-27T21:00:00.000",
        "start_formatted": "August 27, 2022 01:00 PM",
        "end_formatted": "August 27, 2022 09:00 PM",
        "street_closure_type": "Full Street Closure",
        "community_board": "1,",
        "police_precinct": "120,"
      }
    },
    {
      "type": "Feature",
      "geometry": {
        "type": "Point",
        "coordinates": [
          -73.814267,
          40.588971
        ]
      },
      "properties": {
        "event_id": "641597",
        "event_name": "89th Street Block Party",
        "event_type": "Block Party",
        "event_agency": "Street Activity Permit Office",
        "event_location": "BEACH   89 STREET between BEACH CHANNEL DRIVE and GULL COURT",
        "event_borough": "Queens",
        "start_date": "2022-08-27T13:00:00.000",
        "end_date": "2022-08-27T20:00:00.000",
        "start_formatted": "August 27, 2022 01:00 PM",
        "end_formatted": "August 27, 2022 08:00 PM",
        "street_closure_type": "Full Street Closure",
        "community_board": "14,",
        "police_precinct": "100,"
      }
    },
    {
      "type": "Feature",
      "geometry": {
        "type": "Point",
        "coordinates": [
          -73.937986,
          40.807939000000005
        ]
      },
      "properties": {
        "event_id": "627149",
        "event_name": "3rd Annual 129 Reunion",
        "event_type": "Block Party",
        "event_agency": "Street Activity Permit Office",
        "event_location": "EAST  129 STREET between MADISON AVENUE and PARK AVENUE",
        "event_borough": "Manhattan",
        "start_date": "2022-08-27T13:00:00.000",
        "end_date": "2022-08-27T18:00:00.000",
        "start_formatted": "August 27, 2022 01:00 PM",
        "end_formatted": "August 27, 2022 06:00 PM",
        "street_closure_type": "Full Street Closure",
        "community_board": "11,",
        "police_precinct": "25,"
      }
    },
    {
      "type": "Feature",
      "geometry": {
        "type": "Point",
        "coordinates": [
          -74.0899235,
          40.5971335
        ]
      },
      "properties": {
        "event_id": "654052",
        "event_name": "Durges Street Block Party",
        "event_type": "Block Party",
        "event_agency": "Street Activity Permit Office",
        "event_location": "DURGES STREET between URBANA STREET and OLD TOWN ROAD",
        "event_borough": "Staten Island",
        "start_date": "2022-08-27T13:00:00.000",
        "end_date": "2022-08-27T20:30:00.000",
        "start_formatted": "August 27, 2022 01:00 PM",
        "end_formatted": "August 27, 2022 08:30 PM",
        "street_closure_type": "Full Street Closure",
        "community_board": "2,",
        "police_precinct": "122,"
      }
    },
    {
      "type": "Feature",
      "geometry": {
        "type": "Point",
        "coordinates": [
          -74.1296215,
          40.618406500000006
        ]
      },
      "properties": {
        "event_id": "658338",
        "event_name": "keiber court block party",
        "event_type": "Block Party",
        "event_agency": "Street Activity Permit Office",
        "event_location": "KEIBER COURT between JEWETT AVENUE and WESCOTT BOULEVARD",
        "event_borough": "Staten Island",
        "start_date": "2022-08-27T13:00:00.000",
        "end_date": "2022-08-27T21:00:00.000",
        "start_formatted": "August 27, 2022 01:00 PM",
        "end_formatted": "August 27, 2022 09:00 PM",
        "street_closure_type": "Full Street Closure",
        "community_board": "1,",
        "police_precinct": "120,"
      }
    },
    {
      "type": "Feature",
      "geometry": {
        "type": "Point",
        "coordinates": [
          -74.0132285,
          40.616453
        ]
      },
      "properties": {
        "event_id": "650696",
        "event_name": "83 street block party",
        "event_type": "Block Party",
        "event_agency": "Street Activity Permit Office",
        "event_location": "83 STREET between 12 AVENUE and 13 AVENUE",
        "event_borough": "Brooklyn",
        "start_date": "2022-08-27T13:00:00.000",
        "end_date": "2022-08-27T20:00:00.000",
        "start_formatted": "August 27, 2022 01:00 PM",
        "end_formatted": "August 27, 2022 08:00 PM",
        "street_closure_type": "Full Street Closure",
        "community_board": "10,",
        "police_precinct": "68,"
      }
    },
    {
      "type": "Feature",
      "geometry": {
        "type": "Point",
        "coordinates": [
          -74.2136375,
          40.5430815
        ]
      },
      "properties": {
        "event_id": "644227",
        "event_name": "Mcbaine Avenue Block party",
        "event_type": "Block Party",
        "event_agency": "Street Activity Permit Office",
        "event_location": "MCBAINE AVENUE between WINANT AVENUE and MAGUIRE AVENUE",
        "event_borough": "Staten Island",
        "start_date": "2022-08-27T13:00:00.000",
        "end_date": "2022-08-27T21:00:00.000",
        "start_formatted": "August 27, 2022 01:00 PM",
        "end_formatted": "August 27, 2022 09:00 PM",
        "street_closure_type": "Full Street Closure",
        "community_board": "3,",
        "police_precinct": "123,"
      }
    },
    {
      "type": "Feature",
      "geometry": {
        "type": "Point",
        "coordinates": [
          -74.2026465,
          40.543333000000004
        ]
      },
      "properties": {
        "event_id": "649174",
        "event_name": "Marcy Ave Block Party",
        "event_type": "Block Party",
        "event_agency": "Street Activity Permit Office",
        "event_location": "MARCY AVENUE between WOODROW ROAD and WEST CASTOR PLACE",
        "event_borough": "Staten Island",
        "start_date": "2022-08-27T13:00:00.000",
        "end_date": "2022-08-27T21:00:00.000",
        "start_formatted": "August 27, 2022 01:00 PM",
        "end_formatted": "August 27, 2022 09:00 PM",
        "street_closure_type": "Full Street Closure",
        "community_board": "3,",
        "police_precinct": "123,"
      }
    },
    {
      "type": "Feature",
      "geometry": {
        "type": "Point",
        "coordinates": [
          -73.917414,
          40.810677999999996
        ]
      },
      "properties": {
        "event_id": "657379",
        "event_name": "Brook Family  Friends",
        "event_type": "Block Party",
        "event_agency": "Street Activity Permit Office",
        "event_location": "BROOK AVENUE between EAST  142 STREET and EAST  143 STREET",
        "event_borough": "Bronx",
        "start_date": "2022-08-27T13:00:00.000",
        "end_date": "2022-08-27T19:00:00.000",
        "start_formatted": "August 27, 2022 01:00 PM",
        "end_formatted": "August 27, 2022 07:00 PM",
        "street_closure_type": "Full Street Closure",
        "community_board": "1,",
        "police_precinct": "40,"
      }
    },
    {
      "type": "Feature",
      "geometry": {
        "type": "Point",
        "coordinates": [
          -73.89481599999999,
          40.831382000000005
        ]
      },
      "properties": {
        "event_id": "636408",
        "event_name": "Mother Cordelia Gilford Day",
        "event_type": "Block Party",
        "event_agency": "Street Activity Permit Office",
        "event_location": "BRISTOW STREET between JENNINGS STREET and FREEMAN STREET",
        "event_borough": "Bronx",
        "start_date": "2022-08-27T13:00:00.000",
        "end_date": "2022-08-27T17:00:00.000",
        "start_formatted": "August 27, 2022 01:00 PM",
        "end_formatted": "August 27, 2022 05:00 PM",
        "street_closure_type": "Full Street Closure",
        "community_board": "3,",
        "police_precinct": "42,"
      }
    },
    {
      "type": "Feature",
      "geometry": {
        "type": "Point",
        "coordinates": [
          -73.9761395,
          40.60964
        ]
      },
      "properties": {
        "event_id": "639973",
        "event_name": "West 2nd Block party",
        "event_type": "Block Party",
        "event_agency": "Street Activity Permit Office",
        "event_location": "WEST    2 STREET between AVENUE P and 65 STREET",
        "event_borough": "Brooklyn",
        "start_date": "2022-08-27T13:00:00.000",
        "end_date": "2022-08-27T21:00:00.000",
        "start_formatted": "August 27, 2022 01:00 PM",
        "end_formatted": "August 27, 2022 09:00 PM",
        "street_closure_type": "Sidewalk and Street Closure",
        "community_board": "11,",
        "police_precinct": "62,"
      }
    },
    {
      "type": "Feature",
      "geometry": {
        "type": "Point",
        "coordinates": [
          -73.8555185,
          40.704859
        ]
      },
      "properties": {
        "event_id": "658856",
        "event_name": "Margaret Place Block Party 2022",
        "event_type": "Block Party",
        "event_agency": "Street Activity Permit Office",
        "event_location": "MARGARET PLACE between TROTTING COURSE LANE and 81 ROAD",
        "event_borough": "Queens",
        "start_date": "2022-08-27T13:00:00.000",
        "end_date": "2022-08-27T20:00:00.000",
        "start_formatted": "August 27, 2022 01:00 PM",
        "end_formatted": "August 27, 2022 08:00 PM",
        "street_closure_type": "Full Street Closure",
        "community_board": "6,",
        "police_precinct": "104,"
      }
    },
    {
      "type": "Feature",
      "geometry": {
        "type": "Point",
        "coordinates": [
          -73.89486400000001,
          40.8295405
        ]
      },
      "properties": {
        "event_id": "654759",
        "event_name": "27th Annual Back to School Give Away",
        "event_type": "Block Party",
        "event_agency": "Street Activity Permit Office",
        "event_location": "CHISHOLM STREET between INTERVALE AVENUE and REV JAMES A POLITE AVENUE",
        "event_borough": "Bronx",
        "start_date": "2022-08-27T13:00:00.000",
        "end_date": "2022-08-27T17:00:00.000",
        "start_formatted": "August 27, 2022 01:00 PM",
        "end_formatted": "August 27, 2022 05:00 PM",
        "street_closure_type": "Full Street Closure",
        "community_board": "3,",
        "police_precinct": "42,"
      }
    },
    {
      "type": "Feature",
      "geometry": {
        "type": "Point",
        "coordinates": [
          -73.832299,
          40.688168000000005
        ]
      },
      "properties": {
        "event_id": "665361",
        "event_name": "krishna balarama ratha yatra",
        "event_type": "Block Party",
        "event_agency": "Street Activity Permit Office",
        "event_location": "101 AVENUE between 111 STREET and 112 STREET",
        "event_borough": "Queens",
        "start_date": "2022-08-27T13:00:00.000",
        "end_date": "2022-08-27T18:00:00.000",
        "start_formatted": "August 27, 2022 01:00 PM",
        "end_formatted": "August 27, 2022 06:00 PM",
        "street_closure_type": "Full Street Closure",
        "community_board": "9,",
        "police_precinct": "102,"
      }
    },
    {
      "type": "Feature",
      "geometry": {
        "type": "Point",
        "coordinates": [
          -73.93079900000001,
          40.611505
        ]
      },
      "properties": {
        "event_id": "627598",
        "event_name": "annual block party",
        "event_type": "Block Party",
        "event_agency": "Street Activity Permit Office",
        "event_location": "EAST   38 STREET between AVENUE S and FILLMORE AVENUE",
        "event_borough": "Brooklyn",
        "start_date": "2022-08-27T13:00:00.000",
        "end_date": "2022-08-27T20:00:00.000",
        "start_formatted": "August 27, 2022 01:00 PM",
        "end_formatted": "August 27, 2022 08:00 PM",
        "street_closure_type": "Full Street Closure",
        "community_board": "18,",
        "police_precinct": "63,"
      }
    },
    {
      "type": "Feature",
      "geometry": {
        "type": "Point",
        "coordinates": [
          -73.749601,
          40.6085135
        ]
      },
      "properties": {
        "event_id": "656689",
        "event_name": "Back to School 2022",
        "event_type": "Block Party",
        "event_agency": "Street Activity Permit Office",
        "event_location": "WHEATLEY STREET between BRUNSWICK AVENUE and AUGUSTINA AVENUE",
        "event_borough": "Queens",
        "start_date": "2022-08-27T13:00:00.000",
        "end_date": "2022-08-27T21:00:00.000",
        "start_formatted": "August 27, 2022 01:00 PM",
        "end_formatted": "August 27, 2022 09:00 PM",
        "street_closure_type": "Full Street Closure",
        "community_board": "14,",
        "police_precinct": "101,"
      }
    },
    {
      "type": "Feature",
      "geometry": {
        "type": "Point",
        "coordinates": [
          -73.884051,
          40.672989
        ]
      },
      "properties": {
        "event_id": "630595",
        "event_name": "ClevelandPitkin Block Celebration",
        "event_type": "Block Party",
        "event_agency": "Street Activity Permit Office",
        "event_location": "CLEVELAND STREET between PITKIN AVENUE and BELMONT AVENUE",
        "event_borough": "Brooklyn",
        "start_date": "2022-08-27T13:00:00.000",
        "end_date": "2022-08-27T21:00:00.000",
        "start_formatted": "August 27, 2022 01:00 PM",
        "end_formatted": "August 27, 2022 09:00 PM",
        "street_closure_type": "Full Street Closure",
        "community_board": "5,",
        "police_precinct": "75,"
      }
    },
    {
      "type": "Feature",
      "geometry": {
        "type": "Point",
        "coordinates": [
          -74.2049825,
          40.53957
        ]
      },
      "properties": {
        "event_id": "658841",
        "event_name": "Sinclair ave block party",
        "event_type": "Block Party",
        "event_agency": "Street Activity Permit Office",
        "event_location": "SINCLAIR AVENUE between FOSTER ROAD and VERNON AVE",
        "event_borough": "Staten Island",
        "start_date": "2022-08-27T13:00:00.000",
        "end_date": "2022-08-27T21:00:00.000",
        "start_formatted": "August 27, 2022 01:00 PM",
        "end_formatted": "August 27, 2022 09:00 PM",
        "street_closure_type": "Full Street Closure",
        "community_board": "3,",
        "police_precinct": "123,"
      }
    },
    {
      "type": "Feature",
      "geometry": {
        "type": "Point",
        "coordinates": [
          -73.8871485,
          40.7054075
        ]
      },
      "properties": {
        "event_id": "657336",
        "event_name": "67th Place Block Party 2022",
        "event_type": "Block Party",
        "event_agency": "Street Activity Permit Office",
        "event_location": "67 PLACE between OTTO ROAD and 70 AVENUE",
        "event_borough": "Queens",
        "start_date": "2022-08-27T13:00:00.000",
        "end_date": "2022-08-27T21:00:00.000",
        "start_formatted": "August 27, 2022 01:00 PM",
        "end_formatted": "August 27, 2022 09:00 PM",
        "street_closure_type": "Sidewalk and Street Closure",
        "community_board": "5,",
        "police_precinct": "104,"
      }
    },
    {
      "type": "Feature",
      "geometry": {
        "type": "Point",
        "coordinates": [
          -73.83545799999999,
          40.6645375
        ]
      },
      "properties": {
        "event_id": "652116",
        "event_name": "Cohancy ST block Party",
        "event_type": "Block Party",
        "event_agency": "Street Activity Permit Office",
        "event_location": "COHANCY STREET between 155 AVENUE and 156 AVENUE",
        "event_borough": "Queens",
        "start_date": "2022-08-27T13:00:00.000",
        "end_date": "2022-08-27T20:00:00.000",
        "start_formatted": "August 27, 2022 01:00 PM",
        "end_formatted": "August 27, 2022 08:00 PM",
        "street_closure_type": "Full Street Closure",
        "community_board": "10,",
        "police_precinct": "106,"
      }
    },
    {
      "type": "Feature",
      "geometry": {
        "type": "Point",
        "coordinates": [
          -74.12663649999999,
          40.570814999999996
        ]
      },
      "properties": {
        "event_id": "661704",
        "event_name": "Marks block party",
        "event_type": "Block Party",
        "event_agency": "Street Activity Permit Office",
        "event_location": "MOBILE AVENUE between COVERLY STREET and DALTON AVENUE",
        "event_borough": "Staten Island",
        "start_date": "2022-08-27T12:30:00.000",
        "end_date": "2022-08-27T20:30:00.000",
        "start_formatted": "August 27, 2022 12:30 PM",
        "end_formatted": "August 27, 2022 08:30 PM",
        "street_closure_type": "Full Street Closure",
        "community_board": "3,",
        "police_precinct": "122,"
      }
    },
    {
      "type": "Feature",
      "geometry": {
        "type": "Point",
        "coordinates": [
          -73.8213145,
          40.6045505
        ]
      },
      "properties": {
        "event_id": "654960",
        "event_name": "west 12th road",
        "event_type": "Block Party",
        "event_agency": "Street Activity Permit Office",
        "event_location": "WEST   12 ROAD between CROSS BAY BOULEVARD and DEAD END",
        "event_borough": "Queens",
        "start_date": "2022-08-27T12:30:00.000",
        "end_date": "2022-08-27T21:00:00.000",
        "start_formatted": "August 27, 2022 12:30 PM",
        "end_formatted": "August 27, 2022 09:00 PM",
        "street_closure_type": "Full Street Closure",
        "community_board": "14,",
        "police_precinct": "100,"
      }
    },
    {
      "type": "Feature",
      "geometry": {
        "type": "Point",
        "coordinates": [
          -74.02165199999999,
          40.6355365
        ]
      },
      "properties": {
        "event_id": "654064",
        "event_name": "Quiless Family Annual 2022 Senator Block Party",
        "event_type": "Block Party",
        "event_agency": "Street Activity Permit Office",
        "event_location": "SENATOR STREET between 5 AVENUE and 4 AVENUE",
        "event_borough": "Brooklyn",
        "start_date": "2022-08-27T12:30:00.000",
        "end_date": "2022-08-27T20:00:00.000",
        "start_formatted": "August 27, 2022 12:30 PM",
        "end_formatted": "August 27, 2022 08:00 PM",
        "street_closure_type": "Full Street Closure",
        "community_board": "10,",
        "police_precinct": "68,"
      }
    },
    {
      "type": "Feature",
      "geometry": {
        "type": "Point",
        "coordinates": [
          -73.9291535,
          40.8320925
        ]
      },
      "properties": {
        "event_id": "658948",
        "event_name": "Back to School Jamboree",
        "event_type": "Block Party",
        "event_agency": "Street Activity Permit Office",
        "event_location": "WEST  163 STREET between OGDEN AVENUE and WOODYCREST AVENUE",
        "event_borough": "Bronx",
        "start_date": "2022-08-27T12:30:00.000",
        "end_date": "2022-08-27T18:00:00.000",
        "start_formatted": "August 27, 2022 12:30 PM",
        "end_formatted": "August 27, 2022 06:00 PM",
        "street_closure_type": "Sidewalk and Street Closure",
        "community_board": "4,",
        "police_precinct": "44,"
      }
    },
    {
      "type": "Feature",
      "geometry": {
        "type": "Point",
        "coordinates": [
          -73.9543955,
          40.690653
        ]
      },
      "properties": {
        "event_id": "608045",
        "event_name": "Spencer Ct Block Party",
        "event_type": "Block Party",
        "event_agency": "Street Activity Permit Office",
        "event_location": "SPENCER COURT between DEKALB AVENUE and KOSCIUSZKO STREET",
        "event_borough": "Brooklyn",
        "start_date": "2022-08-27T12:00:00.000",
        "end_date": "2022-08-27T20:00:00.000",
        "start_formatted": "August 27, 2022 12:00 PM",
        "end_formatted": "August 27, 2022 08:00 PM",
        "street_closure_type": "Full Street Closure",
        "community_board": "3,",
        "police_precinct": "79,"
      }
    },
    {
      "type": "Feature",
      "geometry": {
        "type": "Point",
        "coordinates": [
          -73.91547399999999,
          40.8119815
        ]
      },
      "properties": {
        "event_id": "649454",
        "event_name": "OUB Tenants Association Residents Neighbors Block Party",
        "event_type": "Block Party",
        "event_agency": "Street Activity Permit Office",
        "event_location": "EAST  145 STREET between SAINT ANNS AVENUE and BROOK AVENUE",
        "event_borough": "Bronx",
        "start_date": "2022-08-27T12:00:00.000",
        "end_date": "2022-08-27T19:00:00.000",
        "start_formatted": "August 27, 2022 12:00 PM",
        "end_formatted": "August 27, 2022 07:00 PM",
        "street_closure_type": "Full Street Closure",
        "community_board": "1,",
        "police_precinct": "40,"
      }
    },
    {
      "type": "Feature",
      "geometry": {
        "type": "Point",
        "coordinates": [
          -73.836868,
          40.669535999999994
        ]
      },
      "properties": {
        "event_id": "655178",
        "event_name": "Raleigh St.",
        "event_type": "Block Party",
        "event_agency": "Street Activity Permit Office",
        "event_location": "RALEIGH STREET between ALBERT ROAD and ECKFORD AVENUE",
        "event_borough": "Queens",
        "start_date": "2022-08-27T12:00:00.000",
        "end_date": "2022-08-27T21:00:00.000",
        "start_formatted": "August 27, 2022 12:00 PM",
        "end_formatted": "August 27, 2022 09:00 PM",
        "street_closure_type": "Full Street Closure",
        "community_board": "10,",
        "police_precinct": "106,"
      }
    },
    {
      "type": "Feature",
      "geometry": {
        "type": "Point",
        "coordinates": [
          -73.925473,
          40.688355
        ]
      },
      "properties": {
        "event_id": "646526",
        "event_name": "Block Party",
        "event_type": "Block Party",
        "event_agency": "Street Activity Permit Office",
        "event_location": "MONROE STREET between RALPH AVENUE and PATCHEN AVENUE",
        "event_borough": "Brooklyn",
        "start_date": "2022-08-27T12:00:00.000",
        "end_date": "2022-08-27T20:00:00.000",
        "start_formatted": "August 27, 2022 12:00 PM",
        "end_formatted": "August 27, 2022 08:00 PM",
        "street_closure_type": "Full Street Closure",
        "community_board": "3,",
        "police_precinct": "81,"
      }
    },
    {
      "type": "Feature",
      "geometry": {
        "type": "Point",
        "coordinates": [
          -73.895838,
          40.679542
        ]
      },
      "properties": {
        "event_id": "665976",
        "event_name": "Vermont Neighborhood Info Group Assn Bock Party",
        "event_type": "Block Party",
        "event_agency": "Street Activity Permit Office",
        "event_location": "VERMONT STREET between JAMAICA AVENUE and SUNNYSIDE AVENUE",
        "event_borough": "Brooklyn",
        "start_date": "2022-08-27T12:00:00.000",
        "end_date": "2022-08-27T19:30:00.000",
        "start_formatted": "August 27, 2022 12:00 PM",
        "end_formatted": "August 27, 2022 07:30 PM",
        "street_closure_type": "Full Street Closure",
        "community_board": "5,",
        "police_precinct": "75,"
      }
    },
    {
      "type": "Feature",
      "geometry": {
        "type": "Point",
        "coordinates": [
          -73.869142,
          40.8660005
        ]
      },
      "properties": {
        "event_id": "664032",
        "event_name": "Allerton Coops Tenants Association Block Party",
        "event_type": "Block Party",
        "event_agency": "Street Activity Permit Office",
        "event_location": "BARKER AVENUE between ALLERTON AVENUE and BRITTON STREET",
        "event_borough": "Bronx",
        "start_date": "2022-08-27T12:00:00.000",
        "end_date": "2022-08-27T19:00:00.000",
        "start_formatted": "August 27, 2022 12:00 PM",
        "end_formatted": "August 27, 2022 07:00 PM",
        "street_closure_type": "Full Street Closure",
        "community_board": "11,",
        "police_precinct": "49,"
      }
    },
    {
      "type": "Feature",
      "geometry": {
        "type": "Point",
        "coordinates": [
          -73.96948950000001,
          40.647945
        ]
      },
      "properties": {
        "event_id": "634280",
        "event_name": "25 Stratford Road Annual Block Party",
        "event_type": "Block Party",
        "event_agency": "Street Activity Permit Office",
        "event_location": "STRATFORD ROAD between CATON AVENUE and CHURCH AVENUE",
        "event_borough": "Brooklyn",
        "start_date": "2022-08-27T12:00:00.000",
        "end_date": "2022-08-27T19:00:00.000",
        "start_formatted": "August 27, 2022 12:00 PM",
        "end_formatted": "August 27, 2022 07:00 PM",
        "street_closure_type": "Full Street Closure",
        "community_board": "14,",
        "police_precinct": "70,"
      }
    },
    {
      "type": "Feature",
      "geometry": {
        "type": "Point",
        "coordinates": [
          -73.94192100000001,
          40.626098
        ]
      },
      "properties": {
        "event_id": "647533",
        "event_name": "Back To School Block Party",
        "event_type": "Block Party",
        "event_agency": "Street Activity Permit Office",
        "event_location": "EAST   35 STREET between AVENUE J and AVENUE K",
        "event_borough": "Brooklyn",
        "start_date": "2022-08-27T12:00:00.000",
        "end_date": "2022-08-27T20:00:00.000",
        "start_formatted": "August 27, 2022 12:00 PM",
        "end_formatted": "August 27, 2022 08:00 PM",
        "street_closure_type": "Full Street Closure",
        "community_board": "18,",
        "police_precinct": "63,"
      }
    },
    {
      "type": "Feature",
      "geometry": {
        "type": "Point",
        "coordinates": [
          -73.913973,
          40.606935500000006
        ]
      },
      "properties": {
        "event_id": "658337",
        "event_name": "East 63rd block party 22",
        "event_type": "Block Party",
        "event_agency": "Street Activity Permit Office",
        "event_location": "EAST   63 STREET between 56 DRIVE and NATIONAL DRIVE",
        "event_borough": "Brooklyn",
        "start_date": "2022-08-27T12:00:00.000",
        "end_date": "2022-08-27T20:00:00.000",
        "start_formatted": "August 27, 2022 12:00 PM",
        "end_formatted": "August 27, 2022 08:00 PM",
        "street_closure_type": "Full Street Closure",
        "community_board": "18,",
        "police_precinct": "63,"
      }
    },
    {
      "type": "Feature",
      "geometry": {
        "type": "Point",
        "coordinates": [
          -73.9335465,
          40.6829325
        ]
      },
      "properties": {
        "event_id": "642619",
        "event_name": "MMSL Block Party",
        "event_type": "Block Party",
        "event_agency": "Street Activity Permit Office",
        "event_location": "MACON STREET between LEWIS AVENUE and STUYVESANT AVENUE",
        "event_borough": "Brooklyn",
        "start_date": "2022-08-27T12:00:00.000",
        "end_date": "2022-08-27T20:00:00.000",
        "start_formatted": "August 27, 2022 12:00 PM",
        "end_formatted": "August 27, 2022 08:00 PM",
        "street_closure_type": "Full Street Closure",
        "community_board": "3,",
        "police_precinct": "81,"
      }
    },
    {
      "type": "Feature",
      "geometry": {
        "type": "Point",
        "coordinates": [
          -73.9485725,
          40.830592499999995
        ]
      },
      "properties": {
        "event_id": "639311",
        "event_name": "600 Block Association Block Party",
        "event_type": "Block Party",
        "event_agency": "Street Activity Permit Office",
        "event_location": "WEST  151 STREET between BROADWAY and RIVERSIDE DRIVE",
        "event_borough": "Manhattan",
        "start_date": "2022-08-27T12:00:00.000",
        "end_date": "2022-08-27T17:00:00.000",
        "start_formatted": "August 27, 2022 12:00 PM",
        "end_formatted": "August 27, 2022 05:00 PM",
        "street_closure_type": "Full Street Closure",
        "community_board": "9,",
        "police_precinct": "30,"
      }
    },
    {
      "type": "Feature",
      "geometry": {
        "type": "Point",
        "coordinates": [
          -73.8530595,
          40.905808500000006
        ]
      },
      "properties": {
        "event_id": "662479",
        "event_name": "Back to school Rally",
        "event_type": "Block Party",
        "event_agency": "Street Activity Permit Office",
        "event_location": "BRONX BOULEVARD between EAST  241 STREET and EAST  242 STREET",
        "event_borough": "Bronx",
        "start_date": "2022-08-27T12:00:00.000",
        "end_date": "2022-08-27T17:00:00.000",
        "start_formatted": "August 27, 2022 12:00 PM",
        "end_formatted": "August 27, 2022 05:00 PM",
        "street_closure_type": "Full Street Closure",
        "community_board": "12,",
        "police_precinct": "47,"
      }
    },
    {
      "type": "Feature",
      "geometry": {
        "type": "Point",
        "coordinates": [
          -74.120623,
          40.5694145
        ]
      },
      "properties": {
        "event_id": "655341",
        "event_name": "Hopes Block Party",
        "event_type": "Block Party",
        "event_agency": "Street Activity Permit Office",
        "event_location": "PRINCETON AVENUE between 8 STREET and SOUTH RAILROAD AVENUE",
        "event_borough": "Staten Island",
        "start_date": "2022-08-27T12:00:00.000",
        "end_date": "2022-08-27T21:00:00.000",
        "start_formatted": "August 27, 2022 12:00 PM",
        "end_formatted": "August 27, 2022 09:00 PM",
        "street_closure_type": "Full Street Closure",
        "community_board": "2,",
        "police_precinct": "122,"
      }
    },
    {
      "type": "Feature",
      "geometry": {
        "type": "Point",
        "coordinates": [
          -74.174925,
          40.5451105
        ]
      },
      "properties": {
        "event_id": "645261",
        "event_name": "Annual Block Party",
        "event_type": "Block Party",
        "event_agency": "Street Activity Permit Office",
        "event_location": "MOFFETT STREET between ARDEN AVENUE and RYE AVENUE",
        "event_borough": "Staten Island",
        "start_date": "2022-08-27T12:00:00.000",
        "end_date": "2022-08-27T21:00:00.000",
        "start_formatted": "August 27, 2022 12:00 PM",
        "end_formatted": "August 27, 2022 09:00 PM",
        "street_closure_type": "Full Street Closure",
        "community_board": "3,",
        "police_precinct": "123,"
      }
    },
    {
      "type": "Feature",
      "geometry": {
        "type": "Point",
        "coordinates": [
          -73.9796065,
          40.602206499999994
        ]
      },
      "properties": {
        "event_id": "651232",
        "event_name": "summer block party",
        "event_type": "Block Party",
        "event_agency": "Street Activity Permit Office",
        "event_location": "WEST    7 STREET between HIGHLAWN AVENUE and AVENUE S",
        "event_borough": "Brooklyn",
        "start_date": "2022-08-27T12:00:00.000",
        "end_date": "2022-08-27T20:00:00.000",
        "start_formatted": "August 27, 2022 12:00 PM",
        "end_formatted": "August 27, 2022 08:00 PM",
        "street_closure_type": "Full Street Closure",
        "community_board": "11,",
        "police_precinct": "62,"
      }
    },
    {
      "type": "Feature",
      "geometry": {
        "type": "Point",
        "coordinates": [
          -73.945673,
          40.794520000000006
        ]
      },
      "properties": {
        "event_id": "653545",
        "event_name": "Dewitt Clinton Family Day",
        "event_type": "Block Party",
        "event_agency": "Street Activity Permit Office",
        "event_location": "EAST  109 STREET between LEXINGTON AVENUE and PARK AVENUE",
        "event_borough": "Manhattan",
        "start_date": "2022-08-27T12:00:00.000",
        "end_date": "2022-08-27T20:00:00.000",
        "start_formatted": "August 27, 2022 12:00 PM",
        "end_formatted": "August 27, 2022 08:00 PM",
        "street_closure_type": "Full Street Closure",
        "community_board": "11,",
        "police_precinct": "23,"
      }
    },
    {
      "type": "Feature",
      "geometry": {
        "type": "Point",
        "coordinates": [
          -74.02078750000001,
          40.6304215
        ]
      },
      "properties": {
        "event_id": "656938",
        "event_name": "73 st block party",
        "event_type": "Block Party",
        "event_agency": "Street Activity Permit Office",
        "event_location": "73 STREET between 6 AVENUE and 5 AVENUE",
        "event_borough": "Brooklyn",
        "start_date": "2022-08-27T12:00:00.000",
        "end_date": "2022-08-27T21:00:00.000",
        "start_formatted": "August 27, 2022 12:00 PM",
        "end_formatted": "August 27, 2022 09:00 PM",
        "street_closure_type": "Full Street Closure",
        "community_board": "10,",
        "police_precinct": "68,"
      }
    },
    {
      "type": "Feature",
      "geometry": {
        "type": "Point",
        "coordinates": [
          -73.939786,
          40.6844635
        ]
      },
      "properties": {
        "event_id": "619146",
        "event_name": "Jefferson Avenue Block Party",
        "event_type": "Block Party",
        "event_agency": "Street Activity Permit Office",
        "event_location": "JEFFERSON AVENUE between THROOP AVENUE and MARCUS GARVEY BOULEVARD",
        "event_borough": "Brooklyn",
        "start_date": "2022-08-27T12:00:00.000",
        "end_date": "2022-08-27T21:00:00.000",
        "start_formatted": "August 27, 2022 12:00 PM",
        "end_formatted": "August 27, 2022 09:00 PM",
        "street_closure_type": "Full Street Closure",
        "community_board": "3,",
        "police_precinct": "79,"
      }
    },
    {
      "type": "Feature",
      "geometry": {
        "type": "Point",
        "coordinates": [
          -73.985581,
          40.660264
        ]
      },
      "properties": {
        "event_id": "642786",
        "event_name": "Block Party",
        "event_type": "Block Party",
        "event_agency": "Street Activity Permit Office",
        "event_location": "17 STREET between 7 AVENUE and 8 AVENUE",
        "event_borough": "Brooklyn",
        "start_date": "2022-08-27T12:00:00.000",
        "end_date": "2022-08-27T21:00:00.000",
        "start_formatted": "August 27, 2022 12:00 PM",
        "end_formatted": "August 27, 2022 09:00 PM",
        "street_closure_type": "Full Street Closure",
        "community_board": "7,",
        "police_precinct": "72,"
      }
    },
    {
      "type": "Feature",
      "geometry": {
        "type": "Point",
        "coordinates": [
          -73.969274,
          40.68522299999999
        ]
      },
      "properties": {
        "event_id": "655855",
        "event_name": "Clermont Avenue Annual Block Party",
        "event_type": "Block Party",
        "event_agency": "Street Activity Permit Office",
        "event_location": "CLERMONT AVENUE between FULTON STREET and GREENE AVENUE",
        "event_borough": "Brooklyn",
        "start_date": "2022-08-27T12:00:00.000",
        "end_date": "2022-08-27T21:00:00.000",
        "start_formatted": "August 27, 2022 12:00 PM",
        "end_formatted": "August 27, 2022 09:00 PM",
        "street_closure_type": "Full Street Closure",
        "community_board": "2,",
        "police_precinct": "88,"
      }
    },
    {
      "type": "Feature",
      "geometry": {
        "type": "Point",
        "coordinates": [
          -73.9314955,
          40.687664999999996
        ]
      },
      "properties": {
        "event_id": "623924",
        "event_name": "Block Party",
        "event_type": "Block Party",
        "event_agency": "Street Activity Permit Office",
        "event_location": "MONROE STREET between MALCOLM X BOULEVARD and STUYVESANT AVENUE",
        "event_borough": "Brooklyn",
        "start_date": "2022-08-27T12:00:00.000",
        "end_date": "2022-08-27T19:00:00.000",
        "start_formatted": "August 27, 2022 12:00 PM",
        "end_formatted": "August 27, 2022 07:00 PM",
        "street_closure_type": "Full Street Closure",
        "community_board": "3,",
        "police_precinct": "81,"
      }
    },
    {
      "type": "Feature",
      "geometry": {
        "type": "Point",
        "coordinates": [
          -73.98046049999999,
          40.69353649999999
        ]
      },
      "properties": {
        "event_id": "655404",
        "event_name": "Ingersoll Family Day",
        "event_type": "Block Party",
        "event_agency": "Street Activity Permit Office",
        "event_location": "MYRTLE AVENUE between FLEET PLACE and ASHLAND PLACE",
        "event_borough": "Brooklyn",
        "start_date": "2022-08-27T12:00:00.000",
        "end_date": "2022-08-27T16:00:00.000",
        "start_formatted": "August 27, 2022 12:00 PM",
        "end_formatted": "August 27, 2022 04:00 PM",
        "street_closure_type": "Full Street Closure",
        "community_board": "2,",
        "police_precinct": "88,"
      }
    },
    {
      "type": "Feature",
      "geometry": {
        "type": "Point",
        "coordinates": [
          -74.2184365,
          40.5489735
        ]
      },
      "properties": {
        "event_id": "657677",
        "event_name": "Charleston Ave",
        "event_type": "Block Party",
        "event_agency": "Street Activity Permit Office",
        "event_location": "CHARLESTON AVENUE between WINANT AVENUE and DEAD END",
        "event_borough": "Staten Island",
        "start_date": "2022-08-27T12:00:00.000",
        "end_date": "2022-08-27T21:00:00.000",
        "start_formatted": "August 27, 2022 12:00 PM",
        "end_formatted": "August 27, 2022 09:00 PM",
        "street_closure_type": "Full Street Closure",
        "community_board": "3,",
        "police_precinct": "123,"
      }
    },
    {
      "type": "Feature",
      "geometry": {
        "type": "Point",
        "coordinates": [
          -73.9105555,
          40.821369000000004
        ]
      },
      "properties": {
        "event_id": "658502",
        "event_name": "Back to School Block Party",
        "event_type": "Block Party",
        "event_agency": "Street Activity Permit Office",
        "event_location": "EAST  159 STREET between BROOK AVENUE and ST ANNS AVENUE",
        "event_borough": "Bronx",
        "start_date": "2022-08-27T12:00:00.000",
        "end_date": "2022-08-27T18:00:00.000",
        "start_formatted": "August 27, 2022 12:00 PM",
        "end_formatted": "August 27, 2022 06:00 PM",
        "street_closure_type": "Full Street Closure",
        "community_board": "1,",
        "police_precinct": "40,"
      }
    },
    {
      "type": "Feature",
      "geometry": {
        "type": "Point",
        "coordinates": [
          -73.92930050000001,
          40.691662
        ]
      },
      "properties": {
        "event_id": "644568",
        "event_name": "2022 VBBA BLOCK PARTY",
        "event_type": "Block Party",
        "event_agency": "Street Activity Permit Office",
        "event_location": "VAN BUREN STREET between PATCHEN AVENUE and MALCOLM X BOULEVARD",
        "event_borough": "Brooklyn",
        "start_date": "2022-08-27T12:00:00.000",
        "end_date": "2022-08-27T20:00:00.000",
        "start_formatted": "August 27, 2022 12:00 PM",
        "end_formatted": "August 27, 2022 08:00 PM",
        "street_closure_type": "Full Street Closure",
        "community_board": "3,",
        "police_precinct": "81,"
      }
    },
    {
      "type": "Feature",
      "geometry": {
        "type": "Point",
        "coordinates": [
          -73.955372,
          40.66207
        ]
      },
      "properties": {
        "event_id": "651587",
        "event_name": "Open street for the blocks residents",
        "event_type": "Block Party",
        "event_agency": "Street Activity Permit Office",
        "event_location": "LEFFERTS AVENUE between BEDFORD AVENUE and ROGERS AVENUE",
        "event_borough": "Brooklyn",
        "start_date": "2022-08-27T12:00:00.000",
        "end_date": "2022-08-27T19:00:00.000",
        "start_formatted": "August 27, 2022 12:00 PM",
        "end_formatted": "August 27, 2022 07:00 PM",
        "street_closure_type": "Full Street Closure",
        "community_board": "9,",
        "police_precinct": "71,"
      }
    },
    {
      "type": "Feature",
      "geometry": {
        "type": "Point",
        "coordinates": [
          -73.95527999999999,
          40.6486675
        ]
      },
      "properties": {
        "event_id": "648744",
        "event_name": "Kool For Skool Drive",
        "event_type": "Block Party",
        "event_agency": "Street Activity Permit Office",
        "event_location": "SNYDER AVENUE between BEDFORD AVENUE and WOODS PLACE",
        "event_borough": "Brooklyn",
        "start_date": "2022-08-27T12:00:00.000",
        "end_date": "2022-08-27T18:00:00.000",
        "start_formatted": "August 27, 2022 12:00 PM",
        "end_formatted": "August 27, 2022 06:00 PM",
        "street_closure_type": "Full Street Closure",
        "community_board": "14, 17,",
        "police_precinct": "67, 70,"
      }
    },
    {
      "type": "Feature",
      "geometry": {
        "type": "Point",
        "coordinates": [
          -74.2186215,
          40.5300575
        ]
      },
      "properties": {
        "event_id": "649277",
        "event_name": "Annual Block Party",
        "event_type": "Block Party",
        "event_agency": "Street Activity Permit Office",
        "event_location": "PITNEY AVENUE between BLOOMINGDALE ROAD and GAYNOR STREET",
        "event_borough": "Staten Island",
        "start_date": "2022-08-27T12:00:00.000",
        "end_date": "2022-08-27T21:00:00.000",
        "start_formatted": "August 27, 2022 12:00 PM",
        "end_formatted": "August 27, 2022 09:00 PM",
        "street_closure_type": "Full Street Closure",
        "community_board": "3,",
        "police_precinct": "123,"
      }
    },
    {
      "type": "Feature",
      "geometry": {
        "type": "Point",
        "coordinates": [
          -73.9419,
          40.82032
        ]
      },
      "properties": {
        "event_id": "661936",
        "event_name": "Drew Hamilton Family Day 2022",
        "event_type": "Block Party",
        "event_agency": "Street Activity Permit Office",
        "event_location": "WEST  142 STREET between 7 AVENUE and 8 AVENUE",
        "event_borough": "Manhattan",
        "start_date": "2022-08-27T12:00:00.000",
        "end_date": "2022-08-27T18:00:00.000",
        "start_formatted": "August 27, 2022 12:00 PM",
        "end_formatted": "August 27, 2022 06:00 PM",
        "street_closure_type": "Full Street Closure",
        "community_board": "10,",
        "police_precinct": "32,"
      }
    },
    {
      "type": "Feature",
      "geometry": {
        "type": "Point",
        "coordinates": [
          -73.7463065,
          40.707415
        ]
      },
      "properties": {
        "event_id": "622344",
        "event_name": "110th Ave Block Party",
        "event_type": "Block Party",
        "event_agency": "Street Activity Permit Office",
        "event_location": "110 AVENUE between 212 STREET and 209 PLACE",
        "event_borough": "Queens",
        "start_date": "2022-08-27T12:00:00.000",
        "end_date": "2022-08-27T20:00:00.000",
        "start_formatted": "August 27, 2022 12:00 PM",
        "end_formatted": "August 27, 2022 08:00 PM",
        "street_closure_type": "Full Street Closure",
        "community_board": "13,",
        "police_precinct": "105,"
      }
    },
    {
      "type": "Feature",
      "geometry": {
        "type": "Point",
        "coordinates": [
          -73.9469945,
          40.8133455
        ]
      },
      "properties": {
        "event_id": "650170",
        "event_name": "131st 2nd Annual Back 2 School Block Party",
        "event_type": "Block Party",
        "event_agency": "Street Activity Permit Office",
        "event_location": "WEST  131 STREET between 8 AVENUE and 7 AVENUE",
        "event_borough": "Manhattan",
        "start_date": "2022-08-27T12:00:00.000",
        "end_date": "2022-08-27T18:00:00.000",
        "start_formatted": "August 27, 2022 12:00 PM",
        "end_formatted": "August 27, 2022 06:00 PM",
        "street_closure_type": "Full Street Closure",
        "community_board": "10,",
        "police_precinct": "32,"
      }
    },
    {
      "type": "Feature",
      "geometry": {
        "type": "Point",
        "coordinates": [
          -73.952711,
          40.686721500000004
        ]
      },
      "properties": {
        "event_id": "627168",
        "event_name": "Quincy Street Good Neighboor Block Association",
        "event_type": "Block Party",
        "event_agency": "Street Activity Permit Office",
        "event_location": "QUINCY STREET between BEDFORD AVENUE and NOSTRAND AVENUE",
        "event_borough": "Brooklyn",
        "start_date": "2022-08-27T12:00:00.000",
        "end_date": "2022-08-27T20:00:00.000",
        "start_formatted": "August 27, 2022 12:00 PM",
        "end_formatted": "August 27, 2022 08:00 PM",
        "street_closure_type": "Full Street Closure",
        "community_board": "3,",
        "police_precinct": "79,"
      }
    },
    {
      "type": "Feature",
      "geometry": {
        "type": "Point",
        "coordinates": [
          -73.908072,
          40.691812
        ]
      },
      "properties": {
        "event_id": "643643",
        "event_name": "Eldert Street Block Party",
        "event_type": "Block Party",
        "event_agency": "Street Activity Permit Office",
        "event_location": "ELDERT STREET between WILSON AVENUE and KNICKERBOCKER AVENUE",
        "event_borough": "Brooklyn",
        "start_date": "2022-08-27T12:00:00.000",
        "end_date": "2022-08-27T20:00:00.000",
        "start_formatted": "August 27, 2022 12:00 PM",
        "end_formatted": "August 27, 2022 08:00 PM",
        "street_closure_type": "Full Street Closure",
        "community_board": "4,",
        "police_precinct": "83,"
      }
    },
    {
      "type": "Feature",
      "geometry": {
        "type": "Point",
        "coordinates": [
          -73.98998499999999,
          40.6629185
        ]
      },
      "properties": {
        "event_id": "634527",
        "event_name": "Block Party 2022",
        "event_type": "Block Party",
        "event_agency": "Street Activity Permit Office",
        "event_location": "17 STREET between 5 AVENUE and 6 AVENUE",
        "event_borough": "Brooklyn",
        "start_date": "2022-08-27T12:00:00.000",
        "end_date": "2022-08-27T19:00:00.000",
        "start_formatted": "August 27, 2022 12:00 PM",
        "end_formatted": "August 27, 2022 07:00 PM",
        "street_closure_type": "Full Street Closure",
        "community_board": "7,",
        "police_precinct": "72,"
      }
    },
    {
      "type": "Feature",
      "geometry": {
        "type": "Point",
        "coordinates": [
          -74.013878,
          40.6399605
        ]
      },
      "properties": {
        "event_id": "643683",
        "event_name": "Block party",
        "event_type": "Block Party",
        "event_agency": "Street Activity Permit Office",
        "event_location": "58 STREET between 5 AVENUE and 6 AVENUE",
        "event_borough": "Brooklyn",
        "start_date": "2022-08-27T12:00:00.000",
        "end_date": "2022-08-27T19:30:00.000",
        "start_formatted": "August 27, 2022 12:00 PM",
        "end_formatted": "August 27, 2022 07:30 PM",
        "street_closure_type": "Full Street Closure",
        "community_board": "7,",
        "police_precinct": "72,"
      }
    },
    {
      "type": "Feature",
      "geometry": {
        "type": "Point",
        "coordinates": [
          -73.9429475,
          40.710981000000004
        ]
      },
      "properties": {
        "event_id": "656359",
        "event_name": "Williamsburg Houses Family Day",
        "event_type": "Block Party",
        "event_agency": "Street Activity Permit Office",
        "event_location": "MAUJER STREET between GRAHAM AVENUE and HUMBOLDT STREET",
        "event_borough": "Brooklyn",
        "start_date": "2022-08-27T12:00:00.000",
        "end_date": "2022-08-27T17:00:00.000",
        "start_formatted": "August 27, 2022 12:00 PM",
        "end_formatted": "August 27, 2022 05:00 PM",
        "street_closure_type": "Sidewalk and Street Closure",
        "community_board": "1,",
        "police_precinct": "90,"
      }
    },
    {
      "type": "Feature",
      "geometry": {
        "type": "Point",
        "coordinates": [
          -73.894856,
          40.680484
        ]
      },
      "properties": {
        "event_id": "665995",
        "event_name": "Sunnyside WE RISE Celebration",
        "event_type": "Block Party",
        "event_agency": "Street Activity Permit Office",
        "event_location": "SUNNYSIDE AVENUE between VERMONT STREET and MILLER AVENUE",
        "event_borough": "Brooklyn",
        "start_date": "2022-08-27T12:00:00.000",
        "end_date": "2022-08-27T20:00:00.000",
        "start_formatted": "August 27, 2022 12:00 PM",
        "end_formatted": "August 27, 2022 08:00 PM",
        "street_closure_type": "Sidewalk and Street Closure",
        "community_board": "5,",
        "police_precinct": "75,"
      }
    },
    {
      "type": "Feature",
      "geometry": {
        "type": "Point",
        "coordinates": [
          -73.73939999999999,
          40.710413
        ]
      },
      "properties": {
        "event_id": "649490",
        "event_name": "queens day festival block party0827",
        "event_type": "Block Party",
        "event_agency": "Street Activity Permit Office",
        "event_location": "ROBARD LANE between HOLLIS AVENUE and MONTEREY STREET",
        "event_borough": "Queens",
        "start_date": "2022-08-27T12:00:00.000",
        "end_date": "2022-08-27T19:00:00.000",
        "start_formatted": "August 27, 2022 12:00 PM",
        "end_formatted": "August 27, 2022 07:00 PM",
        "street_closure_type": "Full Street Closure",
        "community_board": "13,",
        "police_precinct": "105,"
      }
    },
    {
      "type": "Feature",
      "geometry": {
        "type": "Point",
        "coordinates": [
          -73.8458655,
          40.675831
        ]
      },
      "properties": {
        "event_id": "657920",
        "event_name": "Block Party We Outside",
        "event_type": "Block Party",
        "event_agency": "Street Activity Permit Office",
        "event_location": "RICO PLACE between SILVER ROAD and CHICOT ROAD",
        "event_borough": "Queens",
        "start_date": "2022-08-27T12:00:00.000",
        "end_date": "2022-08-27T19:00:00.000",
        "start_formatted": "August 27, 2022 12:00 PM",
        "end_formatted": "August 27, 2022 07:00 PM",
        "street_closure_type": "Full Street Closure",
        "community_board": "10,",
        "police_precinct": "106,"
      }
    },
    {
      "type": "Feature",
      "geometry": {
        "type": "Point",
        "coordinates": [
          -74.01311799999999,
          40.625175999999996
        ]
      },
      "properties": {
        "event_id": "658417",
        "event_name": "family block party",
        "event_type": "Block Party",
        "event_agency": "Street Activity Permit Office",
        "event_location": "10 AVENUE between 73 STREET and 74 STREET",
        "event_borough": "Brooklyn",
        "start_date": "2022-08-27T12:00:00.000",
        "end_date": "2022-08-27T20:00:00.000",
        "start_formatted": "August 27, 2022 12:00 PM",
        "end_formatted": "August 27, 2022 08:00 PM",
        "street_closure_type": "Full Street Closure",
        "community_board": "10,",
        "police_precinct": "68,"
      }
    },
    {
      "type": "Feature",
      "geometry": {
        "type": "Point",
        "coordinates": [
          -73.948369,
          40.682726
        ]
      },
      "properties": {
        "event_id": "628868",
        "event_name": "Hancock Street Block Association 2 Block Party",
        "event_type": "Block Party",
        "event_agency": "Street Activity Permit Office",
        "event_location": "HANCOCK STREET between NOSTRAND AVENUE and MARCY AVENUE",
        "event_borough": "Brooklyn",
        "start_date": "2022-08-27T12:00:00.000",
        "end_date": "2022-08-27T19:00:00.000",
        "start_formatted": "August 27, 2022 12:00 PM",
        "end_formatted": "August 27, 2022 07:00 PM",
        "street_closure_type": "Full Street Closure",
        "community_board": "3,",
        "police_precinct": "79,"
      }
    },
    {
      "type": "Feature",
      "geometry": {
        "type": "Point",
        "coordinates": [
          -74.149273,
          40.6161005
        ]
      },
      "properties": {
        "event_id": "644430",
        "event_name": "Cambridge Ave Family Block Party",
        "event_type": "Block Party",
        "event_agency": "Street Activity Permit Office",
        "event_location": "CAMBRIDGE AVENUE between WATCHOGUE ROAD and CASWELL AVENUE",
        "event_borough": "Staten Island",
        "start_date": "2022-08-27T12:00:00.000",
        "end_date": "2022-08-27T20:00:00.000",
        "start_formatted": "August 27, 2022 12:00 PM",
        "end_formatted": "August 27, 2022 08:00 PM",
        "street_closure_type": "Full Street Closure",
        "community_board": "1,",
        "police_precinct": "120,"
      }
    },
    {
      "type": "Feature",
      "geometry": {
        "type": "Point",
        "coordinates": [
          -73.920853,
          40.701466499999995
        ]
      },
      "properties": {
        "event_id": "655817",
        "event_name": "Family reunion",
        "event_type": "Block Party",
        "event_agency": "Street Activity Permit Office",
        "event_location": "STOCKHOLM STREET between IRVING AVENUE and KNICKERBOCKER AVENUE",
        "event_borough": "Brooklyn",
        "start_date": "2022-08-27T12:00:00.000",
        "end_date": "2022-08-27T20:00:00.000",
        "start_formatted": "August 27, 2022 12:00 PM",
        "end_formatted": "August 27, 2022 08:00 PM",
        "street_closure_type": "Sidewalk and Street Closure",
        "community_board": "4,",
        "police_precinct": "83,"
      }
    },
    {
      "type": "Feature",
      "geometry": {
        "type": "Point",
        "coordinates": [
          -73.9085125,
          40.826741
        ]
      },
      "properties": {
        "event_id": "655758",
        "event_name": "Together We are Better",
        "event_type": "Block Party",
        "event_agency": "Street Activity Permit Office",
        "event_location": "EAST  165 STREET between WASHINGTON AVENUE and 3 AVENUE",
        "event_borough": "Bronx",
        "start_date": "2022-08-27T12:00:00.000",
        "end_date": "2022-08-27T18:00:00.000",
        "start_formatted": "August 27, 2022 12:00 PM",
        "end_formatted": "August 27, 2022 06:00 PM",
        "street_closure_type": "Full Street Closure",
        "community_board": "3,",
        "police_precinct": "42,"
      }
    },
    {
      "type": "Feature",
      "geometry": {
        "type": "Point",
        "coordinates": [
          -73.98175749999999,
          40.6769115
        ]
      },
      "properties": {
        "event_id": "647691",
        "event_name": "Union Street 2022 Block Party",
        "event_type": "Block Party",
        "event_agency": "Street Activity Permit Office",
        "event_location": "UNION STREET between 4 AVENUE and 5 AVENUE",
        "event_borough": "Brooklyn",
        "start_date": "2022-08-27T12:00:00.000",
        "end_date": "2022-08-27T20:00:00.000",
        "start_formatted": "August 27, 2022 12:00 PM",
        "end_formatted": "August 27, 2022 08:00 PM",
        "street_closure_type": "Full Street Closure",
        "community_board": "6,",
        "police_precinct": "78,"
      }
    },
    {
      "type": "Feature",
      "geometry": {
        "type": "Point",
        "coordinates": [
          -73.7861445,
          40.593699
        ]
      },
      "properties": {
        "event_id": "654041",
        "event_name": "Oceanside Stay Together",
        "event_type": "Block Party",
        "event_agency": "Street Activity Permit Office",
        "event_location": "BEACH   56 STREET between BEACH CHANNEL DRIVE and ARVERNE BOULEVARD",
        "event_borough": "Queens",
        "start_date": "2022-08-27T12:00:00.000",
        "end_date": "2022-08-27T18:00:00.000",
        "start_formatted": "August 27, 2022 12:00 PM",
        "end_formatted": "August 27, 2022 06:00 PM",
        "street_closure_type": "Sidewalk and Street Closure",
        "community_board": "14,",
        "police_precinct": "101,"
      }
    },
    {
      "type": "Feature",
      "geometry": {
        "type": "Point",
        "coordinates": [
          -74.00818100000001,
          40.6419925
        ]
      },
      "properties": {
        "event_id": "644132",
        "event_name": "2022 52nd Street Block Party",
        "event_type": "Block Party",
        "event_agency": "Street Activity Permit Office",
        "event_location": "52 STREET between 6 AVENUE and 7 AVENUE",
        "event_borough": "Brooklyn",
        "start_date": "2022-08-27T11:30:00.000",
        "end_date": "2022-08-27T20:30:00.000",
        "start_formatted": "August 27, 2022 11:30 AM",
        "end_formatted": "August 27, 2022 08:30 PM",
        "street_closure_type": "Full Street Closure",
        "community_board": "7,",
        "police_precinct": "72,"
      }
    },
    {
      "type": "Feature",
      "geometry": {
        "type": "Point",
        "coordinates": [
          -73.92674650000001,
          40.686336999999995
        ]
      },
      "properties": {
        "event_id": "619616",
        "event_name": "Patchen Community Day 2022",
        "event_type": "Block Party",
        "event_agency": "Street Activity Permit Office",
        "event_location": "PATCHEN AVENUE between JEFFERSON AVENUE and PUTNAM AVENUE",
        "event_borough": "Brooklyn",
        "start_date": "2022-08-27T11:30:00.000",
        "end_date": "2022-08-27T20:00:00.000",
        "start_formatted": "August 27, 2022 11:30 AM",
        "end_formatted": "August 27, 2022 08:00 PM",
        "street_closure_type": "Full Street Closure",
        "community_board": "3,",
        "police_precinct": "81,"
      }
    },
    {
      "type": "Feature",
      "geometry": {
        "type": "Point",
        "coordinates": [
          -73.843996,
          40.7838735
        ]
      },
      "properties": {
        "event_id": "658257",
        "event_name": "Block Party 2022",
        "event_type": "Block Party",
        "event_agency": "Street Activity Permit Office",
        "event_location": "124 STREET between 15 AVENUE and 18 AVENUE",
        "event_borough": "Queens",
        "start_date": "2022-08-27T11:30:00.000",
        "end_date": "2022-08-27T18:30:00.000",
        "start_formatted": "August 27, 2022 11:30 AM",
        "end_formatted": "August 27, 2022 06:30 PM",
        "street_closure_type": "Full Street Closure",
        "community_board": "7,",
        "police_precinct": "109,"
      }
    },
    {
      "type": "Feature",
      "geometry": {
        "type": "Point",
        "coordinates": [
          -73.90781999999999,
          40.682517000000004
        ]
      },
      "properties": {
        "event_id": "647728",
        "event_name": "5th Annual Granite Street Block Party",
        "event_type": "Block Party",
        "event_agency": "Street Activity Permit Office",
        "event_location": "GRANITE STREET between BROADWAY and BUSHWICK AVENUE",
        "event_borough": "Brooklyn",
        "start_date": "2022-08-27T11:30:00.000",
        "end_date": "2022-08-27T19:30:00.000",
        "start_formatted": "August 27, 2022 11:30 AM",
        "end_formatted": "August 27, 2022 07:30 PM",
        "street_closure_type": "Full Street Closure",
        "community_board": "4,",
        "police_precinct": "83,"
      }
    },
    {
      "type": "Feature",
      "geometry": {
        "type": "Point",
        "coordinates": [
          -74.0106705,
          40.649876500000005
        ]
      },
      "properties": {
        "event_id": "655185",
        "event_name": "45th Street Block Party",
        "event_type": "Block Party",
        "event_agency": "Street Activity Permit Office",
        "event_location": "45 STREET between 3 AVENUE and 4 AVENUE",
        "event_borough": "Brooklyn",
        "start_date": "2022-08-27T11:30:00.000",
        "end_date": "2022-08-27T20:00:00.000",
        "start_formatted": "August 27, 2022 11:30 AM",
        "end_formatted": "August 27, 2022 08:00 PM",
        "street_closure_type": "Full Street Closure",
        "community_board": "7,",
        "police_precinct": "72,"
      }
    },
    {
      "type": "Feature",
      "geometry": {
        "type": "Point",
        "coordinates": [
          -73.94608550000001,
          40.704514
        ]
      },
      "properties": {
        "event_id": "610338",
        "event_name": "Block Party",
        "event_type": "Block Party",
        "event_agency": "Street Activity Permit Office",
        "event_location": "LEONARD STREET between BOERUM STREET and MOORE STREET",
        "event_borough": "Brooklyn",
        "start_date": "2022-08-27T11:00:00.000",
        "end_date": "2022-08-27T20:00:00.000",
        "start_formatted": "August 27, 2022 11:00 AM",
        "end_formatted": "August 27, 2022 08:00 PM",
        "street_closure_type": "Full Street Closure",
        "community_board": "1,",
        "police_precinct": "90,"
      }
    },
    {
      "type": "Feature",
      "geometry": {
        "type": "Point",
        "coordinates": [
          -73.947859,
          40.807068
        ]
      },
      "properties": {
        "event_id": "630732",
        "event_name": "123rd Street Youth Day Program",
        "event_type": "Block Party",
        "event_agency": "Street Activity Permit Office",
        "event_location": "WEST  123 STREET between LENOX AVENUE and ADAM CLAYTON POWELL JR BOULEVARD",
        "event_borough": "Manhattan",
        "start_date": "2022-08-27T11:00:00.000",
        "end_date": "2022-08-27T18:00:00.000",
        "start_formatted": "August 27, 2022 11:00 AM",
        "end_formatted": "August 27, 2022 06:00 PM",
        "street_closure_type": "Full Street Closure",
        "community_board": "10,",
        "police_precinct": "28,"
      }
    },
    {
      "type": "Feature",
      "geometry": {
        "type": "Point",
        "coordinates": [
          -73.907443,
          40.664379
        ]
      },
      "properties": {
        "event_id": "642955",
        "event_name": "TILDEN HOUSES FAMILY AND FRIENDS DAY",
        "event_type": "Block Party",
        "event_agency": "Street Activity Permit Office",
        "event_location": "DUMONT AVENUE between ROCKAWAY AVENUE and MOTHER GASTON BOULEVARD",
        "event_borough": "Brooklyn",
        "start_date": "2022-08-27T11:00:00.000",
        "end_date": "2022-08-27T18:00:00.000",
        "start_formatted": "August 27, 2022 11:00 AM",
        "end_formatted": "August 27, 2022 06:00 PM",
        "street_closure_type": "Full Street Closure",
        "community_board": "16,",
        "police_precinct": "73,"
      }
    },
    {
      "type": "Feature",
      "geometry": {
        "type": "Point",
        "coordinates": [
          -73.912707,
          40.6770335
        ]
      },
      "properties": {
        "event_id": "656267",
        "event_name": "Marconi Pl Block Party",
        "event_type": "Block Party",
        "event_agency": "Street Activity Permit Office",
        "event_location": "MARCONI PLACE between ATLANTIC AVENUE and HERKIMER STREET",
        "event_borough": "Brooklyn",
        "start_date": "2022-08-27T11:00:00.000",
        "end_date": "2022-08-27T18:00:00.000",
        "start_formatted": "August 27, 2022 11:00 AM",
        "end_formatted": "August 27, 2022 06:00 PM",
        "street_closure_type": "Full Street Closure",
        "community_board": "16,",
        "police_precinct": "73,"
      }
    },
    {
      "type": "Feature",
      "geometry": {
        "type": "Point",
        "coordinates": [
          -73.93105800000001,
          40.685467
        ]
      },
      "properties": {
        "event_id": "649877",
        "event_name": "600 Jefferson Ave. Block Association Party 2022",
        "event_type": "Block Party",
        "event_agency": "Street Activity Permit Office",
        "event_location": "JEFFERSON AVENUE between STUYVESANT AVENUE and MALCOLM X BOULEVARD",
        "event_borough": "Brooklyn",
        "start_date": "2022-08-27T11:00:00.000",
        "end_date": "2022-08-27T19:00:00.000",
        "start_formatted": "August 27, 2022 11:00 AM",
        "end_formatted": "August 27, 2022 07:00 PM",
        "street_closure_type": "Full Street Closure",
        "community_board": "3,",
        "police_precinct": "81,"
      }
    },
    {
      "type": "Feature",
      "geometry": {
        "type": "Point",
        "coordinates": [
          -73.94987,
          40.78877
        ]
      },
      "properties": {
        "event_id": "635352",
        "event_name": "Back To School Education Block Party",
        "event_type": "Block Party",
        "event_agency": "Street Activity Permit Office",
        "event_location": "EAST  100 STREET between LEXINGTON AVENUE and PARK AVENUE",
        "event_borough": "Manhattan",
        "start_date": "2022-08-27T11:00:00.000",
        "end_date": "2022-08-27T16:00:00.000",
        "start_formatted": "August 27, 2022 11:00 AM",
        "end_formatted": "August 27, 2022 04:00 PM",
        "street_closure_type": "Full Street Closure",
        "community_board": "11,",
        "police_precinct": "23,"
      }
    },
    {
      "type": "Feature",
      "geometry": {
        "type": "Point",
        "coordinates": [
          -73.951803,
          40.6708235
        ]
      },
      "properties": {
        "event_id": "658573",
        "event_name": "Lincoln-Rogers-Nostrand Block Association",
        "event_type": "Block Party",
        "event_agency": "Street Activity Permit Office",
        "event_location": "LINCOLN PLACE between NOSTRAND AVENUE and ROGERS AVENUE",
        "event_borough": "Brooklyn",
        "start_date": "2022-08-27T11:00:00.000",
        "end_date": "2022-08-27T19:30:00.000",
        "start_formatted": "August 27, 2022 11:00 AM",
        "end_formatted": "August 27, 2022 07:30 PM",
        "street_closure_type": "Full Street Closure",
        "community_board": "8,",
        "police_precinct": "77,"
      }
    },
    {
      "type": "Feature",
      "geometry": {
        "type": "Point",
        "coordinates": [
          -74.015605,
          40.6055475
        ]
      },
      "properties": {
        "event_id": "654802",
        "event_name": "15th Ave Summer Jam 2022",
        "event_type": "Block Party",
        "event_agency": "Street Activity Permit Office",
        "event_location": "15 AVENUE between CROPSEY AVENUE and INDEPENDENCE AVENUE",
        "event_borough": "Brooklyn",
        "start_date": "2022-08-27T11:00:00.000",
        "end_date": "2022-08-27T20:00:00.000",
        "start_formatted": "August 27, 2022 11:00 AM",
        "end_formatted": "August 27, 2022 08:00 PM",
        "street_closure_type": "Full Street Closure",
        "community_board": "11,",
        "police_precinct": "62,"
      }
    },
    {
      "type": "Feature",
      "geometry": {
        "type": "Point",
        "coordinates": [
          -73.942473,
          40.683403999999996
        ]
      },
      "properties": {
        "event_id": "623493",
        "event_name": "Block Party",
        "event_type": "Block Party",
        "event_agency": "Street Activity Permit Office",
        "event_location": "HANCOCK STREET between TOMPKINS AVENUE and THROOP AVENUE",
        "event_borough": "Brooklyn",
        "start_date": "2022-08-27T11:00:00.000",
        "end_date": "2022-08-27T20:00:00.000",
        "start_formatted": "August 27, 2022 11:00 AM",
        "end_formatted": "August 27, 2022 08:00 PM",
        "street_closure_type": "Full Street Closure",
        "community_board": "3,",
        "police_precinct": "79,"
      }
    },
    {
      "type": "Feature",
      "geometry": {
        "type": "Point",
        "coordinates": [
          -73.946433,
          40.7905965
        ]
      },
      "properties": {
        "event_id": "656463",
        "event_name": "Community Appreciation Day",
        "event_type": "Block Party",
        "event_agency": "Street Activity Permit Office",
        "event_location": "EAST  104 STREET between 3 AVENUE and LEXINGTON AVENUE",
        "event_borough": "Manhattan",
        "start_date": "2022-08-27T11:00:00.000",
        "end_date": "2022-08-27T17:00:00.000",
        "start_formatted": "August 27, 2022 11:00 AM",
        "end_formatted": "August 27, 2022 05:00 PM",
        "street_closure_type": "Full Street Closure",
        "community_board": "11,",
        "police_precinct": "23,"
      }
    },
    {
      "type": "Feature",
      "geometry": {
        "type": "Point",
        "coordinates": [
          -73.955274,
          40.665634499999996
        ]
      },
      "properties": {
        "event_id": "653476",
        "event_name": "2022 Montgomery St. Block Party",
        "event_type": "Block Party",
        "event_agency": "Street Activity Permit Office",
        "event_location": "MONTGOMERY STREET between BEDFORD AVENUE and ROGERS AVENUE",
        "event_borough": "Brooklyn",
        "start_date": "2022-08-27T11:00:00.000",
        "end_date": "2022-08-27T17:00:00.000",
        "start_formatted": "August 27, 2022 11:00 AM",
        "end_formatted": "August 27, 2022 05:00 PM",
        "street_closure_type": "Full Street Closure",
        "community_board": "9,",
        "police_precinct": "71,"
      }
    },
    {
      "type": "Feature",
      "geometry": {
        "type": "Point",
        "coordinates": [
          -73.919225,
          40.686074500000004
        ]
      },
      "properties": {
        "event_id": "630922",
        "event_name": "Meet  Greet Sun  Fun",
        "event_type": "Block Party",
        "event_agency": "Street Activity Permit Office",
        "event_location": "HANCOCK STREET between SARATOGA AVENUE and HOWARD AVENUE",
        "event_borough": "Brooklyn",
        "start_date": "2022-08-27T11:00:00.000",
        "end_date": "2022-08-27T18:00:00.000",
        "start_formatted": "August 27, 2022 11:00 AM",
        "end_formatted": "August 27, 2022 06:00 PM",
        "street_closure_type": "Full Street Closure",
        "community_board": "3,",
        "police_precinct": "81,"
      }
    },
    {
      "type": "Feature",
      "geometry": {
        "type": "Point",
        "coordinates": [
          -73.9456065,
          40.6500835
        ]
      },
      "properties": {
        "event_id": "644600",
        "event_name": "Block Party",
        "event_type": "Block Party",
        "event_agency": "Street Activity Permit Office",
        "event_location": "EAST   34 STREET between CHURCH AVENUE and SNYDER AVENUE",
        "event_borough": "Brooklyn",
        "start_date": "2022-08-27T11:00:00.000",
        "end_date": "2022-08-27T19:00:00.000",
        "start_formatted": "August 27, 2022 11:00 AM",
        "end_formatted": "August 27, 2022 07:00 PM",
        "street_closure_type": "Full Street Closure",
        "community_board": "17,",
        "police_precinct": "67,"
      }
    },
    {
      "type": "Feature",
      "geometry": {
        "type": "Point",
        "coordinates": [
          -73.93043349999999,
          40.633894999999995
        ]
      },
      "properties": {
        "event_id": "651034",
        "event_name": "E 48th Block Association",
        "event_type": "Block Party",
        "event_agency": "Street Activity Permit Office",
        "event_location": "EAST   48 STREET between GLENWOOD ROAD and AVENUE H",
        "event_borough": "Brooklyn",
        "start_date": "2022-08-27T11:00:00.000",
        "end_date": "2022-08-27T19:30:00.000",
        "start_formatted": "August 27, 2022 11:00 AM",
        "end_formatted": "August 27, 2022 07:30 PM",
        "street_closure_type": "Full Street Closure",
        "community_board": "18,",
        "police_precinct": "63,"
      }
    },
    {
      "type": "Feature",
      "geometry": {
        "type": "Point",
        "coordinates": [
          -73.844428,
          40.823877499999995
        ]
      },
      "properties": {
        "event_id": "624959",
        "event_name": "BACK 2 SCHOOL BASH",
        "event_type": "Block Party",
        "event_agency": "Street Activity Permit Office",
        "event_location": "LAFAYETTE AVENUE between ZEREGA AVENUE and HAVEMEYER AVENUE",
        "event_borough": "Bronx",
        "start_date": "2022-08-27T11:00:00.000",
        "end_date": "2022-08-27T16:00:00.000",
        "start_formatted": "August 27, 2022 11:00 AM",
        "end_formatted": "August 27, 2022 04:00 PM",
        "street_closure_type": "Full Street Closure",
        "community_board": "9,",
        "police_precinct": "43,"
      }
    },
    {
      "type": "Feature",
      "geometry": {
        "type": "Point",
        "coordinates": [
          -73.9331725,
          40.6949685
        ]
      },
      "properties": {
        "event_id": "631235",
        "event_name": "Hart St Block Party",
        "event_type": "Block Party",
        "event_agency": "Street Activity Permit Office",
        "event_location": "HART STREET between BROADWAY and STUYVESANT AVENUE",
        "event_borough": "Brooklyn",
        "start_date": "2022-08-27T11:00:00.000",
        "end_date": "2022-08-27T20:00:00.000",
        "start_formatted": "August 27, 2022 11:00 AM",
        "end_formatted": "August 27, 2022 08:00 PM",
        "street_closure_type": "Full Street Closure",
        "community_board": "3,",
        "police_precinct": "81,"
      }
    },
    {
      "type": "Feature",
      "geometry": {
        "type": "Point",
        "coordinates": [
          -73.9275155,
          40.615483999999995
        ]
      },
      "properties": {
        "event_id": "648233",
        "event_name": "Matrix Youth Fair",
        "event_type": "Block Party",
        "event_agency": "Street Activity Permit Office",
        "event_location": "EAST   49 STREET between AVENUE O and FILLMORE AVENUE",
        "event_borough": "Brooklyn",
        "start_date": "2022-08-27T11:00:00.000",
        "end_date": "2022-08-27T18:00:00.000",
        "start_formatted": "August 27, 2022 11:00 AM",
        "end_formatted": "August 27, 2022 06:00 PM",
        "street_closure_type": "Full Street Closure",
        "community_board": "18,",
        "police_precinct": "63,"
      }
    },
    {
      "type": "Feature",
      "geometry": {
        "type": "Point",
        "coordinates": [
          -73.914084,
          40.695234
        ]
      },
      "properties": {
        "event_id": "655761",
        "event_name": "Block party",
        "event_type": "Block Party",
        "event_agency": "Street Activity Permit Office",
        "event_location": "WOODBINE STREET between KNICKERBOCKER AVENUE and WILSON AVENUE",
        "event_borough": "Brooklyn",
        "start_date": "2022-08-27T11:00:00.000",
        "end_date": "2022-08-27T20:00:00.000",
        "start_formatted": "August 27, 2022 11:00 AM",
        "end_formatted": "August 27, 2022 08:00 PM",
        "street_closure_type": "Full Street Closure",
        "community_board": "4,",
        "police_precinct": "83,"
      }
    },
    {
      "type": "Feature",
      "geometry": {
        "type": "Point",
        "coordinates": [
          -73.9240745,
          40.864885
        ]
      },
      "properties": {
        "event_id": "626965",
        "event_name": "Rose Court Tenant Association Annual Block Party",
        "event_type": "Block Party",
        "event_agency": "Street Activity Permit Office",
        "event_location": "ACADEMY STREET between SHERMAN AVENUE and VERMILYEA AVENUE",
        "event_borough": "Manhattan",
        "start_date": "2022-08-27T11:00:00.000",
        "end_date": "2022-08-27T17:00:00.000",
        "start_formatted": "August 27, 2022 11:00 AM",
        "end_formatted": "August 27, 2022 05:00 PM",
        "street_closure_type": "Full Street Closure",
        "community_board": "12,",
        "police_precinct": "34,"
      }
    },
    {
      "type": "Feature",
      "geometry": {
        "type": "Point",
        "coordinates": [
          -73.95675,
          40.682511000000005
        ]
      },
      "properties": {
        "event_id": "636266",
        "event_name": "T Association Block Party",
        "event_type": "Block Party",
        "event_agency": "Street Activity Permit Office",
        "event_location": "JEFFERSON AVENUE between FRANKLIN AVENUE and CLAVER PLACE",
        "event_borough": "Brooklyn",
        "start_date": "2022-08-27T11:00:00.000",
        "end_date": "2022-08-27T19:00:00.000",
        "start_formatted": "August 27, 2022 11:00 AM",
        "end_formatted": "August 27, 2022 07:00 PM",
        "street_closure_type": "Sidewalk and Street Closure",
        "community_board": "3,",
        "police_precinct": "79,"
      }
    },
    {
      "type": "Feature",
      "geometry": {
        "type": "Point",
        "coordinates": [
          -73.884751,
          40.8353465
        ]
      },
      "properties": {
        "event_id": "657559",
        "event_name": "SUMMER ENDING BLOCK PARTY",
        "event_type": "Block Party",
        "event_agency": "Street Activity Permit Office",
        "event_location": "LONGFELLOW AVENUE between EAST  173 STREET and EAST  174 STREET",
        "event_borough": "Bronx",
        "start_date": "2022-08-27T11:00:00.000",
        "end_date": "2022-08-27T18:00:00.000",
        "start_formatted": "August 27, 2022 11:00 AM",
        "end_formatted": "August 27, 2022 06:00 PM",
        "street_closure_type": "Full Street Closure",
        "community_board": "3,",
        "police_precinct": "42,"
      }
    },
    {
      "type": "Feature",
      "geometry": {
        "type": "Point",
        "coordinates": [
          -73.9731345,
          40.694592
        ]
      },
      "properties": {
        "event_id": "652425",
        "event_name": "Walt Whitman Houses Family Day and Back to School Giveaway",
        "event_type": "Block Party",
        "event_agency": "Street Activity Permit Office",
        "event_location": "CARLTON AVENUE between MYRTLE AVENUE and PARK AVENUE",
        "event_borough": "Brooklyn",
        "start_date": "2022-08-27T11:00:00.000",
        "end_date": "2022-08-27T18:00:00.000",
        "start_formatted": "August 27, 2022 11:00 AM",
        "end_formatted": "August 27, 2022 06:00 PM",
        "street_closure_type": "Full Street Closure",
        "community_board": "2,",
        "police_precinct": "88,"
      }
    },
    {
      "type": "Feature",
      "geometry": {
        "type": "Point",
        "coordinates": [
          -73.73451750000001,
          40.7150575
        ]
      },
      "properties": {
        "event_id": "657780",
        "event_name": "Community Day",
        "event_type": "Block Party",
        "event_agency": "Street Activity Permit Office",
        "event_location": "100 AVENUE between SPRINGFIELD BOULEVARD and 220 STREET",
        "event_borough": "Queens",
        "start_date": "2022-08-27T11:00:00.000",
        "end_date": "2022-08-27T15:00:00.000",
        "start_formatted": "August 27, 2022 11:00 AM",
        "end_formatted": "August 27, 2022 03:00 PM",
        "street_closure_type": "Sidewalk and Street Closure",
        "community_board": "13,",
        "police_precinct": "105,"
      }
    },
    {
      "type": "Feature",
      "geometry": {
        "type": "Point",
        "coordinates": [
          -74.0796565,
          40.6341905
        ]
      },
      "properties": {
        "event_id": "656294",
        "event_name": "Homer Street  Block Assoc.",
        "event_type": "Block Party",
        "event_agency": "Street Activity Permit Office",
        "event_location": "HOMER STREET between PAXTON STREET and SWAN STREET",
        "event_borough": "Staten Island",
        "start_date": "2022-08-27T11:00:00.000",
        "end_date": "2022-08-27T20:00:00.000",
        "start_formatted": "August 27, 2022 11:00 AM",
        "end_formatted": "August 27, 2022 08:00 PM",
        "street_closure_type": "Full Street Closure",
        "community_board": "1,",
        "police_precinct": "120,"
      }
    },
    {
      "type": "Feature",
      "geometry": {
        "type": "Point",
        "coordinates": [
          -73.9377805,
          40.689189
        ]
      },
      "properties": {
        "event_id": "621643",
        "event_name": "Lexington Heights Block Association Annual Block Party",
        "event_type": "Block Party",
        "event_agency": "Street Activity Permit Office",
        "event_location": "LEXINGTON AVENUE between MARCUS GARVEY BOULEVARD and LEWIS AVENUE",
        "event_borough": "Brooklyn",
        "start_date": "2022-08-27T11:00:00.000",
        "end_date": "2022-08-27T20:00:00.000",
        "start_formatted": "August 27, 2022 11:00 AM",
        "end_formatted": "August 27, 2022 08:00 PM",
        "street_closure_type": "Full Street Closure",
        "community_board": "3,",
        "police_precinct": "81,"
      }
    },
    {
      "type": "Feature",
      "geometry": {
        "type": "Point",
        "coordinates": [
          -73.916361,
          40.656516499999995
        ]
      },
      "properties": {
        "event_id": "653399",
        "event_name": "Community Outreach",
        "event_type": "Block Party",
        "event_agency": "Street Activity Permit Office",
        "event_location": "EAST   96 STREET between WILLMOHR STREET and CHURCH AVENUE",
        "event_borough": "Brooklyn",
        "start_date": "2022-08-27T10:30:00.000",
        "end_date": "2022-08-27T17:30:00.000",
        "start_formatted": "August 27, 2022 10:30 AM",
        "end_formatted": "August 27, 2022 05:30 PM",
        "street_closure_type": "Full Street Closure",
        "community_board": "17,",
        "police_precinct": "67,"
      }
    },
    {
      "type": "Feature",
      "geometry": {
        "type": "Point",
        "coordinates": [
          -73.9395095,
          40.8184975
        ]
      },
      "properties": {
        "event_id": "645864",
        "event_name": "Family and Friends Day",
        "event_type": "Block Party",
        "event_agency": "Street Activity Permit Office",
        "event_location": "WEST  141 STREET between MALCOLM X BOULEVARD and ADAM CLAYTON POWELL JR BOULEVARD",
        "event_borough": "Manhattan",
        "start_date": "2022-08-27T10:30:00.000",
        "end_date": "2022-08-27T18:00:00.000",
        "start_formatted": "August 27, 2022 10:30 AM",
        "end_formatted": "August 27, 2022 06:00 PM",
        "street_closure_type": "Full Street Closure",
        "community_board": "10,",
        "police_precinct": "32,"
      }
    },
    {
      "type": "Feature",
      "geometry": {
        "type": "Point",
        "coordinates": [
          -74.0158945,
          40.6448285
        ]
      },
      "properties": {
        "event_id": "632257",
        "event_name": "54 st block party",
        "event_type": "Block Party",
        "event_agency": "Street Activity Permit Office",
        "event_location": "54 STREET between 3 AVENUE and 4 AVENUE",
        "event_borough": "Brooklyn",
        "start_date": "2022-08-27T10:30:00.000",
        "end_date": "2022-08-27T18:30:00.000",
        "start_formatted": "August 27, 2022 10:30 AM",
        "end_formatted": "August 27, 2022 06:30 PM",
        "street_closure_type": "Sidewalk and Street Closure",
        "community_board": "7,",
        "police_precinct": "72,"
      }
    },
    {
      "type": "Feature",
      "geometry": {
        "type": "Point",
        "coordinates": [
          -73.9569425,
          40.669505
        ]
      },
      "properties": {
        "event_id": "634704",
        "event_name": "Back to school",
        "event_type": "Block Party",
        "event_agency": "Street Activity Permit Office",
        "event_location": "UNION STREET between FRANKLIN AVENUE and BEDFORD AVENUE",
        "event_borough": "Brooklyn",
        "start_date": "2022-08-27T10:30:00.000",
        "end_date": "2022-08-27T17:00:00.000",
        "start_formatted": "August 27, 2022 10:30 AM",
        "end_formatted": "August 27, 2022 05:00 PM",
        "street_closure_type": "Full Sidewalk Closure",
        "community_board": "9,",
        "police_precinct": "71,"
      }
    },
    {
      "type": "Feature",
      "geometry": {
        "type": "Point",
        "coordinates": [
          -73.972494,
          40.64226
        ]
      },
      "properties": {
        "event_id": "634920",
        "event_name": "Block Party",
        "event_type": "Block Party",
        "event_agency": "Street Activity Permit Office",
        "event_location": "EAST    7 STREET between BEVERLY ROAD and AVENUE C",
        "event_borough": "Brooklyn",
        "start_date": "2022-08-27T10:30:00.000",
        "end_date": "2022-08-27T19:00:00.000",
        "start_formatted": "August 27, 2022 10:30 AM",
        "end_formatted": "August 27, 2022 07:00 PM",
        "street_closure_type": "Full Street Closure",
        "community_board": "12,",
        "police_precinct": "66,"
      }
    },
    {
      "type": "Feature",
      "geometry": {
        "type": "Point",
        "coordinates": [
          -73.9409695,
          40.642573
        ]
      },
      "properties": {
        "event_id": "632001",
        "event_name": "E38th BA Block Party 2022",
        "event_type": "Block Party",
        "event_agency": "Street Activity Permit Office",
        "event_location": "EAST   38 STREET between AVENUE D and CLARENDON ROAD",
        "event_borough": "Brooklyn",
        "start_date": "2022-08-27T10:00:00.000",
        "end_date": "2022-08-27T19:00:00.000",
        "start_formatted": "August 27, 2022 10:00 AM",
        "end_formatted": "August 27, 2022 07:00 PM",
        "street_closure_type": "Full Street Closure",
        "community_board": "17,",
        "police_precinct": "67,"
      }
    },
    {
      "type": "Feature",
      "geometry": {
        "type": "Point",
        "coordinates": [
          -73.93632550000001,
          40.681861999999995
        ]
      },
      "properties": {
        "event_id": "632235",
        "event_name": "MacDonough St. Block Party",
        "event_type": "Block Party",
        "event_agency": "Street Activity Permit Office",
        "event_location": "MACDONOUGH STREET between LEWIS AVENUE and MARCUS GARVEY BOULEVARD",
        "event_borough": "Brooklyn",
        "start_date": "2022-08-27T10:00:00.000",
        "end_date": "2022-08-27T19:00:00.000",
        "start_formatted": "August 27, 2022 10:00 AM",
        "end_formatted": "August 27, 2022 07:00 PM",
        "street_closure_type": "Full Street Closure",
        "community_board": "3,",
        "police_precinct": "81,"
      }
    },
    {
      "type": "Feature",
      "geometry": {
        "type": "Point",
        "coordinates": [
          -73.921089,
          40.6709395
        ]
      },
      "properties": {
        "event_id": "662536",
        "event_name": "Sterling place back to school",
        "event_type": "Block Party",
        "event_agency": "Street Activity Permit Office",
        "event_location": "STERLING PLACE between HOWARD AVENUE and RALPH AVENUE",
        "event_borough": "Brooklyn",
        "start_date": "2022-08-27T10:00:00.000",
        "end_date": "2022-08-27T18:00:00.000",
        "start_formatted": "August 27, 2022 10:00 AM",
        "end_formatted": "August 27, 2022 06:00 PM",
        "street_closure_type": "Full Street Closure",
        "community_board": "16,",
        "police_precinct": "73,"
      }
    },
    {
      "type": "Feature",
      "geometry": {
        "type": "Point",
        "coordinates": [
          -73.951379,
          40.6540635
        ]
      },
      "properties": {
        "event_id": "660203",
        "event_name": "COMMUNITY OUTREACH MINISTRY BBG",
        "event_type": "Block Party",
        "event_agency": "Street Activity Permit Office",
        "event_location": "LENOX ROAD between ROGERS AVENUE and NOSTRAND AVENUE",
        "event_borough": "Brooklyn",
        "start_date": "2022-08-27T10:00:00.000",
        "end_date": "2022-08-27T16:00:00.000",
        "start_formatted": "August 27, 2022 10:00 AM",
        "end_formatted": "August 27, 2022 04:00 PM",
        "street_closure_type": "Full Street Closure",
        "community_board": "17,",
        "police_precinct": "67,"
      }
    },
    {
      "type": "Feature",
      "geometry": {
        "type": "Point",
        "coordinates": [
          -73.9162355,
          40.6606665
        ]
      },
      "properties": {
        "event_id": "631646",
        "event_name": "Legion Street Block Party",
        "event_type": "Block Party",
        "event_agency": "Street Activity Permit Office",
        "event_location": "LEGION STREET between RIVERDALE AVENUE and LIVONIA AVENUE",
        "event_borough": "Brooklyn",
        "start_date": "2022-08-27T10:00:00.000",
        "end_date": "2022-08-27T19:00:00.000",
        "start_formatted": "August 27, 2022 10:00 AM",
        "end_formatted": "August 27, 2022 07:00 PM",
        "street_closure_type": "Full Street Closure",
        "community_board": "16,",
        "police_precinct": "73,"
      }
    },
    {
      "type": "Feature",
      "geometry": {
        "type": "Point",
        "coordinates": [
          -73.94449650000001,
          40.639868500000006
        ]
      },
      "properties": {
        "event_id": "656203",
        "event_name": "667 East 34 Block Party",
        "event_type": "Block Party",
        "event_agency": "Street Activity Permit Office",
        "event_location": "EAST   34 STREET between NEWKIRK AVENUE and VICTOR ROAD",
        "event_borough": "Brooklyn",
        "start_date": "2022-08-27T10:00:00.000",
        "end_date": "2022-08-27T19:00:00.000",
        "start_formatted": "August 27, 2022 10:00 AM",
        "end_formatted": "August 27, 2022 07:00 PM",
        "street_closure_type": "Full Street Closure",
        "community_board": "17,",
        "police_precinct": "67,"
      }
    },
    {
      "type": "Feature",
      "geometry": {
        "type": "Point",
        "coordinates": [
          -73.9073525,
          40.6791925
        ]
      },
      "properties": {
        "event_id": "653303",
        "event_name": "Somers Jamboree",
        "event_type": "Block Party",
        "event_agency": "Street Activity Permit Office",
        "event_location": "SOMERS STREET between EASTERN PARKWAY and MOTHER GASTON BOULEVARD",
        "event_borough": "Brooklyn",
        "start_date": "2022-08-27T10:00:00.000",
        "end_date": "2022-08-27T18:00:00.000",
        "start_formatted": "August 27, 2022 10:00 AM",
        "end_formatted": "August 27, 2022 06:00 PM",
        "street_closure_type": "Full Street Closure",
        "community_board": "16,",
        "police_precinct": "73,"
      }
    },
    {
      "type": "Feature",
      "geometry": {
        "type": "Point",
        "coordinates": [
          -73.94715049999999,
          40.6461075
        ]
      },
      "properties": {
        "event_id": "655348",
        "event_name": "32nd family",
        "event_type": "Block Party",
        "event_agency": "Street Activity Permit Office",
        "event_location": "EAST   32 STREET between BEVERLY ROAD and TILDEN AVENUE",
        "event_borough": "Brooklyn",
        "start_date": "2022-08-27T10:00:00.000",
        "end_date": "2022-08-27T18:00:00.000",
        "start_formatted": "August 27, 2022 10:00 AM",
        "end_formatted": "August 27, 2022 06:00 PM",
        "street_closure_type": "Full Street Closure",
        "community_board": "17,",
        "police_precinct": "67,"
      }
    },
    {
      "type": "Feature",
      "geometry": {
        "type": "Point",
        "coordinates": [
          -73.91259,
          40.617667999999995
        ]
      },
      "properties": {
        "event_id": "647522",
        "event_name": "65th street block party",
        "event_type": "Block Party",
        "event_agency": "Street Activity Permit Office",
        "event_location": "EAST   65 STREET between AVENUE U and AVENUE T",
        "event_borough": "Brooklyn",
        "start_date": "2022-08-27T10:00:00.000",
        "end_date": "2022-08-27T19:00:00.000",
        "start_formatted": "August 27, 2022 10:00 AM",
        "end_formatted": "August 27, 2022 07:00 PM",
        "street_closure_type": "Full Street Closure",
        "community_board": "18,",
        "police_precinct": "63,"
      }
    },
    {
      "type": "Feature",
      "geometry": {
        "type": "Point",
        "coordinates": [
          -73.940634,
          40.811529
        ]
      },
      "properties": {
        "event_id": "646553",
        "event_name": "21st  Annual Praise Jam and Back To School Celebration",
        "event_type": "Block Party",
        "event_agency": "Street Activity Permit Office",
        "event_location": "WEST  132 STREET between LENOX AVENUE and 5 AVENUE",
        "event_borough": "Manhattan",
        "start_date": "2022-08-27T10:00:00.000",
        "end_date": "2022-08-27T17:00:00.000",
        "start_formatted": "August 27, 2022 10:00 AM",
        "end_formatted": "August 27, 2022 05:00 PM",
        "street_closure_type": "Full Street Closure",
        "community_board": "10,",
        "police_precinct": "32,"
      }
    },
    {
      "type": "Feature",
      "geometry": {
        "type": "Point",
        "coordinates": [
          -73.854079,
          40.6819695
        ]
      },
      "properties": {
        "event_id": "642551",
        "event_name": "Crossover Baptist church outreach",
        "event_type": "Block Party",
        "event_agency": "Street Activity Permit Office",
        "event_location": "101 AVENUE between 85 STREET and 86 STREET",
        "event_borough": "Queens",
        "start_date": "2022-08-27T10:00:00.000",
        "end_date": "2022-08-27T18:00:00.000",
        "start_formatted": "August 27, 2022 10:00 AM",
        "end_formatted": "August 27, 2022 06:00 PM",
        "street_closure_type": "Full Street Closure",
        "community_board": "9,",
        "police_precinct": "102,"
      }
    },
    {
      "type": "Feature",
      "geometry": {
        "type": "Point",
        "coordinates": [
          -73.90458,
          40.666387
        ]
      },
      "properties": {
        "event_id": "641355",
        "event_name": "Van Dyke Family Day",
        "event_type": "Block Party",
        "event_agency": "Street Activity Permit Office",
        "event_location": "BLAKE AVENUE between MOTHER GASTON BOULEVARD and POWELL STREET",
        "event_borough": "Brooklyn",
        "start_date": "2022-08-27T10:00:00.000",
        "end_date": "2022-08-27T18:00:00.000",
        "start_formatted": "August 27, 2022 10:00 AM",
        "end_formatted": "August 27, 2022 06:00 PM",
        "street_closure_type": "Full Street Closure",
        "community_board": "16,",
        "police_precinct": "73,"
      }
    },
    {
      "type": "Feature",
      "geometry": {
        "type": "Point",
        "coordinates": [
          -73.94498250000001,
          40.792583
        ]
      },
      "properties": {
        "event_id": "656677",
        "event_name": "Community Block Party",
        "event_type": "Block Party",
        "event_agency": "Street Activity Permit Office",
        "event_location": "EAST  107 STREET between LEXINGTON AVENUE and 3 AVENUE",
        "event_borough": "Manhattan",
        "start_date": "2022-08-27T09:00:00.000",
        "end_date": "2022-08-27T16:00:00.000",
        "start_formatted": "August 27, 2022 09:00 AM",
        "end_formatted": "August 27, 2022 04:00 PM",
        "street_closure_type": "Sidewalk and Street Closure",
        "community_board": "11,",
        "police_precinct": "23,"
      }
    },
    {
      "type": "Feature",
      "geometry": {
        "type": "Point",
        "coordinates": [
          -73.9022365,
          40.852468
        ]
      },
      "properties": {
        "event_id": "633147",
        "event_name": "2055 Anthony Avenue Association",
        "event_type": "Block Party",
        "event_agency": "Street Activity Permit Office",
        "event_location": "ANTHONY AVENUE between EAST BURNSIDE AVENUE and EAST  180 STREET",
        "event_borough": "Bronx",
        "start_date": "2022-08-27T09:00:00.000",
        "end_date": "2022-08-27T17:00:00.000",
        "start_formatted": "August 27, 2022 09:00 AM",
        "end_formatted": "August 27, 2022 05:00 PM",
        "street_closure_type": "Full Street Closure",
        "community_board": "5,",
        "police_precinct": "46,"
      }
    },
    {
      "type": "Feature",
      "geometry": {
        "type": "Point",
        "coordinates": [
          -73.95546949999999,
          40.588922999999994
        ]
      },
      "properties": {
        "event_id": "656158",
        "event_name": "Block party",
        "event_type": "Block Party",
        "event_agency": "Street Activity Permit Office",
        "event_location": "EAST   14 STREET between AVENUE Y and AVENUE Z",
        "event_borough": "Brooklyn",
        "start_date": "2022-08-27T00:30:00.000",
        "end_date": "2022-08-27T08:00:00.000",
        "start_formatted": "August 27, 2022 12:30 AM",
        "end_formatted": "August 27, 2022 08:00 AM",
        "street_closure_type": "Sidewalk and Street Closure",
        "community_board": "15,",
        "police_precinct": "61,"
      }
    },
    {
      "type": "Feature",
      "geometry": {
        "type": "Point",
        "coordinates": [
          -73.938346,
          40.6594455
        ]
      },
      "properties": {
        "event_id": "654814",
        "event_name": "Fenimore/Lefferts Resident Association Family Day Event",
        "event_type": "Block Party",
        "event_agency": "Street Activity Permit Office",
        "event_location": "FENIMORE STREET between TROY AVENUE and ALBANY AVENUE",
        "event_borough": "Brooklyn",
        "start_date": "2022-08-24T12:00:00.000",
        "end_date": "2022-08-24T18:00:00.000",
        "start_formatted": "August 24, 2022 12:00 PM",
        "end_formatted": "August 24, 2022 06:00 PM",
        "street_closure_type": "Full Street Closure",
        "community_board": "9,",
        "police_precinct": "71,"
      }
    },
    {
      "type": "Feature",
      "geometry": {
        "type": "Point",
        "coordinates": [
          -73.886551,
          40.665315500000005
        ]
      },
      "properties": {
        "event_id": "656420",
        "event_name": "Childrens end of program celebration",
        "event_type": "Block Party",
        "event_agency": "Street Activity Permit Office",
        "event_location": "SCHENCK AVENUE between NEW LOTS AVENUE and LIVONIA AVENUE",
        "event_borough": "Brooklyn",
        "start_date": "2022-08-24T10:00:00.000",
        "end_date": "2022-08-24T16:00:00.000",
        "start_formatted": "August 24, 2022 10:00 AM",
        "end_formatted": "August 24, 2022 04:00 PM",
        "street_closure_type": "Sidewalk and Street Closure",
        "community_board": "5,",
        "police_precinct": "75,"
      }
    },
    {
      "type": "Feature",
      "geometry": {
        "type": "Point",
        "coordinates": [
          -74.0037155,
          40.611617499999994
        ]
      },
      "properties": {
        "event_id": "655071",
        "event_name": "1st Annual 82nd Street Block Party",
        "event_type": "Block Party",
        "event_agency": "Street Activity Permit Office",
        "event_location": "82 STREET between 17 AVENUE and 16 AVENUE",
        "event_borough": "Brooklyn",
        "start_date": "2022-08-21T13:00:00.000",
        "end_date": "2022-08-21T20:00:00.000",
        "start_formatted": "August 21, 2022 01:00 PM",
        "end_formatted": "August 21, 2022 08:00 PM",
        "street_closure_type": "Sidewalk and Street Closure",
        "community_board": "11,",
        "police_precinct": "62,"
      }
    },
    {
      "type": "Feature",
      "geometry": {
        "type": "Point",
        "coordinates": [
          -73.920124,
          40.709258500000004
        ]
      },
      "properties": {
        "event_id": "646856",
        "event_name": "Block party",
        "event_type": "Block Party",
        "event_agency": "Street Activity Permit Office",
        "event_location": "TROUTMAN STREET between CYPRESS AVENUE and SENECA AVENUE",
        "event_borough": "Queens",
        "start_date": "2022-08-21T12:30:00.000",
        "end_date": "2022-08-21T20:30:00.000",
        "start_formatted": "August 21, 2022 12:30 PM",
        "end_formatted": "August 21, 2022 08:30 PM",
        "street_closure_type": "Full Street Closure",
        "community_board": "5,",
        "police_precinct": "104,"
      }
    },
    {
      "type": "Feature",
      "geometry": {
        "type": "Point",
        "coordinates": [
          -74.00193049999999,
          40.6016535
        ]
      },
      "properties": {
        "event_id": "629730",
        "event_name": "Family Blockbuster Mela",
        "event_type": "Block Party",
        "event_agency": "Street Activity Permit Office",
        "event_location": "BATH AVENUE between BAY   23 STREET and 20 AVENUE",
        "event_borough": "Brooklyn",
        "start_date": "2022-08-21T12:00:00.000",
        "end_date": "2022-08-21T18:00:00.000",
        "start_formatted": "August 21, 2022 12:00 PM",
        "end_formatted": "August 21, 2022 06:00 PM",
        "street_closure_type": "Sidewalk and Street Closure",
        "community_board": "11,",
        "police_precinct": "62,"
      }
    },
    {
      "type": "Feature",
      "geometry": {
        "type": "Point",
        "coordinates": [
          -73.9990315,
          40.7179965
        ]
      },
      "properties": {
        "event_id": "645774",
        "event_name": "133rd Feast of St Rocco Block Party",
        "event_type": "Block Party",
        "event_agency": "Street Activity Permit Office",
        "event_location": "BAXTER STREET between HESTER STREET and CANAL STREET",
        "event_borough": "Manhattan",
        "start_date": "2022-08-21T12:00:00.000",
        "end_date": "2022-08-21T17:30:00.000",
        "start_formatted": "August 21, 2022 12:00 PM",
        "end_formatted": "August 21, 2022 05:30 PM",
        "street_closure_type": "Full Street Closure",
        "community_board": "2,",
        "police_precinct": "5,"
      }
    },
    {
      "type": "Feature",
      "geometry": {
        "type": "Point",
        "coordinates": [
          -73.9406095,
          40.6304215
        ]
      },
      "properties": {
        "event_id": "652893",
        "event_name": "Residential Block Party",
        "event_type": "Block Party",
        "event_agency": "Street Activity Permit Office",
        "event_location": "EAST   37 STREET between AVENUE I and DEAD END",
        "event_borough": "Brooklyn",
        "start_date": "2022-08-21T12:00:00.000",
        "end_date": "2022-08-21T19:00:00.000",
        "start_formatted": "August 21, 2022 12:00 PM",
        "end_formatted": "August 21, 2022 07:00 PM",
        "street_closure_type": "Full Street Closure",
        "community_board": "18,",
        "police_precinct": "63,"
      }
    },
    {
      "type": "Feature",
      "geometry": {
        "type": "Point",
        "coordinates": [
          -73.7595485,
          40.6834525
        ]
      },
      "properties": {
        "event_id": "648306",
        "event_name": "Back to School Block Party",
        "event_type": "Block Party",
        "event_agency": "Street Activity Permit Office",
        "event_location": "122 AVENUE between NELLIS STREET and MILBURN STREET",
        "event_borough": "Queens",
        "start_date": "2022-08-21T12:00:00.000",
        "end_date": "2022-08-21T17:00:00.000",
        "start_formatted": "August 21, 2022 12:00 PM",
        "end_formatted": "August 21, 2022 05:00 PM",
        "street_closure_type": "Full Street Closure",
        "community_board": "12,",
        "police_precinct": "113,"
      }
    },
    {
      "type": "Feature",
      "geometry": {
        "type": "Point",
        "coordinates": [
          -73.9429275,
          40.652071
        ]
      },
      "properties": {
        "event_id": "651063",
        "event_name": "East 37th Street Kids Fair",
        "event_type": "Block Party",
        "event_agency": "Street Activity Permit Office",
        "event_location": "EAST   37 STREET between CHURCH AVENUE and LINDEN BOULEVARD",
        "event_borough": "Brooklyn",
        "start_date": "2022-08-21T12:00:00.000",
        "end_date": "2022-08-21T17:00:00.000",
        "start_formatted": "August 21, 2022 12:00 PM",
        "end_formatted": "August 21, 2022 05:00 PM",
        "street_closure_type": "Full Street Closure",
        "community_board": "17,",
        "police_precinct": "67,"
      }
    },
    {
      "type": "Feature",
      "geometry": {
        "type": "Point",
        "coordinates": [
          -73.87478949999999,
          40.67302
        ]
      },
      "properties": {
        "event_id": "656846",
        "event_name": "Block party",
        "event_type": "Block Party",
        "event_agency": "Street Activity Permit Office",
        "event_location": "FOUNTAIN AVENUE between BELMONT AVENUE and SUTTER AVENUE",
        "event_borough": "Brooklyn",
        "start_date": "2022-08-21T11:30:00.000",
        "end_date": "2022-08-21T19:30:00.000",
        "start_formatted": "August 21, 2022 11:30 AM",
        "end_formatted": "August 21, 2022 07:30 PM",
        "street_closure_type": "Full Street Closure",
        "community_board": "5,",
        "police_precinct": "75,"
      }
    },
    {
      "type": "Feature",
      "geometry": {
        "type": "Point",
        "coordinates": [
          -73.94924449999999,
          40.643215
        ]
      },
      "properties": {
        "event_id": "651045",
        "event_name": "Kaleidoscope 2022",
        "event_type": "Block Party",
        "event_agency": "Street Activity Permit Office",
        "event_location": "CLARENDON ROAD between NOSTRAND AVENUE and EAST   29 STREET",
        "event_borough": "Brooklyn",
        "start_date": "2022-08-21T11:30:00.000",
        "end_date": "2022-08-21T18:30:00.000",
        "start_formatted": "August 21, 2022 11:30 AM",
        "end_formatted": "August 21, 2022 06:30 PM",
        "street_closure_type": "Full Street Closure",
        "community_board": "17,",
        "police_precinct": "67,"
      }
    },
    {
      "type": "Feature",
      "geometry": {
        "type": "Point",
        "coordinates": [
          -73.902723,
          40.700244999999995
        ]
      },
      "properties": {
        "event_id": "656845",
        "event_name": "Block Party",
        "event_type": "Block Party",
        "event_agency": "Street Activity Permit Office",
        "event_location": "WEIRFIELD STREET between SENECA AVENUE and MYRTLE AVENUE",
        "event_borough": "Queens",
        "start_date": "2022-08-21T11:00:00.000",
        "end_date": "2022-08-21T18:00:00.000",
        "start_formatted": "August 21, 2022 11:00 AM",
        "end_formatted": "August 21, 2022 06:00 PM",
        "street_closure_type": "Sidewalk and Street Closure",
        "community_board": "5,",
        "police_precinct": "104,"
      }
    },
    {
      "type": "Feature",
      "geometry": {
        "type": "Point",
        "coordinates": [
          -73.911081,
          40.693523
        ]
      },
      "properties": {
        "event_id": "654985",
        "event_name": "JEFFERSON AVE BLOCK PARTY",
        "event_type": "Block Party",
        "event_agency": "Street Activity Permit Office",
        "event_location": "JEFFERSON AVENUE between WILSON AVENUE and KNICKERBOCKER AVENUE",
        "event_borough": "Brooklyn",
        "start_date": "2022-08-21T11:00:00.000",
        "end_date": "2022-08-21T19:30:00.000",
        "start_formatted": "August 21, 2022 11:00 AM",
        "end_formatted": "August 21, 2022 07:30 PM",
        "street_closure_type": "Full Street Closure",
        "community_board": "4,",
        "police_precinct": "83,"
      }
    },
    {
      "type": "Feature",
      "geometry": {
        "type": "Point",
        "coordinates": [
          -73.87772899999999,
          40.684167
        ]
      },
      "properties": {
        "event_id": "656818",
        "event_name": "Crystal Church Block Party",
        "event_type": "Block Party",
        "event_agency": "Street Activity Permit Office",
        "event_location": "RIDGEWOOD AVENUE between LOGAN STREET and RICHMOND STREET",
        "event_borough": "Brooklyn",
        "start_date": "2022-08-21T11:00:00.000",
        "end_date": "2022-08-21T18:00:00.000",
        "start_formatted": "August 21, 2022 11:00 AM",
        "end_formatted": "August 21, 2022 06:00 PM",
        "street_closure_type": "Full Street Closure",
        "community_board": "5,",
        "police_precinct": "75,"
      }
    },
    {
      "type": "Feature",
      "geometry": {
        "type": "Point",
        "coordinates": [
          -73.7347,
          40.732155
        ]
      },
      "properties": {
        "event_id": "654975",
        "event_name": "87 Avenue block party 2022",
        "event_type": "Block Party",
        "event_agency": "Street Activity Permit Office",
        "event_location": "MUSKET STREET between HILLSIDE AVENUE and 87 AVENUE",
        "event_borough": "Queens",
        "start_date": "2022-08-21T11:00:00.000",
        "end_date": "2022-08-21T20:00:00.000",
        "start_formatted": "August 21, 2022 11:00 AM",
        "end_formatted": "August 21, 2022 08:00 PM",
        "street_closure_type": "Full Street Closure",
        "community_board": "13,",
        "police_precinct": "105,"
      }
    },
    {
      "type": "Feature",
      "geometry": {
        "type": "Point",
        "coordinates": [
          -73.9019965,
          40.6583495
        ]
      },
      "properties": {
        "event_id": "648243",
        "event_name": "Sackman Community Outreach",
        "event_type": "Block Party",
        "event_agency": "Street Activity Permit Office",
        "event_location": "SACKMAN STREET between NEW LOTS AVENUE and LOTT AVENUE",
        "event_borough": "Brooklyn",
        "start_date": "2022-08-21T11:00:00.000",
        "end_date": "2022-08-21T16:00:00.000",
        "start_formatted": "August 21, 2022 11:00 AM",
        "end_formatted": "August 21, 2022 04:00 PM",
        "street_closure_type": "Full Street Closure",
        "community_board": "16,",
        "police_precinct": "73,"
      }
    },
    {
      "type": "Feature",
      "geometry": {
        "type": "Point",
        "coordinates": [
          -73.952238,
          40.634727
        ]
      },
      "properties": {
        "event_id": "633891",
        "event_name": "E26th St Block Party Returns",
        "event_type": "Block Party",
        "event_agency": "Street Activity Permit Office",
        "event_location": "EAST   26 STREET between FARRAGUT ROAD and GLENWOOD ROAD",
        "event_borough": "Brooklyn",
        "start_date": "2022-08-21T11:00:00.000",
        "end_date": "2022-08-21T18:00:00.000",
        "start_formatted": "August 21, 2022 11:00 AM",
        "end_formatted": "August 21, 2022 06:00 PM",
        "street_closure_type": "Full Street Closure",
        "community_board": "14,",
        "police_precinct": "70,"
      }
    },
    {
      "type": "Feature",
      "geometry": {
        "type": "Point",
        "coordinates": [
          -73.88242299999999,
          40.6732285
        ]
      },
      "properties": {
        "event_id": "643781",
        "event_name": "Linwoods Family Day",
        "event_type": "Block Party",
        "event_agency": "Street Activity Permit Office",
        "event_location": "LINWOOD STREET between PITKIN AVENUE and BELMONT AVENUE",
        "event_borough": "Brooklyn",
        "start_date": "2022-08-21T11:00:00.000",
        "end_date": "2022-08-21T20:00:00.000",
        "start_formatted": "August 21, 2022 11:00 AM",
        "end_formatted": "August 21, 2022 08:00 PM",
        "street_closure_type": "Full Street Closure",
        "community_board": "5,",
        "police_precinct": "75,"
      }
    },
    {
      "type": "Feature",
      "geometry": {
        "type": "Point",
        "coordinates": [
          -73.8826445,
          40.667248
        ]
      },
      "properties": {
        "event_id": "656838",
        "event_name": "Block party",
        "event_type": "Block Party",
        "event_agency": "Street Activity Permit Office",
        "event_location": "CLEVELAND STREET between DUMONT AVENUE and NEW LOTS AVENUE",
        "event_borough": "Brooklyn",
        "start_date": "2022-08-21T11:00:00.000",
        "end_date": "2022-08-21T20:00:00.000",
        "start_formatted": "August 21, 2022 11:00 AM",
        "end_formatted": "August 21, 2022 08:00 PM",
        "street_closure_type": "Full Street Closure",
        "community_board": "5,",
        "police_precinct": "75,"
      }
    },
    {
      "type": "Feature",
      "geometry": {
        "type": "Point",
        "coordinates": [
          -73.94545500000001,
          40.6838105
        ]
      },
      "properties": {
        "event_id": "639364",
        "event_name": "Jefferson Avenue Brownstone Association Block Party 2022",
        "event_type": "Block Party",
        "event_agency": "Street Activity Permit Office",
        "event_location": "JEFFERSON AVENUE between MARCY AVENUE and TOMPKINS AVENUE",
        "event_borough": "Brooklyn",
        "start_date": "2022-08-21T11:00:00.000",
        "end_date": "2022-08-21T20:00:00.000",
        "start_formatted": "August 21, 2022 11:00 AM",
        "end_formatted": "August 21, 2022 08:00 PM",
        "street_closure_type": "Full Street Closure",
        "community_board": "3,",
        "police_precinct": "79,"
      }
    },
    {
      "type": "Feature",
      "geometry": {
        "type": "Point",
        "coordinates": [
          -73.88513900000001,
          40.681769
        ]
      },
      "properties": {
        "event_id": "653405",
        "event_name": "Elton St. Block Party",
        "event_type": "Block Party",
        "event_agency": "Street Activity Permit Office",
        "event_location": "ELTON STREET between ARLINGTON AVENUE and RIDGEWOOD AVENUE",
        "event_borough": "Brooklyn",
        "start_date": "2022-08-21T10:30:00.000",
        "end_date": "2022-08-21T18:30:00.000",
        "start_formatted": "August 21, 2022 10:30 AM",
        "end_formatted": "August 21, 2022 06:30 PM",
        "street_closure_type": "Full Street Closure",
        "community_board": "5,",
        "police_precinct": "75,"
      }
    },
    {
      "type": "Feature",
      "geometry": {
        "type": "Point",
        "coordinates": [
          -73.96658550000001,
          40.708273000000005
        ]
      },
      "properties": {
        "event_id": "652726",
        "event_name": "Berry South 9st Houses Family Day",
        "event_type": "Block Party",
        "event_agency": "Street Activity Permit Office",
        "event_location": "SOUTH   10 STREET between BERRY STREET and WYTHE AVENUE",
        "event_borough": "Brooklyn",
        "start_date": "2022-08-21T10:00:00.000",
        "end_date": "2022-08-21T19:00:00.000",
        "start_formatted": "August 21, 2022 10:00 AM",
        "end_formatted": "August 21, 2022 07:00 PM",
        "street_closure_type": "Full Street Closure",
        "community_board": "1,",
        "police_precinct": "90,"
      }
    },
    {
      "type": "Feature",
      "geometry": {
        "type": "Point",
        "coordinates": [
          -73.81955099999999,
          40.690644
        ]
      },
      "properties": {
        "event_id": "628240",
        "event_name": "126 St block party",
        "event_type": "Block Party",
        "event_agency": "Street Activity Permit Office",
        "event_location": "126 STREET between 103 AVENUE and 101 AVENUE",
        "event_borough": "Queens",
        "start_date": "2022-08-20T14:00:00.000",
        "end_date": "2022-08-20T19:30:00.000",
        "start_formatted": "August 20, 2022 02:00 PM",
        "end_formatted": "August 20, 2022 07:30 PM",
        "street_closure_type": "Full Street Closure",
        "community_board": "9,",
        "police_precinct": "102,"
      }
    },
    {
      "type": "Feature",
      "geometry": {
        "type": "Point",
        "coordinates": [
          -74.1044215,
          40.5747335
        ]
      },
      "properties": {
        "event_id": "656968",
        "event_name": "Block party",
        "event_type": "Block Party",
        "event_agency": "Street Activity Permit Office",
        "event_location": "MAPLEWOOD PLACE between HYLAN BOULEVARD and BOUNDARY AVENUE",
        "event_borough": "Staten Island",
        "start_date": "2022-08-20T14:00:00.000",
        "end_date": "2022-08-20T20:30:00.000",
        "start_formatted": "August 20, 2022 02:00 PM",
        "end_formatted": "August 20, 2022 08:30 PM",
        "street_closure_type": "Full Street Closure",
        "community_board": "2,",
        "police_precinct": "122,"
      }
    },
    {
      "type": "Feature",
      "geometry": {
        "type": "Point",
        "coordinates": [
          -73.8524025,
          40.580153499999994
        ]
      },
      "properties": {
        "event_id": "645946",
        "event_name": "Block Party",
        "event_type": "Block Party",
        "event_agency": "Street Activity Permit Office",
        "event_location": "BEACH  131 STREET between BEACH CHANNEL DRIVE and CRONSTON AVENUE",
        "event_borough": "Queens",
        "start_date": "2022-08-20T13:30:00.000",
        "end_date": "2022-08-20T21:00:00.000",
        "start_formatted": "August 20, 2022 01:30 PM",
        "end_formatted": "August 20, 2022 09:00 PM",
        "street_closure_type": "Full Street Closure",
        "community_board": "14,",
        "police_precinct": "100,"
      }
    },
    {
      "type": "Feature",
      "geometry": {
        "type": "Point",
        "coordinates": [
          -74.128658,
          40.569782000000004
        ]
      },
      "properties": {
        "event_id": "649674",
        "event_name": "Park st Block party",
        "event_type": "Block Party",
        "event_agency": "Street Activity Permit Office",
        "event_location": "PARK STREET between CRANFORD AVENUE and SHADOW LANE",
        "event_borough": "Staten Island",
        "start_date": "2022-08-20T13:30:00.000",
        "end_date": "2022-08-20T21:00:00.000",
        "start_formatted": "August 20, 2022 01:30 PM",
        "end_formatted": "August 20, 2022 09:00 PM",
        "street_closure_type": "Full Street Closure",
        "community_board": "3,",
        "police_precinct": "122,"
      }
    },
    {
      "type": "Feature",
      "geometry": {
        "type": "Point",
        "coordinates": [
          -73.832796,
          40.676184000000006
        ]
      },
      "properties": {
        "event_id": "645830",
        "event_name": "Block Party",
        "event_type": "Block Party",
        "event_agency": "Street Activity Permit Office",
        "event_location": "107 STREET between SUTTER AVENUE and DEAD END",
        "event_borough": "Queens",
        "start_date": "2022-08-20T13:30:00.000",
        "end_date": "2022-08-20T21:00:00.000",
        "start_formatted": "August 20, 2022 01:30 PM",
        "end_formatted": "August 20, 2022 09:00 PM",
        "street_closure_type": "Full Street Closure",
        "community_board": "10,",
        "police_precinct": "106,"
      }
    },
    {
      "type": "Feature",
      "geometry": {
        "type": "Point",
        "coordinates": [
          -74.13519550000001,
          40.569475
        ]
      },
      "properties": {
        "event_id": "625980",
        "event_name": "Park Street Block Party",
        "event_type": "Block Party",
        "event_agency": "Street Activity Permit Office",
        "event_location": "PARK STREET between WILDER AVENUE and ANDREWS AVENUE",
        "event_borough": "Staten Island",
        "start_date": "2022-08-20T13:00:00.000",
        "end_date": "2022-08-20T20:00:00.000",
        "start_formatted": "August 20, 2022 01:00 PM",
        "end_formatted": "August 20, 2022 08:00 PM",
        "street_closure_type": "Full Street Closure",
        "community_board": "3,",
        "police_precinct": "122,"
      }
    },
    {
      "type": "Feature",
      "geometry": {
        "type": "Point",
        "coordinates": [
          -73.8619735,
          40.574594000000005
        ]
      },
      "properties": {
        "event_id": "651095",
        "event_name": "Beach 144th street block party",
        "event_type": "Block Party",
        "event_agency": "Street Activity Permit Office",
        "event_location": "BEACH  144 STREET between CRONSTON AVENUE and NEWPORT AVENUE",
        "event_borough": "Queens",
        "start_date": "2022-08-20T13:00:00.000",
        "end_date": "2022-08-20T21:00:00.000",
        "start_formatted": "August 20, 2022 01:00 PM",
        "end_formatted": "August 20, 2022 09:00 PM",
        "street_closure_type": "Full Street Closure",
        "community_board": "14,",
        "police_precinct": "100,"
      }
    },
    {
      "type": "Feature",
      "geometry": {
        "type": "Point",
        "coordinates": [
          -74.169226,
          40.544506999999996
        ]
      },
      "properties": {
        "event_id": "654752",
        "event_name": "Wilson Avenue Block Party",
        "event_type": "Block Party",
        "event_agency": "Street Activity Permit Office",
        "event_location": "WILSON AVENUE between WAINWRIGHT AVENUE and STUYVESANT AVENUE",
        "event_borough": "Staten Island",
        "start_date": "2022-08-20T13:00:00.000",
        "end_date": "2022-08-20T20:00:00.000",
        "start_formatted": "August 20, 2022 01:00 PM",
        "end_formatted": "August 20, 2022 08:00 PM",
        "street_closure_type": "Full Street Closure",
        "community_board": "3,",
        "police_precinct": "123,"
      }
    },
    {
      "type": "Feature",
      "geometry": {
        "type": "Point",
        "coordinates": [
          -73.952204,
          40.825479
        ]
      },
      "properties": {
        "event_id": "649835",
        "event_name": "143rd st block party",
        "event_type": "Block Party",
        "event_agency": "Street Activity Permit Office",
        "event_location": "WEST  143 STREET between BROADWAY and RIVERSIDE DRIVE",
        "event_borough": "Manhattan",
        "start_date": "2022-08-20T13:00:00.000",
        "end_date": "2022-08-20T19:00:00.000",
        "start_formatted": "August 20, 2022 01:00 PM",
        "end_formatted": "August 20, 2022 07:00 PM",
        "street_closure_type": "Full Street Closure",
        "community_board": "9,",
        "police_precinct": "30,"
      }
    },
    {
      "type": "Feature",
      "geometry": {
        "type": "Point",
        "coordinates": [
          -73.98001500000001,
          40.620421
        ]
      },
      "properties": {
        "event_id": "653299",
        "event_name": "Block Party",
        "event_type": "Block Party",
        "event_agency": "Street Activity Permit Office",
        "event_location": "57 STREET between 20 AVENUE and 21 AVENUE",
        "event_borough": "Brooklyn",
        "start_date": "2022-08-20T13:00:00.000",
        "end_date": "2022-08-20T21:00:00.000",
        "start_formatted": "August 20, 2022 01:00 PM",
        "end_formatted": "August 20, 2022 09:00 PM",
        "street_closure_type": "Full Street Closure",
        "community_board": "12,",
        "police_precinct": "66,"
      }
    },
    {
      "type": "Feature",
      "geometry": {
        "type": "Point",
        "coordinates": [
          -73.8495245,
          40.655204999999995
        ]
      },
      "properties": {
        "event_id": "630989",
        "event_name": "DaBakers Block Party",
        "event_type": "Block Party",
        "event_agency": "Street Activity Permit Office",
        "event_location": "82 STREET between 160 AVENUE and 161 AVENUE",
        "event_borough": "Queens",
        "start_date": "2022-08-20T13:00:00.000",
        "end_date": "2022-08-20T20:00:00.000",
        "start_formatted": "August 20, 2022 01:00 PM",
        "end_formatted": "August 20, 2022 08:00 PM",
        "street_closure_type": "Full Street Closure",
        "community_board": "10,",
        "police_precinct": "106,"
      }
    },
    {
      "type": "Feature",
      "geometry": {
        "type": "Point",
        "coordinates": [
          -74.16045650000001,
          40.6049895
        ]
      },
      "properties": {
        "event_id": "655917",
        "event_name": "4th annual Croft Block Party",
        "event_type": "Block Party",
        "event_agency": "Street Activity Permit Office",
        "event_location": "CROFT PLACE between GOLLER PLACE and SAYBROOK STREET",
        "event_borough": "Staten Island",
        "start_date": "2022-08-20T13:00:00.000",
        "end_date": "2022-08-20T20:00:00.000",
        "start_formatted": "August 20, 2022 01:00 PM",
        "end_formatted": "August 20, 2022 08:00 PM",
        "street_closure_type": "Full Street Closure",
        "community_board": "2,",
        "police_precinct": "121,"
      }
    },
    {
      "type": "Feature",
      "geometry": {
        "type": "Point",
        "coordinates": [
          -73.891895,
          40.6788865
        ]
      },
      "properties": {
        "event_id": "631689",
        "event_name": "Family , friends and neighbors gathering",
        "event_type": "Block Party",
        "event_agency": "Street Activity Permit Office",
        "event_location": "VAN SICLEN AVENUE between FULTON STREET and ARLINGTON AVENUE",
        "event_borough": "Brooklyn",
        "start_date": "2022-08-20T13:00:00.000",
        "end_date": "2022-08-20T20:00:00.000",
        "start_formatted": "August 20, 2022 01:00 PM",
        "end_formatted": "August 20, 2022 08:00 PM",
        "street_closure_type": "Full Street Closure",
        "community_board": "5,",
        "police_precinct": "75,"
      }
    },
    {
      "type": "Feature",
      "geometry": {
        "type": "Point",
        "coordinates": [
          -74.15410299999999,
          40.580332999999996
        ]
      },
      "properties": {
        "event_id": "656849",
        "event_name": "Golfview Community Block Party",
        "event_type": "Block Party",
        "event_agency": "Street Activity Permit Office",
        "event_location": "GOLFVIEW COURT between RICHMOND HILL ROAD and DEAD END",
        "event_borough": "Staten Island",
        "start_date": "2022-08-20T13:00:00.000",
        "end_date": "2022-08-20T21:00:00.000",
        "start_formatted": "August 20, 2022 01:00 PM",
        "end_formatted": "August 20, 2022 09:00 PM",
        "street_closure_type": "Full Street Closure",
        "community_board": "2,",
        "police_precinct": "121,"
      }
    },
    {
      "type": "Feature",
      "geometry": {
        "type": "Point",
        "coordinates": [
          -73.896846,
          40.656892
        ]
      },
      "properties": {
        "event_id": "647677",
        "event_name": "Summe Fun",
        "event_type": "Block Party",
        "event_agency": "Street Activity Permit Office",
        "event_location": "HINSDALE STREET between LINDEN BOULEVARD and DEWITT AVENUE",
        "event_borough": "Brooklyn",
        "start_date": "2022-08-20T13:00:00.000",
        "end_date": "2022-08-20T20:00:00.000",
        "start_formatted": "August 20, 2022 01:00 PM",
        "end_formatted": "August 20, 2022 08:00 PM",
        "street_closure_type": "Full Street Closure",
        "community_board": "5,",
        "police_precinct": "75,"
      }
    },
    {
      "type": "Feature",
      "geometry": {
        "type": "Point",
        "coordinates": [
          -73.77794449999999,
          40.7564565
        ]
      },
      "properties": {
        "event_id": "647861",
        "event_name": "Aydins Block Party",
        "event_type": "Block Party",
        "event_agency": "Street Activity Permit Office",
        "event_location": "45 DRIVE between 204 STREET and CLEARVIEW EXPRESSWAY",
        "event_borough": "Queens",
        "start_date": "2022-08-20T13:00:00.000",
        "end_date": "2022-08-20T21:00:00.000",
        "start_formatted": "August 20, 2022 01:00 PM",
        "end_formatted": "August 20, 2022 09:00 PM",
        "street_closure_type": "Full Street Closure",
        "community_board": "11,",
        "police_precinct": "111,"
      }
    },
    {
      "type": "Feature",
      "geometry": {
        "type": "Point",
        "coordinates": [
          -73.9005645,
          40.858388
        ]
      },
      "properties": {
        "event_id": "626775",
        "event_name": "BRAG Peace BBQ",
        "event_type": "Block Party",
        "event_agency": "Street Activity Permit Office",
        "event_location": "CRESTON AVENUE between EAST 183RD STREET and FIELD PLACE",
        "event_borough": "Bronx",
        "start_date": "2022-08-20T13:00:00.000",
        "end_date": "2022-08-20T17:00:00.000",
        "start_formatted": "August 20, 2022 01:00 PM",
        "end_formatted": "August 20, 2022 05:00 PM",
        "street_closure_type": "Full Street Closure",
        "community_board": "5,",
        "police_precinct": "46,"
      }
    },
    {
      "type": "Feature",
      "geometry": {
        "type": "Point",
        "coordinates": [
          -73.8513025,
          40.8357105
        ]
      },
      "properties": {
        "event_id": "649334",
        "event_name": "Lyon Ave block Party",
        "event_type": "Block Party",
        "event_agency": "Street Activity Permit Office",
        "event_location": "LYON AVENUE between CASTLE HILL AVENUE and GLEBE AVENUE",
        "event_borough": "Bronx",
        "start_date": "2022-08-20T12:30:00.000",
        "end_date": "2022-08-20T20:00:00.000",
        "start_formatted": "August 20, 2022 12:30 PM",
        "end_formatted": "August 20, 2022 08:00 PM",
        "street_closure_type": "Full Sidewalk Closure",
        "community_board": "10,",
        "police_precinct": "45,"
      }
    },
    {
      "type": "Feature",
      "geometry": {
        "type": "Point",
        "coordinates": [
          -73.8858855,
          40.669959
        ]
      },
      "properties": {
        "event_id": "656943",
        "event_name": "Jerome street block association",
        "event_type": "Block Party",
        "event_agency": "Street Activity Permit Office",
        "event_location": "JEROME STREET between BLAKE AVENUE and SUTTER AVENUE",
        "event_borough": "Brooklyn",
        "start_date": "2022-08-20T12:00:00.000",
        "end_date": "2022-08-20T20:00:00.000",
        "start_formatted": "August 20, 2022 12:00 PM",
        "end_formatted": "August 20, 2022 08:00 PM",
        "street_closure_type": "Full Street Closure",
        "community_board": "5,",
        "police_precinct": "75,"
      }
    },
    {
      "type": "Feature",
      "geometry": {
        "type": "Point",
        "coordinates": [
          -74.1692625,
          40.553297
        ]
      },
      "properties": {
        "event_id": "646458",
        "event_name": "Scranton Avenue Block Party",
        "event_type": "Block Party",
        "event_agency": "Street Activity Permit Office",
        "event_location": "SCRANTON AVENUE between WAINWRIGHT AVENUE and RICHMOND AVENUE",
        "event_borough": "Staten Island",
        "start_date": "2022-08-20T12:00:00.000",
        "end_date": "2022-08-20T21:00:00.000",
        "start_formatted": "August 20, 2022 12:00 PM",
        "end_formatted": "August 20, 2022 09:00 PM",
        "street_closure_type": "Full Street Closure",
        "community_board": "3,",
        "police_precinct": "123,"
      }
    },
    {
      "type": "Feature",
      "geometry": {
        "type": "Point",
        "coordinates": [
          -73.948262,
          40.7880915
        ]
      },
      "properties": {
        "event_id": "651539",
        "event_name": "Outreach Block Party",
        "event_type": "Block Party",
        "event_agency": "Street Activity Permit Office",
        "event_location": "EAST  100 STREET between THIRD AVENUE and LEXINGTON AVENUE",
        "event_borough": "Manhattan",
        "start_date": "2022-08-20T12:00:00.000",
        "end_date": "2022-08-20T17:00:00.000",
        "start_formatted": "August 20, 2022 12:00 PM",
        "end_formatted": "August 20, 2022 05:00 PM",
        "street_closure_type": "Sidewalk and Street Closure",
        "community_board": "11,",
        "police_precinct": "23,"
      }
    },
    {
      "type": "Feature",
      "geometry": {
        "type": "Point",
        "coordinates": [
          -73.9582565,
          40.813194499999994
        ]
      },
      "properties": {
        "event_id": "649962",
        "event_name": "Grant Family Day",
        "event_type": "Block Party",
        "event_agency": "Street Activity Permit Office",
        "event_location": "LASALLE STREET between AMSTERDAM AVENUE and BROADWAY",
        "event_borough": "Manhattan",
        "start_date": "2022-08-20T12:00:00.000",
        "end_date": "2022-08-20T18:00:00.000",
        "start_formatted": "August 20, 2022 12:00 PM",
        "end_formatted": "August 20, 2022 06:00 PM",
        "street_closure_type": "Full Street Closure",
        "community_board": "9,",
        "police_precinct": "26,"
      }
    },
    {
      "type": "Feature",
      "geometry": {
        "type": "Point",
        "coordinates": [
          -73.94516200000001,
          40.801002499999996
        ]
      },
      "properties": {
        "event_id": "650268",
        "event_name": "Back to School",
        "event_type": "Block Party",
        "event_agency": "Street Activity Permit Office",
        "event_location": "EAST  117 STREET between MADISON AVENUE and 5 AVENUE",
        "event_borough": "Manhattan",
        "start_date": "2022-08-20T12:00:00.000",
        "end_date": "2022-08-20T18:00:00.000",
        "start_formatted": "August 20, 2022 12:00 PM",
        "end_formatted": "August 20, 2022 06:00 PM",
        "street_closure_type": "Full Street Closure",
        "community_board": "10, 11,",
        "police_precinct": "25, 28,"
      }
    },
    {
      "type": "Feature",
      "geometry": {
        "type": "Point",
        "coordinates": [
          -73.9498255,
          40.690053500000005
        ]
      },
      "properties": {
        "event_id": "606935",
        "event_name": "Lafayette and Nostrand Block Association",
        "event_type": "Block Party",
        "event_agency": "Street Activity Permit Office",
        "event_location": "LAFAYETTE AVENUE between NOSTRAND AVENUE and MARCY AVENUE",
        "event_borough": "Brooklyn",
        "start_date": "2022-08-20T12:00:00.000",
        "end_date": "2022-08-20T19:30:00.000",
        "start_formatted": "August 20, 2022 12:00 PM",
        "end_formatted": "August 20, 2022 07:30 PM",
        "street_closure_type": "Full Street Closure",
        "community_board": "3,",
        "police_precinct": "79,"
      }
    },
    {
      "type": "Feature",
      "geometry": {
        "type": "Point",
        "coordinates": [
          -73.94778600000001,
          40.695541
        ]
      },
      "properties": {
        "event_id": "661482",
        "event_name": "Stop The Violence Gospel Block Party",
        "event_type": "Block Party",
        "event_agency": "Street Activity Permit Office",
        "event_location": "MYRTLE AVENUE between MARCY AVENUE and TOMPKINS AVENUE",
        "event_borough": "Brooklyn",
        "start_date": "2022-08-20T12:00:00.000",
        "end_date": "2022-08-20T17:00:00.000",
        "start_formatted": "August 20, 2022 12:00 PM",
        "end_formatted": "August 20, 2022 05:00 PM",
        "street_closure_type": "Full Street Closure",
        "community_board": "3,",
        "police_precinct": "79,"
      }
    },
    {
      "type": "Feature",
      "geometry": {
        "type": "Point",
        "coordinates": [
          -73.9440385,
          40.7863065
        ]
      },
      "properties": {
        "event_id": "637022",
        "event_name": "old timers block party",
        "event_type": "Block Party",
        "event_agency": "Street Activity Permit Office",
        "event_location": "EAST  100 STREET between 1 AVENUE and 2 AVENUE",
        "event_borough": "Manhattan",
        "start_date": "2022-08-20T12:00:00.000",
        "end_date": "2022-08-20T19:00:00.000",
        "start_formatted": "August 20, 2022 12:00 PM",
        "end_formatted": "August 20, 2022 07:00 PM",
        "street_closure_type": "Full Street Closure",
        "community_board": "11,",
        "police_precinct": "23,"
      }
    },
    {
      "type": "Feature",
      "geometry": {
        "type": "Point",
        "coordinates": [
          -73.943738,
          40.6971255
        ]
      },
      "properties": {
        "event_id": "662661",
        "event_name": "Tompkins family day",
        "event_type": "Block Party",
        "event_agency": "Street Activity Permit Office",
        "event_location": "THROOP AVENUE between PARK AVENUE and MYRTLE AVENUE",
        "event_borough": "Brooklyn",
        "start_date": "2022-08-20T12:00:00.000",
        "end_date": "2022-08-20T18:30:00.000",
        "start_formatted": "August 20, 2022 12:00 PM",
        "end_formatted": "August 20, 2022 06:30 PM",
        "street_closure_type": "Full Street Closure",
        "community_board": "3,",
        "police_precinct": "79,"
      }
    },
    {
      "type": "Feature",
      "geometry": {
        "type": "Point",
        "coordinates": [
          -73.79762149999999,
          40.691791499999994
        ]
      },
      "properties": {
        "event_id": "635620",
        "event_name": "Get Back to School",
        "event_type": "Block Party",
        "event_agency": "Street Activity Permit Office",
        "event_location": "109 AVENUE between SUTPHIN BOULEVARD and 153 STREET",
        "event_borough": "Queens",
        "start_date": "2022-08-20T12:00:00.000",
        "end_date": "2022-08-20T17:00:00.000",
        "start_formatted": "August 20, 2022 12:00 PM",
        "end_formatted": "August 20, 2022 05:00 PM",
        "street_closure_type": "Full Street Closure",
        "community_board": "12,",
        "police_precinct": "103,"
      }
    },
    {
      "type": "Feature",
      "geometry": {
        "type": "Point",
        "coordinates": [
          -73.8731435,
          40.677182
        ]
      },
      "properties": {
        "event_id": "644520",
        "event_name": "Doscher street block party",
        "event_type": "Block Party",
        "event_agency": "Street Activity Permit Office",
        "event_location": "DOSCHER STREET between GLENMORE AVENUE and LIBERTY AVENUE",
        "event_borough": "Brooklyn",
        "start_date": "2022-08-20T12:00:00.000",
        "end_date": "2022-08-20T20:30:00.000",
        "start_formatted": "August 20, 2022 12:00 PM",
        "end_formatted": "August 20, 2022 08:30 PM",
        "street_closure_type": "Full Street Closure",
        "community_board": "5,",
        "police_precinct": "75,"
      }
    },
    {
      "type": "Feature",
      "geometry": {
        "type": "Point",
        "coordinates": [
          -73.9401505,
          40.6763475
        ]
      },
      "properties": {
        "event_id": "650253",
        "event_name": "Dean Revere Block Association Annual Block Party Summer 2022",
        "event_type": "Block Party",
        "event_agency": "Street Activity Permit Office",
        "event_location": "DEAN STREET between KINGSTON AVENUE and ALBANY AVENUE",
        "event_borough": "Brooklyn",
        "start_date": "2022-08-20T12:00:00.000",
        "end_date": "2022-08-20T20:00:00.000",
        "start_formatted": "August 20, 2022 12:00 PM",
        "end_formatted": "August 20, 2022 08:00 PM",
        "street_closure_type": "Full Street Closure",
        "community_board": "8,",
        "police_precinct": "77,"
      }
    },
    {
      "type": "Feature",
      "geometry": {
        "type": "Point",
        "coordinates": [
          -73.83508950000001,
          40.65553
        ]
      },
      "properties": {
        "event_id": "649427",
        "event_name": "GC 97 street Block Party",
        "event_type": "Block Party",
        "event_agency": "Street Activity Permit Office",
        "event_location": "97 STREET between 161 AVENUE and 162 AVENUE",
        "event_borough": "Queens",
        "start_date": "2022-08-20T12:00:00.000",
        "end_date": "2022-08-20T21:00:00.000",
        "start_formatted": "August 20, 2022 12:00 PM",
        "end_formatted": "August 20, 2022 09:00 PM",
        "street_closure_type": "Full Street Closure",
        "community_board": "10,",
        "police_precinct": "106,"
      }
    },
    {
      "type": "Feature",
      "geometry": {
        "type": "Point",
        "coordinates": [
          -73.899878,
          40.7239845
        ]
      },
      "properties": {
        "event_id": "649852",
        "event_name": "Fun in the Sun 2022",
        "event_type": "Block Party",
        "event_agency": "Street Activity Permit Office",
        "event_location": "REMSEN PLACE between GRAND AVENUE and PERRY AVENUE",
        "event_borough": "Queens",
        "start_date": "2022-08-20T12:00:00.000",
        "end_date": "2022-08-20T21:00:00.000",
        "start_formatted": "August 20, 2022 12:00 PM",
        "end_formatted": "August 20, 2022 09:00 PM",
        "street_closure_type": "Full Street Closure",
        "community_board": "5,",
        "police_precinct": "104,"
      }
    },
    {
      "type": "Feature",
      "geometry": {
        "type": "Point",
        "coordinates": [
          -74.2430195,
          40.5032245
        ]
      },
      "properties": {
        "event_id": "648917",
        "event_name": "Brighton Street 2nd Annual Block Party",
        "event_type": "Block Party",
        "event_agency": "Street Activity Permit Office",
        "event_location": "BRIGHTON STREET between HYLAN BOULEVARD and CLERMONT AVENUE",
        "event_borough": "Staten Island",
        "start_date": "2022-08-20T12:00:00.000",
        "end_date": "2022-08-20T21:00:00.000",
        "start_formatted": "August 20, 2022 12:00 PM",
        "end_formatted": "August 20, 2022 09:00 PM",
        "street_closure_type": "Full Street Closure",
        "community_board": "3,",
        "police_precinct": "123,"
      }
    },
    {
      "type": "Feature",
      "geometry": {
        "type": "Point",
        "coordinates": [
          -73.8474035,
          40.8412815
        ]
      },
      "properties": {
        "event_id": "656746",
        "event_name": "St. Raymonds Block Party",
        "event_type": "Block Party",
        "event_agency": "Street Activity Permit Office",
        "event_location": "ST RAYMOND AVENUE between ST PETERS AVENUE and OVERING STREET",
        "event_borough": "Bronx",
        "start_date": "2022-08-20T12:00:00.000",
        "end_date": "2022-08-20T19:00:00.000",
        "start_formatted": "August 20, 2022 12:00 PM",
        "end_formatted": "August 20, 2022 07:00 PM",
        "street_closure_type": "Full Street Closure",
        "community_board": "10,",
        "police_precinct": "45,"
      }
    },
    {
      "type": "Feature",
      "geometry": {
        "type": "Point",
        "coordinates": [
          -74.00746799999999,
          40.6461235
        ]
      },
      "properties": {
        "event_id": "654998",
        "event_name": "47st Blockparty",
        "event_type": "Block Party",
        "event_agency": "Street Activity Permit Office",
        "event_location": "47 STREET between 5 AVENUE and 6 AVENUE",
        "event_borough": "Brooklyn",
        "start_date": "2022-08-20T12:00:00.000",
        "end_date": "2022-08-20T21:00:00.000",
        "start_formatted": "August 20, 2022 12:00 PM",
        "end_formatted": "August 20, 2022 09:00 PM",
        "street_closure_type": "Full Street Closure",
        "community_board": "7,",
        "police_precinct": "72,"
      }
    },
    {
      "type": "Feature",
      "geometry": {
        "type": "Point",
        "coordinates": [
          -74.237404,
          40.514636499999995
        ]
      },
      "properties": {
        "event_id": "648359",
        "event_name": "Block party",
        "event_type": "Block Party",
        "event_agency": "Street Activity Permit Office",
        "event_location": "HECKER STREET between AMBOY ROAD and LENHART STREET",
        "event_borough": "Staten Island",
        "start_date": "2022-08-20T12:00:00.000",
        "end_date": "2022-08-20T21:00:00.000",
        "start_formatted": "August 20, 2022 12:00 PM",
        "end_formatted": "August 20, 2022 09:00 PM",
        "street_closure_type": "Full Street Closure",
        "community_board": "3,",
        "police_precinct": "123,"
      }
    },
    {
      "type": "Feature",
      "geometry": {
        "type": "Point",
        "coordinates": [
          -73.89504600000001,
          40.711807500000006
        ]
      },
      "properties": {
        "event_id": "636544",
        "event_name": "65th place block party",
        "event_type": "Block Party",
        "event_agency": "Street Activity Permit Office",
        "event_location": "65 PLACE between METROPOLITAN AVENUE and ADMIRAL AVENUE",
        "event_borough": "Queens",
        "start_date": "2022-08-20T12:00:00.000",
        "end_date": "2022-08-20T20:00:00.000",
        "start_formatted": "August 20, 2022 12:00 PM",
        "end_formatted": "August 20, 2022 08:00 PM",
        "street_closure_type": "Full Street Closure",
        "community_board": "5,",
        "police_precinct": "104,"
      }
    },
    {
      "type": "Feature",
      "geometry": {
        "type": "Point",
        "coordinates": [
          -73.939347,
          40.7173675
        ]
      },
      "properties": {
        "event_id": "655695",
        "event_name": "Cooper Family Day",
        "event_type": "Block Party",
        "event_agency": "Street Activity Permit Office",
        "event_location": "JACKSON STREET between DEBEVOISE AVENUE and KINGSLAND AVENUE",
        "event_borough": "Brooklyn",
        "start_date": "2022-08-20T12:00:00.000",
        "end_date": "2022-08-20T19:00:00.000",
        "start_formatted": "August 20, 2022 12:00 PM",
        "end_formatted": "August 20, 2022 07:00 PM",
        "street_closure_type": "Full Street Closure",
        "community_board": "1,",
        "police_precinct": "94,"
      }
    },
    {
      "type": "Feature",
      "geometry": {
        "type": "Point",
        "coordinates": [
          -73.92770150000001,
          40.6836045
        ]
      },
      "properties": {
        "event_id": "621885",
        "event_name": "Block Party",
        "event_type": "Block Party",
        "event_agency": "Street Activity Permit Office",
        "event_location": "MACON STREET between MALCOLM X BOULEVARD and PATCHEN AVENUE",
        "event_borough": "Brooklyn",
        "start_date": "2022-08-20T12:00:00.000",
        "end_date": "2022-08-20T20:00:00.000",
        "start_formatted": "August 20, 2022 12:00 PM",
        "end_formatted": "August 20, 2022 08:00 PM",
        "street_closure_type": "Full Street Closure",
        "community_board": "3,",
        "police_precinct": "81,"
      }
    },
    {
      "type": "Feature",
      "geometry": {
        "type": "Point",
        "coordinates": [
          -74.00562,
          40.651388
        ]
      },
      "properties": {
        "event_id": "654495",
        "event_name": "40th Street Block Party",
        "event_type": "Block Party",
        "event_agency": "Street Activity Permit Office",
        "event_location": "40 STREET between 4 AVENUE and 5 AVENUE",
        "event_borough": "Brooklyn",
        "start_date": "2022-08-20T12:00:00.000",
        "end_date": "2022-08-20T21:00:00.000",
        "start_formatted": "August 20, 2022 12:00 PM",
        "end_formatted": "August 20, 2022 09:00 PM",
        "street_closure_type": "Full Street Closure",
        "community_board": "7,",
        "police_precinct": "72,"
      }
    },
    {
      "type": "Feature",
      "geometry": {
        "type": "Point",
        "coordinates": [
          -73.775992,
          40.59435
        ]
      },
      "properties": {
        "event_id": "654861",
        "event_name": "Family Day",
        "event_type": "Block Party",
        "event_agency": "Street Activity Permit Office",
        "event_location": "REINHART ROAD between BEACH   44 STREET and BEACH   45 STREET",
        "event_borough": "Queens",
        "start_date": "2022-08-20T12:00:00.000",
        "end_date": "2022-08-20T19:00:00.000",
        "start_formatted": "August 20, 2022 12:00 PM",
        "end_formatted": "August 20, 2022 07:00 PM",
        "street_closure_type": "Full Street Closure",
        "community_board": "14,",
        "police_precinct": "101,"
      }
    },
    {
      "type": "Feature",
      "geometry": {
        "type": "Point",
        "coordinates": [
          -73.95124799999999,
          40.706939000000006
        ]
      },
      "properties": {
        "event_id": "656337",
        "event_name": "South 5th Street Block Party",
        "event_type": "Block Party",
        "event_agency": "Street Activity Permit Office",
        "event_location": "SOUTH    5 STREET between HEWES STREET and UNION AVENUE",
        "event_borough": "Brooklyn",
        "start_date": "2022-08-20T12:00:00.000",
        "end_date": "2022-08-20T16:00:00.000",
        "start_formatted": "August 20, 2022 12:00 PM",
        "end_formatted": "August 20, 2022 04:00 PM",
        "street_closure_type": "Full Street Closure",
        "community_board": "1,",
        "police_precinct": "90,"
      }
    },
    {
      "type": "Feature",
      "geometry": {
        "type": "Point",
        "coordinates": [
          -73.913275,
          40.6642985
        ]
      },
      "properties": {
        "event_id": "647538",
        "event_name": "Amboy Street",
        "event_type": "Block Party",
        "event_agency": "Street Activity Permit Office",
        "event_location": "AMBOY STREET between BLAKE AVENUE and DUMONT AVENUE",
        "event_borough": "Brooklyn",
        "start_date": "2022-08-20T12:00:00.000",
        "end_date": "2022-08-20T18:00:00.000",
        "start_formatted": "August 20, 2022 12:00 PM",
        "end_formatted": "August 20, 2022 06:00 PM",
        "street_closure_type": "Full Street Closure",
        "community_board": "16,",
        "police_precinct": "73,"
      }
    },
    {
      "type": "Feature",
      "geometry": {
        "type": "Point",
        "coordinates": [
          -73.9429375,
          40.829851
        ]
      },
      "properties": {
        "event_id": "642147",
        "event_name": "153rd Street Block Party",
        "event_type": "Block Party",
        "event_agency": "Street Activity Permit Office",
        "event_location": "WEST  153 STREET between AMSTERDAM AVENUE and ST NICHOLAS AVENUE",
        "event_borough": "Manhattan",
        "start_date": "2022-08-20T12:00:00.000",
        "end_date": "2022-08-20T17:00:00.000",
        "start_formatted": "August 20, 2022 12:00 PM",
        "end_formatted": "August 20, 2022 05:00 PM",
        "street_closure_type": "Full Street Closure",
        "community_board": "9,",
        "police_precinct": "30,"
      }
    },
    {
      "type": "Feature",
      "geometry": {
        "type": "Point",
        "coordinates": [
          -73.9524995,
          40.6418565
        ]
      },
      "properties": {
        "event_id": "657205",
        "event_name": "East 26 Street Block Party",
        "event_type": "Block Party",
        "event_agency": "Street Activity Permit Office",
        "event_location": "EAST   26 STREET between AVENUE D and CLARENDON ROAD",
        "event_borough": "Brooklyn",
        "start_date": "2022-08-20T12:00:00.000",
        "end_date": "2022-08-20T18:00:00.000",
        "start_formatted": "August 20, 2022 12:00 PM",
        "end_formatted": "August 20, 2022 06:00 PM",
        "street_closure_type": "Full Street Closure",
        "community_board": "17,",
        "police_precinct": "67,"
      }
    },
    {
      "type": "Feature",
      "geometry": {
        "type": "Point",
        "coordinates": [
          -73.8461805,
          40.842575499999995
        ]
      },
      "properties": {
        "event_id": "656984",
        "event_name": "Community Health Day",
        "event_type": "Block Party",
        "event_agency": "Street Activity Permit Office",
        "event_location": "ST RAYMOND AVENUE between EAST TREMONT AVENUE and BENSON STREET",
        "event_borough": "Bronx",
        "start_date": "2022-08-20T12:00:00.000",
        "end_date": "2022-08-20T16:00:00.000",
        "start_formatted": "August 20, 2022 12:00 PM",
        "end_formatted": "August 20, 2022 04:00 PM",
        "street_closure_type": "Full Street Closure",
        "community_board": "10,",
        "police_precinct": "45,"
      }
    },
    {
      "type": "Feature",
      "geometry": {
        "type": "Point",
        "coordinates": [
          -73.764741,
          40.686440000000005
        ]
      },
      "properties": {
        "event_id": "657856",
        "event_name": "179 street block association",
        "event_type": "Block Party",
        "event_agency": "Street Activity Permit Office",
        "event_location": "179 STREET between 119 ROAD and 120 AVENUE",
        "event_borough": "Queens",
        "start_date": "2022-08-20T12:00:00.000",
        "end_date": "2022-08-20T18:00:00.000",
        "start_formatted": "August 20, 2022 12:00 PM",
        "end_formatted": "August 20, 2022 06:00 PM",
        "street_closure_type": "Full Street Closure",
        "community_board": "12,",
        "police_precinct": "113,"
      }
    },
    {
      "type": "Feature",
      "geometry": {
        "type": "Point",
        "coordinates": [
          -73.931998,
          40.674225
        ]
      },
      "properties": {
        "event_id": "642080",
        "event_name": "1100 St. Marks Block Association",
        "event_type": "Block Party",
        "event_agency": "Street Activity Permit Office",
        "event_location": "ST MARKS AVENUE between UTICA AVENUE and SCHENECTADY AVENUE",
        "event_borough": "Brooklyn",
        "start_date": "2022-08-20T12:00:00.000",
        "end_date": "2022-08-20T20:00:00.000",
        "start_formatted": "August 20, 2022 12:00 PM",
        "end_formatted": "August 20, 2022 08:00 PM",
        "street_closure_type": "Full Street Closure",
        "community_board": "8,",
        "police_precinct": "77,"
      }
    },
    {
      "type": "Feature",
      "geometry": {
        "type": "Point",
        "coordinates": [
          -73.965588,
          40.6844895
        ]
      },
      "properties": {
        "event_id": "659425",
        "event_name": "Taking It To The Streets",
        "event_type": "Block Party",
        "event_agency": "Street Activity Permit Office",
        "event_location": "GATES AVENUE between WASHINGTON AVENUE and WAVERLY AVENUE",
        "event_borough": "Brooklyn",
        "start_date": "2022-08-20T12:00:00.000",
        "end_date": "2022-08-20T17:00:00.000",
        "start_formatted": "August 20, 2022 12:00 PM",
        "end_formatted": "August 20, 2022 05:00 PM",
        "street_closure_type": "Full Street Closure",
        "community_board": "2,",
        "police_precinct": "88,"
      }
    },
    {
      "type": "Feature",
      "geometry": {
        "type": "Point",
        "coordinates": [
          -73.8823305,
          40.8544025
        ]
      },
      "properties": {
        "event_id": "657011",
        "event_name": "Safe Summer Peace over Guns Block Party",
        "event_type": "Block Party",
        "event_agency": "Street Activity Permit Office",
        "event_location": "PROSPECT AVENUE between E 187 STREET  and DEAD END",
        "event_borough": "Bronx",
        "start_date": "2022-08-20T12:00:00.000",
        "end_date": "2022-08-20T17:00:00.000",
        "start_formatted": "August 20, 2022 12:00 PM",
        "end_formatted": "August 20, 2022 05:00 PM",
        "street_closure_type": "Full Street Closure",
        "community_board": "6,",
        "police_precinct": "48,"
      }
    },
    {
      "type": "Feature",
      "geometry": {
        "type": "Point",
        "coordinates": [
          -73.884608,
          40.6685535
        ]
      },
      "properties": {
        "event_id": "647153",
        "event_name": "Warwick Street Block Party",
        "event_type": "Block Party",
        "event_agency": "Street Activity Permit Office",
        "event_location": "WARWICK STREET between BLAKE AVENUE and DUMONT AVENUE",
        "event_borough": "Brooklyn",
        "start_date": "2022-08-20T12:00:00.000",
        "end_date": "2022-08-20T21:00:00.000",
        "start_formatted": "August 20, 2022 12:00 PM",
        "end_formatted": "August 20, 2022 09:00 PM",
        "street_closure_type": "Full Street Closure",
        "community_board": "5,",
        "police_precinct": "75,"
      }
    },
    {
      "type": "Feature",
      "geometry": {
        "type": "Point",
        "coordinates": [
          -73.847046,
          40.6727615
        ]
      },
      "properties": {
        "event_id": "657055",
        "event_name": "Day of fun",
        "event_type": "Block Party",
        "event_agency": "Street Activity Permit Office",
        "event_location": "SPRITZ ROAD between WHITELAW STREET and 88 STREET",
        "event_borough": "Queens",
        "start_date": "2022-08-20T12:00:00.000",
        "end_date": "2022-08-20T21:00:00.000",
        "start_formatted": "August 20, 2022 12:00 PM",
        "end_formatted": "August 20, 2022 09:00 PM",
        "street_closure_type": "Full Street Closure",
        "community_board": "10,",
        "police_precinct": "106,"
      }
    },
    {
      "type": "Feature",
      "geometry": {
        "type": "Point",
        "coordinates": [
          -73.90526,
          40.6557775
        ]
      },
      "properties": {
        "event_id": "657088",
        "event_name": "Osborne Street Annual Bloock Party",
        "event_type": "Block Party",
        "event_agency": "Street Activity Permit Office",
        "event_location": "OSBORNE STREET between HEGEMAN AVENUE and LINDEN BOULEVARD",
        "event_borough": "Brooklyn",
        "start_date": "2022-08-20T12:00:00.000",
        "end_date": "2022-08-20T21:00:00.000",
        "start_formatted": "August 20, 2022 12:00 PM",
        "end_formatted": "August 20, 2022 09:00 PM",
        "street_closure_type": "Full Street Closure",
        "community_board": "16,",
        "police_precinct": "73,"
      }
    },
    {
      "type": "Feature",
      "geometry": {
        "type": "Point",
        "coordinates": [
          -73.9728595,
          40.5895545
        ]
      },
      "properties": {
        "event_id": "649165",
        "event_name": "West 3 Street Block Party",
        "event_type": "Block Party",
        "event_agency": "Street Activity Permit Office",
        "event_location": "WEST    3 STREET between AVENUE X and BOUCK COURT",
        "event_borough": "Brooklyn",
        "start_date": "2022-08-20T12:00:00.000",
        "end_date": "2022-08-20T21:00:00.000",
        "start_formatted": "August 20, 2022 12:00 PM",
        "end_formatted": "August 20, 2022 09:00 PM",
        "street_closure_type": "Full Street Closure",
        "community_board": "15,",
        "police_precinct": "61,"
      }
    },
    {
      "type": "Feature",
      "geometry": {
        "type": "Point",
        "coordinates": [
          -73.7326635,
          40.698757
        ]
      },
      "properties": {
        "event_id": "650302",
        "event_name": "Prince of Peace Annual Block Party",
        "event_type": "Block Party",
        "event_agency": "Street Activity Permit Office",
        "event_location": "115 AVENUE between 225 STREET and 226 STREET",
        "event_borough": "Queens",
        "start_date": "2022-08-20T12:00:00.000",
        "end_date": "2022-08-20T18:00:00.000",
        "start_formatted": "August 20, 2022 12:00 PM",
        "end_formatted": "August 20, 2022 06:00 PM",
        "street_closure_type": "Full Street Closure",
        "community_board": "13,",
        "police_precinct": "105,"
      }
    },
    {
      "type": "Feature",
      "geometry": {
        "type": "Point",
        "coordinates": [
          -73.8918485,
          40.69753849999999
        ]
      },
      "properties": {
        "event_id": "654309",
        "event_name": "64th Street Block Party",
        "event_type": "Block Party",
        "event_agency": "Street Activity Permit Office",
        "event_location": "64 STREET between COOPER AVENUE and 78 AVENUE",
        "event_borough": "Queens",
        "start_date": "2022-08-20T12:00:00.000",
        "end_date": "2022-08-20T21:00:00.000",
        "start_formatted": "August 20, 2022 12:00 PM",
        "end_formatted": "August 20, 2022 09:00 PM",
        "street_closure_type": "Sidewalk and Street Closure",
        "community_board": "5,",
        "police_precinct": "104,"
      }
    },
    {
      "type": "Feature",
      "geometry": {
        "type": "Point",
        "coordinates": [
          -73.7529925,
          40.608798
        ]
      },
      "properties": {
        "event_id": "650672",
        "event_name": "Peace Fest 2",
        "event_type": "Block Party",
        "event_agency": "Street Activity Permit Office",
        "event_location": "HASSOCK STREET between BEACH CHANNEL DRIVE and REDFERN AVENUE",
        "event_borough": "Queens",
        "start_date": "2022-08-20T12:00:00.000",
        "end_date": "2022-08-20T17:00:00.000",
        "start_formatted": "August 20, 2022 12:00 PM",
        "end_formatted": "August 20, 2022 05:00 PM",
        "street_closure_type": "Full Street Closure",
        "community_board": "14,",
        "police_precinct": "101,"
      }
    },
    {
      "type": "Feature",
      "geometry": {
        "type": "Point",
        "coordinates": [
          -74.2049825,
          40.53957
        ]
      },
      "properties": {
        "event_id": "655943",
        "event_name": "Sinclair ave block party",
        "event_type": "Block Party",
        "event_agency": "Street Activity Permit Office",
        "event_location": "SINCLAIR AVENUE between FOSTER ROAD and VERNON AVENUE",
        "event_borough": "Staten Island",
        "start_date": "2022-08-20T12:00:00.000",
        "end_date": "2022-08-20T21:00:00.000",
        "start_formatted": "August 20, 2022 12:00 PM",
        "end_formatted": "August 20, 2022 09:00 PM",
        "street_closure_type": "Full Street Closure",
        "community_board": "3,",
        "police_precinct": "123,"
      }
    },
    {
      "type": "Feature",
      "geometry": {
        "type": "Point",
        "coordinates": [
          -74.169421,
          40.5539955
        ]
      },
      "properties": {
        "event_id": "646371",
        "event_name": "Stroud Avenue Block Party",
        "event_type": "Block Party",
        "event_agency": "Street Activity Permit Office",
        "event_location": "STROUD AVENUE between RICHMOND AVENUE and WAINWRIGHT AVENUE",
        "event_borough": "Staten Island",
        "start_date": "2022-08-20T12:00:00.000",
        "end_date": "2022-08-20T21:00:00.000",
        "start_formatted": "August 20, 2022 12:00 PM",
        "end_formatted": "August 20, 2022 09:00 PM",
        "street_closure_type": "Full Street Closure",
        "community_board": "3,",
        "police_precinct": "123,"
      }
    },
    {
      "type": "Feature",
      "geometry": {
        "type": "Point",
        "coordinates": [
          -73.948458,
          40.676799
        ]
      },
      "properties": {
        "event_id": "646777",
        "event_name": "Bedford Central Church",
        "event_type": "Block Party",
        "event_agency": "Street Activity Permit Office",
        "event_location": "DEAN STREET between NEW YORK AVENUE and NOSTRAND AVENUE",
        "event_borough": "Brooklyn",
        "start_date": "2022-08-20T11:30:00.000",
        "end_date": "2022-08-20T17:30:00.000",
        "start_formatted": "August 20, 2022 11:30 AM",
        "end_formatted": "August 20, 2022 05:30 PM",
        "street_closure_type": "Full Street Closure",
        "community_board": "8,",
        "police_precinct": "77,"
      }
    },
    {
      "type": "Feature",
      "geometry": {
        "type": "Point",
        "coordinates": [
          -73.9371975,
          40.686260000000004
        ]
      },
      "properties": {
        "event_id": "625054",
        "event_name": "Madison Street ML Annual Block Party",
        "event_type": "Block Party",
        "event_agency": "Street Activity Permit Office",
        "event_location": "MADISON STREET between MARCUS GARVEY BOULEVARD and LEWIS AVENUE",
        "event_borough": "Brooklyn",
        "start_date": "2022-08-20T11:30:00.000",
        "end_date": "2022-08-20T19:30:00.000",
        "start_formatted": "August 20, 2022 11:30 AM",
        "end_formatted": "August 20, 2022 07:30 PM",
        "street_closure_type": "Full Street Closure",
        "community_board": "3,",
        "police_precinct": "81,"
      }
    },
    {
      "type": "Feature",
      "geometry": {
        "type": "Point",
        "coordinates": [
          -73.939639,
          40.683730499999996
        ]
      },
      "properties": {
        "event_id": "638048",
        "event_name": "Hancock street block association Annual Block Party",
        "event_type": "Block Party",
        "event_agency": "Street Activity Permit Office",
        "event_location": "HANCOCK STREET between SUMNER AVENUE and THROOP AVENUE",
        "event_borough": "Brooklyn",
        "start_date": "2022-08-20T11:30:00.000",
        "end_date": "2022-08-20T19:30:00.000",
        "start_formatted": "August 20, 2022 11:30 AM",
        "end_formatted": "August 20, 2022 07:30 PM",
        "street_closure_type": "Full Street Closure",
        "community_board": "3,",
        "police_precinct": "79,"
      }
    },
    {
      "type": "Feature",
      "geometry": {
        "type": "Point",
        "coordinates": [
          -73.9323765,
          40.661273
        ]
      },
      "properties": {
        "event_id": "655136",
        "event_name": "Midwood and Maple Street Block Party",
        "event_type": "Block Party",
        "event_agency": "Street Activity Permit Office",
        "event_location": "MIDWOOD STREET between EAST   48 STREET and UTICA AVENUE",
        "event_borough": "Brooklyn",
        "start_date": "2022-08-20T11:30:00.000",
        "end_date": "2022-08-20T19:30:00.000",
        "start_formatted": "August 20, 2022 11:30 AM",
        "end_formatted": "August 20, 2022 07:30 PM",
        "street_closure_type": "Full Street Closure",
        "community_board": "9,",
        "police_precinct": "71,"
      }
    },
    {
      "type": "Feature",
      "geometry": {
        "type": "Point",
        "coordinates": [
          -73.95026200000001,
          40.692251
        ]
      },
      "properties": {
        "event_id": "643679",
        "event_name": "Happy day event",
        "event_type": "Block Party",
        "event_agency": "Street Activity Permit Office",
        "event_location": "PULASKI STREET between NOSTRAND AVENUE and MARCY AVENUE",
        "event_borough": "Brooklyn",
        "start_date": "2022-08-20T11:30:00.000",
        "end_date": "2022-08-20T19:00:00.000",
        "start_formatted": "August 20, 2022 11:30 AM",
        "end_formatted": "August 20, 2022 07:00 PM",
        "street_closure_type": "Full Street Closure",
        "community_board": "3,",
        "police_precinct": "79,"
      }
    },
    {
      "type": "Feature",
      "geometry": {
        "type": "Point",
        "coordinates": [
          -73.941145,
          40.6442215
        ]
      },
      "properties": {
        "event_id": "654424",
        "event_name": "East 38th Street Block Association",
        "event_type": "Block Party",
        "event_agency": "Street Activity Permit Office",
        "event_location": "EAST   38 STREET between CORTELYOU ROAD and CLARENDON ROAD",
        "event_borough": "Brooklyn",
        "start_date": "2022-08-20T11:30:00.000",
        "end_date": "2022-08-20T18:30:00.000",
        "start_formatted": "August 20, 2022 11:30 AM",
        "end_formatted": "August 20, 2022 06:30 PM",
        "street_closure_type": "Full Street Closure",
        "community_board": "17,",
        "police_precinct": "67,"
      }
    },
    {
      "type": "Feature",
      "geometry": {
        "type": "Point",
        "coordinates": [
          -73.946095,
          40.672304499999996
        ]
      },
      "properties": {
        "event_id": "657879",
        "event_name": "sterling pl family summer bounce fest",
        "event_type": "Block Party",
        "event_agency": "Street Activity Permit Office",
        "event_location": "STERLING PLACE between NEW YORK AVENUE and BROOKLYN AVENUE",
        "event_borough": "Brooklyn",
        "start_date": "2022-08-20T11:30:00.000",
        "end_date": "2022-08-20T20:00:00.000",
        "start_formatted": "August 20, 2022 11:30 AM",
        "end_formatted": "August 20, 2022 08:00 PM",
        "street_closure_type": "Full Street Closure",
        "community_board": "8,",
        "police_precinct": "77,"
      }
    },
    {
      "type": "Feature",
      "geometry": {
        "type": "Point",
        "coordinates": [
          -73.9476995,
          40.651348999999996
        ]
      },
      "properties": {
        "event_id": "624172",
        "event_name": "Raleigh Pl",
        "event_type": "Block Party",
        "event_agency": "Street Activity Permit Office",
        "event_location": "RALEIGH PLACE between MARTENSE STREET and CHURCH AVENUE",
        "event_borough": "Brooklyn",
        "start_date": "2022-08-20T11:00:00.000",
        "end_date": "2022-08-20T18:00:00.000",
        "start_formatted": "August 20, 2022 11:00 AM",
        "end_formatted": "August 20, 2022 06:00 PM",
        "street_closure_type": "Full Street Closure",
        "community_board": "17,",
        "police_precinct": "67,"
      }
    },
    {
      "type": "Feature",
      "geometry": {
        "type": "Point",
        "coordinates": [
          -73.939634,
          40.802784
        ]
      },
      "properties": {
        "event_id": "654780",
        "event_name": "Jackie Robinson Community Garden",
        "event_type": "Block Party",
        "event_agency": "Street Activity Permit Office",
        "event_location": "EAST  122 STREET between LEXINGTON AVENUE and PARK AVENUE",
        "event_borough": "Manhattan",
        "start_date": "2022-08-20T11:00:00.000",
        "end_date": "2022-08-20T17:30:00.000",
        "start_formatted": "August 20, 2022 11:00 AM",
        "end_formatted": "August 20, 2022 05:30 PM",
        "street_closure_type": "Full Street Closure",
        "community_board": "11,",
        "police_precinct": "25,"
      }
    },
    {
      "type": "Feature",
      "geometry": {
        "type": "Point",
        "coordinates": [
          -73.9355305,
          40.814352
        ]
      },
      "properties": {
        "event_id": "650609",
        "event_name": "FAMILY DAY",
        "event_type": "Block Party",
        "event_agency": "Street Activity Permit Office",
        "event_location": "EAST  138 STREET between MADISON AVENUE and FIFTH AVENUE",
        "event_borough": "Manhattan",
        "start_date": "2022-08-20T11:00:00.000",
        "end_date": "2022-08-20T17:00:00.000",
        "start_formatted": "August 20, 2022 11:00 AM",
        "end_formatted": "August 20, 2022 05:00 PM",
        "street_closure_type": "Full Street Closure",
        "community_board": "11,",
        "police_precinct": "25,"
      }
    },
    {
      "type": "Feature",
      "geometry": {
        "type": "Point",
        "coordinates": [
          -73.99270000000001,
          40.671433
        ]
      },
      "properties": {
        "event_id": "655019",
        "event_name": "10th street block party",
        "event_type": "Block Party",
        "event_agency": "Street Activity Permit Office",
        "event_location": "10 STREET between 2 AVENUE and 3 AVENUE",
        "event_borough": "Brooklyn",
        "start_date": "2022-08-20T11:00:00.000",
        "end_date": "2022-08-20T20:00:00.000",
        "start_formatted": "August 20, 2022 11:00 AM",
        "end_formatted": "August 20, 2022 08:00 PM",
        "street_closure_type": "Full Street Closure",
        "community_board": "6,",
        "police_precinct": "78,"
      }
    },
    {
      "type": "Feature",
      "geometry": {
        "type": "Point",
        "coordinates": [
          -73.907646,
          40.680661
        ]
      },
      "properties": {
        "event_id": "663542",
        "event_name": "Ocean Hill Apts Family Day",
        "event_type": "Block Party",
        "event_agency": "Street Activity Permit Office",
        "event_location": "MAC DOUGAL STREET between BROADWAY and MOTHER GASTON BOULEVARD",
        "event_borough": "Brooklyn",
        "start_date": "2022-08-20T11:00:00.000",
        "end_date": "2022-08-20T18:00:00.000",
        "start_formatted": "August 20, 2022 11:00 AM",
        "end_formatted": "August 20, 2022 06:00 PM",
        "street_closure_type": "Full Street Closure",
        "community_board": "16,",
        "police_precinct": "73,"
      }
    },
    {
      "type": "Feature",
      "geometry": {
        "type": "Point",
        "coordinates": [
          -73.9493325,
          40.665313499999996
        ]
      },
      "properties": {
        "event_id": "629825",
        "event_name": "Montgomery Street Family Day",
        "event_type": "Block Party",
        "event_agency": "Street Activity Permit Office",
        "event_location": "MONTGOMERY STREET between NEW YORK AVENUE and CLOVE ROAD",
        "event_borough": "Brooklyn",
        "start_date": "2022-08-20T11:00:00.000",
        "end_date": "2022-08-20T19:00:00.000",
        "start_formatted": "August 20, 2022 11:00 AM",
        "end_formatted": "August 20, 2022 07:00 PM",
        "street_closure_type": "Full Street Closure",
        "community_board": "9,",
        "police_precinct": "71,"
      }
    },
    {
      "type": "Feature",
      "geometry": {
        "type": "Point",
        "coordinates": [
          -73.952304,
          40.665474
        ]
      },
      "properties": {
        "event_id": "660758",
        "event_name": "MONTGOMERY Street NR Block Party",
        "event_type": "Block Party",
        "event_agency": "Street Activity Permit Office",
        "event_location": "MONTGOMERY STREET between ROGERS AVENUE and NOSTRAND AVENUE",
        "event_borough": "Brooklyn",
        "start_date": "2022-08-20T11:00:00.000",
        "end_date": "2022-08-20T18:00:00.000",
        "start_formatted": "August 20, 2022 11:00 AM",
        "end_formatted": "August 20, 2022 06:00 PM",
        "street_closure_type": "Full Street Closure",
        "community_board": "9,",
        "police_precinct": "71,"
      }
    },
    {
      "type": "Feature",
      "geometry": {
        "type": "Point",
        "coordinates": [
          -73.9221095,
          40.6906395
        ]
      },
      "properties": {
        "event_id": "637189",
        "event_name": "Linden Street Block Party",
        "event_type": "Block Party",
        "event_agency": "Street Activity Permit Office",
        "event_location": "LINDEN STREET between BROADWAY and BUSHWICK AVENUE",
        "event_borough": "Brooklyn",
        "start_date": "2022-08-20T11:00:00.000",
        "end_date": "2022-08-20T20:00:00.000",
        "start_formatted": "August 20, 2022 11:00 AM",
        "end_formatted": "August 20, 2022 08:00 PM",
        "street_closure_type": "Full Street Closure",
        "community_board": "4,",
        "police_precinct": "83,"
      }
    },
    {
      "type": "Feature",
      "geometry": {
        "type": "Point",
        "coordinates": [
          -73.91424649999999,
          40.702209
        ]
      },
      "properties": {
        "event_id": "646289",
        "event_name": "Bleecker St Fun for kids and neighbors",
        "event_type": "Block Party",
        "event_agency": "Street Activity Permit Office",
        "event_location": "BLEECKER STREET between WYCKOFF AVENUE and ST NICHOLAS AVENUE",
        "event_borough": "Brooklyn",
        "start_date": "2022-08-20T11:00:00.000",
        "end_date": "2022-08-20T20:00:00.000",
        "start_formatted": "August 20, 2022 11:00 AM",
        "end_formatted": "August 20, 2022 08:00 PM",
        "street_closure_type": "Full Street Closure",
        "community_board": "4,",
        "police_precinct": "83,"
      }
    },
    {
      "type": "Feature",
      "geometry": {
        "type": "Point",
        "coordinates": [
          -73.9115795,
          40.6846525
        ]
      },
      "properties": {
        "event_id": "631688",
        "event_name": "Annual block party",
        "event_type": "Block Party",
        "event_agency": "Street Activity Permit Office",
        "event_location": "DECATUR STREET between BROADWAY and BUSHWICK AVENUE",
        "event_borough": "Brooklyn",
        "start_date": "2022-08-20T11:00:00.000",
        "end_date": "2022-08-20T18:00:00.000",
        "start_formatted": "August 20, 2022 11:00 AM",
        "end_formatted": "August 20, 2022 06:00 PM",
        "street_closure_type": "Full Street Closure",
        "community_board": "4,",
        "police_precinct": "83,"
      }
    },
    {
      "type": "Feature",
      "geometry": {
        "type": "Point",
        "coordinates": [
          -74.00774799999999,
          40.601324000000005
        ]
      },
      "properties": {
        "event_id": "654169",
        "event_name": "Block Party 4",
        "event_type": "Block Party",
        "event_agency": "Street Activity Permit Office",
        "event_location": "BAY   19 STREET between CROPSEY AVENUE and SHORE PARKWAY",
        "event_borough": "Brooklyn",
        "start_date": "2022-08-20T11:00:00.000",
        "end_date": "2022-08-20T20:00:00.000",
        "start_formatted": "August 20, 2022 11:00 AM",
        "end_formatted": "August 20, 2022 08:00 PM",
        "street_closure_type": "Full Street Closure",
        "community_board": "11,",
        "police_precinct": "62,"
      }
    },
    {
      "type": "Feature",
      "geometry": {
        "type": "Point",
        "coordinates": [
          -73.9534325,
          40.6417995
        ]
      },
      "properties": {
        "event_id": "648266",
        "event_name": "300 E. 25th St. Block Party - 2022",
        "event_type": "Block Party",
        "event_agency": "Street Activity Permit Office",
        "event_location": "EAST   25 STREET between CLARENDON ROAD and AVENUE D",
        "event_borough": "Brooklyn",
        "start_date": "2022-08-20T11:00:00.000",
        "end_date": "2022-08-20T18:00:00.000",
        "start_formatted": "August 20, 2022 11:00 AM",
        "end_formatted": "August 20, 2022 06:00 PM",
        "street_closure_type": "Full Street Closure",
        "community_board": "17,",
        "police_precinct": "67,"
      }
    },
    {
      "type": "Feature",
      "geometry": {
        "type": "Point",
        "coordinates": [
          -73.9005095,
          40.8398065
        ]
      },
      "properties": {
        "event_id": "610498",
        "event_name": "Community Back to School Celebration",
        "event_type": "Block Party",
        "event_agency": "Street Activity Permit Office",
        "event_location": "EAST  172 STREET between THIRD AVENUE and BATHGATE AVENUE",
        "event_borough": "Bronx",
        "start_date": "2022-08-20T11:00:00.000",
        "end_date": "2022-08-20T16:00:00.000",
        "start_formatted": "August 20, 2022 11:00 AM",
        "end_formatted": "August 20, 2022 04:00 PM",
        "street_closure_type": "Full Street Closure",
        "community_board": "3,",
        "police_precinct": "42,"
      }
    },
    {
      "type": "Feature",
      "geometry": {
        "type": "Point",
        "coordinates": [
          -73.9320805,
          40.690595
        ]
      },
      "properties": {
        "event_id": "626837",
        "event_name": "Block party",
        "event_type": "Block Party",
        "event_agency": "Street Activity Permit Office",
        "event_location": "GREENE AVENUE between STUYVESANT AVENUE and MALCOLM X BOULEVARD",
        "event_borough": "Brooklyn",
        "start_date": "2022-08-20T11:00:00.000",
        "end_date": "2022-08-20T19:00:00.000",
        "start_formatted": "August 20, 2022 11:00 AM",
        "end_formatted": "August 20, 2022 07:00 PM",
        "street_closure_type": "Full Street Closure",
        "community_board": "3,",
        "police_precinct": "81,"
      }
    },
    {
      "type": "Feature",
      "geometry": {
        "type": "Point",
        "coordinates": [
          -73.854136,
          40.87916
        ]
      },
      "properties": {
        "event_id": "648709",
        "event_name": "1000 East 217th St Block Party",
        "event_type": "Block Party",
        "event_agency": "Street Activity Permit Office",
        "event_location": "EAST  217 STREET between PAULDING AVENUE and LACONIA AVENUE",
        "event_borough": "Bronx",
        "start_date": "2022-08-20T11:00:00.000",
        "end_date": "2022-08-20T18:00:00.000",
        "start_formatted": "August 20, 2022 11:00 AM",
        "end_formatted": "August 20, 2022 06:00 PM",
        "street_closure_type": "Full Street Closure",
        "community_board": "12,",
        "police_precinct": "47,"
      }
    },
    {
      "type": "Feature",
      "geometry": {
        "type": "Point",
        "coordinates": [
          -73.999467,
          40.641746999999995
        ]
      },
      "properties": {
        "event_id": "649513",
        "event_name": "Summer block party",
        "event_type": "Block Party",
        "event_agency": "Street Activity Permit Office",
        "event_location": "9 AVENUE between 46 STREET and 47 STREET",
        "event_borough": "Brooklyn",
        "start_date": "2022-08-20T11:00:00.000",
        "end_date": "2022-08-20T20:00:00.000",
        "start_formatted": "August 20, 2022 11:00 AM",
        "end_formatted": "August 20, 2022 08:00 PM",
        "street_closure_type": "Full Street Closure",
        "community_board": "12,",
        "police_precinct": "66,"
      }
    },
    {
      "type": "Feature",
      "geometry": {
        "type": "Point",
        "coordinates": [
          -73.772166,
          40.5950295
        ]
      },
      "properties": {
        "event_id": "656745",
        "event_name": "Beach 41 Street Culture Event",
        "event_type": "Block Party",
        "event_agency": "Street Activity Permit Office",
        "event_location": "BEACH   40 STREET between BEACH CHANNEL DRIVE and ROCKAWAY BEACH BOULEVARD",
        "event_borough": "Queens",
        "start_date": "2022-08-20T11:00:00.000",
        "end_date": "2022-08-20T18:00:00.000",
        "start_formatted": "August 20, 2022 11:00 AM",
        "end_formatted": "August 20, 2022 06:00 PM",
        "street_closure_type": "Full Street Closure",
        "community_board": "14,",
        "police_precinct": "101,"
      }
    },
    {
      "type": "Feature",
      "geometry": {
        "type": "Point",
        "coordinates": [
          -73.9462815,
          40.6804665
        ]
      },
      "properties": {
        "event_id": "666009",
        "event_name": "Community Day Give Back",
        "event_type": "Block Party",
        "event_agency": "Street Activity Permit Office",
        "event_location": "MARCY AVENUE between FULTON STREET and MACDONOUGH STREET",
        "event_borough": "Brooklyn",
        "start_date": "2022-08-20T11:00:00.000",
        "end_date": "2022-08-20T16:00:00.000",
        "start_formatted": "August 20, 2022 11:00 AM",
        "end_formatted": "August 20, 2022 04:00 PM",
        "street_closure_type": "Full Street Closure",
        "community_board": "3,",
        "police_precinct": "79,"
      }
    },
    {
      "type": "Feature",
      "geometry": {
        "type": "Point",
        "coordinates": [
          -73.930767,
          40.595493000000005
        ]
      },
      "properties": {
        "event_id": "655089",
        "event_name": "Dictum Court Block Party",
        "event_type": "Block Party",
        "event_agency": "Street Activity Permit Office",
        "event_location": "DICTUM COURT between BIJOU AVENUE and ALLEN AVENUE",
        "event_borough": "Brooklyn",
        "start_date": "2022-08-20T11:00:00.000",
        "end_date": "2022-08-20T20:00:00.000",
        "start_formatted": "August 20, 2022 11:00 AM",
        "end_formatted": "August 20, 2022 08:00 PM",
        "street_closure_type": "Full Street Closure",
        "community_board": "15,",
        "police_precinct": "61,"
      }
    },
    {
      "type": "Feature",
      "geometry": {
        "type": "Point",
        "coordinates": [
          -73.908451,
          40.620739
        ]
      },
      "properties": {
        "event_id": "648166",
        "event_name": "East 71st block Party",
        "event_type": "Block Party",
        "event_agency": "Street Activity Permit Office",
        "event_location": "EAST   71 STREET between VETERANS AVENUE and AVENUE T",
        "event_borough": "Brooklyn",
        "start_date": "2022-08-20T11:00:00.000",
        "end_date": "2022-08-20T20:00:00.000",
        "start_formatted": "August 20, 2022 11:00 AM",
        "end_formatted": "August 20, 2022 08:00 PM",
        "street_closure_type": "Full Street Closure",
        "community_board": "18,",
        "police_precinct": "63,"
      }
    },
    {
      "type": "Feature",
      "geometry": {
        "type": "Point",
        "coordinates": [
          -73.907907,
          40.6848225
        ]
      },
      "properties": {
        "event_id": "644056",
        "event_name": "CHAUNCEY STREET BLOCK PARTY",
        "event_type": "Block Party",
        "event_agency": "Street Activity Permit Office",
        "event_location": "CHAUNCEY STREET between BUSHWICK AVENUE and EVERGREEN AVENUE",
        "event_borough": "Brooklyn",
        "start_date": "2022-08-20T11:00:00.000",
        "end_date": "2022-08-20T20:00:00.000",
        "start_formatted": "August 20, 2022 11:00 AM",
        "end_formatted": "August 20, 2022 08:00 PM",
        "street_closure_type": "Full Street Closure",
        "community_board": "4,",
        "police_precinct": "83,"
      }
    },
    {
      "type": "Feature",
      "geometry": {
        "type": "Point",
        "coordinates": [
          -73.984936,
          40.643440999999996
        ]
      },
      "properties": {
        "event_id": "635769",
        "event_name": "Tehama Street Block Party",
        "event_type": "Block Party",
        "event_agency": "Street Activity Permit Office",
        "event_location": "TEHAMA STREET between CHESTER AVENUE and 36 STREET",
        "event_borough": "Brooklyn",
        "start_date": "2022-08-20T11:00:00.000",
        "end_date": "2022-08-20T20:00:00.000",
        "start_formatted": "August 20, 2022 11:00 AM",
        "end_formatted": "August 20, 2022 08:00 PM",
        "street_closure_type": "Full Street Closure",
        "community_board": "12,",
        "police_precinct": "66,"
      }
    },
    {
      "type": "Feature",
      "geometry": {
        "type": "Point",
        "coordinates": [
          -73.953002,
          40.688188999999994
        ]
      },
      "properties": {
        "event_id": "599675",
        "event_name": "Greene Ave Annual Reunion",
        "event_type": "Block Party",
        "event_agency": "Street Activity Permit Office",
        "event_location": "GREENE AVENUE between BEDFORD AVENUE and NOSTRAND AVENUE",
        "event_borough": "Brooklyn",
        "start_date": "2022-08-20T11:00:00.000",
        "end_date": "2022-08-20T20:00:00.000",
        "start_formatted": "August 20, 2022 11:00 AM",
        "end_formatted": "August 20, 2022 08:00 PM",
        "street_closure_type": "Sidewalk and Street Closure",
        "community_board": "3,",
        "police_precinct": "79,"
      }
    },
    {
      "type": "Feature",
      "geometry": {
        "type": "Point",
        "coordinates": [
          -73.945309,
          40.683077499999996
        ]
      },
      "properties": {
        "event_id": "614889",
        "event_name": "Hancock Street 4 Annual Block Party",
        "event_type": "Block Party",
        "event_agency": "Street Activity Permit Office",
        "event_location": "HANCOCK STREET between TOMPKINS AVENUE and MARCY AVENUE",
        "event_borough": "Brooklyn",
        "start_date": "2022-08-20T11:00:00.000",
        "end_date": "2022-08-20T19:00:00.000",
        "start_formatted": "August 20, 2022 11:00 AM",
        "end_formatted": "August 20, 2022 07:00 PM",
        "street_closure_type": "Sidewalk and Street Closure",
        "community_board": "3,",
        "police_precinct": "79,"
      }
    },
    {
      "type": "Feature",
      "geometry": {
        "type": "Point",
        "coordinates": [
          -73.9437835,
          40.69
        ]
      },
      "properties": {
        "event_id": "623697",
        "event_name": "Van Buren Annual Block Party",
        "event_type": "Block Party",
        "event_agency": "Street Activity Permit Office",
        "event_location": "VAN BUREN STREET between THROOP AVENUE and TOMPKINS AVENUE",
        "event_borough": "Brooklyn",
        "start_date": "2022-08-20T11:00:00.000",
        "end_date": "2022-08-20T20:00:00.000",
        "start_formatted": "August 20, 2022 11:00 AM",
        "end_formatted": "August 20, 2022 08:00 PM",
        "street_closure_type": "Full Street Closure",
        "community_board": "3,",
        "police_precinct": "79,"
      }
    },
    {
      "type": "Feature",
      "geometry": {
        "type": "Point",
        "coordinates": [
          -73.87682749999999,
          40.667607000000004
        ]
      },
      "properties": {
        "event_id": "632135",
        "event_name": "Community Returns Block Party Pt. II",
        "event_type": "Block Party",
        "event_agency": "Street Activity Permit Office",
        "event_location": "ATKINS AVENUE between NEW LOTS AVENUE and HEGEMAN AVENUE",
        "event_borough": "Brooklyn",
        "start_date": "2022-08-20T11:00:00.000",
        "end_date": "2022-08-20T19:00:00.000",
        "start_formatted": "August 20, 2022 11:00 AM",
        "end_formatted": "August 20, 2022 07:00 PM",
        "street_closure_type": "Full Street Closure",
        "community_board": "5,",
        "police_precinct": "75,"
      }
    },
    {
      "type": "Feature",
      "geometry": {
        "type": "Point",
        "coordinates": [
          -73.93446,
          40.6445815
        ]
      },
      "properties": {
        "event_id": "657370",
        "event_name": "Block party",
        "event_type": "Block Party",
        "event_agency": "Street Activity Permit Office",
        "event_location": "EAST   45 STREET between CLARENDON ROAD and CORTELYOU ROAD",
        "event_borough": "Brooklyn",
        "start_date": "2022-08-20T11:00:00.000",
        "end_date": "2022-08-20T19:00:00.000",
        "start_formatted": "August 20, 2022 11:00 AM",
        "end_formatted": "August 20, 2022 07:00 PM",
        "street_closure_type": "Full Street Closure",
        "community_board": "17,",
        "police_precinct": "67,"
      }
    },
    {
      "type": "Feature",
      "geometry": {
        "type": "Point",
        "coordinates": [
          -73.93481349999999,
          40.6117155
        ]
      },
      "properties": {
        "event_id": "641118",
        "event_name": "east 35th street block party",
        "event_type": "Block Party",
        "event_agency": "Street Activity Permit Office",
        "event_location": "EAST   35 STREET between AVENUE R and FILLMORE AVENUE",
        "event_borough": "Brooklyn",
        "start_date": "2022-08-20T11:00:00.000",
        "end_date": "2022-08-20T20:00:00.000",
        "start_formatted": "August 20, 2022 11:00 AM",
        "end_formatted": "August 20, 2022 08:00 PM",
        "street_closure_type": "Full Street Closure",
        "community_board": "18,",
        "police_precinct": "63,"
      }
    },
    {
      "type": "Feature",
      "geometry": {
        "type": "Point",
        "coordinates": [
          -73.918059,
          40.6802135
        ]
      },
      "properties": {
        "event_id": "639146",
        "event_name": "Sumpter street Children Day",
        "event_type": "Block Party",
        "event_agency": "Street Activity Permit Office",
        "event_location": "SUMPTER STREET between HOWARD AVENUE and SARATOGA AVENUE",
        "event_borough": "Brooklyn",
        "start_date": "2022-08-20T10:10:00.000",
        "end_date": "2022-08-20T18:30:00.000",
        "start_formatted": "August 20, 2022 10:10 AM",
        "end_formatted": "August 20, 2022 06:30 PM",
        "street_closure_type": "Full Street Closure",
        "community_board": "3,",
        "police_precinct": "81,"
      }
    },
    {
      "type": "Feature",
      "geometry": {
        "type": "Point",
        "coordinates": [
          -73.8892975,
          40.832914
        ]
      },
      "properties": {
        "event_id": "652824",
        "event_name": "Back To School Bash",
        "event_type": "Block Party",
        "event_agency": "Street Activity Permit Office",
        "event_location": "HOE AVENUE between EAST  172 STREET and JENNINGS STREET",
        "event_borough": "Bronx",
        "start_date": "2022-08-20T10:00:00.000",
        "end_date": "2022-08-20T16:00:00.000",
        "start_formatted": "August 20, 2022 10:00 AM",
        "end_formatted": "August 20, 2022 04:00 PM",
        "street_closure_type": "Full Street Closure",
        "community_board": "3,",
        "police_precinct": "42,"
      }
    },
    {
      "type": "Feature",
      "geometry": {
        "type": "Point",
        "coordinates": [
          -73.970961,
          40.6837265
        ]
      },
      "properties": {
        "event_id": "655482",
        "event_name": "Family Day 2022",
        "event_type": "Block Party",
        "event_agency": "Street Activity Permit Office",
        "event_location": "CARLTON AVENUE between ATLANTIC AVENUE and FULTON STREET",
        "event_borough": "Brooklyn",
        "start_date": "2022-08-20T10:00:00.000",
        "end_date": "2022-08-20T19:00:00.000",
        "start_formatted": "August 20, 2022 10:00 AM",
        "end_formatted": "August 20, 2022 07:00 PM",
        "street_closure_type": "Full Street Closure",
        "community_board": "2,",
        "police_precinct": "88,"
      }
    },
    {
      "type": "Feature",
      "geometry": {
        "type": "Point",
        "coordinates": [
          -73.92518100000001,
          40.686888999999994
        ]
      },
      "properties": {
        "event_id": "645951",
        "event_name": "Putnam Ave Between Ralph and Patchen Block Party 2022",
        "event_type": "Block Party",
        "event_agency": "Street Activity Permit Office",
        "event_location": "PUTNAM AVENUE between RALPH AVENUE and PATCHEN AVENUE",
        "event_borough": "Brooklyn",
        "start_date": "2022-08-20T10:00:00.000",
        "end_date": "2022-08-20T19:00:00.000",
        "start_formatted": "August 20, 2022 10:00 AM",
        "end_formatted": "August 20, 2022 07:00 PM",
        "street_closure_type": "Full Street Closure",
        "community_board": "3,",
        "police_precinct": "81,"
      }
    },
    {
      "type": "Feature",
      "geometry": {
        "type": "Point",
        "coordinates": [
          -73.981785,
          40.722176000000005
        ]
      },
      "properties": {
        "event_id": "657117",
        "event_name": "Nuyorican 9th Annual Block Party",
        "event_type": "Block Party",
        "event_agency": "Street Activity Permit Office",
        "event_location": "EAST    3 STREET between AVENUE B and AVENUE C",
        "event_borough": "Manhattan",
        "start_date": "2022-08-20T10:00:00.000",
        "end_date": "2022-08-20T17:00:00.000",
        "start_formatted": "August 20, 2022 10:00 AM",
        "end_formatted": "August 20, 2022 05:00 PM",
        "street_closure_type": "Full Street Closure",
        "community_board": "3,",
        "police_precinct": "9,"
      }
    },
    {
      "type": "Feature",
      "geometry": {
        "type": "Point",
        "coordinates": [
          -73.9097525,
          40.679668
        ]
      },
      "properties": {
        "event_id": "634445",
        "event_name": "Hull street block party",
        "event_type": "Block Party",
        "event_agency": "Street Activity Permit Office",
        "event_location": "HULL STREET between ROCKAWAY AVENUE and MOTHER GASTON BOULEVARD",
        "event_borough": "Brooklyn",
        "start_date": "2022-08-20T10:00:00.000",
        "end_date": "2022-08-20T18:00:00.000",
        "start_formatted": "August 20, 2022 10:00 AM",
        "end_formatted": "August 20, 2022 06:00 PM",
        "street_closure_type": "Full Street Closure",
        "community_board": "16,",
        "police_precinct": "73,"
      }
    },
    {
      "type": "Feature",
      "geometry": {
        "type": "Point",
        "coordinates": [
          -73.9432245,
          40.813413499999996
        ]
      },
      "properties": {
        "event_id": "636478",
        "event_name": "back to school",
        "event_type": "Block Party",
        "event_agency": "Street Activity Permit Office",
        "event_location": "133 STREET between ADAM CLAYTON POWELL JR. BOULEVARD and LENOX AVENUE",
        "event_borough": "Manhattan",
        "start_date": "2022-08-20T10:00:00.000",
        "end_date": "2022-08-20T17:00:00.000",
        "start_formatted": "August 20, 2022 10:00 AM",
        "end_formatted": "August 20, 2022 05:00 PM",
        "street_closure_type": "Full Street Closure",
        "community_board": "10,",
        "police_precinct": "32,"
      }
    },
    {
      "type": "Feature",
      "geometry": {
        "type": "Point",
        "coordinates": [
          -73.945955,
          40.8096735
        ]
      },
      "properties": {
        "event_id": "643710",
        "event_name": "Azah 16 Community Block Party",
        "event_type": "Block Party",
        "event_agency": "Street Activity Permit Office",
        "event_location": "WEST  127 STREET between MALCOLM X BOULEVARD and 7 AVENUE",
        "event_borough": "Manhattan",
        "start_date": "2022-08-20T10:00:00.000",
        "end_date": "2022-08-20T17:30:00.000",
        "start_formatted": "August 20, 2022 10:00 AM",
        "end_formatted": "August 20, 2022 05:30 PM",
        "street_closure_type": "Full Street Closure",
        "community_board": "10,",
        "police_precinct": "28, 32,"
      }
    },
    {
      "type": "Feature",
      "geometry": {
        "type": "Point",
        "coordinates": [
          -73.922068,
          40.6864975
        ]
      },
      "properties": {
        "event_id": "637102",
        "event_name": "Jefferson Avenue Block Party",
        "event_type": "Block Party",
        "event_agency": "Street Activity Permit Office",
        "event_location": "JEFFERSON AVENUE between HOWARD AVENUE and RALPH AVENUE",
        "event_borough": "Brooklyn",
        "start_date": "2022-08-20T10:00:00.000",
        "end_date": "2022-08-20T19:00:00.000",
        "start_formatted": "August 20, 2022 10:00 AM",
        "end_formatted": "August 20, 2022 07:00 PM",
        "street_closure_type": "Full Street Closure",
        "community_board": "3,",
        "police_precinct": "81,"
      }
    },
    {
      "type": "Feature",
      "geometry": {
        "type": "Point",
        "coordinates": [
          -73.8001455,
          40.692514
        ]
      },
      "properties": {
        "event_id": "635104",
        "event_name": "30TH Anniversary Celebration",
        "event_type": "Block Party",
        "event_agency": "Street Activity Permit Office",
        "event_location": "108 AVENUE between SUTPHIN BOULEVARD and SPA PLACE",
        "event_borough": "Queens",
        "start_date": "2022-08-20T10:00:00.000",
        "end_date": "2022-08-20T17:00:00.000",
        "start_formatted": "August 20, 2022 10:00 AM",
        "end_formatted": "August 20, 2022 05:00 PM",
        "street_closure_type": "Sidewalk and Street Closure",
        "community_board": "12,",
        "police_precinct": "103,"
      }
    },
    {
      "type": "Feature",
      "geometry": {
        "type": "Point",
        "coordinates": [
          -74.0352555,
          40.6370535
        ]
      },
      "properties": {
        "event_id": "632122",
        "event_name": "Mackay  Place Block Party",
        "event_type": "Block Party",
        "event_agency": "Street Activity Permit Office",
        "event_location": "MACKAY PLACE between SHORE ROAD and NARROWS AVENUE",
        "event_borough": "Brooklyn",
        "start_date": "2022-08-20T10:00:00.000",
        "end_date": "2022-08-20T18:00:00.000",
        "start_formatted": "August 20, 2022 10:00 AM",
        "end_formatted": "August 20, 2022 06:00 PM",
        "street_closure_type": "Full Street Closure",
        "community_board": "10,",
        "police_precinct": "68,"
      }
    },
    {
      "type": "Feature",
      "geometry": {
        "type": "Point",
        "coordinates": [
          -73.72917899999999,
          40.687067
        ]
      },
      "properties": {
        "event_id": "643706",
        "event_name": "We are one family part 3",
        "event_type": "Block Party",
        "event_agency": "Street Activity Permit Office",
        "event_location": "235 STREET between 119 AVENUE and 120 AVENUE",
        "event_borough": "Queens",
        "start_date": "2022-08-20T10:00:00.000",
        "end_date": "2022-08-20T17:00:00.000",
        "start_formatted": "August 20, 2022 10:00 AM",
        "end_formatted": "August 20, 2022 05:00 PM",
        "street_closure_type": "Full Street Closure",
        "community_board": "13,",
        "police_precinct": "105,"
      }
    },
    {
      "type": "Feature",
      "geometry": {
        "type": "Point",
        "coordinates": [
          -73.9252285,
          40.662019
        ]
      },
      "properties": {
        "event_id": "635046",
        "event_name": "East 94th Street Block Party",
        "event_type": "Block Party",
        "event_agency": "Street Activity Permit Office",
        "event_location": "EAST   94 STREET between RUTLAND ROAD and WINTHROP STREET",
        "event_borough": "Brooklyn",
        "start_date": "2022-08-20T10:00:00.000",
        "end_date": "2022-08-20T19:00:00.000",
        "start_formatted": "August 20, 2022 10:00 AM",
        "end_formatted": "August 20, 2022 07:00 PM",
        "street_closure_type": "Full Street Closure",
        "community_board": "17,",
        "police_precinct": "67,"
      }
    },
    {
      "type": "Feature",
      "geometry": {
        "type": "Point",
        "coordinates": [
          -73.91975099999999,
          40.6713135
        ]
      },
      "properties": {
        "event_id": "648534",
        "event_name": "Family Day",
        "event_type": "Block Party",
        "event_agency": "Street Activity Permit Office",
        "event_location": "HOWARD AVENUE between STERLING PLACE and PARK PLACE",
        "event_borough": "Brooklyn",
        "start_date": "2022-08-20T10:00:00.000",
        "end_date": "2022-08-20T17:00:00.000",
        "start_formatted": "August 20, 2022 10:00 AM",
        "end_formatted": "August 20, 2022 05:00 PM",
        "street_closure_type": "Full Street Closure",
        "community_board": "16,",
        "police_precinct": "73,"
      }
    },
    {
      "type": "Feature",
      "geometry": {
        "type": "Point",
        "coordinates": [
          -73.94574850000001,
          40.642275
        ]
      },
      "properties": {
        "event_id": "643604",
        "event_name": "Block party",
        "event_type": "Block Party",
        "event_agency": "Street Activity Permit Office",
        "event_location": "NEW YORK AVENUE between CLARENDON ROAD and AVENUE D",
        "event_borough": "Brooklyn",
        "start_date": "2022-08-20T10:00:00.000",
        "end_date": "2022-08-20T18:30:00.000",
        "start_formatted": "August 20, 2022 10:00 AM",
        "end_formatted": "August 20, 2022 06:30 PM",
        "street_closure_type": "Full Street Closure",
        "community_board": "17,",
        "police_precinct": "67,"
      }
    },
    {
      "type": "Feature",
      "geometry": {
        "type": "Point",
        "coordinates": [
          -73.9512475,
          40.681267
        ]
      },
      "properties": {
        "event_id": "638332",
        "event_name": "Back to School",
        "event_type": "Block Party",
        "event_agency": "Street Activity Permit Office",
        "event_location": "ARLINGTON PLACE between HALSEY STREET and MACON STREET",
        "event_borough": "Brooklyn",
        "start_date": "2022-08-20T10:00:00.000",
        "end_date": "2022-08-20T17:00:00.000",
        "start_formatted": "August 20, 2022 10:00 AM",
        "end_formatted": "August 20, 2022 05:00 PM",
        "street_closure_type": "Full Street Closure",
        "community_board": "3,",
        "police_precinct": "79,"
      }
    },
    {
      "type": "Feature",
      "geometry": {
        "type": "Point",
        "coordinates": [
          -73.947626,
          40.827751000000006
        ]
      },
      "properties": {
        "event_id": "662652",
        "event_name": "Hamilton Heights Community Day",
        "event_type": "Block Party",
        "event_agency": "Street Activity Permit Office",
        "event_location": "WEST  148 STREET between BROADWAY and AMSTERDAM AVENUE",
        "event_borough": "Manhattan",
        "start_date": "2022-08-20T10:00:00.000",
        "end_date": "2022-08-20T17:00:00.000",
        "start_formatted": "August 20, 2022 10:00 AM",
        "end_formatted": "August 20, 2022 05:00 PM",
        "street_closure_type": "Full Street Closure",
        "community_board": "9,",
        "police_precinct": "30,"
      }
    },
    {
      "type": "Feature",
      "geometry": {
        "type": "Point",
        "coordinates": [
          -73.92134,
          40.682834
        ]
      },
      "properties": {
        "event_id": "598799",
        "event_name": "500 Decatur Street Block Association",
        "event_type": "Block Party",
        "event_agency": "Street Activity Permit Office",
        "event_location": "DECATUR STREET between RALPH AVENUE and HOWARD AVENUE",
        "event_borough": "Brooklyn",
        "start_date": "2022-08-20T10:00:00.000",
        "end_date": "2022-08-20T19:00:00.000",
        "start_formatted": "August 20, 2022 10:00 AM",
        "end_formatted": "August 20, 2022 07:00 PM",
        "street_closure_type": "Full Street Closure",
        "community_board": "3,",
        "police_precinct": "81,"
      }
    },
    {
      "type": "Feature",
      "geometry": {
        "type": "Point",
        "coordinates": [
          -73.94715049999999,
          40.6461075
        ]
      },
      "properties": {
        "event_id": "656109",
        "event_name": "Neighbors Friends and Family Day",
        "event_type": "Block Party",
        "event_agency": "Street Activity Permit Office",
        "event_location": "EAST   32 STREET between TILDEN AVENUE and BEVERLEY ROAD",
        "event_borough": "Brooklyn",
        "start_date": "2022-08-20T10:00:00.000",
        "end_date": "2022-08-20T18:00:00.000",
        "start_formatted": "August 20, 2022 10:00 AM",
        "end_formatted": "August 20, 2022 06:00 PM",
        "street_closure_type": "Full Street Closure",
        "community_board": "17,",
        "police_precinct": "67,"
      }
    },
    {
      "type": "Feature",
      "geometry": {
        "type": "Point",
        "coordinates": [
          -73.93949549999999,
          40.6829975
        ]
      },
      "properties": {
        "event_id": "627937",
        "event_name": "81st Halsey St. Block Association Block Party",
        "event_type": "Block Party",
        "event_agency": "Street Activity Permit Office",
        "event_location": "HALSEY STREET between THROOP AVENUE and MARCUS GARVEY AVENUE",
        "event_borough": "Brooklyn",
        "start_date": "2022-08-20T10:00:00.000",
        "end_date": "2022-08-20T17:00:00.000",
        "start_formatted": "August 20, 2022 10:00 AM",
        "end_formatted": "August 20, 2022 05:00 PM",
        "street_closure_type": "Full Street Closure",
        "community_board": "3,",
        "police_precinct": "79,"
      }
    },
    {
      "type": "Feature",
      "geometry": {
        "type": "Point",
        "coordinates": [
          -73.912847,
          40.6815615
        ]
      },
      "properties": {
        "event_id": "656660",
        "event_name": "Marion Street Park Block Association",
        "event_type": "Block Party",
        "event_agency": "Street Activity Permit Office",
        "event_location": "MARION STREET between ROCKAWAY AVENUE and THOMAS BOYLAND STREET",
        "event_borough": "Brooklyn",
        "start_date": "2022-08-20T10:00:00.000",
        "end_date": "2022-08-20T18:00:00.000",
        "start_formatted": "August 20, 2022 10:00 AM",
        "end_formatted": "August 20, 2022 06:00 PM",
        "street_closure_type": "Full Street Closure",
        "community_board": "16,",
        "police_precinct": "73,"
      }
    },
    {
      "type": "Feature",
      "geometry": {
        "type": "Point",
        "coordinates": [
          -73.930705,
          40.645315
        ]
      },
      "properties": {
        "event_id": "661317",
        "event_name": "E. 49th Street Block Party",
        "event_type": "Block Party",
        "event_agency": "Street Activity Permit Office",
        "event_location": "EAST   49 STREET between BEVERLY ROAD and CLARENDON ROAD",
        "event_borough": "Brooklyn",
        "start_date": "2022-08-20T09:00:00.000",
        "end_date": "2022-08-20T16:00:00.000",
        "start_formatted": "August 20, 2022 09:00 AM",
        "end_formatted": "August 20, 2022 04:00 PM",
        "street_closure_type": "Full Street Closure",
        "community_board": "17,",
        "police_precinct": "67,"
      }
    },
    {
      "type": "Feature",
      "geometry": {
        "type": "Point",
        "coordinates": [
          -73.91095,
          40.831781
        ]
      },
      "properties": {
        "event_id": "661662",
        "event_name": "kids day out day",
        "event_type": "Block Party",
        "event_agency": "Street Activity Permit Office",
        "event_location": "CLAY AVENUE between EAST  168 STREET and EAST  167 STREET",
        "event_borough": "Bronx",
        "start_date": "2022-08-20T09:00:00.000",
        "end_date": "2022-08-20T17:00:00.000",
        "start_formatted": "August 20, 2022 09:00 AM",
        "end_formatted": "August 20, 2022 05:00 PM",
        "street_closure_type": "Full Street Closure",
        "community_board": "4,",
        "police_precinct": "44,"
      }
    },
    {
      "type": "Feature",
      "geometry": {
        "type": "Point",
        "coordinates": [
          -73.84630849999999,
          40.6830765
        ]
      },
      "properties": {
        "event_id": "654979",
        "event_name": "MFMQ Community Day",
        "event_type": "Block Party",
        "event_agency": "Street Activity Permit Office",
        "event_location": "94 STREET between 103 AVENUE and 101 AVENUE",
        "event_borough": "Queens",
        "start_date": "2022-08-20T09:00:00.000",
        "end_date": "2022-08-20T18:00:00.000",
        "start_formatted": "August 20, 2022 09:00 AM",
        "end_formatted": "August 20, 2022 06:00 PM",
        "street_closure_type": "Full Street Closure",
        "community_board": "9,",
        "police_precinct": "102,"
      }
    },
    {
      "type": "Feature",
      "geometry": {
        "type": "Point",
        "coordinates": [
          -73.7086545,
          40.738239
        ]
      },
      "properties": {
        "event_id": "640490",
        "event_name": "Radha Govind Dham Janmashtmi Celebration",
        "event_type": "Block Party",
        "event_agency": "Street Activity Permit Office",
        "event_location": "260 STREET between HILLSIDE AVENUE and 83 AVENUE",
        "event_borough": "Queens",
        "start_date": "2022-08-19T16:00:00.000",
        "end_date": "2022-08-19T19:00:00.000",
        "start_formatted": "August 19, 2022 04:00 PM",
        "end_formatted": "August 19, 2022 07:00 PM",
        "street_closure_type": "Full Street Closure",
        "community_board": "13,",
        "police_precinct": "105,"
      }
    },
    {
      "type": "Feature",
      "geometry": {
        "type": "Point",
        "coordinates": [
          -73.91820200000001,
          40.680945
        ]
      },
      "properties": {
        "event_id": "652796",
        "event_name": "Marion Block party",
        "event_type": "Block Party",
        "event_agency": "Street Activity Permit Office",
        "event_location": "MARION STREET between HOWARD AVENUE and SARATOGA AVENUE",
        "event_borough": "Brooklyn",
        "start_date": "2022-08-19T11:00:00.000",
        "end_date": "2022-08-19T20:00:00.000",
        "start_formatted": "August 19, 2022 11:00 AM",
        "end_formatted": "August 19, 2022 08:00 PM",
        "street_closure_type": "Full Street Closure",
        "community_board": "3,",
        "police_precinct": "81,"
      }
    },
    {
      "type": "Feature",
      "geometry": {
        "type": "Point",
        "coordinates": [
          -73.952968,
          40.6904425
        ]
      },
      "properties": {
        "event_id": "665119",
        "event_name": "Family Day",
        "event_type": "Block Party",
        "event_agency": "Street Activity Permit Office",
        "event_location": "KOSCIUSZKO STREET between SPENCER COURT and NOSTRAND AVENUE",
        "event_borough": "Brooklyn",
        "start_date": "2022-08-19T10:00:00.000",
        "end_date": "2022-08-19T17:00:00.000",
        "start_formatted": "August 19, 2022 10:00 AM",
        "end_formatted": "August 19, 2022 05:00 PM",
        "street_closure_type": "Full Street Closure",
        "community_board": "3,",
        "police_precinct": "79,"
      }
    },
    {
      "type": "Feature",
      "geometry": {
        "type": "Point",
        "coordinates": [
          -73.8618805,
          40.8764335
        ]
      },
      "properties": {
        "event_id": "662830",
        "event_name": "Bronxwood Day",
        "event_type": "Block Party",
        "event_agency": "Street Activity Permit Office",
        "event_location": "BARNES AVENUE between TILDEN STREET and EAST GUN HILL ROAD",
        "event_borough": "Bronx",
        "start_date": "2022-08-18T11:00:00.000",
        "end_date": "2022-08-18T15:30:00.000",
        "start_formatted": "August 18, 2022 11:00 AM",
        "end_formatted": "August 18, 2022 03:30 PM",
        "street_closure_type": "Full Street Closure",
        "community_board": "12,",
        "police_precinct": "47,"
      }
    },
    {
      "type": "Feature",
      "geometry": {
        "type": "Point",
        "coordinates": [
          -73.939347,
          40.7173675
        ]
      },
      "properties": {
        "event_id": "657872",
        "event_name": "Movies at Cooper Park",
        "event_type": "Block Party",
        "event_agency": "Street Activity Permit Office",
        "event_location": "JACKSON STREET between KINGSLAND AVENUE and DEBEVOISE AVENUE",
        "event_borough": "Brooklyn",
        "start_date": "2022-08-17T19:30:00.000",
        "end_date": "2022-08-17T21:30:00.000",
        "start_formatted": "August 17, 2022 07:30 PM",
        "end_formatted": "August 17, 2022 09:30 PM",
        "street_closure_type": "Full Street Closure",
        "community_board": "1,",
        "police_precinct": "94,"
      }
    },
    {
      "type": "Feature",
      "geometry": {
        "type": "Point",
        "coordinates": [
          -73.843805,
          40.835156
        ]
      },
      "properties": {
        "event_id": "617084",
        "event_name": "Bangla Mela",
        "event_type": "Block Party",
        "event_agency": "Street Activity Permit Office",
        "event_location": "WATERBURY AVENUE between ZEREGA AVENUE and SEABURY AVENUE",
        "event_borough": "Bronx",
        "start_date": "2022-08-14T13:00:00.000",
        "end_date": "2022-08-14T19:30:00.000",
        "start_formatted": "August 14, 2022 01:00 PM",
        "end_formatted": "August 14, 2022 07:30 PM",
        "street_closure_type": "Full Street Closure",
        "community_board": "10, 9,",
        "police_precinct": "43, 45,"
      }
    },
    {
      "type": "Feature",
      "geometry": {
        "type": "Point",
        "coordinates": [
          -73.9408055,
          40.6895925
        ]
      },
      "properties": {
        "event_id": "654439",
        "event_name": "For The Greene",
        "event_type": "Block Party",
        "event_agency": "Street Activity Permit Office",
        "event_location": "GREENE AVENUE between THROOP AVENUE and MARCUS GARVEY BOULEVARD",
        "event_borough": "Brooklyn",
        "start_date": "2022-08-14T12:00:00.000",
        "end_date": "2022-08-14T19:00:00.000",
        "start_formatted": "August 14, 2022 12:00 PM",
        "end_formatted": "August 14, 2022 07:00 PM",
        "street_closure_type": "Full Street Closure",
        "community_board": "3,",
        "police_precinct": "79,"
      }
    },
    {
      "type": "Feature",
      "geometry": {
        "type": "Point",
        "coordinates": [
          -73.956064,
          40.6072365
        ]
      },
      "properties": {
        "event_id": "655870",
        "event_name": "Block Party",
        "event_type": "Block Party",
        "event_agency": "Street Activity Permit Office",
        "event_location": "EAST   17 STREET between AVENUE R and QUENTIN ROAD",
        "event_borough": "Brooklyn",
        "start_date": "2022-08-14T12:00:00.000",
        "end_date": "2022-08-14T21:00:00.000",
        "start_formatted": "August 14, 2022 12:00 PM",
        "end_formatted": "August 14, 2022 09:00 PM",
        "street_closure_type": "Full Street Closure",
        "community_board": "15,",
        "police_precinct": "61,"
      }
    },
    {
      "type": "Feature",
      "geometry": {
        "type": "Point",
        "coordinates": [
          -73.743752,
          40.673286000000004
        ]
      },
      "properties": {
        "event_id": "655883",
        "event_name": "LINDEN SDA CHURCH BACK TO SCHOOL",
        "event_type": "Block Party",
        "event_agency": "Street Activity Permit Office",
        "event_location": "137 AVENUE between 228 STREET and 229 STREET",
        "event_borough": "Queens",
        "start_date": "2022-08-14T12:00:00.000",
        "end_date": "2022-08-14T16:00:00.000",
        "start_formatted": "August 14, 2022 12:00 PM",
        "end_formatted": "August 14, 2022 04:00 PM",
        "street_closure_type": "Full Street Closure",
        "community_board": "13,",
        "police_precinct": "105,"
      }
    },
    {
      "type": "Feature",
      "geometry": {
        "type": "Point",
        "coordinates": [
          -74.139329,
          40.635774999999995
        ]
      },
      "properties": {
        "event_id": "634557",
        "event_name": "Grove Place Family Day",
        "event_type": "Block Party",
        "event_agency": "Street Activity Permit Office",
        "event_location": "GROVE PLACE between CASTLETON AVENUE and DEAD END",
        "event_borough": "Staten Island",
        "start_date": "2022-08-13T13:30:00.000",
        "end_date": "2022-08-13T20:00:00.000",
        "start_formatted": "August 13, 2022 01:30 PM",
        "end_formatted": "August 13, 2022 08:00 PM",
        "street_closure_type": "Full Street Closure",
        "community_board": "1,",
        "police_precinct": "121,"
      }
    },
    {
      "type": "Feature",
      "geometry": {
        "type": "Point",
        "coordinates": [
          -74.124077,
          40.5589755
        ]
      },
      "properties": {
        "event_id": "661539",
        "event_name": "Block party",
        "event_type": "Block Party",
        "event_agency": "Street Activity Permit Office",
        "event_location": "MALONE AVENUE between HYLAN BOULEVARD and PENDALE STREET",
        "event_borough": "Staten Island",
        "start_date": "2022-08-13T13:00:00.000",
        "end_date": "2022-08-13T21:00:00.000",
        "start_formatted": "August 13, 2022 01:00 PM",
        "end_formatted": "August 13, 2022 09:00 PM",
        "street_closure_type": "Full Street Closure",
        "community_board": "3,",
        "police_precinct": "122,"
      }
    },
    {
      "type": "Feature",
      "geometry": {
        "type": "Point",
        "coordinates": [
          -73.93955,
          40.823533
        ]
      },
      "properties": {
        "event_id": "637068",
        "event_name": "Neighbors Unite Annual Family Day",
        "event_type": "Block Party",
        "event_agency": "Street Activity Permit Office",
        "event_location": "WEST  147 STREET between ADAM CLAYTON POWELL JR BOULEVARD and FREDERICK DOUGLAS BOULEVARD",
        "event_borough": "Manhattan",
        "start_date": "2022-08-13T13:00:00.000",
        "end_date": "2022-08-13T18:00:00.000",
        "start_formatted": "August 13, 2022 01:00 PM",
        "end_formatted": "August 13, 2022 06:00 PM",
        "street_closure_type": "Full Street Closure",
        "community_board": "10,",
        "police_precinct": "32,"
      }
    },
    {
      "type": "Feature",
      "geometry": {
        "type": "Point",
        "coordinates": [
          -73.988486,
          40.5762175
        ]
      },
      "properties": {
        "event_id": "624128",
        "event_name": "church annual festival",
        "event_type": "Block Party",
        "event_agency": "Street Activity Permit Office",
        "event_location": "MERMAID AVENUE between WEST   21 STREET and WEST   22 STREET",
        "event_borough": "Brooklyn",
        "start_date": "2022-08-13T13:00:00.000",
        "end_date": "2022-08-13T21:00:00.000",
        "start_formatted": "August 13, 2022 01:00 PM",
        "end_formatted": "August 13, 2022 09:00 PM",
        "street_closure_type": "Full Street Closure",
        "community_board": "13,",
        "police_precinct": "60,"
      }
    },
    {
      "type": "Feature",
      "geometry": {
        "type": "Point",
        "coordinates": [
          -73.949033,
          40.6706725
        ]
      },
      "properties": {
        "event_id": "654157",
        "event_name": "Lincoln Place Block Party",
        "event_type": "Block Party",
        "event_agency": "Street Activity Permit Office",
        "event_location": "LINCOLN PLACE between NEW YORK AVENUE and NOSTRAND AVENUE",
        "event_borough": "Brooklyn",
        "start_date": "2022-08-13T13:00:00.000",
        "end_date": "2022-08-13T20:00:00.000",
        "start_formatted": "August 13, 2022 01:00 PM",
        "end_formatted": "August 13, 2022 08:00 PM",
        "street_closure_type": "Full Street Closure",
        "community_board": "8,",
        "police_precinct": "77,"
      }
    },
    {
      "type": "Feature",
      "geometry": {
        "type": "Point",
        "coordinates": [
          -73.79613,
          40.77986
        ]
      },
      "properties": {
        "event_id": "634631",
        "event_name": "20th Ave Block Party",
        "event_type": "Block Party",
        "event_agency": "Street Activity Permit Office",
        "event_location": "20 AVENUE between 166 STREET and 169 STREET",
        "event_borough": "Queens",
        "start_date": "2022-08-13T13:00:00.000",
        "end_date": "2022-08-13T21:00:00.000",
        "start_formatted": "August 13, 2022 01:00 PM",
        "end_formatted": "August 13, 2022 09:00 PM",
        "street_closure_type": "Full Street Closure",
        "community_board": "7,",
        "police_precinct": "109,"
      }
    },
    {
      "type": "Feature",
      "geometry": {
        "type": "Point",
        "coordinates": [
          -73.9928215,
          40.681214999999995
        ]
      },
      "properties": {
        "event_id": "640209",
        "event_name": "Union street Block Party",
        "event_type": "Block Party",
        "event_agency": "Street Activity Permit Office",
        "event_location": "UNION STREET between SMITH STREET and HOYT STREET",
        "event_borough": "Brooklyn",
        "start_date": "2022-08-13T13:00:00.000",
        "end_date": "2022-08-13T21:00:00.000",
        "start_formatted": "August 13, 2022 01:00 PM",
        "end_formatted": "August 13, 2022 09:00 PM",
        "street_closure_type": "Curb Lane Only",
        "community_board": "6,",
        "police_precinct": "76,"
      }
    },
    {
      "type": "Feature",
      "geometry": {
        "type": "Point",
        "coordinates": [
          -73.99502,
          40.598456999999996
        ]
      },
      "properties": {
        "event_id": "654950",
        "event_name": "bay 32nd",
        "event_type": "Block Party",
        "event_agency": "Street Activity Permit Office",
        "event_location": "BAY   32 STREET between BENSON AVENUE and BATH AVENUE",
        "event_borough": "Brooklyn",
        "start_date": "2022-08-13T13:00:00.000",
        "end_date": "2022-08-13T20:00:00.000",
        "start_formatted": "August 13, 2022 01:00 PM",
        "end_formatted": "August 13, 2022 08:00 PM",
        "street_closure_type": "Full Street Closure",
        "community_board": "11,",
        "police_precinct": "62,"
      }
    },
    {
      "type": "Feature",
      "geometry": {
        "type": "Point",
        "coordinates": [
          -73.73544849999999,
          40.6558415
        ]
      },
      "properties": {
        "event_id": "649891",
        "event_name": "147TH DR BLOCK PARTY",
        "event_type": "Block Party",
        "event_agency": "Street Activity Permit Office",
        "event_location": "147 DRIVE between 253 STREET and WELLER LANE",
        "event_borough": "Queens",
        "start_date": "2022-08-13T13:00:00.000",
        "end_date": "2022-08-13T20:00:00.000",
        "start_formatted": "August 13, 2022 01:00 PM",
        "end_formatted": "August 13, 2022 08:00 PM",
        "street_closure_type": "Full Street Closure",
        "community_board": "13,",
        "police_precinct": "105,"
      }
    },
    {
      "type": "Feature",
      "geometry": {
        "type": "Point",
        "coordinates": [
          -73.744887,
          40.6705945
        ]
      },
      "properties": {
        "event_id": "661817",
        "event_name": "229st block association",
        "event_type": "Block Party",
        "event_agency": "Street Activity Permit Office",
        "event_location": "229 STREET between 138 AVENUE and 139 AVENUE",
        "event_borough": "Queens",
        "start_date": "2022-08-13T13:00:00.000",
        "end_date": "2022-08-13T20:00:00.000",
        "start_formatted": "August 13, 2022 01:00 PM",
        "end_formatted": "August 13, 2022 08:00 PM",
        "street_closure_type": "Full Street Closure",
        "community_board": "13,",
        "police_precinct": "105,"
      }
    },
    {
      "type": "Feature",
      "geometry": {
        "type": "Point",
        "coordinates": [
          -73.99348499999999,
          40.6595635
        ]
      },
      "properties": {
        "event_id": "592433",
        "event_name": "Fall Block Party",
        "event_type": "Block Party",
        "event_agency": "Street Activity Permit Office",
        "event_location": "23 STREET between 5 AVENUE and 6 AVENUE",
        "event_borough": "Brooklyn",
        "start_date": "2022-08-13T13:00:00.000",
        "end_date": "2022-08-13T20:30:00.000",
        "start_formatted": "August 13, 2022 01:00 PM",
        "end_formatted": "August 13, 2022 08:30 PM",
        "street_closure_type": "Full Street Closure",
        "community_board": "7,",
        "police_precinct": "72,"
      }
    },
    {
      "type": "Feature",
      "geometry": {
        "type": "Point",
        "coordinates": [
          -73.910538,
          40.7206575
        ]
      },
      "properties": {
        "event_id": "643187",
        "event_name": "Block Party",
        "event_type": "Block Party",
        "event_agency": "Street Activity Permit Office",
        "event_location": "58 PLACE between 58 AVENUE and 58 ROAD",
        "event_borough": "Queens",
        "start_date": "2022-08-13T13:00:00.000",
        "end_date": "2022-08-13T19:00:00.000",
        "start_formatted": "August 13, 2022 01:00 PM",
        "end_formatted": "August 13, 2022 07:00 PM",
        "street_closure_type": "Full Street Closure",
        "community_board": "5,",
        "police_precinct": "104,"
      }
    },
    {
      "type": "Feature",
      "geometry": {
        "type": "Point",
        "coordinates": [
          -74.003063,
          40.6434625
        ]
      },
      "properties": {
        "event_id": "652356",
        "event_name": "Block Party",
        "event_type": "Block Party",
        "event_agency": "Street Activity Permit Office",
        "event_location": "47 STREET between 7 AVENUE and 8 AVENUE",
        "event_borough": "Brooklyn",
        "start_date": "2022-08-13T13:00:00.000",
        "end_date": "2022-08-13T20:00:00.000",
        "start_formatted": "August 13, 2022 01:00 PM",
        "end_formatted": "August 13, 2022 08:00 PM",
        "street_closure_type": "Full Street Closure",
        "community_board": "7,",
        "police_precinct": "72,"
      }
    },
    {
      "type": "Feature",
      "geometry": {
        "type": "Point",
        "coordinates": [
          -74.00765949999999,
          40.614911
        ]
      },
      "properties": {
        "event_id": "647040",
        "event_name": "1400 block of 81st st",
        "event_type": "Block Party",
        "event_agency": "Street Activity Permit Office",
        "event_location": "81 STREET between 14 AVENUE and 15 AVENUE",
        "event_borough": "Brooklyn",
        "start_date": "2022-08-13T12:30:00.000",
        "end_date": "2022-08-13T20:30:00.000",
        "start_formatted": "August 13, 2022 12:30 PM",
        "end_formatted": "August 13, 2022 08:30 PM",
        "street_closure_type": "Full Street Closure",
        "community_board": "11,",
        "police_precinct": "62,"
      }
    },
    {
      "type": "Feature",
      "geometry": {
        "type": "Point",
        "coordinates": [
          -73.8445925,
          40.676097
        ]
      },
      "properties": {
        "event_id": "653281",
        "event_name": "CHICOT RD BLOCK PARTY",
        "event_type": "Block Party",
        "event_agency": "Street Activity Permit Office",
        "event_location": "CHICOT ROAD  between CROSSBAY BLVD and RICO PL",
        "event_borough": "Queens",
        "start_date": "2022-08-13T12:30:00.000",
        "end_date": "2022-08-13T21:00:00.000",
        "start_formatted": "August 13, 2022 12:30 PM",
        "end_formatted": "August 13, 2022 09:00 PM",
        "street_closure_type": "Full Street Closure",
        "community_board": "10,",
        "police_precinct": "106,"
      }
    },
    {
      "type": "Feature",
      "geometry": {
        "type": "Point",
        "coordinates": [
          -73.93960150000001,
          40.724802999999994
        ]
      },
      "properties": {
        "event_id": "651855",
        "event_name": "Morgan Avenue Block Party",
        "event_type": "Block Party",
        "event_agency": "Street Activity Permit Office",
        "event_location": "MORGAN AVENUE between DRIGGS AVENUE and NASSAU AVENUE",
        "event_borough": "Brooklyn",
        "start_date": "2022-08-13T12:00:00.000",
        "end_date": "2022-08-13T20:00:00.000",
        "start_formatted": "August 13, 2022 12:00 PM",
        "end_formatted": "August 13, 2022 08:00 PM",
        "street_closure_type": "Full Street Closure",
        "community_board": "1,",
        "police_precinct": "94,"
      }
    },
    {
      "type": "Feature",
      "geometry": {
        "type": "Point",
        "coordinates": [
          -73.940515,
          40.688127
        ]
      },
      "properties": {
        "event_id": "618097",
        "event_name": "THE 500 QUINCY STREET BLOCK PARTY",
        "event_type": "Block Party",
        "event_agency": "Street Activity Permit Office",
        "event_location": "QUINCY STREET between THROOP AVENUE and MARCUS GARVEY BOULEVARD",
        "event_borough": "Brooklyn",
        "start_date": "2022-08-13T12:00:00.000",
        "end_date": "2022-08-13T20:00:00.000",
        "start_formatted": "August 13, 2022 12:00 PM",
        "end_formatted": "August 13, 2022 08:00 PM",
        "street_closure_type": "Full Street Closure",
        "community_board": "3,",
        "police_precinct": "79,"
      }
    },
    {
      "type": "Feature",
      "geometry": {
        "type": "Point",
        "coordinates": [
          -73.8355895,
          40.653727
        ]
      },
      "properties": {
        "event_id": "634021",
        "event_name": "96th St. Block Party btwn 162  163 Aves",
        "event_type": "Block Party",
        "event_agency": "Street Activity Permit Office",
        "event_location": "96 STREET between 162 AVENUE and 163 AVENUE",
        "event_borough": "Queens",
        "start_date": "2022-08-13T12:00:00.000",
        "end_date": "2022-08-13T21:00:00.000",
        "start_formatted": "August 13, 2022 12:00 PM",
        "end_formatted": "August 13, 2022 09:00 PM",
        "street_closure_type": "Full Street Closure",
        "community_board": "10,",
        "police_precinct": "106,"
      }
    },
    {
      "type": "Feature",
      "geometry": {
        "type": "Point",
        "coordinates": [
          -73.921632,
          40.6842985
        ]
      },
      "properties": {
        "event_id": "649079",
        "event_name": "Macon Street between Ralph  Howard BA Block Party",
        "event_type": "Block Party",
        "event_agency": "Street Activity Permit Office",
        "event_location": "MACON STREET between RALPH AVENUE and HOWARD AVENUE",
        "event_borough": "Brooklyn",
        "start_date": "2022-08-13T12:00:00.000",
        "end_date": "2022-08-13T18:30:00.000",
        "start_formatted": "August 13, 2022 12:00 PM",
        "end_formatted": "August 13, 2022 06:30 PM",
        "street_closure_type": "Full Street Closure",
        "community_board": "3,",
        "police_precinct": "81,"
      }
    },
    {
      "type": "Feature",
      "geometry": {
        "type": "Point",
        "coordinates": [
          -73.978916,
          40.651335
        ]
      },
      "properties": {
        "event_id": "622925",
        "event_name": "East 3 Bloc party",
        "event_type": "Block Party",
        "event_agency": "Street Activity Permit Office",
        "event_location": "EAST    3 STREET between GREENWOOD AVENUE and VANDERBILT STREET",
        "event_borough": "Brooklyn",
        "start_date": "2022-08-13T12:00:00.000",
        "end_date": "2022-08-13T19:00:00.000",
        "start_formatted": "August 13, 2022 12:00 PM",
        "end_formatted": "August 13, 2022 07:00 PM",
        "street_closure_type": "Full Street Closure",
        "community_board": "7,",
        "police_precinct": "72,"
      }
    },
    {
      "type": "Feature",
      "geometry": {
        "type": "Point",
        "coordinates": [
          -74.16274250000001,
          40.5490015
        ]
      },
      "properties": {
        "event_id": "644510",
        "event_name": "Lamoka ave Block Party",
        "event_type": "Block Party",
        "event_agency": "Street Activity Permit Office",
        "event_location": "LAMOKA AVENUE between RIDGEWOOD AVENUE and CORTELYOU AVENUE",
        "event_borough": "Staten Island",
        "start_date": "2022-08-13T12:00:00.000",
        "end_date": "2022-08-13T21:00:00.000",
        "start_formatted": "August 13, 2022 12:00 PM",
        "end_formatted": "August 13, 2022 09:00 PM",
        "street_closure_type": "Full Street Closure",
        "community_board": "3,",
        "police_precinct": "122,"
      }
    },
    {
      "type": "Feature",
      "geometry": {
        "type": "Point",
        "coordinates": [
          -73.9609215,
          40.7136235
        ]
      },
      "properties": {
        "event_id": "633898",
        "event_name": "Community Block Party",
        "event_type": "Block Party",
        "event_agency": "Street Activity Permit Office",
        "event_location": "SOUTH    1 STREET between BEDFORD AVENUE and DRIGGS AVENUE",
        "event_borough": "Brooklyn",
        "start_date": "2022-08-13T12:00:00.000",
        "end_date": "2022-08-13T17:00:00.000",
        "start_formatted": "August 13, 2022 12:00 PM",
        "end_formatted": "August 13, 2022 05:00 PM",
        "street_closure_type": "Full Street Closure",
        "community_board": "1,",
        "police_precinct": "90,"
      }
    },
    {
      "type": "Feature",
      "geometry": {
        "type": "Point",
        "coordinates": [
          -73.9993845,
          40.573898
        ]
      },
      "properties": {
        "event_id": "644525",
        "event_name": "Family Day",
        "event_type": "Block Party",
        "event_agency": "Street Activity Permit Office",
        "event_location": "WEST   33 STREET between MERMAID AVENUE and SURF AVENUE",
        "event_borough": "Brooklyn",
        "start_date": "2022-08-13T12:00:00.000",
        "end_date": "2022-08-13T18:00:00.000",
        "start_formatted": "August 13, 2022 12:00 PM",
        "end_formatted": "August 13, 2022 06:00 PM",
        "street_closure_type": "Full Street Closure",
        "community_board": "13,",
        "police_precinct": "60,"
      }
    },
    {
      "type": "Feature",
      "geometry": {
        "type": "Point",
        "coordinates": [
          -73.9369165,
          40.640489
        ]
      },
      "properties": {
        "event_id": "655244",
        "event_name": "East 42 United Block Party",
        "event_type": "Block Party",
        "event_agency": "Street Activity Permit Office",
        "event_location": "EAST   42 STREET between AVENUE D and FOSTER AVENUE",
        "event_borough": "Brooklyn",
        "start_date": "2022-08-13T12:00:00.000",
        "end_date": "2022-08-13T19:00:00.000",
        "start_formatted": "August 13, 2022 12:00 PM",
        "end_formatted": "August 13, 2022 07:00 PM",
        "street_closure_type": "Full Street Closure",
        "community_board": "17,",
        "police_precinct": "67,"
      }
    },
    {
      "type": "Feature",
      "geometry": {
        "type": "Point",
        "coordinates": [
          -74.0029745,
          40.682858499999995
        ]
      },
      "properties": {
        "event_id": "648650",
        "event_name": "Carroll Street Family Day",
        "event_type": "Block Party",
        "event_agency": "Street Activity Permit Office",
        "event_location": "CARROLL STREET between COLUMBIA STREET and HICKS STREET",
        "event_borough": "Brooklyn",
        "start_date": "2022-08-13T12:00:00.000",
        "end_date": "2022-08-13T19:00:00.000",
        "start_formatted": "August 13, 2022 12:00 PM",
        "end_formatted": "August 13, 2022 07:00 PM",
        "street_closure_type": "Full Street Closure",
        "community_board": "6,",
        "police_precinct": "76,"
      }
    },
    {
      "type": "Feature",
      "geometry": {
        "type": "Point",
        "coordinates": [
          -73.8182795,
          40.6783805
        ]
      },
      "properties": {
        "event_id": "633525",
        "event_name": "Summer Block Party",
        "event_type": "Block Party",
        "event_agency": "Street Activity Permit Office",
        "event_location": "121 STREET between LINDEN BOULEVARD and 115 AVENUE",
        "event_borough": "Queens",
        "start_date": "2022-08-13T12:00:00.000",
        "end_date": "2022-08-13T20:30:00.000",
        "start_formatted": "August 13, 2022 12:00 PM",
        "end_formatted": "August 13, 2022 08:30 PM",
        "street_closure_type": "Full Street Closure",
        "community_board": "10,",
        "police_precinct": "106,"
      }
    },
    {
      "type": "Feature",
      "geometry": {
        "type": "Point",
        "coordinates": [
          -73.946718,
          40.828999499999995
        ]
      },
      "properties": {
        "event_id": "651563",
        "event_name": "W 150th St Block Party",
        "event_type": "Block Party",
        "event_agency": "Street Activity Permit Office",
        "event_location": "WEST  150 STREET between BROADWAY and AMSTERDAM AVENUE",
        "event_borough": "Manhattan",
        "start_date": "2022-08-13T12:00:00.000",
        "end_date": "2022-08-13T18:30:00.000",
        "start_formatted": "August 13, 2022 12:00 PM",
        "end_formatted": "August 13, 2022 06:30 PM",
        "street_closure_type": "Full Street Closure",
        "community_board": "9,",
        "police_precinct": "30,"
      }
    },
    {
      "type": "Feature",
      "geometry": {
        "type": "Point",
        "coordinates": [
          -73.85540800000001,
          40.755877
        ]
      },
      "properties": {
        "event_id": "657722",
        "event_name": "Meadow Manor Family Day",
        "event_type": "Block Party",
        "event_agency": "Street Activity Permit Office",
        "event_location": "113 STREET between 34 AVENUE and 37 AVENUE",
        "event_borough": "Queens",
        "start_date": "2022-08-13T12:00:00.000",
        "end_date": "2022-08-13T20:00:00.000",
        "start_formatted": "August 13, 2022 12:00 PM",
        "end_formatted": "August 13, 2022 08:00 PM",
        "street_closure_type": "Full Street Closure",
        "community_board": "3,",
        "police_precinct": "115,"
      }
    },
    {
      "type": "Feature",
      "geometry": {
        "type": "Point",
        "coordinates": [
          -73.99941050000001,
          40.6774115
        ]
      },
      "properties": {
        "event_id": "652307",
        "event_name": "annual block party 2022",
        "event_type": "Block Party",
        "event_agency": "Street Activity Permit Office",
        "event_location": "LUQUER STREET between CLINTON STREET and COURT STREET",
        "event_borough": "Brooklyn",
        "start_date": "2022-08-13T12:00:00.000",
        "end_date": "2022-08-13T21:00:00.000",
        "start_formatted": "August 13, 2022 12:00 PM",
        "end_formatted": "August 13, 2022 09:00 PM",
        "street_closure_type": "Full Street Closure",
        "community_board": "6,",
        "police_precinct": "76,"
      }
    },
    {
      "type": "Feature",
      "geometry": {
        "type": "Point",
        "coordinates": [
          -73.951836,
          40.6823265
        ]
      },
      "properties": {
        "event_id": "619834",
        "event_name": "Hancock Neighborhood Association  Block Party",
        "event_type": "Block Party",
        "event_agency": "Street Activity Permit Office",
        "event_location": "HANCOCK STREET between BEDFORD AVENUE and NOSTRAND AVENUE",
        "event_borough": "Brooklyn",
        "start_date": "2022-08-13T12:00:00.000",
        "end_date": "2022-08-13T18:00:00.000",
        "start_formatted": "August 13, 2022 12:00 PM",
        "end_formatted": "August 13, 2022 06:00 PM",
        "street_closure_type": "Full Street Closure",
        "community_board": "3,",
        "police_precinct": "79,"
      }
    },
    {
      "type": "Feature",
      "geometry": {
        "type": "Point",
        "coordinates": [
          -73.87760449999999,
          40.7028725
        ]
      },
      "properties": {
        "event_id": "638498",
        "event_name": "Summer Block Party",
        "event_type": "Block Party",
        "event_agency": "Street Activity Permit Office",
        "event_location": "72 PLACE between MYRTLE AVENUE and COOPER AVENUE",
        "event_borough": "Queens",
        "start_date": "2022-08-13T12:00:00.000",
        "end_date": "2022-08-13T21:00:00.000",
        "start_formatted": "August 13, 2022 12:00 PM",
        "end_formatted": "August 13, 2022 09:00 PM",
        "street_closure_type": "Full Street Closure",
        "community_board": "5,",
        "police_precinct": "104,"
      }
    },
    {
      "type": "Feature",
      "geometry": {
        "type": "Point",
        "coordinates": [
          -74.0039715,
          40.649483000000004
        ]
      },
      "properties": {
        "event_id": "580328",
        "event_name": "Six Feet of Separation Block Party",
        "event_type": "Block Party",
        "event_agency": "Street Activity Permit Office",
        "event_location": "41 STREET between 5 AVENUE and 6 AVENUE",
        "event_borough": "Brooklyn",
        "start_date": "2022-08-13T12:00:00.000",
        "end_date": "2022-08-13T21:00:00.000",
        "start_formatted": "August 13, 2022 12:00 PM",
        "end_formatted": "August 13, 2022 09:00 PM",
        "street_closure_type": "Full Street Closure",
        "community_board": "7,",
        "police_precinct": "72,"
      }
    },
    {
      "type": "Feature",
      "geometry": {
        "type": "Point",
        "coordinates": [
          -73.75310300000001,
          40.603266
        ]
      },
      "properties": {
        "event_id": "630245",
        "event_name": "Spring Block Party",
        "event_type": "Block Party",
        "event_agency": "Street Activity Permit Office",
        "event_location": "BEACH   20 STREET between MOTT AVENUE and CORNAGA AVENUE",
        "event_borough": "Queens",
        "start_date": "2022-08-13T12:00:00.000",
        "end_date": "2022-08-13T15:00:00.000",
        "start_formatted": "August 13, 2022 12:00 PM",
        "end_formatted": "August 13, 2022 03:00 PM",
        "street_closure_type": "Full Street Closure",
        "community_board": "14,",
        "police_precinct": "101,"
      }
    },
    {
      "type": "Feature",
      "geometry": {
        "type": "Point",
        "coordinates": [
          -73.9362815,
          40.652456
        ]
      },
      "properties": {
        "event_id": "644112",
        "event_name": "TROY AVE FAMILY DAY",
        "event_type": "Block Party",
        "event_agency": "Street Activity Permit Office",
        "event_location": "TROY AVENUE between CHURCH AVENUE and LINDEN BOULEVARD",
        "event_borough": "Brooklyn",
        "start_date": "2022-08-13T12:00:00.000",
        "end_date": "2022-08-13T19:00:00.000",
        "start_formatted": "August 13, 2022 12:00 PM",
        "end_formatted": "August 13, 2022 07:00 PM",
        "street_closure_type": "Full Street Closure",
        "community_board": "17,",
        "police_precinct": "67,"
      }
    },
    {
      "type": "Feature",
      "geometry": {
        "type": "Point",
        "coordinates": [
          -73.847937,
          40.660617
        ]
      },
      "properties": {
        "event_id": "644947",
        "event_name": "85th Street",
        "event_type": "Block Party",
        "event_agency": "Street Activity Permit Office",
        "event_location": "85 STREET between 157 AVENUE and 158 AVENUE",
        "event_borough": "Queens",
        "start_date": "2022-08-13T12:00:00.000",
        "end_date": "2022-08-13T21:00:00.000",
        "start_formatted": "August 13, 2022 12:00 PM",
        "end_formatted": "August 13, 2022 09:00 PM",
        "street_closure_type": "Full Street Closure",
        "community_board": "10,",
        "police_precinct": "106,"
      }
    },
    {
      "type": "Feature",
      "geometry": {
        "type": "Point",
        "coordinates": [
          -73.85035,
          40.8350755
        ]
      },
      "properties": {
        "event_id": "630241",
        "event_name": "Glebe Ave Block Party",
        "event_type": "Block Party",
        "event_agency": "Street Activity Permit Office",
        "event_location": "GLEBE AVENUE between WESTCHESTER AVENUE and LYON AVENUE",
        "event_borough": "Bronx",
        "start_date": "2022-08-13T12:00:00.000",
        "end_date": "2022-08-13T21:00:00.000",
        "start_formatted": "August 13, 2022 12:00 PM",
        "end_formatted": "August 13, 2022 09:00 PM",
        "street_closure_type": "Full Street Closure",
        "community_board": "10,",
        "police_precinct": "45,"
      }
    },
    {
      "type": "Feature",
      "geometry": {
        "type": "Point",
        "coordinates": [
          -74.1029985,
          40.573991
        ]
      },
      "properties": {
        "event_id": "648335",
        "event_name": "Sanilac street block party",
        "event_type": "Block Party",
        "event_agency": "Street Activity Permit Office",
        "event_location": "SANILAC STREET between GREELEY AVENUE and DEAD END",
        "event_borough": "Staten Island",
        "start_date": "2022-08-13T12:00:00.000",
        "end_date": "2022-08-13T19:00:00.000",
        "start_formatted": "August 13, 2022 12:00 PM",
        "end_formatted": "August 13, 2022 07:00 PM",
        "street_closure_type": "Full Street Closure",
        "community_board": "2,",
        "police_precinct": "122,"
      }
    },
    {
      "type": "Feature",
      "geometry": {
        "type": "Point",
        "coordinates": [
          -73.95272399999999,
          40.647369499999996
        ]
      },
      "properties": {
        "event_id": "641119",
        "event_name": "3RD ANNUAL BLOCK PARTY",
        "event_type": "Block Party",
        "event_agency": "Street Activity Permit Office",
        "event_location": "VERONICA PLACE between ALBERMARLE ROAD and TILDEN AVENUE",
        "event_borough": "Brooklyn",
        "start_date": "2022-08-13T12:00:00.000",
        "end_date": "2022-08-13T18:30:00.000",
        "start_formatted": "August 13, 2022 12:00 PM",
        "end_formatted": "August 13, 2022 06:30 PM",
        "street_closure_type": "Full Street Closure",
        "community_board": "17,",
        "police_precinct": "67,"
      }
    },
    {
      "type": "Feature",
      "geometry": {
        "type": "Point",
        "coordinates": [
          -73.939747,
          40.703991
        ]
      },
      "properties": {
        "event_id": "647211",
        "event_name": "Family Day Hylan Day",
        "event_type": "Block Party",
        "event_agency": "Street Activity Permit Office",
        "event_location": "MOORE STREET between BUSHWICK AVENUE and HUMBOLDT STREET",
        "event_borough": "Brooklyn",
        "start_date": "2022-08-13T12:00:00.000",
        "end_date": "2022-08-13T19:00:00.000",
        "start_formatted": "August 13, 2022 12:00 PM",
        "end_formatted": "August 13, 2022 07:00 PM",
        "street_closure_type": "Full Street Closure",
        "community_board": "1,",
        "police_precinct": "90,"
      }
    },
    {
      "type": "Feature",
      "geometry": {
        "type": "Point",
        "coordinates": [
          -73.7405435,
          40.7062165
        ]
      },
      "properties": {
        "event_id": "634594",
        "event_name": "Block party",
        "event_type": "Block Party",
        "event_agency": "Street Activity Permit Office",
        "event_location": "111 ROAD between SPRINGFIELD BOULEVARD and DELEVAN STREET",
        "event_borough": "Queens",
        "start_date": "2022-08-13T12:00:00.000",
        "end_date": "2022-08-13T18:00:00.000",
        "start_formatted": "August 13, 2022 12:00 PM",
        "end_formatted": "August 13, 2022 06:00 PM",
        "street_closure_type": "Full Street Closure",
        "community_board": "13,",
        "police_precinct": "105,"
      }
    },
    {
      "type": "Feature",
      "geometry": {
        "type": "Point",
        "coordinates": [
          -73.94072299999999,
          40.6402535
        ]
      },
      "properties": {
        "event_id": "646905",
        "event_name": "38th and D Block Party",
        "event_type": "Block Party",
        "event_agency": "Street Activity Permit Office",
        "event_location": "EAST   38 STREET between AVENUE D and FOSTER AVENUE",
        "event_borough": "Brooklyn",
        "start_date": "2022-08-13T12:00:00.000",
        "end_date": "2022-08-13T18:00:00.000",
        "start_formatted": "August 13, 2022 12:00 PM",
        "end_formatted": "August 13, 2022 06:00 PM",
        "street_closure_type": "Full Street Closure",
        "community_board": "17,",
        "police_precinct": "67,"
      }
    },
    {
      "type": "Feature",
      "geometry": {
        "type": "Point",
        "coordinates": [
          -74.236222,
          40.5093435
        ]
      },
      "properties": {
        "event_id": "646224",
        "event_name": "Honey/Blossom Estate Block Party",
        "event_type": "Block Party",
        "event_agency": "Street Activity Permit Office",
        "event_location": "HONEY LANE between JOLINE AVENUE and DEAD END",
        "event_borough": "Staten Island",
        "start_date": "2022-08-13T12:00:00.000",
        "end_date": "2022-08-13T18:00:00.000",
        "start_formatted": "August 13, 2022 12:00 PM",
        "end_formatted": "August 13, 2022 06:00 PM",
        "street_closure_type": "Full Street Closure",
        "community_board": "3,",
        "police_precinct": "123,"
      }
    },
    {
      "type": "Feature",
      "geometry": {
        "type": "Point",
        "coordinates": [
          -73.989853,
          40.7119455
        ]
      },
      "properties": {
        "event_id": "643955",
        "event_name": "Old Timers Stickball Game",
        "event_type": "Block Party",
        "event_agency": "Street Activity Permit Office",
        "event_location": "RUTGERS STREET between CHERRY STREET and MADISON STREET",
        "event_borough": "Manhattan",
        "start_date": "2022-08-13T12:00:00.000",
        "end_date": "2022-08-13T18:00:00.000",
        "start_formatted": "August 13, 2022 12:00 PM",
        "end_formatted": "August 13, 2022 06:00 PM",
        "street_closure_type": "Full Street Closure",
        "community_board": "3,",
        "police_precinct": "7,"
      }
    },
    {
      "type": "Feature",
      "geometry": {
        "type": "Point",
        "coordinates": [
          -73.8157185,
          40.691733
        ]
      },
      "properties": {
        "event_id": "653857",
        "event_name": "Block party",
        "event_type": "Block Party",
        "event_agency": "Street Activity Permit Office",
        "event_location": "131 STREET between 101 AVENUE and 103 AVENUE",
        "event_borough": "Queens",
        "start_date": "2022-08-13T12:00:00.000",
        "end_date": "2022-08-13T21:00:00.000",
        "start_formatted": "August 13, 2022 12:00 PM",
        "end_formatted": "August 13, 2022 09:00 PM",
        "street_closure_type": "Full Street Closure",
        "community_board": "9,",
        "police_precinct": "102,"
      }
    },
    {
      "type": "Feature",
      "geometry": {
        "type": "Point",
        "coordinates": [
          -73.9332055,
          40.6507675
        ]
      },
      "properties": {
        "event_id": "647762",
        "event_name": "Block Party",
        "event_type": "Block Party",
        "event_agency": "Street Activity Permit Office",
        "event_location": "SCHENECTADY AVENUE between CHURCH AVENUE and SNYDER AVENUE",
        "event_borough": "Brooklyn",
        "start_date": "2022-08-13T12:00:00.000",
        "end_date": "2022-08-13T20:00:00.000",
        "start_formatted": "August 13, 2022 12:00 PM",
        "end_formatted": "August 13, 2022 08:00 PM",
        "street_closure_type": "Full Street Closure",
        "community_board": "17,",
        "police_precinct": "67,"
      }
    },
    {
      "type": "Feature",
      "geometry": {
        "type": "Point",
        "coordinates": [
          -73.9183865,
          40.805514
        ]
      },
      "properties": {
        "event_id": "644013",
        "event_name": "NYCHA Family Day Event",
        "event_type": "Block Party",
        "event_agency": "Street Activity Permit Office",
        "event_location": "ST ANNS AVENUE between EAST  137 STREET and EAST  135 STREET",
        "event_borough": "Bronx",
        "start_date": "2022-08-13T12:00:00.000",
        "end_date": "2022-08-13T18:00:00.000",
        "start_formatted": "August 13, 2022 12:00 PM",
        "end_formatted": "August 13, 2022 06:00 PM",
        "street_closure_type": "Full Street Closure",
        "community_board": "1,",
        "police_precinct": "40,"
      }
    },
    {
      "type": "Feature",
      "geometry": {
        "type": "Point",
        "coordinates": [
          -74.15513200000001,
          40.544526000000005
        ]
      },
      "properties": {
        "event_id": "646786",
        "event_name": "Cloverdale block party",
        "event_type": "Block Party",
        "event_agency": "Street Activity Permit Office",
        "event_location": "CLOVERDALE AVENUE between OAKDALE STREET and SYCAMORE STREET",
        "event_borough": "Staten Island",
        "start_date": "2022-08-13T12:00:00.000",
        "end_date": "2022-08-13T21:00:00.000",
        "start_formatted": "August 13, 2022 12:00 PM",
        "end_formatted": "August 13, 2022 09:00 PM",
        "street_closure_type": "Full Street Closure",
        "community_board": "3,",
        "police_precinct": "122,"
      }
    },
    {
      "type": "Feature",
      "geometry": {
        "type": "Point",
        "coordinates": [
          -73.955619,
          40.686388
        ]
      },
      "properties": {
        "event_id": "609203",
        "event_name": "Crown of Light Block Association Block Party",
        "event_type": "Block Party",
        "event_agency": "Street Activity Permit Office",
        "event_location": "QUINCY STREET between BEDFORD AVENUE and FRANKLIN AVENUE",
        "event_borough": "Brooklyn",
        "start_date": "2022-08-13T11:00:00.000",
        "end_date": "2022-08-13T20:00:00.000",
        "start_formatted": "August 13, 2022 11:00 AM",
        "end_formatted": "August 13, 2022 08:00 PM",
        "street_closure_type": "Full Street Closure",
        "community_board": "3,",
        "police_precinct": "79,"
      }
    },
    {
      "type": "Feature",
      "geometry": {
        "type": "Point",
        "coordinates": [
          -73.9061295,
          40.6219655
        ]
      },
      "properties": {
        "event_id": "649284",
        "event_name": "E74th Street Block Party",
        "event_type": "Block Party",
        "event_agency": "Street Activity Permit Office",
        "event_location": "EAST   74 STREET between AVENUE T and AVENUE U",
        "event_borough": "Brooklyn",
        "start_date": "2022-08-13T11:00:00.000",
        "end_date": "2022-08-13T20:00:00.000",
        "start_formatted": "August 13, 2022 11:00 AM",
        "end_formatted": "August 13, 2022 08:00 PM",
        "street_closure_type": "Full Street Closure",
        "community_board": "18,",
        "police_precinct": "63,"
      }
    },
    {
      "type": "Feature",
      "geometry": {
        "type": "Point",
        "coordinates": [
          -73.932659,
          40.7657595
        ]
      },
      "properties": {
        "event_id": "639268",
        "event_name": "Community Church Unity Day",
        "event_type": "Block Party",
        "event_agency": "Street Activity Permit Office",
        "event_location": "BROADWAY between 21 STREET and 14 STREET",
        "event_borough": "Queens",
        "start_date": "2022-08-13T11:00:00.000",
        "end_date": "2022-08-13T17:00:00.000",
        "start_formatted": "August 13, 2022 11:00 AM",
        "end_formatted": "August 13, 2022 05:00 PM",
        "street_closure_type": "Sidewalk and Street Closure",
        "community_board": "1,",
        "police_precinct": "114,"
      }
    },
    {
      "type": "Feature",
      "geometry": {
        "type": "Point",
        "coordinates": [
          -73.8395955,
          40.8897215
        ]
      },
      "properties": {
        "event_id": "633106",
        "event_name": "Wake Fest",
        "event_type": "Block Party",
        "event_agency": "Street Activity Permit Office",
        "event_location": "MURDOCK AVENUE between STRANG AVENUE and EAST  233 STREET",
        "event_borough": "Bronx",
        "start_date": "2022-08-13T11:00:00.000",
        "end_date": "2022-08-13T16:00:00.000",
        "start_formatted": "August 13, 2022 11:00 AM",
        "end_formatted": "August 13, 2022 04:00 PM",
        "street_closure_type": "Full Street Closure",
        "community_board": "12,",
        "police_precinct": "47,"
      }
    },
    {
      "type": "Feature",
      "geometry": {
        "type": "Point",
        "coordinates": [
          -73.8560985,
          40.893896
        ]
      },
      "properties": {
        "event_id": "646743",
        "event_name": "Back To School Rally  Church Block Party",
        "event_type": "Block Party",
        "event_agency": "Street Activity Permit Office",
        "event_location": "EAST  234 STREET between WHITE PLAINS ROAD and BYRON AVENUE",
        "event_borough": "Bronx",
        "start_date": "2022-08-13T11:00:00.000",
        "end_date": "2022-08-13T16:00:00.000",
        "start_formatted": "August 13, 2022 11:00 AM",
        "end_formatted": "August 13, 2022 04:00 PM",
        "street_closure_type": "Full Street Closure",
        "community_board": "12,",
        "police_precinct": "47,"
      }
    },
    {
      "type": "Feature",
      "geometry": {
        "type": "Point",
        "coordinates": [
          -73.959911,
          40.681117
        ]
      },
      "properties": {
        "event_id": "647615",
        "event_name": "Block Party 2022",
        "event_type": "Block Party",
        "event_agency": "Street Activity Permit Office",
        "event_location": "LEFFERTS PLACE between CLASSON AVENUE and GRAND AVENUE",
        "event_borough": "Brooklyn",
        "start_date": "2022-08-13T11:00:00.000",
        "end_date": "2022-08-13T19:30:00.000",
        "start_formatted": "August 13, 2022 11:00 AM",
        "end_formatted": "August 13, 2022 07:30 PM",
        "street_closure_type": "Full Street Closure",
        "community_board": "2,",
        "police_precinct": "88,"
      }
    },
    {
      "type": "Feature",
      "geometry": {
        "type": "Point",
        "coordinates": [
          -73.944257,
          40.6462545
        ]
      },
      "properties": {
        "event_id": "636559",
        "event_name": "e 35th Street Block Party",
        "event_type": "Block Party",
        "event_agency": "Street Activity Permit Office",
        "event_location": "EAST   35 STREET between TILDEN AVENUE and BEVERLY ROAD",
        "event_borough": "Brooklyn",
        "start_date": "2022-08-13T11:00:00.000",
        "end_date": "2022-08-13T19:30:00.000",
        "start_formatted": "August 13, 2022 11:00 AM",
        "end_formatted": "August 13, 2022 07:30 PM",
        "street_closure_type": "Full Street Closure",
        "community_board": "17,",
        "police_precinct": "67,"
      }
    },
    {
      "type": "Feature",
      "geometry": {
        "type": "Point",
        "coordinates": [
          -73.7969025,
          40.69521
        ]
      },
      "properties": {
        "event_id": "641007",
        "event_name": "whos watching the kids 156th street",
        "event_type": "Block Party",
        "event_agency": "Street Activity Permit Office",
        "event_location": "156 STREET between 107 AVENUE and 108 AVENUE",
        "event_borough": "Queens",
        "start_date": "2022-08-13T11:00:00.000",
        "end_date": "2022-08-13T17:00:00.000",
        "start_formatted": "August 13, 2022 11:00 AM",
        "end_formatted": "August 13, 2022 05:00 PM",
        "street_closure_type": "Full Street Closure",
        "community_board": "12,",
        "police_precinct": "103,"
      }
    },
    {
      "type": "Feature",
      "geometry": {
        "type": "Point",
        "coordinates": [
          -73.9686105,
          40.6482935
        ]
      },
      "properties": {
        "event_id": "654824",
        "event_name": "Westminster Block Party",
        "event_type": "Block Party",
        "event_agency": "Street Activity Permit Office",
        "event_location": "WESTMINSTER ROAD between CATON AVENUE and CHURCH AVENUE",
        "event_borough": "Brooklyn",
        "start_date": "2022-08-13T11:00:00.000",
        "end_date": "2022-08-13T20:00:00.000",
        "start_formatted": "August 13, 2022 11:00 AM",
        "end_formatted": "August 13, 2022 08:00 PM",
        "street_closure_type": "Full Street Closure",
        "community_board": "14,",
        "police_precinct": "70,"
      }
    },
    {
      "type": "Feature",
      "geometry": {
        "type": "Point",
        "coordinates": [
          -73.939278,
          40.644326
        ]
      },
      "properties": {
        "event_id": "651108",
        "event_name": "E 40th Street Block party",
        "event_type": "Block Party",
        "event_agency": "Street Activity Permit Office",
        "event_location": "EAST   40 STREET between CORTELYOU ROAD and CLARENDON ROAD",
        "event_borough": "Brooklyn",
        "start_date": "2022-08-13T11:00:00.000",
        "end_date": "2022-08-13T20:00:00.000",
        "start_formatted": "August 13, 2022 11:00 AM",
        "end_formatted": "August 13, 2022 08:00 PM",
        "street_closure_type": "Full Street Closure",
        "community_board": "17,",
        "police_precinct": "67,"
      }
    },
    {
      "type": "Feature",
      "geometry": {
        "type": "Point",
        "coordinates": [
          -73.9489695,
          40.658784999999995
        ]
      },
      "properties": {
        "event_id": "635954",
        "event_name": "FENIMORE STREET BLOCK ASSOCIATION BLOCK PARTY",
        "event_type": "Block Party",
        "event_agency": "Street Activity Permit Office",
        "event_location": "FENIMORE STREET between NEW YORK AVENUE and NOSTRAND AVENUE",
        "event_borough": "Brooklyn",
        "start_date": "2022-08-13T11:00:00.000",
        "end_date": "2022-08-13T19:00:00.000",
        "start_formatted": "August 13, 2022 11:00 AM",
        "end_formatted": "August 13, 2022 07:00 PM",
        "street_closure_type": "Full Street Closure",
        "community_board": "9,",
        "police_precinct": "71,"
      }
    },
    {
      "type": "Feature",
      "geometry": {
        "type": "Point",
        "coordinates": [
          -73.79315249999999,
          40.671187
        ]
      },
      "properties": {
        "event_id": "635633",
        "event_name": "Inwood Street Block Association",
        "event_type": "Block Party",
        "event_agency": "Street Activity Permit Office",
        "event_location": "INWOOD STREET between SUTTER AVENUE and 130 AVENUE",
        "event_borough": "Queens",
        "start_date": "2022-08-13T11:00:00.000",
        "end_date": "2022-08-13T17:00:00.000",
        "start_formatted": "August 13, 2022 11:00 AM",
        "end_formatted": "August 13, 2022 05:00 PM",
        "street_closure_type": "Full Street Closure",
        "community_board": "12,",
        "police_precinct": "113,"
      }
    },
    {
      "type": "Feature",
      "geometry": {
        "type": "Point",
        "coordinates": [
          -73.96099,
          40.6583505
        ]
      },
      "properties": {
        "event_id": "641804",
        "event_name": "CHESTER COURT BLOCK PARTY",
        "event_type": "Block Party",
        "event_agency": "Street Activity Permit Office",
        "event_location": "CHESTER COURT between FLATBUSH AVENUE and DEAD END",
        "event_borough": "Brooklyn",
        "start_date": "2022-08-13T11:00:00.000",
        "end_date": "2022-08-13T18:00:00.000",
        "start_formatted": "August 13, 2022 11:00 AM",
        "end_formatted": "August 13, 2022 06:00 PM",
        "street_closure_type": "Full Street Closure",
        "community_board": "9,",
        "police_precinct": "71,"
      }
    },
    {
      "type": "Feature",
      "geometry": {
        "type": "Point",
        "coordinates": [
          -73.91807349999999,
          40.674358999999995
        ]
      },
      "properties": {
        "event_id": "642600",
        "event_name": "Bergen Street Block Party",
        "event_type": "Block Party",
        "event_agency": "Street Activity Permit Office",
        "event_location": "BERGEN STREET between HOWARD AVENUE and SARATOGA AVENUE",
        "event_borough": "Brooklyn",
        "start_date": "2022-08-13T11:00:00.000",
        "end_date": "2022-08-13T18:00:00.000",
        "start_formatted": "August 13, 2022 11:00 AM",
        "end_formatted": "August 13, 2022 06:00 PM",
        "street_closure_type": "Sidewalk and Street Closure",
        "community_board": "16,",
        "police_precinct": "73,"
      }
    },
    {
      "type": "Feature",
      "geometry": {
        "type": "Point",
        "coordinates": [
          -73.94349299999999,
          40.688534000000004
        ]
      },
      "properties": {
        "event_id": "642723",
        "event_name": "400 Lexington Avenue Block Association Block Party",
        "event_type": "Block Party",
        "event_agency": "Street Activity Permit Office",
        "event_location": "LEXINGTON AVENUE between TOMPKINS AVENUE and THROOP AVENUE",
        "event_borough": "Brooklyn",
        "start_date": "2022-08-13T11:00:00.000",
        "end_date": "2022-08-13T19:00:00.000",
        "start_formatted": "August 13, 2022 11:00 AM",
        "end_formatted": "August 13, 2022 07:00 PM",
        "street_closure_type": "Full Street Closure",
        "community_board": "3,",
        "police_precinct": "79,"
      }
    },
    {
      "type": "Feature",
      "geometry": {
        "type": "Point",
        "coordinates": [
          -73.91799950000001,
          40.669871
        ]
      },
      "properties": {
        "event_id": "649694",
        "event_name": "OPIN SOUP KITCHEN",
        "event_type": "Block Party",
        "event_agency": "Street Activity Permit Office",
        "event_location": "ST JOHNS PLACE between SARATOGA AVENUE and EASTERN PARKWAY",
        "event_borough": "Brooklyn",
        "start_date": "2022-08-13T11:00:00.000",
        "end_date": "2022-08-13T18:00:00.000",
        "start_formatted": "August 13, 2022 11:00 AM",
        "end_formatted": "August 13, 2022 06:00 PM",
        "street_closure_type": "Full Street Closure",
        "community_board": "16,",
        "police_precinct": "73,"
      }
    },
    {
      "type": "Feature",
      "geometry": {
        "type": "Point",
        "coordinates": [
          -73.91594,
          40.683454499999996
        ]
      },
      "properties": {
        "event_id": "637006",
        "event_name": "DBlock",
        "event_type": "Block Party",
        "event_agency": "Street Activity Permit Office",
        "event_location": "DECATUR STREET between SARATOGA AVENUE and THOMAS BOYLAND STREET",
        "event_borough": "Brooklyn",
        "start_date": "2022-08-13T11:00:00.000",
        "end_date": "2022-08-13T18:00:00.000",
        "start_formatted": "August 13, 2022 11:00 AM",
        "end_formatted": "August 13, 2022 06:00 PM",
        "street_closure_type": "Full Street Closure",
        "community_board": "16,",
        "police_precinct": "73,"
      }
    },
    {
      "type": "Feature",
      "geometry": {
        "type": "Point",
        "coordinates": [
          -73.93920299999999,
          40.681533
        ]
      },
      "properties": {
        "event_id": "637301",
        "event_name": "victory block association party",
        "event_type": "Block Party",
        "event_agency": "Street Activity Permit Office",
        "event_location": "MACDONOUGH STREET between THROOP AVENUE and MARCUS GARVEY AVENUE",
        "event_borough": "Brooklyn",
        "start_date": "2022-08-13T11:00:00.000",
        "end_date": "2022-08-13T20:00:00.000",
        "start_formatted": "August 13, 2022 11:00 AM",
        "end_formatted": "August 13, 2022 08:00 PM",
        "street_closure_type": "Full Street Closure",
        "community_board": "3,",
        "police_precinct": "79, 81,"
      }
    },
    {
      "type": "Feature",
      "geometry": {
        "type": "Point",
        "coordinates": [
          -73.934019,
          40.6313215
        ]
      },
      "properties": {
        "event_id": "619025",
        "event_name": "Troy Ave H-I Block Association",
        "event_type": "Block Party",
        "event_agency": "Street Activity Permit Office",
        "event_location": "TROY AVENUE between AVENUE H and AVENUE I",
        "event_borough": "Brooklyn",
        "start_date": "2022-08-13T10:30:00.000",
        "end_date": "2022-08-13T18:30:00.000",
        "start_formatted": "August 13, 2022 10:30 AM",
        "end_formatted": "August 13, 2022 06:30 PM",
        "street_closure_type": "Full Street Closure",
        "community_board": "18,",
        "police_precinct": "63,"
      }
    },
    {
      "type": "Feature",
      "geometry": {
        "type": "Point",
        "coordinates": [
          -73.90358499999999,
          40.8721635
        ]
      },
      "properties": {
        "event_id": "645065",
        "event_name": "KBT4KIDZ",
        "event_type": "Block Party",
        "event_agency": "Street Activity Permit Office",
        "event_location": "KINGSBRIDGE TERRACE between WEST KINGSBRIDGE ROAD  and WEST 229TH STREET",
        "event_borough": "Bronx",
        "start_date": "2022-08-13T10:30:00.000",
        "end_date": "2022-08-13T17:00:00.000",
        "start_formatted": "August 13, 2022 10:30 AM",
        "end_formatted": "August 13, 2022 05:00 PM",
        "street_closure_type": "Full Street Closure",
        "community_board": "7, 8,",
        "police_precinct": "50, 52,"
      }
    },
    {
      "type": "Feature",
      "geometry": {
        "type": "Point",
        "coordinates": [
          -73.95212699999999,
          40.683791
        ]
      },
      "properties": {
        "event_id": "631685",
        "event_name": "Putnam ave Block Party",
        "event_type": "Block Party",
        "event_agency": "Street Activity Permit Office",
        "event_location": "PUTNAM AVENUE between BEDFORD AVENUE and NOSTRAND AVENUE",
        "event_borough": "Brooklyn",
        "start_date": "2022-08-13T10:30:00.000",
        "end_date": "2022-08-13T18:30:00.000",
        "start_formatted": "August 13, 2022 10:30 AM",
        "end_formatted": "August 13, 2022 06:30 PM",
        "street_closure_type": "Full Street Closure",
        "community_board": "3,",
        "police_precinct": "79,"
      }
    },
    {
      "type": "Feature",
      "geometry": {
        "type": "Point",
        "coordinates": [
          -73.9255515,
          40.624815999999996
        ]
      },
      "properties": {
        "event_id": "597500",
        "event_name": "Block Party 2022",
        "event_type": "Block Party",
        "event_agency": "Street Activity Permit Office",
        "event_location": "EAST   52 STREET between AVENUE K and AVENUE L",
        "event_borough": "Brooklyn",
        "start_date": "2022-08-13T10:00:00.000",
        "end_date": "2022-08-13T17:00:00.000",
        "start_formatted": "August 13, 2022 10:00 AM",
        "end_formatted": "August 13, 2022 05:00 PM",
        "street_closure_type": "Full Street Closure",
        "community_board": "18,",
        "police_precinct": "63,"
      }
    },
    {
      "type": "Feature",
      "geometry": {
        "type": "Point",
        "coordinates": [
          -73.9216925,
          40.6515675
        ]
      },
      "properties": {
        "event_id": "655162",
        "event_name": "BLOCK PARTY",
        "event_type": "Block Party",
        "event_agency": "Street Activity Permit Office",
        "event_location": "EAST   59 STREET between CHURCH AVENUE and SNYDER AVENUE",
        "event_borough": "Brooklyn",
        "start_date": "2022-08-13T10:00:00.000",
        "end_date": "2022-08-13T19:00:00.000",
        "start_formatted": "August 13, 2022 10:00 AM",
        "end_formatted": "August 13, 2022 07:00 PM",
        "street_closure_type": "Full Street Closure",
        "community_board": "17,",
        "police_precinct": "67,"
      }
    },
    {
      "type": "Feature",
      "geometry": {
        "type": "Point",
        "coordinates": [
          -73.849363,
          40.6955435
        ]
      },
      "properties": {
        "event_id": "662991",
        "event_name": "Childrens festival.",
        "event_type": "Block Party",
        "event_agency": "Street Activity Permit Office",
        "event_location": "96 STREET between 86 AVENUE and 86 ROAD",
        "event_borough": "Queens",
        "start_date": "2022-08-13T10:00:00.000",
        "end_date": "2022-08-13T13:00:00.000",
        "start_formatted": "August 13, 2022 10:00 AM",
        "end_formatted": "August 13, 2022 01:00 PM",
        "street_closure_type": "Full Street Closure",
        "community_board": "9,",
        "police_precinct": "102,"
      }
    },
    {
      "type": "Feature",
      "geometry": {
        "type": "Point",
        "coordinates": [
          -73.9500295,
          40.6459605
        ]
      },
      "properties": {
        "event_id": "635718",
        "event_name": "BLOCK PARTY",
        "event_type": "Block Party",
        "event_agency": "Street Activity Permit Office",
        "event_location": "EAST   29 STREET between BEVERLEY ROAD and TILDEN AVENUE",
        "event_borough": "Brooklyn",
        "start_date": "2022-08-13T10:00:00.000",
        "end_date": "2022-08-13T19:00:00.000",
        "start_formatted": "August 13, 2022 10:00 AM",
        "end_formatted": "August 13, 2022 07:00 PM",
        "street_closure_type": "Full Street Closure",
        "community_board": "17,",
        "police_precinct": "67,"
      }
    },
    {
      "type": "Feature",
      "geometry": {
        "type": "Point",
        "coordinates": [
          -73.9249015,
          40.6549275
        ]
      },
      "properties": {
        "event_id": "630545",
        "event_name": "Annual Give Back Block Party",
        "event_type": "Block Party",
        "event_agency": "Street Activity Permit Office",
        "event_location": "EAST   56 STREET between LENOX ROAD and LINDEN BOULEVARD",
        "event_borough": "Brooklyn",
        "start_date": "2022-08-13T10:00:00.000",
        "end_date": "2022-08-13T19:00:00.000",
        "start_formatted": "August 13, 2022 10:00 AM",
        "end_formatted": "August 13, 2022 07:00 PM",
        "street_closure_type": "Full Street Closure",
        "community_board": "17,",
        "police_precinct": "67,"
      }
    },
    {
      "type": "Feature",
      "geometry": {
        "type": "Point",
        "coordinates": [
          -73.907561,
          40.6210375
        ]
      },
      "properties": {
        "event_id": "640082",
        "event_name": "E 72nd Street Annual Block Party",
        "event_type": "Block Party",
        "event_agency": "Street Activity Permit Office",
        "event_location": "EAST   72 STREET between AVENUE U and AVENUE T",
        "event_borough": "Brooklyn",
        "start_date": "2022-08-13T10:00:00.000",
        "end_date": "2022-08-13T19:00:00.000",
        "start_formatted": "August 13, 2022 10:00 AM",
        "end_formatted": "August 13, 2022 07:00 PM",
        "street_closure_type": "Full Street Closure",
        "community_board": "18,",
        "police_precinct": "63,"
      }
    },
    {
      "type": "Feature",
      "geometry": {
        "type": "Point",
        "coordinates": [
          -73.795954,
          40.681737
        ]
      },
      "properties": {
        "event_id": "635909",
        "event_name": "Family Fun Day",
        "event_type": "Block Party",
        "event_agency": "Street Activity Permit Office",
        "event_location": "116 AVENUE between INWOOD STREET and 146 STREET",
        "event_borough": "Queens",
        "start_date": "2022-08-13T10:00:00.000",
        "end_date": "2022-08-13T18:00:00.000",
        "start_formatted": "August 13, 2022 10:00 AM",
        "end_formatted": "August 13, 2022 06:00 PM",
        "street_closure_type": "Full Street Closure",
        "community_board": "12,",
        "police_precinct": "113,"
      }
    },
    {
      "type": "Feature",
      "geometry": {
        "type": "Point",
        "coordinates": [
          -73.901251,
          40.662892
        ]
      },
      "properties": {
        "event_id": "653718",
        "event_name": "Junius street Block Party",
        "event_type": "Block Party",
        "event_agency": "Street Activity Permit Office",
        "event_location": "JUNIUS STREET between LIVONIA AVENUE and RIVERDALE AVENUE",
        "event_borough": "Brooklyn",
        "start_date": "2022-08-13T10:00:00.000",
        "end_date": "2022-08-13T17:00:00.000",
        "start_formatted": "August 13, 2022 10:00 AM",
        "end_formatted": "August 13, 2022 05:00 PM",
        "street_closure_type": "Full Street Closure",
        "community_board": "16,",
        "police_precinct": "73,"
      }
    },
    {
      "type": "Feature",
      "geometry": {
        "type": "Point",
        "coordinates": [
          -73.930399,
          40.656648000000004
        ]
      },
      "properties": {
        "event_id": "655533",
        "event_name": "community outreach",
        "event_type": "Block Party",
        "event_agency": "Street Activity Permit Office",
        "event_location": "CLARKSON AVENUE between EAST   51 STREET and UTICA AVENUE",
        "event_borough": "Brooklyn",
        "start_date": "2022-08-13T09:30:00.000",
        "end_date": "2022-08-13T16:00:00.000",
        "start_formatted": "August 13, 2022 09:30 AM",
        "end_formatted": "August 13, 2022 04:00 PM",
        "street_closure_type": "Full Street Closure",
        "community_board": "17,",
        "police_precinct": "67,"
      }
    },
    {
      "type": "Feature",
      "geometry": {
        "type": "Point",
        "coordinates": [
          -73.9473525,
          40.6480015
        ]
      },
      "properties": {
        "event_id": "645860",
        "event_name": "Tilder Celebrates Summer 2022",
        "event_type": "Block Party",
        "event_agency": "Street Activity Permit Office",
        "event_location": "EAST   32 STREET between SNYDER AVENUE and TILDEN AVENUE",
        "event_borough": "Brooklyn",
        "start_date": "2022-08-13T09:00:00.000",
        "end_date": "2022-08-13T18:00:00.000",
        "start_formatted": "August 13, 2022 09:00 AM",
        "end_formatted": "August 13, 2022 06:00 PM",
        "street_closure_type": "Full Street Closure",
        "community_board": "17,",
        "police_precinct": "67,"
      }
    },
    {
      "type": "Feature",
      "geometry": {
        "type": "Point",
        "coordinates": [
          -73.915648,
          40.6819875
        ]
      },
      "properties": {
        "event_id": "655564",
        "event_name": "Love Thy Neighbor",
        "event_type": "Block Party",
        "event_agency": "Street Activity Permit Office",
        "event_location": "CHAUNCEY STREET between THOMAS S BOYLAND STREET and SARATOGA AVENUE",
        "event_borough": "Brooklyn",
        "start_date": "2022-08-13T09:00:00.000",
        "end_date": "2022-08-13T18:00:00.000",
        "start_formatted": "August 13, 2022 09:00 AM",
        "end_formatted": "August 13, 2022 06:00 PM",
        "street_closure_type": "Sidewalk and Street Closure",
        "community_board": "16,",
        "police_precinct": "73,"
      }
    },
    {
      "type": "Feature",
      "geometry": {
        "type": "Point",
        "coordinates": [
          -73.878878,
          40.6806755
        ]
      },
      "properties": {
        "event_id": "660202",
        "event_name": "EAST NY EATS",
        "event_type": "Block Party",
        "event_agency": "Street Activity Permit Office",
        "event_location": "NORWOOD AVENUE between FULTON STREET and ATLANTIC AVENUE",
        "event_borough": "Brooklyn",
        "start_date": "2022-08-12T15:00:00.000",
        "end_date": "2022-08-12T22:00:00.000",
        "start_formatted": "August 12, 2022 03:00 PM",
        "end_formatted": "August 12, 2022 10:00 PM",
        "street_closure_type": "Full Street Closure",
        "community_board": "5,",
        "police_precinct": "75,"
      }
    },
    {
      "type": "Feature",
      "geometry": {
        "type": "Point",
        "coordinates": [
          -73.94547850000001,
          40.791908
        ]
      },
      "properties": {
        "event_id": "650717",
        "event_name": "East Harlem Youth Day",
        "event_type": "Block Party",
        "event_agency": "Street Activity Permit Office",
        "event_location": "EAST  106 STREET between LEXINGTON AVENUE and 3 AVENUE",
        "event_borough": "Manhattan",
        "start_date": "2022-08-10T11:00:00.000",
        "end_date": "2022-08-10T15:00:00.000",
        "start_formatted": "August 10, 2022 11:00 AM",
        "end_formatted": "August 10, 2022 03:00 PM",
        "street_closure_type": "Full Street Closure",
        "community_board": "11,",
        "police_precinct": "23,"
      }
    },
    {
      "type": "Feature",
      "geometry": {
        "type": "Point",
        "coordinates": [
          -73.8919475,
          40.723006
        ]
      },
      "properties": {
        "event_id": "650497",
        "event_name": "Lets Get Together",
        "event_type": "Block Party",
        "event_agency": "Street Activity Permit Office",
        "event_location": "69 PLACE between CALDWELL AVENUE and 60 AVENUE",
        "event_borough": "Queens",
        "start_date": "2022-08-07T13:30:00.000",
        "end_date": "2022-08-07T20:00:00.000",
        "start_formatted": "August 07, 2022 01:30 PM",
        "end_formatted": "August 07, 2022 08:00 PM",
        "street_closure_type": "Full Street Closure",
        "community_board": "5,",
        "police_precinct": "104,"
      }
    },
    {
      "type": "Feature",
      "geometry": {
        "type": "Point",
        "coordinates": [
          -73.93905950000001,
          40.680800000000005
        ]
      },
      "properties": {
        "event_id": "653346",
        "event_name": "Family Day",
        "event_type": "Block Party",
        "event_agency": "Street Activity Permit Office",
        "event_location": "DECATUR STREET between THROOP AVENUE and MARCUS GARVEY BOULEVARD",
        "event_borough": "Brooklyn",
        "start_date": "2022-08-07T13:00:00.000",
        "end_date": "2022-08-07T20:00:00.000",
        "start_formatted": "August 07, 2022 01:00 PM",
        "end_formatted": "August 07, 2022 08:00 PM",
        "street_closure_type": "Full Street Closure",
        "community_board": "3,",
        "police_precinct": "79,"
      }
    },
    {
      "type": "Feature",
      "geometry": {
        "type": "Point",
        "coordinates": [
          -73.935981,
          40.640548
        ]
      },
      "properties": {
        "event_id": "644714",
        "event_name": "First Annual Barbecue",
        "event_type": "Block Party",
        "event_agency": "Street Activity Permit Office",
        "event_location": "EAST   43 STREET between FOSTER AVENUE and AVENUE D",
        "event_borough": "Brooklyn",
        "start_date": "2022-08-07T11:00:00.000",
        "end_date": "2022-08-07T20:00:00.000",
        "start_formatted": "August 07, 2022 11:00 AM",
        "end_formatted": "August 07, 2022 08:00 PM",
        "street_closure_type": "Full Street Closure",
        "community_board": "17,",
        "police_precinct": "67,"
      }
    },
    {
      "type": "Feature",
      "geometry": {
        "type": "Point",
        "coordinates": [
          -73.9421845,
          40.681938
        ]
      },
      "properties": {
        "event_id": "646427",
        "event_name": "Macon St TnT Block Assn",
        "event_type": "Block Party",
        "event_agency": "Street Activity Permit Office",
        "event_location": "MACON STREET between TOMPKINS AVENUE and THROOP AVENUE",
        "event_borough": "Brooklyn",
        "start_date": "2022-08-07T10:00:00.000",
        "end_date": "2022-08-07T19:00:00.000",
        "start_formatted": "August 07, 2022 10:00 AM",
        "end_formatted": "August 07, 2022 07:00 PM",
        "street_closure_type": "Full Street Closure",
        "community_board": "3,",
        "police_precinct": "79,"
      }
    },
    {
      "type": "Feature",
      "geometry": {
        "type": "Point",
        "coordinates": [
          -73.898915,
          40.822476
        ]
      },
      "properties": {
        "event_id": "643523",
        "event_name": "Annual Community Outreach/Summerfest",
        "event_type": "Block Party",
        "event_agency": "Street Activity Permit Office",
        "event_location": "REV JAMES A POLITE AVENUE between EAST 163 STREET and EAST 164 STREET",
        "event_borough": "Bronx",
        "start_date": "2022-08-07T10:00:00.000",
        "end_date": "2022-08-07T17:00:00.000",
        "start_formatted": "August 07, 2022 10:00 AM",
        "end_formatted": "August 07, 2022 05:00 PM",
        "street_closure_type": "Full Street Closure",
        "community_board": "2,",
        "police_precinct": "41,"
      }
    },
    {
      "type": "Feature",
      "geometry": {
        "type": "Point",
        "coordinates": [
          -73.965199,
          40.6945925
        ]
      },
      "properties": {
        "event_id": "651518",
        "event_name": "Ryerson street block assn",
        "event_type": "Block Party",
        "event_agency": "Street Activity Permit Office",
        "event_location": "RYERSON STREET between MYRTLE AVENUE and PARK AVENUE",
        "event_borough": "Brooklyn",
        "start_date": "2022-08-06T14:00:00.000",
        "end_date": "2022-08-06T20:00:00.000",
        "start_formatted": "August 06, 2022 02:00 PM",
        "end_formatted": "August 06, 2022 08:00 PM",
        "street_closure_type": "Full Street Closure",
        "community_board": "2,",
        "police_precinct": "88,"
      }
    },
    {
      "type": "Feature",
      "geometry": {
        "type": "Point",
        "coordinates": [
          -73.938292,
          40.666503500000005
        ]
      },
      "properties": {
        "event_id": "651465",
        "event_name": "Block party",
        "event_type": "Block Party",
        "event_agency": "Street Activity Permit Office",
        "event_location": "CARROLL STREET between ALBANY AVENUE and TROY AVENUE",
        "event_borough": "Brooklyn",
        "start_date": "2022-08-06T14:00:00.000",
        "end_date": "2022-08-06T20:00:00.000",
        "start_formatted": "August 06, 2022 02:00 PM",
        "end_formatted": "August 06, 2022 08:00 PM",
        "street_closure_type": "Full Street Closure",
        "community_board": "9,",
        "police_precinct": "71,"
      }
    },
    {
      "type": "Feature",
      "geometry": {
        "type": "Point",
        "coordinates": [
          -73.98562,
          40.729273
        ]
      },
      "properties": {
        "event_id": "620003",
        "event_name": "Street Theater",
        "event_type": "Block Party",
        "event_agency": "Street Activity Permit Office",
        "event_location": "EAST   10 STREET between 1 AVENUE and 2 AVENUE",
        "event_borough": "Manhattan",
        "start_date": "2022-08-06T14:00:00.000",
        "end_date": "2022-08-06T15:00:00.000",
        "start_formatted": "August 06, 2022 02:00 PM",
        "end_formatted": "August 06, 2022 03:00 PM",
        "street_closure_type": "Full Street Closure",
        "community_board": "3,",
        "police_precinct": "9,"
      }
    },
    {
      "type": "Feature",
      "geometry": {
        "type": "Point",
        "coordinates": [
          -74.1015035,
          40.615908000000005
        ]
      },
      "properties": {
        "event_id": "632928",
        "event_name": "2022 DUDLEY AVE ANNUAL BLOCK PARTY",
        "event_type": "Block Party",
        "event_agency": "Street Activity Permit Office",
        "event_location": "DUDLEY AVENUE between CLOVE ROAD and GRAND AVENUE",
        "event_borough": "Staten Island",
        "start_date": "2022-08-06T14:00:00.000",
        "end_date": "2022-08-06T21:00:00.000",
        "start_formatted": "August 06, 2022 02:00 PM",
        "end_formatted": "August 06, 2022 09:00 PM",
        "street_closure_type": "Full Street Closure",
        "community_board": "1,",
        "police_precinct": "120,"
      }
    },
    {
      "type": "Feature",
      "geometry": {
        "type": "Point",
        "coordinates": [
          -74.10988850000001,
          40.5774145
        ]
      },
      "properties": {
        "event_id": "635687",
        "event_name": "2022 Prescott Block Party",
        "event_type": "Block Party",
        "event_agency": "Street Activity Permit Office",
        "event_location": "PRESCOTT AVENUE between SOUTH RAILROAD AVENUE and EDISON STREET",
        "event_borough": "Staten Island",
        "start_date": "2022-08-06T13:30:00.000",
        "end_date": "2022-08-06T21:00:00.000",
        "start_formatted": "August 06, 2022 01:30 PM",
        "end_formatted": "August 06, 2022 09:00 PM",
        "street_closure_type": "Full Street Closure",
        "community_board": "2,",
        "police_precinct": "122,"
      }
    },
    {
      "type": "Feature",
      "geometry": {
        "type": "Point",
        "coordinates": [
          -73.8741405,
          40.7082515
        ]
      },
      "properties": {
        "event_id": "639490",
        "event_name": "78 street Block Party",
        "event_type": "Block Party",
        "event_agency": "Street Activity Permit Office",
        "event_location": "78 STREET between COOPER AVENUE and 69 ROAD",
        "event_borough": "Queens",
        "start_date": "2022-08-06T13:30:00.000",
        "end_date": "2022-08-06T21:00:00.000",
        "start_formatted": "August 06, 2022 01:30 PM",
        "end_formatted": "August 06, 2022 09:00 PM",
        "street_closure_type": "Full Street Closure",
        "community_board": "5,",
        "police_precinct": "104,"
      }
    },
    {
      "type": "Feature",
      "geometry": {
        "type": "Point",
        "coordinates": [
          -73.7319475,
          40.729725
        ]
      },
      "properties": {
        "event_id": "653321",
        "event_name": "Lyman Street Block Party",
        "event_type": "Block Party",
        "event_agency": "Street Activity Permit Office",
        "event_location": "LYMAN STREET between 88 AVENUE and 89 AVENUE",
        "event_borough": "Queens",
        "start_date": "2022-08-06T13:30:00.000",
        "end_date": "2022-08-06T21:00:00.000",
        "start_formatted": "August 06, 2022 01:30 PM",
        "end_formatted": "August 06, 2022 09:00 PM",
        "street_closure_type": "Sidewalk and Street Closure",
        "community_board": "13,",
        "police_precinct": "105,"
      }
    },
    {
      "type": "Feature",
      "geometry": {
        "type": "Point",
        "coordinates": [
          -73.999216,
          40.657547
        ]
      },
      "properties": {
        "event_id": "635055",
        "event_name": "29th Street block party",
        "event_type": "Block Party",
        "event_agency": "Street Activity Permit Office",
        "event_location": "29 STREET between 4 AVENUE and 5 AVENUE",
        "event_borough": "Brooklyn",
        "start_date": "2022-08-06T13:00:00.000",
        "end_date": "2022-08-06T20:00:00.000",
        "start_formatted": "August 06, 2022 01:00 PM",
        "end_formatted": "August 06, 2022 08:00 PM",
        "street_closure_type": "Full Street Closure",
        "community_board": "7,",
        "police_precinct": "72,"
      }
    },
    {
      "type": "Feature",
      "geometry": {
        "type": "Point",
        "coordinates": [
          -74.18169,
          40.5619395
        ]
      },
      "properties": {
        "event_id": "633035",
        "event_name": "Billings street block party",
        "event_type": "Block Party",
        "event_agency": "Street Activity Permit Office",
        "event_location": "BILLINGS STREET between WOODROW ROAD and KENILWORTH AVENUE",
        "event_borough": "Staten Island",
        "start_date": "2022-08-06T13:00:00.000",
        "end_date": "2022-08-06T21:00:00.000",
        "start_formatted": "August 06, 2022 01:00 PM",
        "end_formatted": "August 06, 2022 09:00 PM",
        "street_closure_type": "Full Street Closure",
        "community_board": "3,",
        "police_precinct": "123,"
      }
    },
    {
      "type": "Feature",
      "geometry": {
        "type": "Point",
        "coordinates": [
          -74.18952250000001,
          40.5502465
        ]
      },
      "properties": {
        "event_id": "657195",
        "event_name": "Almond Street Block Party",
        "event_type": "Block Party",
        "event_agency": "Street Activity Permit Office",
        "event_location": "ALMOND STREET between WOODROW ROAD and VESPA AVENUE",
        "event_borough": "Staten Island",
        "start_date": "2022-08-06T13:00:00.000",
        "end_date": "2022-08-06T21:00:00.000",
        "start_formatted": "August 06, 2022 01:00 PM",
        "end_formatted": "August 06, 2022 09:00 PM",
        "street_closure_type": "Full Street Closure",
        "community_board": "3,",
        "police_precinct": "123,"
      }
    },
    {
      "type": "Feature",
      "geometry": {
        "type": "Point",
        "coordinates": [
          -73.7995975,
          40.594749
        ]
      },
      "properties": {
        "event_id": "647619",
        "event_name": "Play ball",
        "event_type": "Block Party",
        "event_agency": "Street Activity Permit Office",
        "event_location": "THURSBY AVENUE between BEACH   69 STREET and BEACH   72 STREET",
        "event_borough": "Queens",
        "start_date": "2022-08-06T13:00:00.000",
        "end_date": "2022-08-06T20:00:00.000",
        "start_formatted": "August 06, 2022 01:00 PM",
        "end_formatted": "August 06, 2022 08:00 PM",
        "street_closure_type": "Full Street Closure",
        "community_board": "14,",
        "police_precinct": "100,"
      }
    },
    {
      "type": "Feature",
      "geometry": {
        "type": "Point",
        "coordinates": [
          -73.880338,
          40.725010499999996
        ]
      },
      "properties": {
        "event_id": "635006",
        "event_name": "79th Street Block Party 2022",
        "event_type": "Block Party",
        "event_agency": "Street Activity Permit Office",
        "event_location": "79 STREET between CALDWELL AVENUE and ELIOT AVENUE",
        "event_borough": "Queens",
        "start_date": "2022-08-06T13:00:00.000",
        "end_date": "2022-08-06T21:00:00.000",
        "start_formatted": "August 06, 2022 01:00 PM",
        "end_formatted": "August 06, 2022 09:00 PM",
        "street_closure_type": "Full Street Closure",
        "community_board": "5,",
        "police_precinct": "104,"
      }
    },
    {
      "type": "Feature",
      "geometry": {
        "type": "Point",
        "coordinates": [
          -73.8507635,
          40.6602065
        ]
      },
      "properties": {
        "event_id": "631648",
        "event_name": "82nd Street Block Party",
        "event_type": "Block Party",
        "event_agency": "Street Activity Permit Office",
        "event_location": "82 STREET between 157 AVENUE and 158 AVENUE",
        "event_borough": "Queens",
        "start_date": "2022-08-06T13:00:00.000",
        "end_date": "2022-08-06T20:00:00.000",
        "start_formatted": "August 06, 2022 01:00 PM",
        "end_formatted": "August 06, 2022 08:00 PM",
        "street_closure_type": "Full Street Closure",
        "community_board": "10,",
        "police_precinct": "106,"
      }
    },
    {
      "type": "Feature",
      "geometry": {
        "type": "Point",
        "coordinates": [
          -73.92683600000001,
          40.5930835
        ]
      },
      "properties": {
        "event_id": "649808",
        "event_name": "Bevy Court 3rd Annual Block Party",
        "event_type": "Block Party",
        "event_agency": "Street Activity Permit Office",
        "event_location": "BEVY COURT between EVERETT AVENUE and DEVON AVENUE",
        "event_borough": "Brooklyn",
        "start_date": "2022-08-06T13:00:00.000",
        "end_date": "2022-08-06T21:00:00.000",
        "start_formatted": "August 06, 2022 01:00 PM",
        "end_formatted": "August 06, 2022 09:00 PM",
        "street_closure_type": "Full Street Closure",
        "community_board": "15,",
        "police_precinct": "61,"
      }
    },
    {
      "type": "Feature",
      "geometry": {
        "type": "Point",
        "coordinates": [
          -74.1360255,
          40.616494
        ]
      },
      "properties": {
        "event_id": "652861",
        "event_name": "Neal Dow block party",
        "event_type": "Block Party",
        "event_agency": "Street Activity Permit Office",
        "event_location": "NEAL DOW AVENUE between WATERS AVENUE and WATCHOGUE ROAD",
        "event_borough": "Staten Island",
        "start_date": "2022-08-06T13:00:00.000",
        "end_date": "2022-08-06T21:00:00.000",
        "start_formatted": "August 06, 2022 01:00 PM",
        "end_formatted": "August 06, 2022 09:00 PM",
        "street_closure_type": "Sidewalk and Street Closure",
        "community_board": "1,",
        "police_precinct": "121,"
      }
    },
    {
      "type": "Feature",
      "geometry": {
        "type": "Point",
        "coordinates": [
          -74.1478285,
          40.586175499999996
        ]
      },
      "properties": {
        "event_id": "643591",
        "event_name": "Bogota Street",
        "event_type": "Block Party",
        "event_agency": "Street Activity Permit Office",
        "event_location": "BOGOTA STREET between TRAVIS AVENUE and DEAD END",
        "event_borough": "Staten Island",
        "start_date": "2022-08-06T12:30:00.000",
        "end_date": "2022-08-06T20:30:00.000",
        "start_formatted": "August 06, 2022 12:30 PM",
        "end_formatted": "August 06, 2022 08:30 PM",
        "street_closure_type": "Full Street Closure",
        "community_board": "2,",
        "police_precinct": "121,"
      }
    },
    {
      "type": "Feature",
      "geometry": {
        "type": "Point",
        "coordinates": [
          -74.24356800000001,
          40.514436
        ]
      },
      "properties": {
        "event_id": "636812",
        "event_name": "Fisher Avenue",
        "event_type": "Block Party",
        "event_agency": "Street Activity Permit Office",
        "event_location": "FISHER AVENUE between CRAIG AVENUE and ARTHUR KILL ROAD",
        "event_borough": "Staten Island",
        "start_date": "2022-08-06T12:30:00.000",
        "end_date": "2022-08-06T20:30:00.000",
        "start_formatted": "August 06, 2022 12:30 PM",
        "end_formatted": "August 06, 2022 08:30 PM",
        "street_closure_type": "Full Street Closure",
        "community_board": "3,",
        "police_precinct": "123,"
      }
    },
    {
      "type": "Feature",
      "geometry": {
        "type": "Point",
        "coordinates": [
          -73.927774,
          40.654751000000005
        ]
      },
      "properties": {
        "event_id": "658712",
        "event_name": "Elim Fest",
        "event_type": "Block Party",
        "event_agency": "Street Activity Permit Office",
        "event_location": "EAST   53 STREET between LINDEN BOULEVARD and LENOX ROAD",
        "event_borough": "Brooklyn",
        "start_date": "2022-08-06T12:30:00.000",
        "end_date": "2022-08-06T18:00:00.000",
        "start_formatted": "August 06, 2022 12:30 PM",
        "end_formatted": "August 06, 2022 06:00 PM",
        "street_closure_type": "Full Street Closure",
        "community_board": "17,",
        "police_precinct": "67,"
      }
    },
    {
      "type": "Feature",
      "geometry": {
        "type": "Point",
        "coordinates": [
          -73.9323705,
          40.6920605
        ]
      },
      "properties": {
        "event_id": "628233",
        "event_name": "Family day at Lafayette part 10",
        "event_type": "Block Party",
        "event_agency": "Street Activity Permit Office",
        "event_location": "LAFAYETTE AVENUE between MALCOLM X BOULEVARD and STUYVESANT AVENUE",
        "event_borough": "Brooklyn",
        "start_date": "2022-08-06T12:30:00.000",
        "end_date": "2022-08-06T19:00:00.000",
        "start_formatted": "August 06, 2022 12:30 PM",
        "end_formatted": "August 06, 2022 07:00 PM",
        "street_closure_type": "Full Street Closure",
        "community_board": "3,",
        "police_precinct": "81,"
      }
    },
    {
      "type": "Feature",
      "geometry": {
        "type": "Point",
        "coordinates": [
          -74.201892,
          40.530533
        ]
      },
      "properties": {
        "event_id": "649503",
        "event_name": "Ashland Ave Block Party 2022",
        "event_type": "Block Party",
        "event_agency": "Street Activity Permit Office",
        "event_location": "ASHLAND AVENUE between FOSTER ROAD and QUEENSDALE STREET",
        "event_borough": "Staten Island",
        "start_date": "2022-08-06T12:00:00.000",
        "end_date": "2022-08-06T21:00:00.000",
        "start_formatted": "August 06, 2022 12:00 PM",
        "end_formatted": "August 06, 2022 09:00 PM",
        "street_closure_type": "Full Street Closure",
        "community_board": "3,",
        "police_precinct": "123,"
      }
    },
    {
      "type": "Feature",
      "geometry": {
        "type": "Point",
        "coordinates": [
          -73.92092600000001,
          40.6806325
        ]
      },
      "properties": {
        "event_id": "642300",
        "event_name": "George Washington Carver Block Association",
        "event_type": "Block Party",
        "event_agency": "Street Activity Permit Office",
        "event_location": "MARION STREET between HOWARD AVENUE and RALPH AVENUE",
        "event_borough": "Brooklyn",
        "start_date": "2022-08-06T12:00:00.000",
        "end_date": "2022-08-06T20:00:00.000",
        "start_formatted": "August 06, 2022 12:00 PM",
        "end_formatted": "August 06, 2022 08:00 PM",
        "street_closure_type": "Full Street Closure",
        "community_board": "3,",
        "police_precinct": "81,"
      }
    },
    {
      "type": "Feature",
      "geometry": {
        "type": "Point",
        "coordinates": [
          -73.9203225,
          40.65651
        ]
      },
      "properties": {
        "event_id": "626728",
        "event_name": "east 93rd block party Wilmohr  kings",
        "event_type": "Block Party",
        "event_agency": "Street Activity Permit Office",
        "event_location": "EAST   93 STREET between WILLMOHR STREET and KINGS HIGHWAY",
        "event_borough": "Brooklyn",
        "start_date": "2022-08-06T12:00:00.000",
        "end_date": "2022-08-06T20:00:00.000",
        "start_formatted": "August 06, 2022 12:00 PM",
        "end_formatted": "August 06, 2022 08:00 PM",
        "street_closure_type": "Full Street Closure",
        "community_board": "17,",
        "police_precinct": "67,"
      }
    },
    {
      "type": "Feature",
      "geometry": {
        "type": "Point",
        "coordinates": [
          -73.9331105,
          40.6807335
        ]
      },
      "properties": {
        "event_id": "626701",
        "event_name": "Annual Block Party",
        "event_type": "Block Party",
        "event_agency": "Street Activity Permit Office",
        "event_location": "BAINBRIDGE STREET between STUYVESANT AVENUE and LEWIS AVENUE",
        "event_borough": "Brooklyn",
        "start_date": "2022-08-06T12:00:00.000",
        "end_date": "2022-08-06T19:30:00.000",
        "start_formatted": "August 06, 2022 12:00 PM",
        "end_formatted": "August 06, 2022 07:30 PM",
        "street_closure_type": "Full Street Closure",
        "community_board": "3,",
        "police_precinct": "81,"
      }
    },
    {
      "type": "Feature",
      "geometry": {
        "type": "Point",
        "coordinates": [
          -73.927616,
          40.851648499999996
        ]
      },
      "properties": {
        "event_id": "652828",
        "event_name": "187 Block Party",
        "event_type": "Block Party",
        "event_agency": "Street Activity Permit Office",
        "event_location": "WEST  187 STREET between AMSTERDAM AVENUE and LAUREL HILL TERRACE",
        "event_borough": "Manhattan",
        "start_date": "2022-08-06T12:00:00.000",
        "end_date": "2022-08-06T17:00:00.000",
        "start_formatted": "August 06, 2022 12:00 PM",
        "end_formatted": "August 06, 2022 05:00 PM",
        "street_closure_type": "Full Street Closure",
        "community_board": "12,",
        "police_precinct": "34,"
      }
    },
    {
      "type": "Feature",
      "geometry": {
        "type": "Point",
        "coordinates": [
          -73.9952545,
          40.644216
        ]
      },
      "properties": {
        "event_id": "653862",
        "event_name": "Block Party",
        "event_type": "Block Party",
        "event_agency": "Street Activity Permit Office",
        "event_location": "41 STREET between 9 AVENUE and NEW UTRECHT AVENUE",
        "event_borough": "Brooklyn",
        "start_date": "2022-08-06T12:00:00.000",
        "end_date": "2022-08-06T19:00:00.000",
        "start_formatted": "August 06, 2022 12:00 PM",
        "end_formatted": "August 06, 2022 07:00 PM",
        "street_closure_type": "Full Street Closure",
        "community_board": "12,",
        "police_precinct": "66,"
      }
    },
    {
      "type": "Feature",
      "geometry": {
        "type": "Point",
        "coordinates": [
          -73.8869215,
          40.718142
        ]
      },
      "properties": {
        "event_id": "651094",
        "event_name": "69th Lane Block Party",
        "event_type": "Block Party",
        "event_agency": "Street Activity Permit Office",
        "event_location": "69 LANE between 62 AVENUE and DEAD END",
        "event_borough": "Queens",
        "start_date": "2022-08-06T12:00:00.000",
        "end_date": "2022-08-06T20:00:00.000",
        "start_formatted": "August 06, 2022 12:00 PM",
        "end_formatted": "August 06, 2022 08:00 PM",
        "street_closure_type": "Full Street Closure",
        "community_board": "5,",
        "police_precinct": "104,"
      }
    },
    {
      "type": "Feature",
      "geometry": {
        "type": "Point",
        "coordinates": [
          -73.906486,
          40.7028245
        ]
      },
      "properties": {
        "event_id": "646396",
        "event_name": "Block party 2022",
        "event_type": "Block Party",
        "event_agency": "Street Activity Permit Office",
        "event_location": "WOODBINE STREET between ONDERDONK AVENUE and SENECA AVENUE",
        "event_borough": "Queens",
        "start_date": "2022-08-06T12:00:00.000",
        "end_date": "2022-08-06T21:00:00.000",
        "start_formatted": "August 06, 2022 12:00 PM",
        "end_formatted": "August 06, 2022 09:00 PM",
        "street_closure_type": "Full Street Closure",
        "community_board": "5,",
        "police_precinct": "104,"
      }
    },
    {
      "type": "Feature",
      "geometry": {
        "type": "Point",
        "coordinates": [
          -74.000737,
          40.6457065
        ]
      },
      "properties": {
        "event_id": "650194",
        "event_name": "Block party",
        "event_type": "Block Party",
        "event_agency": "Street Activity Permit Office",
        "event_location": "43 STREET between 7 AVENUE and 8 AVENUE",
        "event_borough": "Brooklyn",
        "start_date": "2022-08-06T12:00:00.000",
        "end_date": "2022-08-06T21:00:00.000",
        "start_formatted": "August 06, 2022 12:00 PM",
        "end_formatted": "August 06, 2022 09:00 PM",
        "street_closure_type": "Full Street Closure",
        "community_board": "7,",
        "police_precinct": "72,"
      }
    },
    {
      "type": "Feature",
      "geometry": {
        "type": "Point",
        "coordinates": [
          -73.93398450000001,
          40.6851315
        ]
      },
      "properties": {
        "event_id": "627199",
        "event_name": "2022 Block Party",
        "event_type": "Block Party",
        "event_agency": "Street Activity Permit Office",
        "event_location": "JEFFERSON AVENUE between LEWIS AVENUE and STUYVESANT AVENUE",
        "event_borough": "Brooklyn",
        "start_date": "2022-08-06T12:00:00.000",
        "end_date": "2022-08-06T19:00:00.000",
        "start_formatted": "August 06, 2022 12:00 PM",
        "end_formatted": "August 06, 2022 07:00 PM",
        "street_closure_type": "Full Street Closure",
        "community_board": "3,",
        "police_precinct": "81,"
      }
    },
    {
      "type": "Feature",
      "geometry": {
        "type": "Point",
        "coordinates": [
          -74.098726,
          40.5936435
        ]
      },
      "properties": {
        "event_id": "646403",
        "event_name": "Delaware Avenue Block Party",
        "event_type": "Block Party",
        "event_agency": "Street Activity Permit Office",
        "event_location": "DELAWARE AVENUE between PLATTSBURG STREET and RICHMOND ROAD",
        "event_borough": "Staten Island",
        "start_date": "2022-08-06T12:00:00.000",
        "end_date": "2022-08-06T21:00:00.000",
        "start_formatted": "August 06, 2022 12:00 PM",
        "end_formatted": "August 06, 2022 09:00 PM",
        "street_closure_type": "Full Street Closure",
        "community_board": "2,",
        "police_precinct": "122,"
      }
    },
    {
      "type": "Feature",
      "geometry": {
        "type": "Point",
        "coordinates": [
          -73.9257655,
          40.689818
        ]
      },
      "properties": {
        "event_id": "608844",
        "event_name": "Quincy Street Block Party",
        "event_type": "Block Party",
        "event_agency": "Street Activity Permit Office",
        "event_location": "QUINCY STREET between PATCHEN AVENUE and RALPH AVENUE",
        "event_borough": "Brooklyn",
        "start_date": "2022-08-06T12:00:00.000",
        "end_date": "2022-08-06T20:00:00.000",
        "start_formatted": "August 06, 2022 12:00 PM",
        "end_formatted": "August 06, 2022 08:00 PM",
        "street_closure_type": "Full Street Closure",
        "community_board": "3,",
        "police_precinct": "81,"
      }
    },
    {
      "type": "Feature",
      "geometry": {
        "type": "Point",
        "coordinates": [
          -73.7616075,
          40.6945675
        ]
      },
      "properties": {
        "event_id": "658461",
        "event_name": "Back To School Event",
        "event_type": "Block Party",
        "event_agency": "Street Activity Permit Office",
        "event_location": "115 DRIVE between FARMERS BOULEVARD and 191 STREET",
        "event_borough": "Queens",
        "start_date": "2022-08-06T12:00:00.000",
        "end_date": "2022-08-06T17:00:00.000",
        "start_formatted": "August 06, 2022 12:00 PM",
        "end_formatted": "August 06, 2022 05:00 PM",
        "street_closure_type": "Sidewalk and Curb Lane Closure",
        "community_board": "12,",
        "police_precinct": "113,"
      }
    },
    {
      "type": "Feature",
      "geometry": {
        "type": "Point",
        "coordinates": [
          -73.926784,
          40.627525
        ]
      },
      "properties": {
        "event_id": "622533",
        "event_name": "Block Party",
        "event_type": "Block Party",
        "event_agency": "Street Activity Permit Office",
        "event_location": "EAST   51 STREET between AVENUE J and FLATLANDS AVENUE",
        "event_borough": "Brooklyn",
        "start_date": "2022-08-06T12:00:00.000",
        "end_date": "2022-08-06T18:00:00.000",
        "start_formatted": "August 06, 2022 12:00 PM",
        "end_formatted": "August 06, 2022 06:00 PM",
        "street_closure_type": "Full Street Closure",
        "community_board": "18,",
        "police_precinct": "63,"
      }
    },
    {
      "type": "Feature",
      "geometry": {
        "type": "Point",
        "coordinates": [
          -73.93836049999999,
          40.635726000000005
        ]
      },
      "properties": {
        "event_id": "653349",
        "event_name": "International Fun and Games Day",
        "event_type": "Block Party",
        "event_agency": "Street Activity Permit Office",
        "event_location": "EAST   40 STREET between FARRAGUT ROAD and GLENWOOD ROAD",
        "event_borough": "Brooklyn",
        "start_date": "2022-08-06T12:00:00.000",
        "end_date": "2022-08-06T17:00:00.000",
        "start_formatted": "August 06, 2022 12:00 PM",
        "end_formatted": "August 06, 2022 05:00 PM",
        "street_closure_type": "Full Street Closure",
        "community_board": "17,",
        "police_precinct": "67,"
      }
    },
    {
      "type": "Feature",
      "geometry": {
        "type": "Point",
        "coordinates": [
          -73.93427449999999,
          40.686595999999994
        ]
      },
      "properties": {
        "event_id": "640838",
        "event_name": "L S Madison Street Annual Block Party",
        "event_type": "Block Party",
        "event_agency": "Street Activity Permit Office",
        "event_location": "MADISON STREET between LEWIS AVENUE and STUYVESANT AVENUE",
        "event_borough": "Brooklyn",
        "start_date": "2022-08-06T12:00:00.000",
        "end_date": "2022-08-06T20:00:00.000",
        "start_formatted": "August 06, 2022 12:00 PM",
        "end_formatted": "August 06, 2022 08:00 PM",
        "street_closure_type": "Full Street Closure",
        "community_board": "3,",
        "police_precinct": "81,"
      }
    },
    {
      "type": "Feature",
      "geometry": {
        "type": "Point",
        "coordinates": [
          -73.937382,
          40.825882
        ]
      },
      "properties": {
        "event_id": "643575",
        "event_name": "Harlem River Houses Annual Family Day Celebration",
        "event_type": "Block Party",
        "event_agency": "Street Activity Permit Office",
        "event_location": "WEST  151 STREET between 7 AVENUE and MACOMBS PLACE",
        "event_borough": "Manhattan",
        "start_date": "2022-08-06T12:00:00.000",
        "end_date": "2022-08-06T19:00:00.000",
        "start_formatted": "August 06, 2022 12:00 PM",
        "end_formatted": "August 06, 2022 07:00 PM",
        "street_closure_type": "Full Street Closure",
        "community_board": "10,",
        "police_precinct": "32,"
      }
    },
    {
      "type": "Feature",
      "geometry": {
        "type": "Point",
        "coordinates": [
          -74.2214615,
          40.5452475
        ]
      },
      "properties": {
        "event_id": "643322",
        "event_name": "berkshire lane  block party",
        "event_type": "Block Party",
        "event_agency": "Street Activity Permit Office",
        "event_location": "BERKSHIRE LANE between VETERANS ROAD EAST and WILTSHIRE LANE",
        "event_borough": "Staten Island",
        "start_date": "2022-08-06T12:00:00.000",
        "end_date": "2022-08-06T21:00:00.000",
        "start_formatted": "August 06, 2022 12:00 PM",
        "end_formatted": "August 06, 2022 09:00 PM",
        "street_closure_type": "Full Street Closure",
        "community_board": "3,",
        "police_precinct": "123,"
      }
    },
    {
      "type": "Feature",
      "geometry": {
        "type": "Point",
        "coordinates": [
          -73.909336,
          40.8125055
        ]
      },
      "properties": {
        "event_id": "641075",
        "event_name": "Moore Houses Family Day",
        "event_type": "Block Party",
        "event_agency": "Street Activity Permit Office",
        "event_location": "JACKSON AVENUE between EAST  149 STREET and EAST  147 STREET",
        "event_borough": "Bronx",
        "start_date": "2022-08-06T12:00:00.000",
        "end_date": "2022-08-06T18:00:00.000",
        "start_formatted": "August 06, 2022 12:00 PM",
        "end_formatted": "August 06, 2022 06:00 PM",
        "street_closure_type": "Full Street Closure",
        "community_board": "1,",
        "police_precinct": "40,"
      }
    },
    {
      "type": "Feature",
      "geometry": {
        "type": "Point",
        "coordinates": [
          -73.90695149999999,
          40.698876
        ]
      },
      "properties": {
        "event_id": "651926",
        "event_name": "Block Party",
        "event_type": "Block Party",
        "event_agency": "Street Activity Permit Office",
        "event_location": "CORNELIA STREET between WYCKOFF AVENUE and CYPRESS AVENUE",
        "event_borough": "Queens",
        "start_date": "2022-08-06T12:00:00.000",
        "end_date": "2022-08-06T21:00:00.000",
        "start_formatted": "August 06, 2022 12:00 PM",
        "end_formatted": "August 06, 2022 09:00 PM",
        "street_closure_type": "Full Street Closure",
        "community_board": "4, 5,",
        "police_precinct": "104, 83,"
      }
    },
    {
      "type": "Feature",
      "geometry": {
        "type": "Point",
        "coordinates": [
          -73.856703,
          40.675722
        ]
      },
      "properties": {
        "event_id": "636261",
        "event_name": "Family Fun Gathering Day",
        "event_type": "Block Party",
        "event_agency": "Street Activity Permit Office",
        "event_location": "80 STREET between SUTTER AVENUE and PITKIN AVENUE",
        "event_borough": "Queens",
        "start_date": "2022-08-06T12:00:00.000",
        "end_date": "2022-08-06T21:00:00.000",
        "start_formatted": "August 06, 2022 12:00 PM",
        "end_formatted": "August 06, 2022 09:00 PM",
        "street_closure_type": "Full Street Closure",
        "community_board": "10,",
        "police_precinct": "106,"
      }
    },
    {
      "type": "Feature",
      "geometry": {
        "type": "Point",
        "coordinates": [
          -73.9239135,
          40.691648
        ]
      },
      "properties": {
        "event_id": "651143",
        "event_name": "Goodwin Pl Block Party",
        "event_type": "Block Party",
        "event_agency": "Street Activity Permit Office",
        "event_location": "GOODWIN PLACE between GROVE STREET and GREENE AVENUE",
        "event_borough": "Brooklyn",
        "start_date": "2022-08-06T12:00:00.000",
        "end_date": "2022-08-06T20:00:00.000",
        "start_formatted": "August 06, 2022 12:00 PM",
        "end_formatted": "August 06, 2022 08:00 PM",
        "street_closure_type": "Full Street Closure",
        "community_board": "4,",
        "police_precinct": "83,"
      }
    },
    {
      "type": "Feature",
      "geometry": {
        "type": "Point",
        "coordinates": [
          -73.9412705,
          40.720412
        ]
      },
      "properties": {
        "event_id": "652102",
        "event_name": "Herbert Street Block Party",
        "event_type": "Block Party",
        "event_agency": "Street Activity Permit Office",
        "event_location": "HERBERT STREET between KINGSLAND AVENUE and MONITOR STREET",
        "event_borough": "Brooklyn",
        "start_date": "2022-08-06T12:00:00.000",
        "end_date": "2022-08-06T19:00:00.000",
        "start_formatted": "August 06, 2022 12:00 PM",
        "end_formatted": "August 06, 2022 07:00 PM",
        "street_closure_type": "Full Street Closure",
        "community_board": "1,",
        "police_precinct": "94,"
      }
    },
    {
      "type": "Feature",
      "geometry": {
        "type": "Point",
        "coordinates": [
          -73.942766,
          40.6848685
        ]
      },
      "properties": {
        "event_id": "636662",
        "event_name": "Block Party",
        "event_type": "Block Party",
        "event_agency": "Street Activity Permit Office",
        "event_location": "PUTNAM AVENUE between THROOP AVENUE and TOMPKINS AVENUE",
        "event_borough": "Brooklyn",
        "start_date": "2022-08-06T12:00:00.000",
        "end_date": "2022-08-06T20:00:00.000",
        "start_formatted": "August 06, 2022 12:00 PM",
        "end_formatted": "August 06, 2022 08:00 PM",
        "street_closure_type": "Full Street Closure",
        "community_board": "3,",
        "police_precinct": "79,"
      }
    },
    {
      "type": "Feature",
      "geometry": {
        "type": "Point",
        "coordinates": [
          -74.1571975,
          40.5552195
        ]
      },
      "properties": {
        "event_id": "638256",
        "event_name": "Brookfield Block Party",
        "event_type": "Block Party",
        "event_agency": "Street Activity Permit Office",
        "event_location": "BROOKFIELD AVENUE between LEVERETT AVENUE and GENESEE AVENUE",
        "event_borough": "Staten Island",
        "start_date": "2022-08-06T12:00:00.000",
        "end_date": "2022-08-06T21:00:00.000",
        "start_formatted": "August 06, 2022 12:00 PM",
        "end_formatted": "August 06, 2022 09:00 PM",
        "street_closure_type": "Full Street Closure",
        "community_board": "3,",
        "police_precinct": "122,"
      }
    },
    {
      "type": "Feature",
      "geometry": {
        "type": "Point",
        "coordinates": [
          -73.8874275,
          40.665065
        ]
      },
      "properties": {
        "event_id": "621441",
        "event_name": "Hendrix Street Block Party",
        "event_type": "Block Party",
        "event_agency": "Street Activity Permit Office",
        "event_location": "HENDRIX STREET between NEW LOTS AVENUE and LIVONIA AVENUE",
        "event_borough": "Brooklyn",
        "start_date": "2022-08-06T12:00:00.000",
        "end_date": "2022-08-06T20:00:00.000",
        "start_formatted": "August 06, 2022 12:00 PM",
        "end_formatted": "August 06, 2022 08:00 PM",
        "street_closure_type": "Full Street Closure",
        "community_board": "5,",
        "police_precinct": "75,"
      }
    },
    {
      "type": "Feature",
      "geometry": {
        "type": "Point",
        "coordinates": [
          -73.9147215,
          40.6624895
        ]
      },
      "properties": {
        "event_id": "639948",
        "event_name": "Family and Friends Day",
        "event_type": "Block Party",
        "event_agency": "Street Activity Permit Office",
        "event_location": "STRAUSS STREET between DUMONT AVENUE and LIVONIA AVENUE",
        "event_borough": "Brooklyn",
        "start_date": "2022-08-06T12:00:00.000",
        "end_date": "2022-08-06T19:00:00.000",
        "start_formatted": "August 06, 2022 12:00 PM",
        "end_formatted": "August 06, 2022 07:00 PM",
        "street_closure_type": "Full Street Closure",
        "community_board": "16,",
        "police_precinct": "73,"
      }
    },
    {
      "type": "Feature",
      "geometry": {
        "type": "Point",
        "coordinates": [
          -73.944777,
          40.642335
        ]
      },
      "properties": {
        "event_id": "645812",
        "event_name": "Resident Fun Day",
        "event_type": "Block Party",
        "event_agency": "Street Activity Permit Office",
        "event_location": "EAST   34 STREET between CLARENDON ROAD and AVENUE D",
        "event_borough": "Brooklyn",
        "start_date": "2022-08-06T12:00:00.000",
        "end_date": "2022-08-06T19:00:00.000",
        "start_formatted": "August 06, 2022 12:00 PM",
        "end_formatted": "August 06, 2022 07:00 PM",
        "street_closure_type": "Full Street Closure",
        "community_board": "17,",
        "police_precinct": "67,"
      }
    },
    {
      "type": "Feature",
      "geometry": {
        "type": "Point",
        "coordinates": [
          -74.10986199999999,
          40.6247605
        ]
      },
      "properties": {
        "event_id": "622994",
        "event_name": "6th Annual Hartford Avenue Block Party",
        "event_type": "Block Party",
        "event_agency": "Street Activity Permit Office",
        "event_location": "HARTFORD AVENUE between WHITEWOOD AVENUE and MATHEWS AVENUE",
        "event_borough": "Staten Island",
        "start_date": "2022-08-06T12:00:00.000",
        "end_date": "2022-08-06T21:00:00.000",
        "start_formatted": "August 06, 2022 12:00 PM",
        "end_formatted": "August 06, 2022 09:00 PM",
        "street_closure_type": "Full Street Closure",
        "community_board": "1,",
        "police_precinct": "120,"
      }
    },
    {
      "type": "Feature",
      "geometry": {
        "type": "Point",
        "coordinates": [
          -73.94393249999999,
          40.690729
        ]
      },
      "properties": {
        "event_id": "637837",
        "event_name": "LAFA Block Party",
        "event_type": "Block Party",
        "event_agency": "Street Activity Permit Office",
        "event_location": "LAFAYETTE AVENUE between TOMPKINS AVENUE and THROOP AVENUE",
        "event_borough": "Brooklyn",
        "start_date": "2022-08-06T12:00:00.000",
        "end_date": "2022-08-06T20:00:00.000",
        "start_formatted": "August 06, 2022 12:00 PM",
        "end_formatted": "August 06, 2022 08:00 PM",
        "street_closure_type": "Full Street Closure",
        "community_board": "3,",
        "police_precinct": "79,"
      }
    },
    {
      "type": "Feature",
      "geometry": {
        "type": "Point",
        "coordinates": [
          -74.1305735,
          40.621759
        ]
      },
      "properties": {
        "event_id": "651419",
        "event_name": "Kingsley Ave Block Party",
        "event_type": "Block Party",
        "event_agency": "Street Activity Permit Office",
        "event_location": "KINGSLEY AVENUE between NEW YORK PLACE and JEWETT AVENUE",
        "event_borough": "Staten Island",
        "start_date": "2022-08-06T12:00:00.000",
        "end_date": "2022-08-06T19:00:00.000",
        "start_formatted": "August 06, 2022 12:00 PM",
        "end_formatted": "August 06, 2022 07:00 PM",
        "street_closure_type": "Full Street Closure",
        "community_board": "1,",
        "police_precinct": "120,"
      }
    },
    {
      "type": "Feature",
      "geometry": {
        "type": "Point",
        "coordinates": [
          -73.961187,
          40.6599975
        ]
      },
      "properties": {
        "event_id": "628764",
        "event_name": "Beekman Place Annual Back To School Block Party",
        "event_type": "Block Party",
        "event_agency": "Street Activity Permit Office",
        "event_location": "BEEKMAN PLACE between FLATBUSH AVENUE and DEAD END",
        "event_borough": "Brooklyn",
        "start_date": "2022-08-06T12:00:00.000",
        "end_date": "2022-08-06T19:00:00.000",
        "start_formatted": "August 06, 2022 12:00 PM",
        "end_formatted": "August 06, 2022 07:00 PM",
        "street_closure_type": "Sidewalk and Street Closure",
        "community_board": "9,",
        "police_precinct": "71,"
      }
    },
    {
      "type": "Feature",
      "geometry": {
        "type": "Point",
        "coordinates": [
          -73.9214835,
          40.683567
        ]
      },
      "properties": {
        "event_id": "610918",
        "event_name": "581-645 Macdonough Street Block Association",
        "event_type": "Block Party",
        "event_agency": "Street Activity Permit Office",
        "event_location": "MACDONOUGH STREET between RALPH AVENUE and HOWARD AVENUE",
        "event_borough": "Brooklyn",
        "start_date": "2022-08-06T12:00:00.000",
        "end_date": "2022-08-06T19:00:00.000",
        "start_formatted": "August 06, 2022 12:00 PM",
        "end_formatted": "August 06, 2022 07:00 PM",
        "street_closure_type": "Full Street Closure",
        "community_board": "3,",
        "police_precinct": "81,"
      }
    },
    {
      "type": "Feature",
      "geometry": {
        "type": "Point",
        "coordinates": [
          -73.9043375,
          40.655916000000005
        ]
      },
      "properties": {
        "event_id": "634402",
        "event_name": "Watkins Fun Day",
        "event_type": "Block Party",
        "event_agency": "Street Activity Permit Office",
        "event_location": "WATKINS STREET between HEGEMAN AVENUE and LINDEN BOULEVARD",
        "event_borough": "Brooklyn",
        "start_date": "2022-08-06T12:00:00.000",
        "end_date": "2022-08-06T18:00:00.000",
        "start_formatted": "August 06, 2022 12:00 PM",
        "end_formatted": "August 06, 2022 06:00 PM",
        "street_closure_type": "Full Street Closure",
        "community_board": "16,",
        "police_precinct": "73,"
      }
    },
    {
      "type": "Feature",
      "geometry": {
        "type": "Point",
        "coordinates": [
          -73.9169235,
          40.689955499999996
        ]
      },
      "properties": {
        "event_id": "628191",
        "event_name": "putnam ave block party",
        "event_type": "Block Party",
        "event_agency": "Street Activity Permit Office",
        "event_location": "PUTNAM AVENUE between BUSHWICK AVENUE and EVERGREEN AVENUE",
        "event_borough": "Brooklyn",
        "start_date": "2022-08-06T11:30:00.000",
        "end_date": "2022-08-06T19:00:00.000",
        "start_formatted": "August 06, 2022 11:30 AM",
        "end_formatted": "August 06, 2022 07:00 PM",
        "street_closure_type": "Full Street Closure",
        "community_board": "4,",
        "police_precinct": "83,"
      }
    },
    {
      "type": "Feature",
      "geometry": {
        "type": "Point",
        "coordinates": [
          -73.8821765,
          40.6758815
        ]
      },
      "properties": {
        "event_id": "652275",
        "event_name": "Block party",
        "event_type": "Block Party",
        "event_agency": "Street Activity Permit Office",
        "event_location": "ESSEX STREET between GLENMORE AVENUE and LIBERTY AVENUE",
        "event_borough": "Brooklyn",
        "start_date": "2022-08-06T11:30:00.000",
        "end_date": "2022-08-06T19:30:00.000",
        "start_formatted": "August 06, 2022 11:30 AM",
        "end_formatted": "August 06, 2022 07:30 PM",
        "street_closure_type": "Full Street Closure",
        "community_board": "5,",
        "police_precinct": "75,"
      }
    },
    {
      "type": "Feature",
      "geometry": {
        "type": "Point",
        "coordinates": [
          -74.137962,
          40.615052
        ]
      },
      "properties": {
        "event_id": "653606",
        "event_name": "Block Party",
        "event_type": "Block Party",
        "event_agency": "Street Activity Permit Office",
        "event_location": "CHEVES AVENUE between WATCHOGUE ROAD and MARBLE STREET",
        "event_borough": "Staten Island",
        "start_date": "2022-08-06T11:30:00.000",
        "end_date": "2022-08-06T20:00:00.000",
        "start_formatted": "August 06, 2022 11:30 AM",
        "end_formatted": "August 06, 2022 08:00 PM",
        "street_closure_type": "Full Street Closure",
        "community_board": "1,",
        "police_precinct": "121,"
      }
    },
    {
      "type": "Feature",
      "geometry": {
        "type": "Point",
        "coordinates": [
          -73.954411,
          40.676531
        ]
      },
      "properties": {
        "event_id": "635493",
        "event_name": "Bergen Street Block Party",
        "event_type": "Block Party",
        "event_agency": "Street Activity Permit Office",
        "event_location": "BERGEN STREET between BEDFORD AVENUE and FRANKLIN AVENUE",
        "event_borough": "Brooklyn",
        "start_date": "2022-08-06T11:30:00.000",
        "end_date": "2022-08-06T19:30:00.000",
        "start_formatted": "August 06, 2022 11:30 AM",
        "end_formatted": "August 06, 2022 07:30 PM",
        "street_closure_type": "Full Street Closure",
        "community_board": "8,",
        "police_precinct": "77,"
      }
    },
    {
      "type": "Feature",
      "geometry": {
        "type": "Point",
        "coordinates": [
          -73.924308,
          40.682494000000005
        ]
      },
      "properties": {
        "event_id": "643479",
        "event_name": "D P B Association",
        "event_type": "Block Party",
        "event_agency": "Street Activity Permit Office",
        "event_location": "DECATUR STREET between RALPH AVENUE and PATCHEN AVENUE",
        "event_borough": "Brooklyn",
        "start_date": "2022-08-06T11:00:00.000",
        "end_date": "2022-08-06T19:00:00.000",
        "start_formatted": "August 06, 2022 11:00 AM",
        "end_formatted": "August 06, 2022 07:00 PM",
        "street_closure_type": "Full Street Closure",
        "community_board": "3,",
        "police_precinct": "81,"
      }
    },
    {
      "type": "Feature",
      "geometry": {
        "type": "Point",
        "coordinates": [
          -73.951694,
          40.657006
        ]
      },
      "properties": {
        "event_id": "627070",
        "event_name": "Winthrop Street Block Association",
        "event_type": "Block Party",
        "event_agency": "Street Activity Permit Office",
        "event_location": "WINTHROP STREET between NOSTRAND AVENUE and ROGERS AVENUE",
        "event_borough": "Brooklyn",
        "start_date": "2022-08-06T11:00:00.000",
        "end_date": "2022-08-06T19:00:00.000",
        "start_formatted": "August 06, 2022 11:00 AM",
        "end_formatted": "August 06, 2022 07:00 PM",
        "street_closure_type": "Full Street Closure",
        "community_board": "9,",
        "police_precinct": "71,"
      }
    },
    {
      "type": "Feature",
      "geometry": {
        "type": "Point",
        "coordinates": [
          -73.94190499999999,
          40.642514500000004
        ]
      },
      "properties": {
        "event_id": "645736",
        "event_name": "37th Street Block Party",
        "event_type": "Block Party",
        "event_agency": "Street Activity Permit Office",
        "event_location": "EAST   37 STREET between CLARENDON ROAD and AVENUE D",
        "event_borough": "Brooklyn",
        "start_date": "2022-08-06T11:00:00.000",
        "end_date": "2022-08-06T19:00:00.000",
        "start_formatted": "August 06, 2022 11:00 AM",
        "end_formatted": "August 06, 2022 07:00 PM",
        "street_closure_type": "Full Street Closure",
        "community_board": "17,",
        "police_precinct": "67,"
      }
    },
    {
      "type": "Feature",
      "geometry": {
        "type": "Point",
        "coordinates": [
          -73.93121049999999,
          40.6862005
        ]
      },
      "properties": {
        "event_id": "602841",
        "event_name": "Block Party",
        "event_type": "Block Party",
        "event_agency": "Street Activity Permit Office",
        "event_location": "PUTNAM AVENUE between STUYVESANT AVENUE and MALCOLM X BOULEVARD",
        "event_borough": "Brooklyn",
        "start_date": "2022-08-06T11:00:00.000",
        "end_date": "2022-08-06T18:00:00.000",
        "start_formatted": "August 06, 2022 11:00 AM",
        "end_formatted": "August 06, 2022 06:00 PM",
        "street_closure_type": "Full Street Closure",
        "community_board": "3,",
        "police_precinct": "81,"
      }
    },
    {
      "type": "Feature",
      "geometry": {
        "type": "Point",
        "coordinates": [
          -73.9247435,
          40.684692
        ]
      },
      "properties": {
        "event_id": "625088",
        "event_name": "Halsey Ralph Patchen Block Association",
        "event_type": "Block Party",
        "event_agency": "Street Activity Permit Office",
        "event_location": "HALSEY STREET between RALPH AVENUE and PATCHEN AVENUE",
        "event_borough": "Brooklyn",
        "start_date": "2022-08-06T11:00:00.000",
        "end_date": "2022-08-06T18:00:00.000",
        "start_formatted": "August 06, 2022 11:00 AM",
        "end_formatted": "August 06, 2022 06:00 PM",
        "street_closure_type": "Full Street Closure",
        "community_board": "3,",
        "police_precinct": "81,"
      }
    },
    {
      "type": "Feature",
      "geometry": {
        "type": "Point",
        "coordinates": [
          -73.9114155,
          40.6979535
        ]
      },
      "properties": {
        "event_id": "625568",
        "event_name": "Summerween",
        "event_type": "Block Party",
        "event_agency": "Street Activity Permit Office",
        "event_location": "WOODBINE STREET between IRVING AVENUE and RIDGEWOOD PLACE",
        "event_borough": "Brooklyn",
        "start_date": "2022-08-06T11:00:00.000",
        "end_date": "2022-08-06T20:00:00.000",
        "start_formatted": "August 06, 2022 11:00 AM",
        "end_formatted": "August 06, 2022 08:00 PM",
        "street_closure_type": "Full Street Closure",
        "community_board": "4,",
        "police_precinct": "83,"
      }
    },
    {
      "type": "Feature",
      "geometry": {
        "type": "Point",
        "coordinates": [
          -73.92536100000001,
          40.701651
        ]
      },
      "properties": {
        "event_id": "652813",
        "event_name": "Block Party",
        "event_type": "Block Party",
        "event_agency": "Street Activity Permit Office",
        "event_location": "WILLOUGHBY AVENUE between WILSON AVENUE and KNICKERBOCKER AVENUE",
        "event_borough": "Brooklyn",
        "start_date": "2022-08-06T11:00:00.000",
        "end_date": "2022-08-06T20:00:00.000",
        "start_formatted": "August 06, 2022 11:00 AM",
        "end_formatted": "August 06, 2022 08:00 PM",
        "street_closure_type": "Full Street Closure",
        "community_board": "4,",
        "police_precinct": "83,"
      }
    },
    {
      "type": "Feature",
      "geometry": {
        "type": "Point",
        "coordinates": [
          -73.939982,
          40.633305
        ]
      },
      "properties": {
        "event_id": "641651",
        "event_name": "East 38th Street Block Association",
        "event_type": "Block Party",
        "event_agency": "Street Activity Permit Office",
        "event_location": "EAST   38 STREET between GLENWOOD ROAD and AVENUE H",
        "event_borough": "Brooklyn",
        "start_date": "2022-08-06T11:00:00.000",
        "end_date": "2022-08-06T20:00:00.000",
        "start_formatted": "August 06, 2022 11:00 AM",
        "end_formatted": "August 06, 2022 08:00 PM",
        "street_closure_type": "Full Street Closure",
        "community_board": "17,",
        "police_precinct": "67,"
      }
    },
    {
      "type": "Feature",
      "geometry": {
        "type": "Point",
        "coordinates": [
          -73.912992,
          40.682293
        ]
      },
      "properties": {
        "event_id": "628238",
        "event_name": "Chauncey Street Block Associattion",
        "event_type": "Block Party",
        "event_agency": "Street Activity Permit Office",
        "event_location": "CHAUNCEY STREET between THOMAS BOYLAND STREET and ROCKAWAY AVENUE",
        "event_borough": "Brooklyn",
        "start_date": "2022-08-06T11:00:00.000",
        "end_date": "2022-08-06T20:00:00.000",
        "start_formatted": "August 06, 2022 11:00 AM",
        "end_formatted": "August 06, 2022 08:00 PM",
        "street_closure_type": "Full Street Closure",
        "community_board": "16,",
        "police_precinct": "73,"
      }
    },
    {
      "type": "Feature",
      "geometry": {
        "type": "Point",
        "coordinates": [
          -73.910075,
          40.683803
        ]
      },
      "properties": {
        "event_id": "649706",
        "event_name": "1ST MOFFAT STREET BLOCK ASSOCIATION BLOCK PARTY",
        "event_type": "Block Party",
        "event_agency": "Street Activity Permit Office",
        "event_location": "MOFFAT STREET between BUSHWICK AVENUE and BROADWAY",
        "event_borough": "Brooklyn",
        "start_date": "2022-08-06T11:00:00.000",
        "end_date": "2022-08-06T20:00:00.000",
        "start_formatted": "August 06, 2022 11:00 AM",
        "end_formatted": "August 06, 2022 08:00 PM",
        "street_closure_type": "Full Street Closure",
        "community_board": "4,",
        "police_precinct": "83,"
      }
    },
    {
      "type": "Feature",
      "geometry": {
        "type": "Point",
        "coordinates": [
          -73.948865,
          40.6724555
        ]
      },
      "properties": {
        "event_id": "640057",
        "event_name": "Family Fun day",
        "event_type": "Block Party",
        "event_agency": "Street Activity Permit Office",
        "event_location": "STERLING PLACE between NOSTRAND AVENUE and NEW YORK AVENUE",
        "event_borough": "Brooklyn",
        "start_date": "2022-08-06T11:00:00.000",
        "end_date": "2022-08-06T19:00:00.000",
        "start_formatted": "August 06, 2022 11:00 AM",
        "end_formatted": "August 06, 2022 07:00 PM",
        "street_closure_type": "Full Street Closure",
        "community_board": "8,",
        "police_precinct": "77,"
      }
    },
    {
      "type": "Feature",
      "geometry": {
        "type": "Point",
        "coordinates": [
          -73.924814,
          40.626998
        ]
      },
      "properties": {
        "event_id": "623022",
        "event_name": "East 53rd st Block Party",
        "event_type": "Block Party",
        "event_agency": "Street Activity Permit Office",
        "event_location": "EAST   53 STREET between FLATLAND AVENUE and AVENUE K",
        "event_borough": "Brooklyn",
        "start_date": "2022-08-06T11:00:00.000",
        "end_date": "2022-08-06T20:00:00.000",
        "start_formatted": "August 06, 2022 11:00 AM",
        "end_formatted": "August 06, 2022 08:00 PM",
        "street_closure_type": "Full Street Closure",
        "community_board": "18,",
        "police_precinct": "63,"
      }
    },
    {
      "type": "Feature",
      "geometry": {
        "type": "Point",
        "coordinates": [
          -73.9102865,
          40.6819095
        ]
      },
      "properties": {
        "event_id": "645717",
        "event_name": "400 Marion Street Block Association",
        "event_type": "Block Party",
        "event_agency": "Street Activity Permit Office",
        "event_location": "MARION STREET between BROADWAY and ROCKAWAY AVENUE",
        "event_borough": "Brooklyn",
        "start_date": "2022-08-06T11:00:00.000",
        "end_date": "2022-08-06T18:00:00.000",
        "start_formatted": "August 06, 2022 11:00 AM",
        "end_formatted": "August 06, 2022 06:00 PM",
        "street_closure_type": "Full Street Closure",
        "community_board": "16,",
        "police_precinct": "73,"
      }
    },
    {
      "type": "Feature",
      "geometry": {
        "type": "Point",
        "coordinates": [
          -73.942328,
          40.682671
        ]
      },
      "properties": {
        "event_id": "638210",
        "event_name": "Halsey TNT Block Association",
        "event_type": "Block Party",
        "event_agency": "Street Activity Permit Office",
        "event_location": "HALSEY STREET between THROOP AVENUE and TOMPKINS AVENUE",
        "event_borough": "Brooklyn",
        "start_date": "2022-08-06T11:00:00.000",
        "end_date": "2022-08-06T20:00:00.000",
        "start_formatted": "August 06, 2022 11:00 AM",
        "end_formatted": "August 06, 2022 08:00 PM",
        "street_closure_type": "Full Street Closure",
        "community_board": "3,",
        "police_precinct": "79,"
      }
    },
    {
      "type": "Feature",
      "geometry": {
        "type": "Point",
        "coordinates": [
          -73.945615,
          40.67742749999999
        ]
      },
      "properties": {
        "event_id": "624724",
        "event_name": "Pacific Street Block Party",
        "event_type": "Block Party",
        "event_agency": "Street Activity Permit Office",
        "event_location": "PACIFIC STREET between NEW YORK AVENUE and BROOKLYN AVENUE",
        "event_borough": "Brooklyn",
        "start_date": "2022-08-06T11:00:00.000",
        "end_date": "2022-08-06T18:00:00.000",
        "start_formatted": "August 06, 2022 11:00 AM",
        "end_formatted": "August 06, 2022 06:00 PM",
        "street_closure_type": "Sidewalk and Street Closure",
        "community_board": "8,",
        "police_precinct": "77,"
      }
    },
    {
      "type": "Feature",
      "geometry": {
        "type": "Point",
        "coordinates": [
          -73.7290815,
          40.700862
        ]
      },
      "properties": {
        "event_id": "628164",
        "event_name": "227/114 Road Block Party",
        "event_type": "Block Party",
        "event_agency": "Street Activity Permit Office",
        "event_location": "114 ROAD between 227 STREET and CROSS ISLAND PARKWAY",
        "event_borough": "Queens",
        "start_date": "2022-08-06T10:00:00.000",
        "end_date": "2022-08-06T18:00:00.000",
        "start_formatted": "August 06, 2022 10:00 AM",
        "end_formatted": "August 06, 2022 06:00 PM",
        "street_closure_type": "Full Street Closure",
        "community_board": "13,",
        "police_precinct": "105,"
      }
    },
    {
      "type": "Feature",
      "geometry": {
        "type": "Point",
        "coordinates": [
          -73.9799745,
          40.6363585
        ]
      },
      "properties": {
        "event_id": "638858",
        "event_name": "Festival International",
        "event_type": "Block Party",
        "event_agency": "Street Activity Permit Office",
        "event_location": "16 AVENUE between 39 STREET and 40 STREET",
        "event_borough": "Brooklyn",
        "start_date": "2022-08-06T10:00:00.000",
        "end_date": "2022-08-06T17:00:00.000",
        "start_formatted": "August 06, 2022 10:00 AM",
        "end_formatted": "August 06, 2022 05:00 PM",
        "street_closure_type": "Full Street Closure",
        "community_board": "12,",
        "police_precinct": "66,"
      }
    },
    {
      "type": "Feature",
      "geometry": {
        "type": "Point",
        "coordinates": [
          -73.9304935,
          40.652769500000005
        ]
      },
      "properties": {
        "event_id": "619668",
        "event_name": "Unity Walk 2022",
        "event_type": "Block Party",
        "event_agency": "Street Activity Permit Office",
        "event_location": "UTICA AVENUE between LINDEN BOULEVARD and CHURCH AVENUE",
        "event_borough": "Brooklyn",
        "start_date": "2022-08-06T10:00:00.000",
        "end_date": "2022-08-06T18:00:00.000",
        "start_formatted": "August 06, 2022 10:00 AM",
        "end_formatted": "August 06, 2022 06:00 PM",
        "street_closure_type": "Full Street Closure",
        "community_board": "17,",
        "police_precinct": "67,"
      }
    },
    {
      "type": "Feature",
      "geometry": {
        "type": "Point",
        "coordinates": [
          -74.003876,
          40.653072
        ]
      },
      "properties": {
        "event_id": "644918",
        "event_name": "37th Street Block Party",
        "event_type": "Block Party",
        "event_agency": "Street Activity Permit Office",
        "event_location": "37 STREET between 4 AVENUE and 5 AVENUE",
        "event_borough": "Brooklyn",
        "start_date": "2022-08-06T10:00:00.000",
        "end_date": "2022-08-06T19:00:00.000",
        "start_formatted": "August 06, 2022 10:00 AM",
        "end_formatted": "August 06, 2022 07:00 PM",
        "street_closure_type": "Full Street Closure",
        "community_board": "7,",
        "police_precinct": "72,"
      }
    },
    {
      "type": "Feature",
      "geometry": {
        "type": "Point",
        "coordinates": [
          -73.79048599999999,
          40.670825
        ]
      },
      "properties": {
        "event_id": "639137",
        "event_name": "148 Street Block Association Block Party",
        "event_type": "Block Party",
        "event_agency": "Street Activity Permit Office",
        "event_location": "148 STREET between SUTTER AVENUE and 130 AVENUE",
        "event_borough": "Queens",
        "start_date": "2022-08-06T10:00:00.000",
        "end_date": "2022-08-06T17:00:00.000",
        "start_formatted": "August 06, 2022 10:00 AM",
        "end_formatted": "August 06, 2022 05:00 PM",
        "street_closure_type": "Full Street Closure",
        "community_board": "12,",
        "police_precinct": "113,"
      }
    },
    {
      "type": "Feature",
      "geometry": {
        "type": "Point",
        "coordinates": [
          -74.13129649999999,
          40.6357735
        ]
      },
      "properties": {
        "event_id": "632810",
        "event_name": "Summer celebration",
        "event_type": "Block Party",
        "event_agency": "Street Activity Permit Office",
        "event_location": "NEW STREET between HEBERTON AVENUE and COTTAGE PLACE",
        "event_borough": "Staten Island",
        "start_date": "2022-08-06T10:00:00.000",
        "end_date": "2022-08-06T18:00:00.000",
        "start_formatted": "August 06, 2022 10:00 AM",
        "end_formatted": "August 06, 2022 06:00 PM",
        "street_closure_type": "Full Street Closure",
        "community_board": "1,",
        "police_precinct": "120,"
      }
    },
    {
      "type": "Feature",
      "geometry": {
        "type": "Point",
        "coordinates": [
          -73.957767,
          40.6846415
        ]
      },
      "properties": {
        "event_id": "642357",
        "event_name": "Monroe St Number One Block Party",
        "event_type": "Block Party",
        "event_agency": "Street Activity Permit Office",
        "event_location": "MONROE STREET between CLASSON AVENUE and FRANKLIN AVENUE",
        "event_borough": "Brooklyn",
        "start_date": "2022-08-06T10:00:00.000",
        "end_date": "2022-08-06T19:00:00.000",
        "start_formatted": "August 06, 2022 10:00 AM",
        "end_formatted": "August 06, 2022 07:00 PM",
        "street_closure_type": "Full Street Closure",
        "community_board": "3,",
        "police_precinct": "79,"
      }
    },
    {
      "type": "Feature",
      "geometry": {
        "type": "Point",
        "coordinates": [
          -73.9821035,
          40.6722265
        ]
      },
      "properties": {
        "event_id": "647761",
        "event_name": "3rd Street Block Party 2022",
        "event_type": "Block Party",
        "event_agency": "Street Activity Permit Office",
        "event_location": "3 STREET between 5 AVENUE and 6 AVENUE",
        "event_borough": "Brooklyn",
        "start_date": "2022-08-06T10:00:00.000",
        "end_date": "2022-08-06T17:00:00.000",
        "start_formatted": "August 06, 2022 10:00 AM",
        "end_formatted": "August 06, 2022 05:00 PM",
        "street_closure_type": "Full Street Closure",
        "community_board": "6,",
        "police_precinct": "78,"
      }
    },
    {
      "type": "Feature",
      "geometry": {
        "type": "Point",
        "coordinates": [
          -73.9518065,
          40.7106225
        ]
      },
      "properties": {
        "event_id": "649719",
        "event_name": "Church Festival",
        "event_type": "Block Party",
        "event_agency": "Street Activity Permit Office",
        "event_location": "HOOPER STREET between BORINQUEN PLACE and SOUTH    1 STREET",
        "event_borough": "Brooklyn",
        "start_date": "2022-08-06T09:00:00.000",
        "end_date": "2022-08-06T18:00:00.000",
        "start_formatted": "August 06, 2022 09:00 AM",
        "end_formatted": "August 06, 2022 06:00 PM",
        "street_closure_type": "Full Street Closure",
        "community_board": "1,",
        "police_precinct": "90,"
      }
    },
    {
      "type": "Feature",
      "geometry": {
        "type": "Point",
        "coordinates": [
          -73.93339850000001,
          40.6182515
        ]
      },
      "properties": {
        "event_id": "622718",
        "event_name": "Block closing",
        "event_type": "Block Party",
        "event_agency": "Street Activity Permit Office",
        "event_location": "HENDRICKSON STREET between QUENTIN ROAD and AVENUE P",
        "event_borough": "Brooklyn",
        "start_date": "2022-08-06T09:00:00.000",
        "end_date": "2022-08-06T18:00:00.000",
        "start_formatted": "August 06, 2022 09:00 AM",
        "end_formatted": "August 06, 2022 06:00 PM",
        "street_closure_type": "Full Street Closure",
        "community_board": "18,",
        "police_precinct": "63,"
      }
    },
    {
      "type": "Feature",
      "geometry": {
        "type": "Point",
        "coordinates": [
          -73.7950735,
          40.681985499999996
        ]
      },
      "properties": {
        "event_id": "646501",
        "event_name": "prayer walk community fun day",
        "event_type": "Block Party",
        "event_agency": "Street Activity Permit Office",
        "event_location": "116 AVENUE between 146 STREET and 147 STREET",
        "event_borough": "Queens",
        "start_date": "2022-08-06T09:00:00.000",
        "end_date": "2022-08-06T16:00:00.000",
        "start_formatted": "August 06, 2022 09:00 AM",
        "end_formatted": "August 06, 2022 04:00 PM",
        "street_closure_type": "Full Street Closure",
        "community_board": "12,",
        "police_precinct": "113,"
      }
    },
    {
      "type": "Feature",
      "geometry": {
        "type": "Point",
        "coordinates": [
          -73.91607099999999,
          40.663886000000005
        ]
      },
      "properties": {
        "event_id": "623829",
        "event_name": "Annual Block Party",
        "event_type": "Block Party",
        "event_agency": "Street Activity Permit Office",
        "event_location": "SARATOGA AVENUE between BLAKE AVENUE and DUMONT AVENUE",
        "event_borough": "Brooklyn",
        "start_date": "2022-08-06T09:00:00.000",
        "end_date": "2022-08-06T18:00:00.000",
        "start_formatted": "August 06, 2022 09:00 AM",
        "end_formatted": "August 06, 2022 06:00 PM",
        "street_closure_type": "Full Street Closure",
        "community_board": "16,",
        "police_precinct": "73,"
      }
    },
    {
      "type": "Feature",
      "geometry": {
        "type": "Point",
        "coordinates": [
          -73.93567100000001,
          40.805333
        ]
      },
      "properties": {
        "event_id": "632237",
        "event_name": "Family Day",
        "event_type": "Block Party",
        "event_agency": "Street Activity Permit Office",
        "event_location": "EAST  127 STREET between 3 AVENUE and LEXINGTON AVENUE",
        "event_borough": "Manhattan",
        "start_date": "2022-08-05T10:30:00.000",
        "end_date": "2022-08-05T16:30:00.000",
        "start_formatted": "August 05, 2022 10:30 AM",
        "end_formatted": "August 05, 2022 04:30 PM",
        "street_closure_type": "Full Street Closure",
        "community_board": "11,",
        "police_precinct": "25,"
      }
    },
    {
      "type": "Feature",
      "geometry": {
        "type": "Point",
        "coordinates": [
          -73.937637,
          40.638090500000004
        ]
      },
      "properties": {
        "event_id": "644238",
        "event_name": "YOUTH HAPPENN",
        "event_type": "Block Party",
        "event_agency": "Street Activity Permit Office",
        "event_location": "ALBANY AVENUE between FOSTER AVENUE and FARRAGUT ROAD",
        "event_borough": "Brooklyn",
        "start_date": "2022-08-04T10:00:00.000",
        "end_date": "2022-08-04T16:00:00.000",
        "start_formatted": "August 04, 2022 10:00 AM",
        "end_formatted": "August 04, 2022 04:00 PM",
        "street_closure_type": "Full Street Closure",
        "community_board": "17,",
        "police_precinct": "67,"
      }
    },
    {
      "type": "Feature",
      "geometry": {
        "type": "Point",
        "coordinates": [
          -73.94182749999999,
          40.694720000000004
        ]
      },
      "properties": {
        "event_id": "633892",
        "event_name": "Community Day 2022",
        "event_type": "Block Party",
        "event_agency": "Street Activity Permit Office",
        "event_location": "WILLOUGHBY AVENUE between THROOP AVENUE and MARCUS GARVEY BOULEVARD",
        "event_borough": "Brooklyn",
        "start_date": "2022-08-03T10:00:00.000",
        "end_date": "2022-08-03T17:00:00.000",
        "start_formatted": "August 03, 2022 10:00 AM",
        "end_formatted": "August 03, 2022 05:00 PM",
        "street_closure_type": "Full Street Closure",
        "community_board": "3,",
        "police_precinct": "79,"
      }
    },
    {
      "type": "Feature",
      "geometry": {
        "type": "Point",
        "coordinates": [
          -73.929608,
          40.6583875
        ]
      },
      "properties": {
        "event_id": "626145",
        "event_name": "Street Festival",
        "event_type": "Block Party",
        "event_agency": "Street Activity Permit Office",
        "event_location": "WINTHROP STREET between EAST   52 STREET and EAST   51 STREET",
        "event_borough": "Brooklyn",
        "start_date": "2022-07-31T11:00:00.000",
        "end_date": "2022-07-31T19:00:00.000",
        "start_formatted": "July 31, 2022 11:00 AM",
        "end_formatted": "July 31, 2022 07:00 PM",
        "street_closure_type": "Full Street Closure",
        "community_board": "17,",
        "police_precinct": "67,"
      }
    },
    {
      "type": "Feature",
      "geometry": {
        "type": "Point",
        "coordinates": [
          -73.976206,
          40.680365
        ]
      },
      "properties": {
        "event_id": "656464",
        "event_name": "Saint Marks Ave btwn 5th  6th Ave Block Party",
        "event_type": "Block Party",
        "event_agency": "Street Activity Permit Office",
        "event_location": "SAINT MARKS AVENUE between 5 AVENUE and 6 AVENUE",
        "event_borough": "Brooklyn",
        "start_date": "2022-07-31T10:00:00.000",
        "end_date": "2022-07-31T19:00:00.000",
        "start_formatted": "July 31, 2022 10:00 AM",
        "end_formatted": "July 31, 2022 07:00 PM",
        "street_closure_type": "Full Street Closure",
        "community_board": "6,",
        "police_precinct": "78,"
      }
    },
    {
      "type": "Feature",
      "geometry": {
        "type": "Point",
        "coordinates": [
          -73.94157150000001,
          40.6760325
        ]
      },
      "properties": {
        "event_id": "651281",
        "event_name": "Whats on your mind",
        "event_type": "Block Party",
        "event_agency": "Street Activity Permit Office",
        "event_location": "KINGSTON AVENUE between BERGEN STREET and DEAN STREET",
        "event_borough": "Brooklyn",
        "start_date": "2022-07-30T15:00:00.000",
        "end_date": "2022-07-30T18:00:00.000",
        "start_formatted": "July 30, 2022 03:00 PM",
        "end_formatted": "July 30, 2022 06:00 PM",
        "street_closure_type": "Full Street Closure",
        "community_board": "8,",
        "police_precinct": "77,"
      }
    },
    {
      "type": "Feature",
      "geometry": {
        "type": "Point",
        "coordinates": [
          -73.956858,
          40.73571
        ]
      },
      "properties": {
        "event_id": "642819",
        "event_name": "Lillie",
        "event_type": "Block Party",
        "event_agency": "Street Activity Permit Office",
        "event_location": "DUPONT STREET between MANHATTAN AVENUE and FRANKLIN ST",
        "event_borough": "Brooklyn",
        "start_date": "2022-07-30T14:00:00.000",
        "end_date": "2022-07-30T21:00:00.000",
        "start_formatted": "July 30, 2022 02:00 PM",
        "end_formatted": "July 30, 2022 09:00 PM",
        "street_closure_type": "Full Street Closure",
        "community_board": "1,",
        "police_precinct": "94,"
      }
    },
    {
      "type": "Feature",
      "geometry": {
        "type": "Point",
        "coordinates": [
          -74.1182115,
          40.6171425
        ]
      },
      "properties": {
        "event_id": "650945",
        "event_name": "Potter Avenue",
        "event_type": "Block Party",
        "event_agency": "Street Activity Permit Office",
        "event_location": "POTTER AVENUE between SLOSSON AVENUE and FAIRVIEW AVENUE",
        "event_borough": "Staten Island",
        "start_date": "2022-07-30T14:00:00.000",
        "end_date": "2022-07-30T21:00:00.000",
        "start_formatted": "July 30, 2022 02:00 PM",
        "end_formatted": "July 30, 2022 09:00 PM",
        "street_closure_type": "Full Street Closure",
        "community_board": "1,",
        "police_precinct": "120,"
      }
    },
    {
      "type": "Feature",
      "geometry": {
        "type": "Point",
        "coordinates": [
          -73.9529405,
          40.7293435
        ]
      },
      "properties": {
        "event_id": "627643",
        "event_name": "Leonard Street Block Party",
        "event_type": "Block Party",
        "event_agency": "Street Activity Permit Office",
        "event_location": "LEONARD STREET between GREENPOINT AVENUE and CALYER STREET",
        "event_borough": "Brooklyn",
        "start_date": "2022-07-30T14:00:00.000",
        "end_date": "2022-07-30T19:00:00.000",
        "start_formatted": "July 30, 2022 02:00 PM",
        "end_formatted": "July 30, 2022 07:00 PM",
        "street_closure_type": "Full Street Closure",
        "community_board": "1,",
        "police_precinct": "94,"
      }
    },
    {
      "type": "Feature",
      "geometry": {
        "type": "Point",
        "coordinates": [
          -73.953147,
          40.688923
        ]
      },
      "properties": {
        "event_id": "624958",
        "event_name": "Clifton Place Annual Block Paraty",
        "event_type": "Block Party",
        "event_agency": "Street Activity Permit Office",
        "event_location": "CLIFTON PLACE between NOSTRAND AVENUE and BEDFORD AVENUE",
        "event_borough": "Brooklyn",
        "start_date": "2022-07-30T13:30:00.000",
        "end_date": "2022-07-30T20:00:00.000",
        "start_formatted": "July 30, 2022 01:30 PM",
        "end_formatted": "July 30, 2022 08:00 PM",
        "street_closure_type": "Full Street Closure",
        "community_board": "3,",
        "police_precinct": "79,"
      }
    },
    {
      "type": "Feature",
      "geometry": {
        "type": "Point",
        "coordinates": [
          -73.8245885,
          40.844275999999994
        ]
      },
      "properties": {
        "event_id": "638262",
        "event_name": "11th Annual Griswold Avenue Block Party",
        "event_type": "Block Party",
        "event_agency": "Street Activity Permit Office",
        "event_location": "GRISWOLD AVENUE between MACDONOUGH PLACE and DWIGHT PLACE",
        "event_borough": "Bronx",
        "start_date": "2022-07-30T13:00:00.000",
        "end_date": "2022-07-30T20:00:00.000",
        "start_formatted": "July 30, 2022 01:00 PM",
        "end_formatted": "July 30, 2022 08:00 PM",
        "street_closure_type": "Full Street Closure",
        "community_board": "10,",
        "police_precinct": "45,"
      }
    },
    {
      "type": "Feature",
      "geometry": {
        "type": "Point",
        "coordinates": [
          -73.935611,
          40.8019075
        ]
      },
      "properties": {
        "event_id": "650677",
        "event_name": "A Healty You",
        "event_type": "Block Party",
        "event_agency": "Street Activity Permit Office",
        "event_location": "EAST  123 STREET between SECOND AVENUE and THIRD AVENUE",
        "event_borough": "Manhattan",
        "start_date": "2022-07-30T13:00:00.000",
        "end_date": "2022-07-30T18:00:00.000",
        "start_formatted": "July 30, 2022 01:00 PM",
        "end_formatted": "July 30, 2022 06:00 PM",
        "street_closure_type": "Full Street Closure",
        "community_board": "11,",
        "police_precinct": "25,"
      }
    },
    {
      "type": "Feature",
      "geometry": {
        "type": "Point",
        "coordinates": [
          -73.73416900000001,
          40.682572
        ]
      },
      "properties": {
        "event_id": "624646",
        "event_name": "128th Road Block Party",
        "event_type": "Block Party",
        "event_agency": "Street Activity Permit Office",
        "event_location": "128 ROAD between FRANCIS LEWIS BOULEVARD and 233 STREET",
        "event_borough": "Queens",
        "start_date": "2022-07-30T13:00:00.000",
        "end_date": "2022-07-30T21:00:00.000",
        "start_formatted": "July 30, 2022 01:00 PM",
        "end_formatted": "July 30, 2022 09:00 PM",
        "street_closure_type": "Full Street Closure",
        "community_board": "13,",
        "police_precinct": "105,"
      }
    },
    {
      "type": "Feature",
      "geometry": {
        "type": "Point",
        "coordinates": [
          -73.88580049999999,
          40.7153285
        ]
      },
      "properties": {
        "event_id": "647717",
        "event_name": "65 Drive block party",
        "event_type": "Block Party",
        "event_agency": "Street Activity Permit Office",
        "event_location": "65 DRIVE between 69 PLACE and 70 STREET",
        "event_borough": "Queens",
        "start_date": "2022-07-30T13:00:00.000",
        "end_date": "2022-07-30T20:00:00.000",
        "start_formatted": "July 30, 2022 01:00 PM",
        "end_formatted": "July 30, 2022 08:00 PM",
        "street_closure_type": "Full Street Closure",
        "community_board": "5,",
        "police_precinct": "104,"
      }
    },
    {
      "type": "Feature",
      "geometry": {
        "type": "Point",
        "coordinates": [
          -73.8484945,
          40.844431
        ]
      },
      "properties": {
        "event_id": "635312",
        "event_name": "ANNUAL BLOCK PARTY",
        "event_type": "Block Party",
        "event_agency": "Street Activity Permit Office",
        "event_location": "POPLAR STREET between LURTING AVENUE and WILLIAMSBDG ROAD",
        "event_borough": "Bronx",
        "start_date": "2022-07-30T13:00:00.000",
        "end_date": "2022-07-30T20:00:00.000",
        "start_formatted": "July 30, 2022 01:00 PM",
        "end_formatted": "July 30, 2022 08:00 PM",
        "street_closure_type": "Full Street Closure",
        "community_board": "11,",
        "police_precinct": "49,"
      }
    },
    {
      "type": "Feature",
      "geometry": {
        "type": "Point",
        "coordinates": [
          -73.9275505,
          40.68287
        ]
      },
      "properties": {
        "event_id": "618972",
        "event_name": "400 Block Assoctation",
        "event_type": "Block Party",
        "event_agency": "Street Activity Permit Office",
        "event_location": "MACDONOUGH STREET between PATCHEN AVENUE and MALCOM X BOULEVARD",
        "event_borough": "Brooklyn",
        "start_date": "2022-07-30T13:00:00.000",
        "end_date": "2022-07-30T20:00:00.000",
        "start_formatted": "July 30, 2022 01:00 PM",
        "end_formatted": "July 30, 2022 08:00 PM",
        "street_closure_type": "Full Street Closure",
        "community_board": "3,",
        "police_precinct": "81,"
      }
    },
    {
      "type": "Feature",
      "geometry": {
        "type": "Point",
        "coordinates": [
          -73.81884,
          40.6053905
        ]
      },
      "properties": {
        "event_id": "632016",
        "event_name": "Block Party",
        "event_type": "Block Party",
        "event_agency": "Street Activity Permit Office",
        "event_location": "CHANNEL ROAD between EAST   10 ROAD and DEAD END",
        "event_borough": "Queens",
        "start_date": "2022-07-30T13:00:00.000",
        "end_date": "2022-07-30T21:00:00.000",
        "start_formatted": "July 30, 2022 01:00 PM",
        "end_formatted": "July 30, 2022 09:00 PM",
        "street_closure_type": "Full Street Closure",
        "community_board": "14,",
        "police_precinct": "100,"
      }
    },
    {
      "type": "Feature",
      "geometry": {
        "type": "Point",
        "coordinates": [
          -74.164274,
          40.5381685
        ]
      },
      "properties": {
        "event_id": "651338",
        "event_name": "Block Party",
        "event_type": "Block Party",
        "event_agency": "Street Activity Permit Office",
        "event_location": "SYCAMORE STREET between WOODS OF ARDEN ROAD and PRESTON AVENUE",
        "event_borough": "Staten Island",
        "start_date": "2022-07-30T13:00:00.000",
        "end_date": "2022-07-30T21:00:00.000",
        "start_formatted": "July 30, 2022 01:00 PM",
        "end_formatted": "July 30, 2022 09:00 PM",
        "street_closure_type": "Full Street Closure",
        "community_board": "3,",
        "police_precinct": "123,"
      }
    },
    {
      "type": "Feature",
      "geometry": {
        "type": "Point",
        "coordinates": [
          -73.9136055,
          40.708659499999996
        ]
      },
      "properties": {
        "event_id": "643639",
        "event_name": "Pauline LeBlonde Way Block Party",
        "event_type": "Block Party",
        "event_agency": "Street Activity Permit Office",
        "event_location": "STOCKHOLM STREET between WOODWARD AVENUE and ONDERDONK AVENUE",
        "event_borough": "Queens",
        "start_date": "2022-07-30T13:00:00.000",
        "end_date": "2022-07-30T21:00:00.000",
        "start_formatted": "July 30, 2022 01:00 PM",
        "end_formatted": "July 30, 2022 09:00 PM",
        "street_closure_type": "Full Street Closure",
        "community_board": "5,",
        "police_precinct": "104,"
      }
    },
    {
      "type": "Feature",
      "geometry": {
        "type": "Point",
        "coordinates": [
          -73.9842495,
          40.6819005
        ]
      },
      "properties": {
        "event_id": "654851",
        "event_name": "Baltic street block party",
        "event_type": "Block Party",
        "event_agency": "Street Activity Permit Office",
        "event_location": "BALTIC STREET between 3 AVENUE and NEVINS STREET",
        "event_borough": "Brooklyn",
        "start_date": "2022-07-30T13:00:00.000",
        "end_date": "2022-07-30T19:00:00.000",
        "start_formatted": "July 30, 2022 01:00 PM",
        "end_formatted": "July 30, 2022 07:00 PM",
        "street_closure_type": "Full Street Closure",
        "community_board": "6,",
        "police_precinct": "78,"
      }
    },
    {
      "type": "Feature",
      "geometry": {
        "type": "Point",
        "coordinates": [
          -73.9678265,
          40.6741805
        ]
      },
      "properties": {
        "event_id": "644655",
        "event_name": "Laylay ladies",
        "event_type": "Block Party",
        "event_agency": "Street Activity Permit Office",
        "event_location": "ST JOHNS PLACE between UNDERHILL AVENUE and PLAZA ST",
        "event_borough": "Brooklyn",
        "start_date": "2022-07-30T12:00:00.000",
        "end_date": "2022-07-30T20:00:00.000",
        "start_formatted": "July 30, 2022 12:00 PM",
        "end_formatted": "July 30, 2022 08:00 PM",
        "street_closure_type": "Full Sidewalk Closure",
        "community_board": "8,",
        "police_precinct": "77,"
      }
    },
    {
      "type": "Feature",
      "geometry": {
        "type": "Point",
        "coordinates": [
          -73.9545445,
          40.589027
        ]
      },
      "properties": {
        "event_id": "650683",
        "event_name": "Block Party 2022",
        "event_type": "Block Party",
        "event_agency": "Street Activity Permit Office",
        "event_location": "EAST   15 STREET between AVENUE Y and AVENUE Z",
        "event_borough": "Brooklyn",
        "start_date": "2022-07-30T12:00:00.000",
        "end_date": "2022-07-30T19:00:00.000",
        "start_formatted": "July 30, 2022 12:00 PM",
        "end_formatted": "July 30, 2022 07:00 PM",
        "street_closure_type": "Full Street Closure",
        "community_board": "15,",
        "police_precinct": "61,"
      }
    },
    {
      "type": "Feature",
      "geometry": {
        "type": "Point",
        "coordinates": [
          -73.96425149999999,
          40.6857665
        ]
      },
      "properties": {
        "event_id": "646502",
        "event_name": "Saint James Place Block Assocation",
        "event_type": "Block Party",
        "event_agency": "Street Activity Permit Office",
        "event_location": "SAINT JAMES PLACE between GATES AVENUE and GREENE AVENUE",
        "event_borough": "Brooklyn",
        "start_date": "2022-07-30T12:00:00.000",
        "end_date": "2022-07-30T20:00:00.000",
        "start_formatted": "July 30, 2022 12:00 PM",
        "end_formatted": "July 30, 2022 08:00 PM",
        "street_closure_type": "Full Street Closure",
        "community_board": "2,",
        "police_precinct": "88,"
      }
    },
    {
      "type": "Feature",
      "geometry": {
        "type": "Point",
        "coordinates": [
          -74.25220150000001,
          40.506612000000004
        ]
      },
      "properties": {
        "event_id": "641489",
        "event_name": "Craig ave Block Party",
        "event_type": "Block Party",
        "event_agency": "Street Activity Permit Office",
        "event_location": "CRAIG AVENUE between SHORE ROAD and AMBOY ROAD",
        "event_borough": "Staten Island",
        "start_date": "2022-07-30T12:00:00.000",
        "end_date": "2022-07-30T21:00:00.000",
        "start_formatted": "July 30, 2022 12:00 PM",
        "end_formatted": "July 30, 2022 09:00 PM",
        "street_closure_type": "Full Street Closure",
        "community_board": "3,",
        "police_precinct": "123,"
      }
    },
    {
      "type": "Feature",
      "geometry": {
        "type": "Point",
        "coordinates": [
          -73.8959255,
          40.657039499999996
        ]
      },
      "properties": {
        "event_id": "633156",
        "event_name": "Williams Ave Summer Fest",
        "event_type": "Block Party",
        "event_agency": "Street Activity Permit Office",
        "event_location": "WILLIAMS AVENUE between LINDEN BOULEVARD and DEWITT AVENUE",
        "event_borough": "Brooklyn",
        "start_date": "2022-07-30T12:00:00.000",
        "end_date": "2022-07-30T18:00:00.000",
        "start_formatted": "July 30, 2022 12:00 PM",
        "end_formatted": "July 30, 2022 06:00 PM",
        "street_closure_type": "Full Street Closure",
        "community_board": "5,",
        "police_precinct": "75,"
      }
    },
    {
      "type": "Feature",
      "geometry": {
        "type": "Point",
        "coordinates": [
          -73.90803650000001,
          40.696622000000005
        ]
      },
      "properties": {
        "event_id": "645172",
        "event_name": "Jefferson Avenue Block Party",
        "event_type": "Block Party",
        "event_agency": "Street Activity Permit Office",
        "event_location": "JEFFERSON AVENUE between IRVING AVENUE and WYCKOFF AVENUE",
        "event_borough": "Brooklyn",
        "start_date": "2022-07-30T12:00:00.000",
        "end_date": "2022-07-30T19:00:00.000",
        "start_formatted": "July 30, 2022 12:00 PM",
        "end_formatted": "July 30, 2022 07:00 PM",
        "street_closure_type": "Full Street Closure",
        "community_board": "4,",
        "police_precinct": "83,"
      }
    },
    {
      "type": "Feature",
      "geometry": {
        "type": "Point",
        "coordinates": [
          -73.793473,
          40.6945855
        ]
      },
      "properties": {
        "event_id": "645878",
        "event_name": "FUN DAY SAFE DAY",
        "event_type": "Block Party",
        "event_agency": "Street Activity Permit Office",
        "event_location": "159 STREET between 108 AVENUE and 109 AVENUE",
        "event_borough": "Queens",
        "start_date": "2022-07-30T12:00:00.000",
        "end_date": "2022-07-30T17:00:00.000",
        "start_formatted": "July 30, 2022 12:00 PM",
        "end_formatted": "July 30, 2022 05:00 PM",
        "street_closure_type": "Sidewalk and Street Closure",
        "community_board": "12,",
        "police_precinct": "103,"
      }
    },
    {
      "type": "Feature",
      "geometry": {
        "type": "Point",
        "coordinates": [
          -73.931389,
          40.596475999999996
        ]
      },
      "properties": {
        "event_id": "643864",
        "event_name": "16th Annual Plumb 2nd Street Block Party",
        "event_type": "Block Party",
        "event_agency": "Street Activity Permit Office",
        "event_location": "PLUMB    2 STREET between ALLEN AVENUE and AVENUE W",
        "event_borough": "Brooklyn",
        "start_date": "2022-07-30T12:00:00.000",
        "end_date": "2022-07-30T21:00:00.000",
        "start_formatted": "July 30, 2022 12:00 PM",
        "end_formatted": "July 30, 2022 09:00 PM",
        "street_closure_type": "Full Street Closure",
        "community_board": "15,",
        "police_precinct": "61,"
      }
    },
    {
      "type": "Feature",
      "geometry": {
        "type": "Point",
        "coordinates": [
          -73.876032,
          40.667936999999995
        ]
      },
      "properties": {
        "event_id": "638778",
        "event_name": "Montauks Annual Block Party",
        "event_type": "Block Party",
        "event_agency": "Street Activity Permit Office",
        "event_location": "MONTAUK AVENUE between NEW LOTS AVENUE and HEGEMAN AVENUE",
        "event_borough": "Brooklyn",
        "start_date": "2022-07-30T12:00:00.000",
        "end_date": "2022-07-30T19:00:00.000",
        "start_formatted": "July 30, 2022 12:00 PM",
        "end_formatted": "July 30, 2022 07:00 PM",
        "street_closure_type": "Full Street Closure",
        "community_board": "5,",
        "police_precinct": "75,"
      }
    },
    {
      "type": "Feature",
      "geometry": {
        "type": "Point",
        "coordinates": [
          -74.00533250000001,
          40.617148
        ]
      },
      "properties": {
        "event_id": "640550",
        "event_name": "Block Party",
        "event_type": "Block Party",
        "event_agency": "Street Activity Permit Office",
        "event_location": "77 STREET between 14 AVENUE and 15 AVENUE",
        "event_borough": "Brooklyn",
        "start_date": "2022-07-30T12:00:00.000",
        "end_date": "2022-07-30T21:00:00.000",
        "start_formatted": "July 30, 2022 12:00 PM",
        "end_formatted": "July 30, 2022 09:00 PM",
        "street_closure_type": "Full Street Closure",
        "community_board": "11,",
        "police_precinct": "62,"
      }
    },
    {
      "type": "Feature",
      "geometry": {
        "type": "Point",
        "coordinates": [
          -73.947578,
          40.791912999999994
        ]
      },
      "properties": {
        "event_id": "635963",
        "event_name": "1405 /107 FAMILY REUNION",
        "event_type": "Block Party",
        "event_agency": "Street Activity Permit Office",
        "event_location": "EAST  105 STREET between PARK AVENUE and LEXINGTON AVENUE",
        "event_borough": "Manhattan",
        "start_date": "2022-07-30T12:00:00.000",
        "end_date": "2022-07-30T19:00:00.000",
        "start_formatted": "July 30, 2022 12:00 PM",
        "end_formatted": "July 30, 2022 07:00 PM",
        "street_closure_type": "Full Street Closure",
        "community_board": "11,",
        "police_precinct": "23,"
      }
    },
    {
      "type": "Feature",
      "geometry": {
        "type": "Point",
        "coordinates": [
          -74.2103385,
          40.5375525
        ]
      },
      "properties": {
        "event_id": "649481",
        "event_name": "Block Party",
        "event_type": "Block Party",
        "event_agency": "Street Activity Permit Office",
        "event_location": "SHELDON AVENUE between LENEVAR AVENUE and MAGUIRE AVENUE",
        "event_borough": "Staten Island",
        "start_date": "2022-07-30T12:00:00.000",
        "end_date": "2022-07-30T21:00:00.000",
        "start_formatted": "July 30, 2022 12:00 PM",
        "end_formatted": "July 30, 2022 09:00 PM",
        "street_closure_type": "Full Street Closure",
        "community_board": "3,",
        "police_precinct": "123,"
      }
    },
    {
      "type": "Feature",
      "geometry": {
        "type": "Point",
        "coordinates": [
          -74.015523,
          40.6418665
        ]
      },
      "properties": {
        "event_id": "651214",
        "event_name": "Block Party",
        "event_type": "Block Party",
        "event_agency": "Street Activity Permit Office",
        "event_location": "57 STREET between 4 AVENUE and 5 AVENUE",
        "event_borough": "Brooklyn",
        "start_date": "2022-07-30T12:00:00.000",
        "end_date": "2022-07-30T21:00:00.000",
        "start_formatted": "July 30, 2022 12:00 PM",
        "end_formatted": "July 30, 2022 09:00 PM",
        "street_closure_type": "Sidewalk and Street Closure",
        "community_board": "7,",
        "police_precinct": "72,"
      }
    },
    {
      "type": "Feature",
      "geometry": {
        "type": "Point",
        "coordinates": [
          -73.94268,
          40.795739999999995
        ]
      },
      "properties": {
        "event_id": "629136",
        "event_name": "James Weldon Johnson Houses Love and Unity Day",
        "event_type": "Block Party",
        "event_agency": "Street Activity Permit Office",
        "event_location": "EAST  112 STREET between LEXINGTON AVENUE and 3 AVENUE",
        "event_borough": "Manhattan",
        "start_date": "2022-07-30T12:00:00.000",
        "end_date": "2022-07-30T18:00:00.000",
        "start_formatted": "July 30, 2022 12:00 PM",
        "end_formatted": "July 30, 2022 06:00 PM",
        "street_closure_type": "Full Street Closure",
        "community_board": "11,",
        "police_precinct": "23,"
      }
    },
    {
      "type": "Feature",
      "geometry": {
        "type": "Point",
        "coordinates": [
          -74.2515985,
          40.506322499999996
        ]
      },
      "properties": {
        "event_id": "632761",
        "event_name": "Bryan Street",
        "event_type": "Block Party",
        "event_agency": "Street Activity Permit Office",
        "event_location": "BRYAN STREET between SUMMIT ROAD and SHORE ROAD",
        "event_borough": "Staten Island",
        "start_date": "2022-07-30T12:00:00.000",
        "end_date": "2022-07-30T21:00:00.000",
        "start_formatted": "July 30, 2022 12:00 PM",
        "end_formatted": "July 30, 2022 09:00 PM",
        "street_closure_type": "Full Street Closure",
        "community_board": "3,",
        "police_precinct": "123,"
      }
    },
    {
      "type": "Feature",
      "geometry": {
        "type": "Point",
        "coordinates": [
          -73.9164725,
          40.7546185
        ]
      },
      "properties": {
        "event_id": "643346",
        "event_name": "Family Fun Day",
        "event_type": "Block Party",
        "event_agency": "Street Activity Permit Office",
        "event_location": "34 AVENUE between 45 STREET and 46 STREET",
        "event_borough": "Queens",
        "start_date": "2022-07-30T12:00:00.000",
        "end_date": "2022-07-30T19:00:00.000",
        "start_formatted": "July 30, 2022 12:00 PM",
        "end_formatted": "July 30, 2022 07:00 PM",
        "street_closure_type": "Full Street Closure",
        "community_board": "1,",
        "police_precinct": "114,"
      }
    },
    {
      "type": "Feature",
      "geometry": {
        "type": "Point",
        "coordinates": [
          -73.955453,
          40.662842
        ]
      },
      "properties": {
        "event_id": "650922",
        "event_name": "100 Sterling Street Block Party",
        "event_type": "Block Party",
        "event_agency": "Street Activity Permit Office",
        "event_location": "STERLING STREET between BEDFORD AVENUE and ROGERS AVENUE",
        "event_borough": "Brooklyn",
        "start_date": "2022-07-30T12:00:00.000",
        "end_date": "2022-07-30T19:00:00.000",
        "start_formatted": "July 30, 2022 12:00 PM",
        "end_formatted": "July 30, 2022 07:00 PM",
        "street_closure_type": "Full Street Closure",
        "community_board": "9,",
        "police_precinct": "71,"
      }
    },
    {
      "type": "Feature",
      "geometry": {
        "type": "Point",
        "coordinates": [
          -74.01575700000001,
          40.648386
        ]
      },
      "properties": {
        "event_id": "644324",
        "event_name": "50th St block party 2022",
        "event_type": "Block Party",
        "event_agency": "Street Activity Permit Office",
        "event_location": "50 STREET between 2 AVENUE and 3 AVENUE",
        "event_borough": "Brooklyn",
        "start_date": "2022-07-30T12:00:00.000",
        "end_date": "2022-07-30T21:00:00.000",
        "start_formatted": "July 30, 2022 12:00 PM",
        "end_formatted": "July 30, 2022 09:00 PM",
        "street_closure_type": "Sidewalk and Street Closure",
        "community_board": "7,",
        "police_precinct": "72,"
      }
    },
    {
      "type": "Feature",
      "geometry": {
        "type": "Point",
        "coordinates": [
          -74.1571595,
          40.5597005
        ]
      },
      "properties": {
        "event_id": "639168",
        "event_name": "Doave Ave Block Party",
        "event_type": "Block Party",
        "event_agency": "Street Activity Permit Office",
        "event_location": "DOANE AVENUE between GURLEY AVENUE and BARLOW AVENUE",
        "event_borough": "Staten Island",
        "start_date": "2022-07-30T12:00:00.000",
        "end_date": "2022-07-30T21:00:00.000",
        "start_formatted": "July 30, 2022 12:00 PM",
        "end_formatted": "July 30, 2022 09:00 PM",
        "street_closure_type": "Full Street Closure",
        "community_board": "3,",
        "police_precinct": "122,"
      }
    },
    {
      "type": "Feature",
      "geometry": {
        "type": "Point",
        "coordinates": [
          -73.7554505,
          40.599512000000004
        ]
      },
      "properties": {
        "event_id": "651044",
        "event_name": "Give Thanks 4 Life",
        "event_type": "Block Party",
        "event_agency": "Street Activity Permit Office",
        "event_location": "BEACH   21 STREET between ELK DRIVE and DEAD END",
        "event_borough": "Queens",
        "start_date": "2022-07-30T12:00:00.000",
        "end_date": "2022-07-30T21:00:00.000",
        "start_formatted": "July 30, 2022 12:00 PM",
        "end_formatted": "July 30, 2022 09:00 PM",
        "street_closure_type": "Full Street Closure",
        "community_board": "14,",
        "police_precinct": "101,"
      }
    },
    {
      "type": "Feature",
      "geometry": {
        "type": "Point",
        "coordinates": [
          -73.8322695,
          40.680606499999996
        ]
      },
      "properties": {
        "event_id": "646256",
        "event_name": "108th st annual Block party",
        "event_type": "Block Party",
        "event_agency": "Street Activity Permit Office",
        "event_location": "108 STREET between 107 AVENUE and 109 AVENUE",
        "event_borough": "Queens",
        "start_date": "2022-07-30T12:00:00.000",
        "end_date": "2022-07-30T21:00:00.000",
        "start_formatted": "July 30, 2022 12:00 PM",
        "end_formatted": "July 30, 2022 09:00 PM",
        "street_closure_type": "Full Street Closure",
        "community_board": "10,",
        "police_precinct": "106,"
      }
    },
    {
      "type": "Feature",
      "geometry": {
        "type": "Point",
        "coordinates": [
          -73.791706,
          40.696372999999994
        ]
      },
      "properties": {
        "event_id": "646255",
        "event_name": "10 Year Anniversary Serving The South Jamaica Community",
        "event_type": "Block Party",
        "event_agency": "Street Activity Permit Office",
        "event_location": "108 AVENUE between GUY R BREWER BOULEVARD and UNION HALL STREET",
        "event_borough": "Queens",
        "start_date": "2022-07-30T12:00:00.000",
        "end_date": "2022-07-30T17:00:00.000",
        "start_formatted": "July 30, 2022 12:00 PM",
        "end_formatted": "July 30, 2022 05:00 PM",
        "street_closure_type": "Full Street Closure",
        "community_board": "12,",
        "police_precinct": "103,"
      }
    },
    {
      "type": "Feature",
      "geometry": {
        "type": "Point",
        "coordinates": [
          -74.0091565,
          40.6203665
        ]
      },
      "properties": {
        "event_id": "649964",
        "event_name": "76th Street Block Party",
        "event_type": "Block Party",
        "event_agency": "Street Activity Permit Office",
        "event_location": "76 STREET between 12 AVENUE and 13 AVENUE",
        "event_borough": "Brooklyn",
        "start_date": "2022-07-30T12:00:00.000",
        "end_date": "2022-07-30T21:00:00.000",
        "start_formatted": "July 30, 2022 12:00 PM",
        "end_formatted": "July 30, 2022 09:00 PM",
        "street_closure_type": "Full Street Closure",
        "community_board": "10,",
        "police_precinct": "68,"
      }
    },
    {
      "type": "Feature",
      "geometry": {
        "type": "Point",
        "coordinates": [
          -73.9190745,
          40.618257
        ]
      },
      "properties": {
        "event_id": "651267",
        "event_name": "East 58th ST N2O BlockAssociation Block Party",
        "event_type": "Block Party",
        "event_agency": "Street Activity Permit Office",
        "event_location": "EAST   58 STREET between AVENUE N and AVENUE O",
        "event_borough": "Brooklyn",
        "start_date": "2022-07-30T12:00:00.000",
        "end_date": "2022-07-30T19:00:00.000",
        "start_formatted": "July 30, 2022 12:00 PM",
        "end_formatted": "July 30, 2022 07:00 PM",
        "street_closure_type": "Full Street Closure",
        "community_board": "18,",
        "police_precinct": "63,"
      }
    },
    {
      "type": "Feature",
      "geometry": {
        "type": "Point",
        "coordinates": [
          -73.9884945,
          40.683541500000004
        ]
      },
      "properties": {
        "event_id": "657552",
        "event_name": "Gowanus Family Day",
        "event_type": "Block Party",
        "event_agency": "Street Activity Permit Office",
        "event_location": "BALTIC STREET between HOYT STREET and BOND STREET",
        "event_borough": "Brooklyn",
        "start_date": "2022-07-30T12:00:00.000",
        "end_date": "2022-07-30T18:00:00.000",
        "start_formatted": "July 30, 2022 12:00 PM",
        "end_formatted": "July 30, 2022 06:00 PM",
        "street_closure_type": "Full Street Closure",
        "community_board": "6,",
        "police_precinct": "76,"
      }
    },
    {
      "type": "Feature",
      "geometry": {
        "type": "Point",
        "coordinates": [
          -73.942919,
          40.676497
        ]
      },
      "properties": {
        "event_id": "629680",
        "event_name": "2022 Stoop Jam",
        "event_type": "Block Party",
        "event_agency": "Street Activity Permit Office",
        "event_location": "DEAN STREET between BROOKLYN AVENUE and KINGSTON AVENUE",
        "event_borough": "Brooklyn",
        "start_date": "2022-07-30T12:00:00.000",
        "end_date": "2022-07-30T18:00:00.000",
        "start_formatted": "July 30, 2022 12:00 PM",
        "end_formatted": "July 30, 2022 06:00 PM",
        "street_closure_type": "Full Street Closure",
        "community_board": "8,",
        "police_precinct": "77,"
      }
    },
    {
      "type": "Feature",
      "geometry": {
        "type": "Point",
        "coordinates": [
          -73.95590849999999,
          40.6878535
        ]
      },
      "properties": {
        "event_id": "625468",
        "event_name": "Greene Avenue Block Association",
        "event_type": "Block Party",
        "event_agency": "Street Activity Permit Office",
        "event_location": "GREENE AVENUE between FRANKLIN AVENUE and BEDFORD AVENUE",
        "event_borough": "Brooklyn",
        "start_date": "2022-07-30T11:30:00.000",
        "end_date": "2022-07-30T19:30:00.000",
        "start_formatted": "July 30, 2022 11:30 AM",
        "end_formatted": "July 30, 2022 07:30 PM",
        "street_closure_type": "Full Street Closure",
        "community_board": "3,",
        "police_precinct": "79,"
      }
    },
    {
      "type": "Feature",
      "geometry": {
        "type": "Point",
        "coordinates": [
          -73.9482005,
          40.679561
        ]
      },
      "properties": {
        "event_id": "621610",
        "event_name": "2022  Block Party",
        "event_type": "Block Party",
        "event_agency": "Street Activity Permit Office",
        "event_location": "HERKIMER STREET between NOSTRAND AVENUE and NEW YORK AVENUE",
        "event_borough": "Brooklyn",
        "start_date": "2022-07-30T11:00:00.000",
        "end_date": "2022-07-30T20:00:00.000",
        "start_formatted": "July 30, 2022 11:00 AM",
        "end_formatted": "July 30, 2022 08:00 PM",
        "street_closure_type": "Full Street Closure",
        "community_board": "3,",
        "police_precinct": "79,"
      }
    },
    {
      "type": "Feature",
      "geometry": {
        "type": "Point",
        "coordinates": [
          -73.937472,
          40.7994135
        ]
      },
      "properties": {
        "event_id": "638140",
        "event_name": "11th Annual Welcome Home BBQ",
        "event_type": "Block Party",
        "event_agency": "Street Activity Permit Office",
        "event_location": "EAST  119 STREET between 2 AVENUE and 3 AVENUE",
        "event_borough": "Manhattan",
        "start_date": "2022-07-30T11:00:00.000",
        "end_date": "2022-07-30T18:00:00.000",
        "start_formatted": "July 30, 2022 11:00 AM",
        "end_formatted": "July 30, 2022 06:00 PM",
        "street_closure_type": "Full Street Closure",
        "community_board": "11,",
        "police_precinct": "25,"
      }
    },
    {
      "type": "Feature",
      "geometry": {
        "type": "Point",
        "coordinates": [
          -73.880578,
          40.7009025
        ]
      },
      "properties": {
        "event_id": "649648",
        "event_name": "70th street neighbor celebration",
        "event_type": "Block Party",
        "event_agency": "Street Activity Permit Office",
        "event_location": "70 STREET between COOPER AVENUE and DEAD END",
        "event_borough": "Queens",
        "start_date": "2022-07-30T11:00:00.000",
        "end_date": "2022-07-30T20:00:00.000",
        "start_formatted": "July 30, 2022 11:00 AM",
        "end_formatted": "July 30, 2022 08:00 PM",
        "street_closure_type": "Full Street Closure",
        "community_board": "5,",
        "police_precinct": "104,"
      }
    },
    {
      "type": "Feature",
      "geometry": {
        "type": "Point",
        "coordinates": [
          -73.939892,
          40.679109999999994
        ]
      },
      "properties": {
        "event_id": "602669",
        "event_name": "Her-King Alagantic Block Party",
        "event_type": "Block Party",
        "event_agency": "Street Activity Permit Office",
        "event_location": "HERKIMER STREET between KINGSTON AVENUE and ALBANY AVENUE",
        "event_borough": "Brooklyn",
        "start_date": "2022-07-30T11:00:00.000",
        "end_date": "2022-07-30T18:00:00.000",
        "start_formatted": "July 30, 2022 11:00 AM",
        "end_formatted": "July 30, 2022 06:00 PM",
        "street_closure_type": "Full Street Closure",
        "community_board": "3,",
        "police_precinct": "79,"
      }
    },
    {
      "type": "Feature",
      "geometry": {
        "type": "Point",
        "coordinates": [
          -73.955393,
          40.727433000000005
        ]
      },
      "properties": {
        "event_id": "651072",
        "event_name": "Calyer Street Block Party",
        "event_type": "Block Party",
        "event_agency": "Street Activity Permit Office",
        "event_location": "CALYER STREET between CLIFFORD PLACE and GUERNSEY STREET",
        "event_borough": "Brooklyn",
        "start_date": "2022-07-30T11:00:00.000",
        "end_date": "2022-07-30T18:00:00.000",
        "start_formatted": "July 30, 2022 11:00 AM",
        "end_formatted": "July 30, 2022 06:00 PM",
        "street_closure_type": "Full Street Closure",
        "community_board": "1,",
        "police_precinct": "94,"
      }
    },
    {
      "type": "Feature",
      "geometry": {
        "type": "Point",
        "coordinates": [
          -73.987586,
          40.616583500000004
        ]
      },
      "properties": {
        "event_id": "634834",
        "event_name": "66th Street Block Party",
        "event_type": "Block Party",
        "event_agency": "Street Activity Permit Office",
        "event_location": "66 STREET between 19 AVENUE and 20 AVENUE",
        "event_borough": "Brooklyn",
        "start_date": "2022-07-30T11:00:00.000",
        "end_date": "2022-07-30T20:00:00.000",
        "start_formatted": "July 30, 2022 11:00 AM",
        "end_formatted": "July 30, 2022 08:00 PM",
        "street_closure_type": "Full Street Closure",
        "community_board": "11,",
        "police_precinct": "62,"
      }
    },
    {
      "type": "Feature",
      "geometry": {
        "type": "Point",
        "coordinates": [
          -73.931725,
          40.696008500000005
        ]
      },
      "properties": {
        "event_id": "644269",
        "event_name": "Suydam st assn",
        "event_type": "Block Party",
        "event_agency": "Street Activity Permit Office",
        "event_location": "SUYDAM STREET between BUSHWICK AVENUE and BROADWAY",
        "event_borough": "Brooklyn",
        "start_date": "2022-07-30T11:00:00.000",
        "end_date": "2022-07-30T20:00:00.000",
        "start_formatted": "July 30, 2022 11:00 AM",
        "end_formatted": "July 30, 2022 08:00 PM",
        "street_closure_type": "Full Street Closure",
        "community_board": "4,",
        "police_precinct": "83,"
      }
    },
    {
      "type": "Feature",
      "geometry": {
        "type": "Point",
        "coordinates": [
          -73.8782925,
          40.660804
        ]
      },
      "properties": {
        "event_id": "641640",
        "event_name": "Cleveland Wortman Family Get Together",
        "event_type": "Block Party",
        "event_agency": "Street Activity Permit Office",
        "event_location": "CLEVELAND STREET between STANLEY AVENUE and WORTMAN AVENUE",
        "event_borough": "Brooklyn",
        "start_date": "2022-07-30T11:00:00.000",
        "end_date": "2022-07-30T19:00:00.000",
        "start_formatted": "July 30, 2022 11:00 AM",
        "end_formatted": "July 30, 2022 07:00 PM",
        "street_closure_type": "Full Street Closure",
        "community_board": "5,",
        "police_precinct": "75,"
      }
    },
    {
      "type": "Feature",
      "geometry": {
        "type": "Point",
        "coordinates": [
          -74.109409,
          40.621880000000004
        ]
      },
      "properties": {
        "event_id": "644131",
        "event_name": "Starr Avenue Block Party",
        "event_type": "Block Party",
        "event_agency": "Street Activity Permit Office",
        "event_location": "STARR AVENUE between BEMENT AVENUE and OAKLAND AVENUE",
        "event_borough": "Staten Island",
        "start_date": "2022-07-30T11:00:00.000",
        "end_date": "2022-07-30T20:00:00.000",
        "start_formatted": "July 30, 2022 11:00 AM",
        "end_formatted": "July 30, 2022 08:00 PM",
        "street_closure_type": "Full Street Closure",
        "community_board": "1,",
        "police_precinct": "120,"
      }
    },
    {
      "type": "Feature",
      "geometry": {
        "type": "Point",
        "coordinates": [
          -73.9380715,
          40.690653499999996
        ]
      },
      "properties": {
        "event_id": "618796",
        "event_name": "200Van Buren Street Family Day  Block Party",
        "event_type": "Block Party",
        "event_agency": "Street Activity Permit Office",
        "event_location": "VAN BUREN STREET between LEWIS AVENUE and MARCUS GARVEY BOULEVARD",
        "event_borough": "Brooklyn",
        "start_date": "2022-07-30T11:00:00.000",
        "end_date": "2022-07-30T18:30:00.000",
        "start_formatted": "July 30, 2022 11:00 AM",
        "end_formatted": "July 30, 2022 06:30 PM",
        "street_closure_type": "Full Street Closure",
        "community_board": "3,",
        "police_precinct": "81,"
      }
    },
    {
      "type": "Feature",
      "geometry": {
        "type": "Point",
        "coordinates": [
          -73.9528565,
          40.6874575
        ]
      },
      "properties": {
        "event_id": "641765",
        "event_name": "200 Lexington",
        "event_type": "Block Party",
        "event_agency": "Street Activity Permit Office",
        "event_location": "LEXINGTON AVENUE between NOSTRAND AVENUE and BEDFORD AVENUE",
        "event_borough": "Brooklyn",
        "start_date": "2022-07-30T11:00:00.000",
        "end_date": "2022-07-30T19:00:00.000",
        "start_formatted": "July 30, 2022 11:00 AM",
        "end_formatted": "July 30, 2022 07:00 PM",
        "street_closure_type": "Full Street Closure",
        "community_board": "3,",
        "police_precinct": "79,"
      }
    },
    {
      "type": "Feature",
      "geometry": {
        "type": "Point",
        "coordinates": [
          -73.91609600000001,
          40.687216500000005
        ]
      },
      "properties": {
        "event_id": "648154",
        "event_name": "Bdway Hancock Bushwick annual Block Party",
        "event_type": "Block Party",
        "event_agency": "Street Activity Permit Office",
        "event_location": "HANCOCK STREET between BROADWAY and BUSHWICK AVENUE",
        "event_borough": "Brooklyn",
        "start_date": "2022-07-30T11:00:00.000",
        "end_date": "2022-07-30T20:00:00.000",
        "start_formatted": "July 30, 2022 11:00 AM",
        "end_formatted": "July 30, 2022 08:00 PM",
        "street_closure_type": "Full Street Closure",
        "community_board": "4,",
        "police_precinct": "83,"
      }
    },
    {
      "type": "Feature",
      "geometry": {
        "type": "Point",
        "coordinates": [
          -73.96480199999999,
          40.8042285
        ]
      },
      "properties": {
        "event_id": "655476",
        "event_name": "July Weekend Open Streets Programming",
        "event_type": "Block Party",
        "event_agency": "Street Activity Permit Office",
        "event_location": "WEST  111 STREET between AMSTERDAM AVENUE and BROADWAY",
        "event_borough": "Manhattan",
        "start_date": "2022-07-30T11:00:00.000",
        "end_date": "2022-07-30T21:00:00.000",
        "start_formatted": "July 30, 2022 11:00 AM",
        "end_formatted": "July 30, 2022 09:00 PM",
        "street_closure_type": "Full Street Closure",
        "community_board": "9,",
        "police_precinct": "26,"
      }
    },
    {
      "type": "Feature",
      "geometry": {
        "type": "Point",
        "coordinates": [
          -73.92611500000001,
          40.704460499999996
        ]
      },
      "properties": {
        "event_id": "641721",
        "event_name": "Jefferson Street Block Party 2022",
        "event_type": "Block Party",
        "event_agency": "Street Activity Permit Office",
        "event_location": "JEFFERSON STREET between KNICKERBOCKER AVENUE and IRVING AVENUE",
        "event_borough": "Brooklyn",
        "start_date": "2022-07-30T11:00:00.000",
        "end_date": "2022-07-30T20:00:00.000",
        "start_formatted": "July 30, 2022 11:00 AM",
        "end_formatted": "July 30, 2022 08:00 PM",
        "street_closure_type": "Full Street Closure",
        "community_board": "4,",
        "police_precinct": "83,"
      }
    },
    {
      "type": "Feature",
      "geometry": {
        "type": "Point",
        "coordinates": [
          -73.902941,
          40.696563499999996
        ]
      },
      "properties": {
        "event_id": "637943",
        "event_name": "Stephen street block party",
        "event_type": "Block Party",
        "event_agency": "Street Activity Permit Office",
        "event_location": "STEPHEN STREET between WYCKOFF AVENUE and CYPRESS AVENUE",
        "event_borough": "Queens",
        "start_date": "2022-07-30T11:00:00.000",
        "end_date": "2022-07-30T18:00:00.000",
        "start_formatted": "July 30, 2022 11:00 AM",
        "end_formatted": "July 30, 2022 06:00 PM",
        "street_closure_type": "Full Street Closure",
        "community_board": "5,",
        "police_precinct": "104,"
      }
    },
    {
      "type": "Feature",
      "geometry": {
        "type": "Point",
        "coordinates": [
          -73.9073205,
          40.6913835
        ]
      },
      "properties": {
        "event_id": "638898",
        "event_name": "block party",
        "event_type": "Block Party",
        "event_agency": "Street Activity Permit Office",
        "event_location": "COVERT STREET between KNICKERBOCKER AVENUE and WILSON AVENUE",
        "event_borough": "Brooklyn",
        "start_date": "2022-07-30T11:00:00.000",
        "end_date": "2022-07-30T20:00:00.000",
        "start_formatted": "July 30, 2022 11:00 AM",
        "end_formatted": "July 30, 2022 08:00 PM",
        "street_closure_type": "Full Street Closure",
        "community_board": "4,",
        "police_precinct": "83,"
      }
    },
    {
      "type": "Feature",
      "geometry": {
        "type": "Point",
        "coordinates": [
          -73.733294,
          40.667494
        ]
      },
      "properties": {
        "event_id": "647346",
        "event_name": "St. Peters Episcopal Church Bazaar",
        "event_type": "Block Party",
        "event_agency": "Street Activity Permit Office",
        "event_location": "244 STREET between 137 ROAD and 138 AVE",
        "event_borough": "Queens",
        "start_date": "2022-07-30T11:00:00.000",
        "end_date": "2022-07-30T18:00:00.000",
        "start_formatted": "July 30, 2022 11:00 AM",
        "end_formatted": "July 30, 2022 06:00 PM",
        "street_closure_type": "Full Street Closure",
        "community_board": "13,",
        "police_precinct": "105,"
      }
    },
    {
      "type": "Feature",
      "geometry": {
        "type": "Point",
        "coordinates": [
          -73.98675349999999,
          40.774133
        ]
      },
      "properties": {
        "event_id": "639968",
        "event_name": "Amsterdam 75th Anniversary Party",
        "event_type": "Block Party",
        "event_agency": "Street Activity Permit Office",
        "event_location": "WEST   64 STREET between AMSTERDAM AVENUE and WEST END AVENUE",
        "event_borough": "Manhattan",
        "start_date": "2022-07-30T10:30:00.000",
        "end_date": "2022-07-30T19:00:00.000",
        "start_formatted": "July 30, 2022 10:30 AM",
        "end_formatted": "July 30, 2022 07:00 PM",
        "street_closure_type": "Full Street Closure",
        "community_board": "7,",
        "police_precinct": "20,"
      }
    },
    {
      "type": "Feature",
      "geometry": {
        "type": "Point",
        "coordinates": [
          -74.01494299999999,
          40.642427999999995
        ]
      },
      "properties": {
        "event_id": "634997",
        "event_name": "Maria Valerio",
        "event_type": "Block Party",
        "event_agency": "Street Activity Permit Office",
        "event_location": "56 STREET between 4 AVENUE and 5 AVENUE",
        "event_borough": "Brooklyn",
        "start_date": "2022-07-30T10:30:00.000",
        "end_date": "2022-07-30T19:00:00.000",
        "start_formatted": "July 30, 2022 10:30 AM",
        "end_formatted": "July 30, 2022 07:00 PM",
        "street_closure_type": "Full Street Closure",
        "community_board": "7,",
        "police_precinct": "72,"
      }
    },
    {
      "type": "Feature",
      "geometry": {
        "type": "Point",
        "coordinates": [
          -73.8923435,
          40.700259
        ]
      },
      "properties": {
        "event_id": "643927",
        "event_name": "Family Fun Day",
        "event_type": "Block Party",
        "event_agency": "Street Activity Permit Office",
        "event_location": "74 AVENUE between 62 STREET and 64 PLACE",
        "event_borough": "Queens",
        "start_date": "2022-07-30T10:30:00.000",
        "end_date": "2022-07-30T19:30:00.000",
        "start_formatted": "July 30, 2022 10:30 AM",
        "end_formatted": "July 30, 2022 07:30 PM",
        "street_closure_type": "Full Street Closure",
        "community_board": "5,",
        "police_precinct": "104,"
      }
    },
    {
      "type": "Feature",
      "geometry": {
        "type": "Point",
        "coordinates": [
          -74.0141405,
          40.6224685
        ]
      },
      "properties": {
        "event_id": "646646",
        "event_name": "Block Party 77th Street between 10th and 11th Avenues",
        "event_type": "Block Party",
        "event_agency": "Street Activity Permit Office",
        "event_location": "77 STREET between 10 AVENUE and 11 AVENUE",
        "event_borough": "Brooklyn",
        "start_date": "2022-07-30T10:00:00.000",
        "end_date": "2022-07-30T17:00:00.000",
        "start_formatted": "July 30, 2022 10:00 AM",
        "end_formatted": "July 30, 2022 05:00 PM",
        "street_closure_type": "Full Street Closure",
        "community_board": "10,",
        "police_precinct": "68,"
      }
    },
    {
      "type": "Feature",
      "geometry": {
        "type": "Point",
        "coordinates": [
          -73.939538,
          40.6379735
        ]
      },
      "properties": {
        "event_id": "624378",
        "event_name": "E 39th Street FF Social",
        "event_type": "Block Party",
        "event_agency": "Street Activity Permit Office",
        "event_location": "EAST   39 STREET between FOSTER AVENUE and FARRAGUT ROAD",
        "event_borough": "Brooklyn",
        "start_date": "2022-07-30T10:00:00.000",
        "end_date": "2022-07-30T19:00:00.000",
        "start_formatted": "July 30, 2022 10:00 AM",
        "end_formatted": "July 30, 2022 07:00 PM",
        "street_closure_type": "Full Street Closure",
        "community_board": "17,",
        "police_precinct": "67,"
      }
    },
    {
      "type": "Feature",
      "geometry": {
        "type": "Point",
        "coordinates": [
          -73.906537,
          40.619021000000004
        ]
      },
      "properties": {
        "event_id": "649991",
        "event_name": "Block Party",
        "event_type": "Block Party",
        "event_agency": "Street Activity Permit Office",
        "event_location": "EAST   71 STREET between AVENUE U and AVENUE V",
        "event_borough": "Brooklyn",
        "start_date": "2022-07-30T10:00:00.000",
        "end_date": "2022-07-30T19:00:00.000",
        "start_formatted": "July 30, 2022 10:00 AM",
        "end_formatted": "July 30, 2022 07:00 PM",
        "street_closure_type": "Full Street Closure",
        "community_board": "18,",
        "police_precinct": "63,"
      }
    },
    {
      "type": "Feature",
      "geometry": {
        "type": "Point",
        "coordinates": [
          -73.9299855,
          40.657522
        ]
      },
      "properties": {
        "event_id": "624875",
        "event_name": "Winclark block assocation",
        "event_type": "Block Party",
        "event_agency": "Street Activity Permit Office",
        "event_location": "EAST   51 STREET between CLARKSON AVENUE and WINTHROP STREET",
        "event_borough": "Brooklyn",
        "start_date": "2022-07-30T10:00:00.000",
        "end_date": "2022-07-30T19:00:00.000",
        "start_formatted": "July 30, 2022 10:00 AM",
        "end_formatted": "July 30, 2022 07:00 PM",
        "street_closure_type": "Full Street Closure",
        "community_board": "17,",
        "police_precinct": "67,"
      }
    },
    {
      "type": "Feature",
      "geometry": {
        "type": "Point",
        "coordinates": [
          -73.90204,
          40.6138775
        ]
      },
      "properties": {
        "event_id": "651162",
        "event_name": "E70th Block Party",
        "event_type": "Block Party",
        "event_agency": "Street Activity Permit Office",
        "event_location": "EAST   70 STREET between AVENUE X and AVENUE Y",
        "event_borough": "Brooklyn",
        "start_date": "2022-07-30T10:00:00.000",
        "end_date": "2022-07-30T19:00:00.000",
        "start_formatted": "July 30, 2022 10:00 AM",
        "end_formatted": "July 30, 2022 07:00 PM",
        "street_closure_type": "Full Street Closure",
        "community_board": "18,",
        "police_precinct": "63,"
      }
    },
    {
      "type": "Feature",
      "geometry": {
        "type": "Point",
        "coordinates": [
          -73.9065315,
          40.698636
        ]
      },
      "properties": {
        "event_id": "652808",
        "event_name": "Jefferson Ave Block Party",
        "event_type": "Block Party",
        "event_agency": "Street Activity Permit Office",
        "event_location": "JEFFERSON AVENUE between CYPRESS AVENUE and WYCKOFF AVENUE",
        "event_borough": "Queens",
        "start_date": "2022-07-30T10:00:00.000",
        "end_date": "2022-07-30T17:30:00.000",
        "start_formatted": "July 30, 2022 10:00 AM",
        "end_formatted": "July 30, 2022 05:30 PM",
        "street_closure_type": "Full Street Closure",
        "community_board": "5,",
        "police_precinct": "104,"
      }
    },
    {
      "type": "Feature",
      "geometry": {
        "type": "Point",
        "coordinates": [
          -73.8943105,
          40.8698045
        ]
      },
      "properties": {
        "event_id": "644949",
        "event_name": "Summer Blast",
        "event_type": "Block Party",
        "event_agency": "Street Activity Permit Office",
        "event_location": "MORRIS AVENUE  between EAST 196 STREET  and PARKVIEW TERRACE",
        "event_borough": "Bronx",
        "start_date": "2022-07-30T09:00:00.000",
        "end_date": "2022-07-30T14:30:00.000",
        "start_formatted": "July 30, 2022 09:00 AM",
        "end_formatted": "July 30, 2022 02:30 PM",
        "street_closure_type": "Full Street Closure",
        "community_board": "7,",
        "police_precinct": "52,"
      }
    },
    {
      "type": "Feature",
      "geometry": {
        "type": "Point",
        "coordinates": [
          -73.9518065,
          40.7106225
        ]
      },
      "properties": {
        "event_id": "649728",
        "event_name": "PREACHING THE GOSPEL",
        "event_type": "Block Party",
        "event_agency": "Street Activity Permit Office",
        "event_location": "HOOPER STREET between BORINQUEN PLACE and SOUTH    1 STREET",
        "event_borough": "Brooklyn",
        "start_date": "2022-07-29T19:00:00.000",
        "end_date": "2022-07-29T21:00:00.000",
        "start_formatted": "July 29, 2022 07:00 PM",
        "end_formatted": "July 29, 2022 09:00 PM",
        "street_closure_type": "Partial Sidewalk Closure",
        "community_board": "1,",
        "police_precinct": "90,"
      }
    },
    {
      "type": "Feature",
      "geometry": {
        "type": "Point",
        "coordinates": [
          -73.9638365,
          40.713453
        ]
      },
      "properties": {
        "event_id": "645317",
        "event_name": "Saints Peter and Paul Feast Block Party",
        "event_type": "Block Party",
        "event_agency": "Street Activity Permit Office",
        "event_location": "BERRY STREET between SOUTH    2 STREET and SOUTH    3 STREET",
        "event_borough": "Brooklyn",
        "start_date": "2022-07-29T11:00:00.000",
        "end_date": "2022-07-29T20:00:00.000",
        "start_formatted": "July 29, 2022 11:00 AM",
        "end_formatted": "July 29, 2022 08:00 PM",
        "street_closure_type": "Sidewalk and Street Closure",
        "community_board": "1,",
        "police_precinct": "90,"
      }
    },
    {
      "type": "Feature",
      "geometry": {
        "type": "Point",
        "coordinates": [
          -73.9892705,
          40.6360385
        ]
      },
      "properties": {
        "event_id": "650451",
        "event_name": "Day Camp",
        "event_type": "Block Party",
        "event_agency": "Street Activity Permit Office",
        "event_location": "46 STREET between 13 AVENUE and 14 AVENUE",
        "event_borough": "Brooklyn",
        "start_date": "2022-07-28T13:30:00.000",
        "end_date": "2022-07-28T14:30:00.000",
        "start_formatted": "July 28, 2022 01:30 PM",
        "end_formatted": "July 28, 2022 02:30 PM",
        "street_closure_type": "Full Street Closure",
        "community_board": "12,",
        "police_precinct": "66,"
      }
    },
    {
      "type": "Feature",
      "geometry": {
        "type": "Point",
        "coordinates": [
          -73.94096300000001,
          40.8067495
        ]
      },
      "properties": {
        "event_id": "643378",
        "event_name": "5th Avenue July Party",
        "event_type": "Block Party",
        "event_agency": "Street Activity Permit Office",
        "event_location": "EAST  126 STREET between 5 AVENUE and MADISON AVENUE",
        "event_borough": "Manhattan",
        "start_date": "2022-07-23T15:00:00.000",
        "end_date": "2022-07-23T18:00:00.000",
        "start_formatted": "July 23, 2022 03:00 PM",
        "end_formatted": "July 23, 2022 06:00 PM",
        "street_closure_type": "Full Street Closure",
        "community_board": "10, 11,",
        "police_precinct": "25, 28,"
      }
    },
    {
      "type": "Feature",
      "geometry": {
        "type": "Point",
        "coordinates": [
          -73.789589,
          40.775850500000004
        ]
      },
      "properties": {
        "event_id": "637449",
        "event_name": "23 street block association",
        "event_type": "Block Party",
        "event_agency": "Street Activity Permit Office",
        "event_location": "202 STREET between 26 AVENUE and 23 AVENUE",
        "event_borough": "Queens",
        "start_date": "2022-07-23T14:00:00.000",
        "end_date": "2022-07-23T21:00:00.000",
        "start_formatted": "July 23, 2022 02:00 PM",
        "end_formatted": "July 23, 2022 09:00 PM",
        "street_closure_type": "Full Sidewalk Closure",
        "community_board": "7,",
        "police_precinct": "109,"
      }
    },
    {
      "type": "Feature",
      "geometry": {
        "type": "Point",
        "coordinates": [
          -74.03461899999999,
          40.638915999999995
        ]
      },
      "properties": {
        "event_id": "646034",
        "event_name": "Summer 2022 Block Party",
        "event_type": "Block Party",
        "event_agency": "Street Activity Permit Office",
        "event_location": "OWLS HEAD COURT between BAYRIDGE AVENUE and 68 STREET",
        "event_borough": "Brooklyn",
        "start_date": "2022-07-23T13:00:00.000",
        "end_date": "2022-07-23T21:00:00.000",
        "start_formatted": "July 23, 2022 01:00 PM",
        "end_formatted": "July 23, 2022 09:00 PM",
        "street_closure_type": "Full Street Closure",
        "community_board": "10,",
        "police_precinct": "68,"
      }
    },
    {
      "type": "Feature",
      "geometry": {
        "type": "Point",
        "coordinates": [
          -73.97579999999999,
          40.5978485
        ]
      },
      "properties": {
        "event_id": "648397",
        "event_name": "Block Party",
        "event_type": "Block Party",
        "event_agency": "Street Activity Permit Office",
        "event_location": "WEST    4 STREET between AVENUE T and AVENUE U",
        "event_borough": "Brooklyn",
        "start_date": "2022-07-23T13:00:00.000",
        "end_date": "2022-07-23T21:00:00.000",
        "start_formatted": "July 23, 2022 01:00 PM",
        "end_formatted": "July 23, 2022 09:00 PM",
        "street_closure_type": "Full Street Closure",
        "community_board": "11,",
        "police_precinct": "62,"
      }
    },
    {
      "type": "Feature",
      "geometry": {
        "type": "Point",
        "coordinates": [
          -73.930919,
          40.638506500000005
        ]
      },
      "properties": {
        "event_id": "643436",
        "event_name": "E 48 street block party",
        "event_type": "Block Party",
        "event_agency": "Street Activity Permit Office",
        "event_location": "EAST   48 STREET between FARRAGUT ROAD and FOSTER AVENUE",
        "event_borough": "Brooklyn",
        "start_date": "2022-07-23T12:30:00.000",
        "end_date": "2022-07-23T20:00:00.000",
        "start_formatted": "July 23, 2022 12:30 PM",
        "end_formatted": "July 23, 2022 08:00 PM",
        "street_closure_type": "Full Street Closure",
        "community_board": "17,",
        "police_precinct": "67,"
      }
    },
    {
      "type": "Feature",
      "geometry": {
        "type": "Point",
        "coordinates": [
          -73.97157949999999,
          40.6867975
        ]
      },
      "properties": {
        "event_id": "637515",
        "event_name": "Block Party for Carlton Residents",
        "event_type": "Block Party",
        "event_agency": "Street Activity Permit Office",
        "event_location": "CARLTON AVENUE between GREENE AVENUE and LAFAYETTE AVENUE",
        "event_borough": "Brooklyn",
        "start_date": "2022-07-23T12:00:00.000",
        "end_date": "2022-07-23T18:00:00.000",
        "start_formatted": "July 23, 2022 12:00 PM",
        "end_formatted": "July 23, 2022 06:00 PM",
        "street_closure_type": "Full Street Closure",
        "community_board": "2,",
        "police_precinct": "88,"
      }
    },
    {
      "type": "Feature",
      "geometry": {
        "type": "Point",
        "coordinates": [
          -73.9914535,
          40.611146500000004
        ]
      },
      "properties": {
        "event_id": "650161",
        "event_name": "Padre Pio Feast",
        "event_type": "Block Party",
        "event_agency": "Street Activity Permit Office",
        "event_location": "20 AVENUE between 74 STREET and BAY RIDGE PARKWAY",
        "event_borough": "Brooklyn",
        "start_date": "2022-07-23T12:00:00.000",
        "end_date": "2022-07-23T20:00:00.000",
        "start_formatted": "July 23, 2022 12:00 PM",
        "end_formatted": "July 23, 2022 08:00 PM",
        "street_closure_type": "Full Street Closure",
        "community_board": "11,",
        "police_precinct": "62,"
      }
    },
    {
      "type": "Feature",
      "geometry": {
        "type": "Point",
        "coordinates": [
          -73.926165,
          40.657670499999995
        ]
      },
      "properties": {
        "event_id": "643314",
        "event_name": "Mix-up",
        "event_type": "Block Party",
        "event_agency": "Street Activity Permit Office",
        "event_location": "EAST   55 STREET between CLARKSON AVENUE and REMSEN AVENUE",
        "event_borough": "Brooklyn",
        "start_date": "2022-07-23T11:00:00.000",
        "end_date": "2022-07-23T18:00:00.000",
        "start_formatted": "July 23, 2022 11:00 AM",
        "end_formatted": "July 23, 2022 06:00 PM",
        "street_closure_type": "Full Street Closure",
        "community_board": "17,",
        "police_precinct": "67,"
      }
    },
    {
      "type": "Feature",
      "geometry": {
        "type": "Point",
        "coordinates": [
          -73.92051000000001,
          40.842259
        ]
      },
      "properties": {
        "event_id": "635989",
        "event_name": "8th annual BBQ fun time",
        "event_type": "Block Party",
        "event_agency": "Street Activity Permit Office",
        "event_location": "JESUP PLACE between SHAKESPEARE AVENUE and JESUP AVENUE",
        "event_borough": "Bronx",
        "start_date": "2022-07-23T10:30:00.000",
        "end_date": "2022-07-23T19:00:00.000",
        "start_formatted": "July 23, 2022 10:30 AM",
        "end_formatted": "July 23, 2022 07:00 PM",
        "street_closure_type": "Full Street Closure",
        "community_board": "4,",
        "police_precinct": "44,"
      }
    },
    {
      "type": "Feature",
      "geometry": {
        "type": "Point",
        "coordinates": [
          -73.927774,
          40.654751000000005
        ]
      },
      "properties": {
        "event_id": "625690",
        "event_name": "E53 st block party",
        "event_type": "Block Party",
        "event_agency": "Street Activity Permit Office",
        "event_location": "EAST   53 STREET between LINDEN BOULEVARD and LENOX ROAD",
        "event_borough": "Brooklyn",
        "start_date": "2022-07-23T10:00:00.000",
        "end_date": "2022-07-23T18:00:00.000",
        "start_formatted": "July 23, 2022 10:00 AM",
        "end_formatted": "July 23, 2022 06:00 PM",
        "street_closure_type": "Full Street Closure",
        "community_board": "17,",
        "police_precinct": "67,"
      }
    },
    {
      "type": "Feature",
      "geometry": {
        "type": "Point",
        "coordinates": [
          -73.93379300000001,
          40.6383275
        ]
      },
      "properties": {
        "event_id": "647777",
        "event_name": "EAST 45TH STREET/FOSTER-FARRAGUT BLOCK ASSOCIATION BLOCK PARTY",
        "event_type": "Block Party",
        "event_agency": "Street Activity Permit Office",
        "event_location": "EAST   45 STREET between FOSTER AVENUE and FARRAGUT ROAD",
        "event_borough": "Brooklyn",
        "start_date": "2022-07-23T10:00:00.000",
        "end_date": "2022-07-23T18:00:00.000",
        "start_formatted": "July 23, 2022 10:00 AM",
        "end_formatted": "July 23, 2022 06:00 PM",
        "street_closure_type": "Full Street Closure",
        "community_board": "17,",
        "police_precinct": "67,"
      }
    },
    {
      "type": "Feature",
      "geometry": {
        "type": "Point",
        "coordinates": [
          -73.9096095,
          40.6789365
        ]
      },
      "properties": {
        "event_id": "628512",
        "event_name": "SOMERS ST. ANNUUAL BLOCK PARTY",
        "event_type": "Block Party",
        "event_agency": "Street Activity Permit Office",
        "event_location": "SOMERS STREET between ROCKAWAY AVENUE and MOTHER GASTON BOULEVARD",
        "event_borough": "Brooklyn",
        "start_date": "2022-07-23T09:00:00.000",
        "end_date": "2022-07-23T18:00:00.000",
        "start_formatted": "July 23, 2022 09:00 AM",
        "end_formatted": "July 23, 2022 06:00 PM",
        "street_closure_type": "Full Street Closure",
        "community_board": "16,",
        "police_precinct": "73,"
      }
    },
    {
      "type": "Feature",
      "geometry": {
        "type": "Point",
        "coordinates": [
          -73.915022,
          40.8238425
        ]
      },
      "properties": {
        "event_id": "638524",
        "event_name": "The Bronx Defenders Community Block Party",
        "event_type": "Block Party",
        "event_agency": "Street Activity Permit Office",
        "event_location": "EAST  160 STREET between COURTLANDT AVENUE and MELROSE AVENUE",
        "event_borough": "Bronx",
        "start_date": "2022-07-21T12:00:00.000",
        "end_date": "2022-07-21T17:00:00.000",
        "start_formatted": "July 21, 2022 12:00 PM",
        "end_formatted": "July 21, 2022 05:00 PM",
        "street_closure_type": "Full Street Closure",
        "community_board": "3,",
        "police_precinct": "42,"
      }
    },
    {
      "type": "Feature",
      "geometry": {
        "type": "Point",
        "coordinates": [
          -73.85598,
          40.679929
        ]
      },
      "properties": {
        "event_id": "645646",
        "event_name": "Paul Andrade",
        "event_type": "Block Party",
        "event_agency": "Street Activity Permit Office",
        "event_location": "102 ROAD between 81 STREET and 84 STREET",
        "event_borough": "Queens",
        "start_date": "2022-07-16T13:30:00.000",
        "end_date": "2022-07-16T21:00:00.000",
        "start_formatted": "July 16, 2022 01:30 PM",
        "end_formatted": "July 16, 2022 09:00 PM",
        "street_closure_type": "Sidewalk and Street Closure",
        "community_board": "9,",
        "police_precinct": "102,"
      }
    },
    {
      "type": "Feature",
      "geometry": {
        "type": "Point",
        "coordinates": [
          -74.15683849999999,
          40.595511
        ]
      },
      "properties": {
        "event_id": "633769",
        "event_name": "Carpenter ave",
        "event_type": "Block Party",
        "event_agency": "Street Activity Permit Office",
        "event_location": "CARPENTER AVENUE between GLEN ROAD and ASHWORTH AVENUE",
        "event_borough": "Staten Island",
        "start_date": "2022-07-16T13:00:00.000",
        "end_date": "2022-07-16T21:00:00.000",
        "start_formatted": "July 16, 2022 01:00 PM",
        "end_formatted": "July 16, 2022 09:00 PM",
        "street_closure_type": "Full Street Closure",
        "community_board": "2,",
        "police_precinct": "121,"
      }
    },
    {
      "type": "Feature",
      "geometry": {
        "type": "Point",
        "coordinates": [
          -73.92019149999999,
          40.809664
        ]
      },
      "properties": {
        "event_id": "608143",
        "event_name": "Old Timers Day",
        "event_type": "Block Party",
        "event_agency": "Street Activity Permit Office",
        "event_location": "EAST  140 STREET between WILLIS AVENUE and BROOK AVENUE",
        "event_borough": "Bronx",
        "start_date": "2022-07-16T13:00:00.000",
        "end_date": "2022-07-16T18:00:00.000",
        "start_formatted": "July 16, 2022 01:00 PM",
        "end_formatted": "July 16, 2022 06:00 PM",
        "street_closure_type": "Full Street Closure",
        "community_board": "1,",
        "police_precinct": "40,"
      }
    },
    {
      "type": "Feature",
      "geometry": {
        "type": "Point",
        "coordinates": [
          -74.160068,
          40.613239
        ]
      },
      "properties": {
        "event_id": "638897",
        "event_name": "2022 Lander Avenue Block Party",
        "event_type": "Block Party",
        "event_agency": "Street Activity Permit Office",
        "event_location": "LANDER AVENUE between RICHMOND AVENUE and RENEE PLACE",
        "event_borough": "Staten Island",
        "start_date": "2022-07-16T13:00:00.000",
        "end_date": "2022-07-16T20:00:00.000",
        "start_formatted": "July 16, 2022 01:00 PM",
        "end_formatted": "July 16, 2022 08:00 PM",
        "street_closure_type": "Full Street Closure",
        "community_board": "2,",
        "police_precinct": "121,"
      }
    },
    {
      "type": "Feature",
      "geometry": {
        "type": "Point",
        "coordinates": [
          -74.1516,
          40.537764499999994
        ]
      },
      "properties": {
        "event_id": "625156",
        "event_name": "Robinson avenue block party",
        "event_type": "Block Party",
        "event_agency": "Street Activity Permit Office",
        "event_location": "ROBINSON AVENUE between HYLAN BOULEVARD and KING STREET",
        "event_borough": "Staten Island",
        "start_date": "2022-07-16T13:00:00.000",
        "end_date": "2022-07-16T21:00:00.000",
        "start_formatted": "July 16, 2022 01:00 PM",
        "end_formatted": "July 16, 2022 09:00 PM",
        "street_closure_type": "Full Street Closure",
        "community_board": "3,",
        "police_precinct": "122,"
      }
    },
    {
      "type": "Feature",
      "geometry": {
        "type": "Point",
        "coordinates": [
          -73.91801749999999,
          40.817747
        ]
      },
      "properties": {
        "event_id": "638873",
        "event_name": "Block Party",
        "event_type": "Block Party",
        "event_agency": "Street Activity Permit Office",
        "event_location": "EAST  151 STREET between COURTLANDT AVENUE and MELROSE AVENUE",
        "event_borough": "Bronx",
        "start_date": "2022-07-16T13:00:00.000",
        "end_date": "2022-07-16T17:00:00.000",
        "start_formatted": "July 16, 2022 01:00 PM",
        "end_formatted": "July 16, 2022 05:00 PM",
        "street_closure_type": "Full Street Closure",
        "community_board": "1,",
        "police_precinct": "40,"
      }
    },
    {
      "type": "Feature",
      "geometry": {
        "type": "Point",
        "coordinates": [
          -73.903503,
          40.816417
        ]
      },
      "properties": {
        "event_id": "647902",
        "event_name": "Judah Church of Deliverance",
        "event_type": "Block Party",
        "event_agency": "Street Activity Permit Office",
        "event_location": "155 ST between UNION AVENUE and PROSPECT AVENUE",
        "event_borough": "Bronx",
        "start_date": "2022-07-16T12:00:00.000",
        "end_date": "2022-07-16T18:00:00.000",
        "start_formatted": "July 16, 2022 12:00 PM",
        "end_formatted": "July 16, 2022 06:00 PM",
        "street_closure_type": "Full Street Closure",
        "community_board": "1, 2,",
        "police_precinct": "40, 41,"
      }
    },
    {
      "type": "Feature",
      "geometry": {
        "type": "Point",
        "coordinates": [
          -73.9919885,
          40.605442999999994
        ]
      },
      "properties": {
        "event_id": "646085",
        "event_name": "First annual block party",
        "event_type": "Block Party",
        "event_agency": "Street Activity Permit Office",
        "event_location": "81 STREET between 21 AVENUE and BAY PARKWAY",
        "event_borough": "Brooklyn",
        "start_date": "2022-07-16T12:00:00.000",
        "end_date": "2022-07-16T20:00:00.000",
        "start_formatted": "July 16, 2022 12:00 PM",
        "end_formatted": "July 16, 2022 08:00 PM",
        "street_closure_type": "Full Street Closure",
        "community_board": "11,",
        "police_precinct": "62,"
      }
    },
    {
      "type": "Feature",
      "geometry": {
        "type": "Point",
        "coordinates": [
          -73.897766,
          40.8318595
        ]
      },
      "properties": {
        "event_id": "635460",
        "event_name": "Jennings Terrace Gardens 10th Annual Co op Day",
        "event_type": "Block Party",
        "event_agency": "Street Activity Permit Office",
        "event_location": "JENNINGS STREET between UNION AVENUE and PROSPECT AVENUE",
        "event_borough": "Bronx",
        "start_date": "2022-07-16T12:00:00.000",
        "end_date": "2022-07-16T18:00:00.000",
        "start_formatted": "July 16, 2022 12:00 PM",
        "end_formatted": "July 16, 2022 06:00 PM",
        "street_closure_type": "Full Street Closure",
        "community_board": "3,",
        "police_precinct": "42,"
      }
    },
    {
      "type": "Feature",
      "geometry": {
        "type": "Point",
        "coordinates": [
          -73.93333000000001,
          40.612678
        ]
      },
      "properties": {
        "event_id": "648074",
        "event_name": "Block Party",
        "event_type": "Block Party",
        "event_agency": "Street Activity Permit Office",
        "event_location": "EAST   37 STREET between AVENUE R and FILLMORE AVENUE",
        "event_borough": "Brooklyn",
        "start_date": "2022-07-16T12:00:00.000",
        "end_date": "2022-07-16T21:00:00.000",
        "start_formatted": "July 16, 2022 12:00 PM",
        "end_formatted": "July 16, 2022 09:00 PM",
        "street_closure_type": "Full Street Closure",
        "community_board": "18,",
        "police_precinct": "63,"
      }
    },
    {
      "type": "Feature",
      "geometry": {
        "type": "Point",
        "coordinates": [
          -74.003292,
          40.653629
        ]
      },
      "properties": {
        "event_id": "627286",
        "event_name": "2022 Summer Block Party",
        "event_type": "Block Party",
        "event_agency": "Street Activity Permit Office",
        "event_location": "36 STREET between 4 AVENUE and 5 AVENUE",
        "event_borough": "Brooklyn",
        "start_date": "2022-07-16T12:00:00.000",
        "end_date": "2022-07-16T21:00:00.000",
        "start_formatted": "July 16, 2022 12:00 PM",
        "end_formatted": "July 16, 2022 09:00 PM",
        "street_closure_type": "Full Street Closure",
        "community_board": "7,",
        "police_precinct": "72,"
      }
    },
    {
      "type": "Feature",
      "geometry": {
        "type": "Point",
        "coordinates": [
          -74.1544175,
          40.5449385
        ]
      },
      "properties": {
        "event_id": "636879",
        "event_name": "ramblewood avenue block party",
        "event_type": "Block Party",
        "event_agency": "Street Activity Permit Office",
        "event_location": "RAMBLEWOOD AVENUE between SYCAMORE STREET and OAKDALE STREET",
        "event_borough": "Staten Island",
        "start_date": "2022-07-16T12:00:00.000",
        "end_date": "2022-07-16T21:00:00.000",
        "start_formatted": "July 16, 2022 12:00 PM",
        "end_formatted": "July 16, 2022 09:00 PM",
        "street_closure_type": "Full Street Closure",
        "community_board": "3,",
        "police_precinct": "122,"
      }
    },
    {
      "type": "Feature",
      "geometry": {
        "type": "Point",
        "coordinates": [
          -73.916474,
          40.8054975
        ]
      },
      "properties": {
        "event_id": "626867",
        "event_name": "Gospel United in Praise",
        "event_type": "Block Party",
        "event_agency": "Street Activity Permit Office",
        "event_location": "EAST  137 STREET between CYPRESS AVENUE and ST ANNS AVENUE",
        "event_borough": "Bronx",
        "start_date": "2022-07-16T12:00:00.000",
        "end_date": "2022-07-16T15:00:00.000",
        "start_formatted": "July 16, 2022 12:00 PM",
        "end_formatted": "July 16, 2022 03:00 PM",
        "street_closure_type": "Full Street Closure",
        "community_board": "1,",
        "police_precinct": "40,"
      }
    },
    {
      "type": "Feature",
      "geometry": {
        "type": "Point",
        "coordinates": [
          -74.139137,
          40.553968
        ]
      },
      "properties": {
        "event_id": "641565",
        "event_name": "Barrow Street Block Party",
        "event_type": "Block Party",
        "event_agency": "Street Activity Permit Office",
        "event_location": "BARTOW STREET between SOUTH RAILROAD AVENUE and OGORMAN AVENUE",
        "event_borough": "Staten Island",
        "start_date": "2022-07-16T12:00:00.000",
        "end_date": "2022-07-16T21:00:00.000",
        "start_formatted": "July 16, 2022 12:00 PM",
        "end_formatted": "July 16, 2022 09:00 PM",
        "street_closure_type": "Full Street Closure",
        "community_board": "3,",
        "police_precinct": "122,"
      }
    },
    {
      "type": "Feature",
      "geometry": {
        "type": "Point",
        "coordinates": [
          -73.9435395,
          40.6037685
        ]
      },
      "properties": {
        "event_id": "647482",
        "event_name": "29th street Block Party",
        "event_type": "Block Party",
        "event_agency": "Street Activity Permit Office",
        "event_location": "EAST   29 STREET between AVENUE S and AVENUE T",
        "event_borough": "Brooklyn",
        "start_date": "2022-07-16T12:00:00.000",
        "end_date": "2022-07-16T21:00:00.000",
        "start_formatted": "July 16, 2022 12:00 PM",
        "end_formatted": "July 16, 2022 09:00 PM",
        "street_closure_type": "Full Street Closure",
        "community_board": "15,",
        "police_precinct": "61,"
      }
    },
    {
      "type": "Feature",
      "geometry": {
        "type": "Point",
        "coordinates": [
          -73.8515405,
          40.6836505
        ]
      },
      "properties": {
        "event_id": "646787",
        "event_name": "A day of fun",
        "event_type": "Block Party",
        "event_agency": "Street Activity Permit Office",
        "event_location": "89 STREET between 101 AVENUE and 97 AVENUE",
        "event_borough": "Queens",
        "start_date": "2022-07-16T12:00:00.000",
        "end_date": "2022-07-16T20:00:00.000",
        "start_formatted": "July 16, 2022 12:00 PM",
        "end_formatted": "July 16, 2022 08:00 PM",
        "street_closure_type": "Full Street Closure",
        "community_board": "9,",
        "police_precinct": "102,"
      }
    },
    {
      "type": "Feature",
      "geometry": {
        "type": "Point",
        "coordinates": [
          -73.945975,
          40.824988
        ]
      },
      "properties": {
        "event_id": "630947",
        "event_name": "Mt Zion Community Celebration",
        "event_type": "Block Party",
        "event_agency": "Street Activity Permit Office",
        "event_location": "CONVENT AVENUE between WEST  145 STREET and WEST  146 STREET",
        "event_borough": "Manhattan",
        "start_date": "2022-07-16T12:00:00.000",
        "end_date": "2022-07-16T16:00:00.000",
        "start_formatted": "July 16, 2022 12:00 PM",
        "end_formatted": "July 16, 2022 04:00 PM",
        "street_closure_type": "Full Street Closure",
        "community_board": "9,",
        "police_precinct": "30,"
      }
    },
    {
      "type": "Feature",
      "geometry": {
        "type": "Point",
        "coordinates": [
          -73.97012649999999,
          40.6788745
        ]
      },
      "properties": {
        "event_id": "631837",
        "event_name": "St. Marks Ave Block Party",
        "event_type": "Block Party",
        "event_agency": "Street Activity Permit Office",
        "event_location": "ST MARKS AVENUE between CARLTON AVENUE and VANDERBILT AVENUE",
        "event_borough": "Brooklyn",
        "start_date": "2022-07-16T12:00:00.000",
        "end_date": "2022-07-16T19:00:00.000",
        "start_formatted": "July 16, 2022 12:00 PM",
        "end_formatted": "July 16, 2022 07:00 PM",
        "street_closure_type": "Full Street Closure",
        "community_board": "8,",
        "police_precinct": "78,"
      }
    },
    {
      "type": "Feature",
      "geometry": {
        "type": "Point",
        "coordinates": [
          -74.0063045,
          40.647242
        ]
      },
      "properties": {
        "event_id": "647613",
        "event_name": "45th Street Block Party",
        "event_type": "Block Party",
        "event_agency": "Street Activity Permit Office",
        "event_location": "45 STREET between 5 AVENUE and 6 AVENUE",
        "event_borough": "Brooklyn",
        "start_date": "2022-07-16T12:00:00.000",
        "end_date": "2022-07-16T19:00:00.000",
        "start_formatted": "July 16, 2022 12:00 PM",
        "end_formatted": "July 16, 2022 07:00 PM",
        "street_closure_type": "Full Street Closure",
        "community_board": "7,",
        "police_precinct": "72,"
      }
    },
    {
      "type": "Feature",
      "geometry": {
        "type": "Point",
        "coordinates": [
          -73.949692,
          40.804556500000004
        ]
      },
      "properties": {
        "event_id": "637531",
        "event_name": "100th Block of West 119th Street Block Party",
        "event_type": "Block Party",
        "event_agency": "Street Activity Permit Office",
        "event_location": "WEST  119 STREET between MALCOLM X BOULEVARD and ADAM CLAYTON POWELL BOULEVARD",
        "event_borough": "Manhattan",
        "start_date": "2022-07-16T11:30:00.000",
        "end_date": "2022-07-16T18:00:00.000",
        "start_formatted": "July 16, 2022 11:30 AM",
        "end_formatted": "July 16, 2022 06:00 PM",
        "street_closure_type": "Full Street Closure",
        "community_board": "10,",
        "police_precinct": "28,"
      }
    },
    {
      "type": "Feature",
      "geometry": {
        "type": "Point",
        "coordinates": [
          -73.9381845,
          40.652351499999995
        ]
      },
      "properties": {
        "event_id": "646714",
        "event_name": "East 42nd Street Family Day",
        "event_type": "Block Party",
        "event_agency": "Street Activity Permit Office",
        "event_location": "EAST   42 STREET between LINDEN BOULEVARD and CHURCH AVENUE",
        "event_borough": "Brooklyn",
        "start_date": "2022-07-16T11:00:00.000",
        "end_date": "2022-07-16T19:00:00.000",
        "start_formatted": "July 16, 2022 11:00 AM",
        "end_formatted": "July 16, 2022 07:00 PM",
        "street_closure_type": "Full Street Closure",
        "community_board": "17,",
        "police_precinct": "67,"
      }
    },
    {
      "type": "Feature",
      "geometry": {
        "type": "Point",
        "coordinates": [
          -73.9068435,
          40.621501
        ]
      },
      "properties": {
        "event_id": "647013",
        "event_name": "73 rd street block party",
        "event_type": "Block Party",
        "event_agency": "Street Activity Permit Office",
        "event_location": "EAST   73 STREET between AVENUE U and AVENUE T",
        "event_borough": "Brooklyn",
        "start_date": "2022-07-16T11:00:00.000",
        "end_date": "2022-07-16T20:00:00.000",
        "start_formatted": "July 16, 2022 11:00 AM",
        "end_formatted": "July 16, 2022 08:00 PM",
        "street_closure_type": "Full Street Closure",
        "community_board": "18,",
        "police_precinct": "63,"
      }
    },
    {
      "type": "Feature",
      "geometry": {
        "type": "Point",
        "coordinates": [
          -73.844428,
          40.823877499999995
        ]
      },
      "properties": {
        "event_id": "624956",
        "event_name": "SPLASH BASH",
        "event_type": "Block Party",
        "event_agency": "Street Activity Permit Office",
        "event_location": "LAFAYETTE AVENUE between ZEREGA AVENUE and HAVEMEYER AVENUE",
        "event_borough": "Bronx",
        "start_date": "2022-07-16T11:00:00.000",
        "end_date": "2022-07-16T16:00:00.000",
        "start_formatted": "July 16, 2022 11:00 AM",
        "end_formatted": "July 16, 2022 04:00 PM",
        "street_closure_type": "Full Street Closure",
        "community_board": "9,",
        "police_precinct": "43,"
      }
    },
    {
      "type": "Feature",
      "geometry": {
        "type": "Point",
        "coordinates": [
          -73.921089,
          40.6709395
        ]
      },
      "properties": {
        "event_id": "634996",
        "event_name": "Sterling place block celebration",
        "event_type": "Block Party",
        "event_agency": "Street Activity Permit Office",
        "event_location": "STERLING PLACE between RALPH AVENUE and HOWARD AVENUE",
        "event_borough": "Brooklyn",
        "start_date": "2022-07-16T11:00:00.000",
        "end_date": "2022-07-16T20:00:00.000",
        "start_formatted": "July 16, 2022 11:00 AM",
        "end_formatted": "July 16, 2022 08:00 PM",
        "street_closure_type": "Full Street Closure",
        "community_board": "16,",
        "police_precinct": "73,"
      }
    },
    {
      "type": "Feature",
      "geometry": {
        "type": "Point",
        "coordinates": [
          -73.93118949999999,
          40.6140615
        ]
      },
      "properties": {
        "event_id": "643394",
        "event_name": "Kimball Street block party",
        "event_type": "Block Party",
        "event_agency": "Street Activity Permit Office",
        "event_location": "KIMBALL STREET between FILLMORE AVENUE and AVENUE R",
        "event_borough": "Brooklyn",
        "start_date": "2022-07-16T11:00:00.000",
        "end_date": "2022-07-16T20:00:00.000",
        "start_formatted": "July 16, 2022 11:00 AM",
        "end_formatted": "July 16, 2022 08:00 PM",
        "street_closure_type": "Sidewalk and Street Closure",
        "community_board": "18,",
        "police_precinct": "63,"
      }
    },
    {
      "type": "Feature",
      "geometry": {
        "type": "Point",
        "coordinates": [
          -73.910347,
          40.677496
        ]
      },
      "properties": {
        "event_id": "624658",
        "event_name": "Herkimer Street Block Party",
        "event_type": "Block Party",
        "event_agency": "Street Activity Permit Office",
        "event_location": "HERKIMER STREET between ROCKAWAY AVENUE and PLEASANT PLACE",
        "event_borough": "Brooklyn",
        "start_date": "2022-07-16T10:00:00.000",
        "end_date": "2022-07-16T19:00:00.000",
        "start_formatted": "July 16, 2022 10:00 AM",
        "end_formatted": "July 16, 2022 07:00 PM",
        "street_closure_type": "Full Street Closure",
        "community_board": "16,",
        "police_precinct": "73,"
      }
    },
    {
      "type": "Feature",
      "geometry": {
        "type": "Point",
        "coordinates": [
          -73.89881650000001,
          40.6349955
        ]
      },
      "properties": {
        "event_id": "625882",
        "event_name": "E91 Block Association Block party",
        "event_type": "Block Party",
        "event_agency": "Street Activity Permit Office",
        "event_location": "EAST   91 STREET between AVENUE L and AVENUE M",
        "event_borough": "Brooklyn",
        "start_date": "2022-07-16T10:00:00.000",
        "end_date": "2022-07-16T19:00:00.000",
        "start_formatted": "July 16, 2022 10:00 AM",
        "end_formatted": "July 16, 2022 07:00 PM",
        "street_closure_type": "Full Street Closure",
        "community_board": "18,",
        "police_precinct": "69,"
      }
    },
    {
      "type": "Feature",
      "geometry": {
        "type": "Point",
        "coordinates": [
          -73.93562299999999,
          40.64175
        ]
      },
      "properties": {
        "event_id": "636273",
        "event_name": "Annual International Bazaar",
        "event_type": "Block Party",
        "event_agency": "Street Activity Permit Office",
        "event_location": "AVENUE D between TROY AVENUE and EAST   43 STREET",
        "event_borough": "Brooklyn",
        "start_date": "2022-07-16T10:00:00.000",
        "end_date": "2022-07-16T17:00:00.000",
        "start_formatted": "July 16, 2022 10:00 AM",
        "end_formatted": "July 16, 2022 05:00 PM",
        "street_closure_type": "Full Street Closure",
        "community_board": "17,",
        "police_precinct": "67,"
      }
    },
    {
      "type": "Feature",
      "geometry": {
        "type": "Point",
        "coordinates": [
          -73.921003,
          40.671829
        ]
      },
      "properties": {
        "event_id": "645875",
        "event_name": "Park Place 4th Annual Block Party",
        "event_type": "Block Party",
        "event_agency": "Street Activity Permit Office",
        "event_location": "PARK PLACE between RALPH AVENUE and HOWARD AVENUE",
        "event_borough": "Brooklyn",
        "start_date": "2022-07-16T10:00:00.000",
        "end_date": "2022-07-16T17:00:00.000",
        "start_formatted": "July 16, 2022 10:00 AM",
        "end_formatted": "July 16, 2022 05:00 PM",
        "street_closure_type": "Full Street Closure",
        "community_board": "16,",
        "police_precinct": "73,"
      }
    },
    {
      "type": "Feature",
      "geometry": {
        "type": "Point",
        "coordinates": [
          -73.90849449999999,
          40.6533855
        ]
      },
      "properties": {
        "event_id": "625733",
        "event_name": "Block Party",
        "event_type": "Block Party",
        "event_agency": "Street Activity Permit Office",
        "event_location": "BRISTOL STREET between LINDEN BOULEVARD and DITMAS AVENUE",
        "event_borough": "Brooklyn",
        "start_date": "2022-07-16T09:00:00.000",
        "end_date": "2022-07-16T17:30:00.000",
        "start_formatted": "July 16, 2022 09:00 AM",
        "end_formatted": "July 16, 2022 05:30 PM",
        "street_closure_type": "Full Street Closure",
        "community_board": "16,",
        "police_precinct": "73,"
      }
    },
    {
      "type": "Feature",
      "geometry": {
        "type": "Point",
        "coordinates": [
          -74.1177705,
          40.638762
        ]
      },
      "properties": {
        "event_id": "626160",
        "event_name": "21 ANNUAL WEST BRIGHTON HARMONY DAY",
        "event_type": "Block Party",
        "event_agency": "Street Activity Permit Office",
        "event_location": "BROADWAY between HENDERSON AVENUE and RICHMOND TERRACE",
        "event_borough": "Staten Island",
        "start_date": "2022-07-16T09:00:00.000",
        "end_date": "2022-07-16T17:00:00.000",
        "start_formatted": "July 16, 2022 09:00 AM",
        "end_formatted": "July 16, 2022 05:00 PM",
        "street_closure_type": "Full Street Closure",
        "community_board": "1,",
        "police_precinct": "120,"
      }
    },
    {
      "type": "Feature",
      "geometry": {
        "type": "Point",
        "coordinates": [
          -73.85810950000001,
          40.8829105
        ]
      },
      "properties": {
        "event_id": "638085",
        "event_name": "Community Fun Day",
        "event_type": "Block Party",
        "event_agency": "Street Activity Permit Office",
        "event_location": "EAST  220 STREET between BARNES AVENUE and BRONXWOOD AVENUE",
        "event_borough": "Bronx",
        "start_date": "2022-07-16T09:00:00.000",
        "end_date": "2022-07-16T17:00:00.000",
        "start_formatted": "July 16, 2022 09:00 AM",
        "end_formatted": "July 16, 2022 05:00 PM",
        "street_closure_type": "Full Street Closure",
        "community_board": "12,",
        "police_precinct": "47,"
      }
    },
    {
      "type": "Feature",
      "geometry": {
        "type": "Point",
        "coordinates": [
          -74.0051895,
          40.7249615
        ]
      },
      "properties": {
        "event_id": "636864",
        "event_name": "Door Comic - Con",
        "event_type": "Block Party",
        "event_agency": "Street Activity Permit Office",
        "event_location": "DOMINICK STREET between 6 AVENUE and VARICK STREET",
        "event_borough": "Manhattan",
        "start_date": "2022-07-14T12:00:00.000",
        "end_date": "2022-07-14T20:00:00.000",
        "start_formatted": "July 14, 2022 12:00 PM",
        "end_formatted": "July 14, 2022 08:00 PM",
        "street_closure_type": "Full Street Closure",
        "community_board": "2,",
        "police_precinct": "1,"
      }
    },
    {
      "type": "Feature",
      "geometry": {
        "type": "Point",
        "coordinates": [
          -73.9246,
          40.683959
        ]
      },
      "properties": {
        "event_id": "629859",
        "event_name": "Macon Street Block Party",
        "event_type": "Block Party",
        "event_agency": "Street Activity Permit Office",
        "event_location": "MACON STREET between PATCHEN AVENUE and RALPH AVENUE",
        "event_borough": "Brooklyn",
        "start_date": "2022-07-12T18:00:00.000",
        "end_date": "2022-07-12T21:00:00.000",
        "start_formatted": "July 12, 2022 06:00 PM",
        "end_formatted": "July 12, 2022 09:00 PM",
        "street_closure_type": "Full Street Closure",
        "community_board": "3,",
        "police_precinct": "81,"
      }
    },
    {
      "type": "Feature",
      "geometry": {
        "type": "Point",
        "coordinates": [
          -73.90830349999999,
          40.651855
        ]
      },
      "properties": {
        "event_id": "610319",
        "event_name": "Steel Horses Bike Blessing",
        "event_type": "Block Party",
        "event_agency": "Street Activity Permit Office",
        "event_location": "EAST   98 STREET between DITMAS AVENUE and DEAD END",
        "event_borough": "Brooklyn",
        "start_date": "2022-07-10T12:00:00.000",
        "end_date": "2022-07-10T20:00:00.000",
        "start_formatted": "July 10, 2022 12:00 PM",
        "end_formatted": "July 10, 2022 08:00 PM",
        "street_closure_type": "Full Street Closure",
        "community_board": "16, 17,",
        "police_precinct": "67, 73,"
      }
    },
    {
      "type": "Feature",
      "geometry": {
        "type": "Point",
        "coordinates": [
          -74.0147405,
          40.6459525
        ]
      },
      "properties": {
        "event_id": "631824",
        "event_name": "52nd Street Block Party 1",
        "event_type": "Block Party",
        "event_agency": "Street Activity Permit Office",
        "event_location": "52 STREET between 3 AVENUE and 4 AVENUE",
        "event_borough": "Brooklyn",
        "start_date": "2022-07-10T12:00:00.000",
        "end_date": "2022-07-10T21:00:00.000",
        "start_formatted": "July 10, 2022 12:00 PM",
        "end_formatted": "July 10, 2022 09:00 PM",
        "street_closure_type": "Full Street Closure",
        "community_board": "7,",
        "police_precinct": "72,"
      }
    },
    {
      "type": "Feature",
      "geometry": {
        "type": "Point",
        "coordinates": [
          -74.13650799999999,
          40.627793999999994
        ]
      },
      "properties": {
        "event_id": "613649",
        "event_name": "Summer Family Block Party",
        "event_type": "Block Party",
        "event_agency": "Street Activity Permit Office",
        "event_location": "LEXINGTON AVENUE between CATHERINE STREET and DEAD END",
        "event_borough": "Staten Island",
        "start_date": "2022-07-09T14:00:00.000",
        "end_date": "2022-07-09T21:00:00.000",
        "start_formatted": "July 09, 2022 02:00 PM",
        "end_formatted": "July 09, 2022 09:00 PM",
        "street_closure_type": "Full Street Closure",
        "community_board": "1,",
        "police_precinct": "121,"
      }
    },
    {
      "type": "Feature",
      "geometry": {
        "type": "Point",
        "coordinates": [
          -73.9413655,
          40.662146500000006
        ]
      },
      "properties": {
        "event_id": "591709",
        "event_name": "FRIENDS N FAMILY DAY",
        "event_type": "Block Party",
        "event_agency": "Street Activity Permit Office",
        "event_location": "EAST NEW YORK AVENUE between ALBANY AVENUE and KINGSTON AVENUE",
        "event_borough": "Brooklyn",
        "start_date": "2022-07-09T13:00:00.000",
        "end_date": "2022-07-09T20:00:00.000",
        "start_formatted": "July 09, 2022 01:00 PM",
        "end_formatted": "July 09, 2022 08:00 PM",
        "street_closure_type": "Full Street Closure",
        "community_board": "9,",
        "police_precinct": "71,"
      }
    },
    {
      "type": "Feature",
      "geometry": {
        "type": "Point",
        "coordinates": [
          -74.1587435,
          40.5507915
        ]
      },
      "properties": {
        "event_id": "645710",
        "event_name": "Block Party",
        "event_type": "Block Party",
        "event_agency": "Street Activity Permit Office",
        "event_location": "FERN AVENUE between LAMOKA AVENUE and KATAN AVENUE",
        "event_borough": "Staten Island",
        "start_date": "2022-07-09T13:00:00.000",
        "end_date": "2022-07-09T21:00:00.000",
        "start_formatted": "July 09, 2022 01:00 PM",
        "end_formatted": "July 09, 2022 09:00 PM",
        "street_closure_type": "Full Street Closure",
        "community_board": "3,",
        "police_precinct": "122,"
      }
    },
    {
      "type": "Feature",
      "geometry": {
        "type": "Point",
        "coordinates": [
          -73.9380295,
          40.802107
        ]
      },
      "properties": {
        "event_id": "652080",
        "event_name": "SB DAY",
        "event_type": "Block Party",
        "event_agency": "Street Activity Permit Office",
        "event_location": "EAST  122 STREET between LEXINGTON AVENUE and THIRD AVENUE",
        "event_borough": "Manhattan",
        "start_date": "2022-07-09T13:00:00.000",
        "end_date": "2022-07-09T18:00:00.000",
        "start_formatted": "July 09, 2022 01:00 PM",
        "end_formatted": "July 09, 2022 06:00 PM",
        "street_closure_type": "Sidewalk and Street Closure",
        "community_board": "11,",
        "police_precinct": "25,"
      }
    },
    {
      "type": "Feature",
      "geometry": {
        "type": "Point",
        "coordinates": [
          -73.77539949999999,
          40.731938
        ]
      },
      "properties": {
        "event_id": "634967",
        "event_name": "196th Street Homeowners Block Party",
        "event_type": "Block Party",
        "event_agency": "Street Activity Permit Office",
        "event_location": "196 STREET between UNION TURNPIKE and 75 AVENUE",
        "event_borough": "Queens",
        "start_date": "2022-07-09T13:00:00.000",
        "end_date": "2022-07-09T20:00:00.000",
        "start_formatted": "July 09, 2022 01:00 PM",
        "end_formatted": "July 09, 2022 08:00 PM",
        "street_closure_type": "Full Street Closure",
        "community_board": "8,",
        "police_precinct": "107,"
      }
    },
    {
      "type": "Feature",
      "geometry": {
        "type": "Point",
        "coordinates": [
          -73.84860499999999,
          40.65533
        ]
      },
      "properties": {
        "event_id": "626801",
        "event_name": "83rd street Block Party",
        "event_type": "Block Party",
        "event_agency": "Street Activity Permit Office",
        "event_location": "83 STREET between 161 AVENUE and 160 AVENUE",
        "event_borough": "Queens",
        "start_date": "2022-07-09T12:00:00.000",
        "end_date": "2022-07-09T20:00:00.000",
        "start_formatted": "July 09, 2022 12:00 PM",
        "end_formatted": "July 09, 2022 08:00 PM",
        "street_closure_type": "Full Street Closure",
        "community_board": "10,",
        "police_precinct": "106,"
      }
    },
    {
      "type": "Feature",
      "geometry": {
        "type": "Point",
        "coordinates": [
          -74.0013625,
          40.748996
        ]
      },
      "properties": {
        "event_id": "644319",
        "event_name": "Housing Fest",
        "event_type": "Block Party",
        "event_agency": "Street Activity Permit Office",
        "event_location": "WEST   26 STREET between 10 AVENUE and 9 AVENUE",
        "event_borough": "Manhattan",
        "start_date": "2022-07-09T12:00:00.000",
        "end_date": "2022-07-09T12:30:00.000",
        "start_formatted": "July 09, 2022 12:00 PM",
        "end_formatted": "July 09, 2022 12:30 PM",
        "street_closure_type": "Full Street Closure",
        "community_board": "4,",
        "police_precinct": "10,"
      }
    },
    {
      "type": "Feature",
      "geometry": {
        "type": "Point",
        "coordinates": [
          -74.010509,
          40.63974949999999
        ]
      },
      "properties": {
        "event_id": "641519",
        "event_name": "Sunshine Partytime",
        "event_type": "Block Party",
        "event_agency": "Street Activity Permit Office",
        "event_location": "56 STREET between 6 AVENUE and 7 AVENUE",
        "event_borough": "Brooklyn",
        "start_date": "2022-07-09T12:00:00.000",
        "end_date": "2022-07-09T21:00:00.000",
        "start_formatted": "July 09, 2022 12:00 PM",
        "end_formatted": "July 09, 2022 09:00 PM",
        "street_closure_type": "Full Street Closure",
        "community_board": "7,",
        "police_precinct": "72,"
      }
    },
    {
      "type": "Feature",
      "geometry": {
        "type": "Point",
        "coordinates": [
          -73.92533,
          40.687625
        ]
      },
      "properties": {
        "event_id": "621472",
        "event_name": "Block Party/Memorial",
        "event_type": "Block Party",
        "event_agency": "Street Activity Permit Office",
        "event_location": "MADISON STREET between PATCHEN AVENUE and RALPH AVENUE",
        "event_borough": "Brooklyn",
        "start_date": "2022-07-09T11:00:00.000",
        "end_date": "2022-07-09T20:00:00.000",
        "start_formatted": "July 09, 2022 11:00 AM",
        "end_formatted": "July 09, 2022 08:00 PM",
        "street_closure_type": "Full Street Closure",
        "community_board": "3,",
        "police_precinct": "81,"
      }
    },
    {
      "type": "Feature",
      "geometry": {
        "type": "Point",
        "coordinates": [
          -73.930163,
          40.622279
        ]
      },
      "properties": {
        "event_id": "644315",
        "event_name": "Annual Block Event",
        "event_type": "Block Party",
        "event_agency": "Street Activity Permit Office",
        "event_location": "SCHENECTADY AVENUE between AVENUE L and AVENUE M",
        "event_borough": "Brooklyn",
        "start_date": "2022-07-09T11:00:00.000",
        "end_date": "2022-07-09T20:00:00.000",
        "start_formatted": "July 09, 2022 11:00 AM",
        "end_formatted": "July 09, 2022 08:00 PM",
        "street_closure_type": "Full Street Closure",
        "community_board": "18,",
        "police_precinct": "63,"
      }
    },
    {
      "type": "Feature",
      "geometry": {
        "type": "Point",
        "coordinates": [
          -73.9275155,
          40.615483999999995
        ]
      },
      "properties": {
        "event_id": "534697",
        "event_name": "Family Day",
        "event_type": "Block Party",
        "event_agency": "Street Activity Permit Office",
        "event_location": "EAST   49 STREET between FILLMORE AVENUE and AVENUE O",
        "event_borough": "Brooklyn",
        "start_date": "2022-07-09T11:00:00.000",
        "end_date": "2022-07-09T19:00:00.000",
        "start_formatted": "July 09, 2022 11:00 AM",
        "end_formatted": "July 09, 2022 07:00 PM",
        "street_closure_type": "Full Street Closure",
        "community_board": "18,",
        "police_precinct": "63,"
      }
    },
    {
      "type": "Feature",
      "geometry": {
        "type": "Point",
        "coordinates": [
          -73.983711,
          40.6423115
        ]
      },
      "properties": {
        "event_id": "641798",
        "event_name": "Block Party on Louisa Street",
        "event_type": "Block Party",
        "event_agency": "Street Activity Permit Office",
        "event_location": "LOUISA STREET between CHESTER AVENUE and 36 STREET",
        "event_borough": "Brooklyn",
        "start_date": "2022-07-09T11:00:00.000",
        "end_date": "2022-07-09T20:00:00.000",
        "start_formatted": "July 09, 2022 11:00 AM",
        "end_formatted": "July 09, 2022 08:00 PM",
        "street_closure_type": "Full Street Closure",
        "community_board": "12,",
        "police_precinct": "66,"
      }
    },
    {
      "type": "Feature",
      "geometry": {
        "type": "Point",
        "coordinates": [
          -73.996782,
          40.646052499999996
        ]
      },
      "properties": {
        "event_id": "640065",
        "event_name": "Block Party",
        "event_type": "Block Party",
        "event_agency": "Street Activity Permit Office",
        "event_location": "40 STREET between 8 AVENUE and 9 AVENUE",
        "event_borough": "Brooklyn",
        "start_date": "2022-07-09T10:30:00.000",
        "end_date": "2022-07-09T19:00:00.000",
        "start_formatted": "July 09, 2022 10:30 AM",
        "end_formatted": "July 09, 2022 07:00 PM",
        "street_closure_type": "Full Street Closure",
        "community_board": "12,",
        "police_precinct": "66,"
      }
    },
    {
      "type": "Feature",
      "geometry": {
        "type": "Point",
        "coordinates": [
          -73.92826500000001,
          40.610335
        ]
      },
      "properties": {
        "event_id": "634738",
        "event_name": "Ryder Street Block Party",
        "event_type": "Block Party",
        "event_agency": "Street Activity Permit Office",
        "event_location": "RYDER STREET between AVENUE S and AVENUE T",
        "event_borough": "Brooklyn",
        "start_date": "2022-07-09T10:00:00.000",
        "end_date": "2022-07-09T17:00:00.000",
        "start_formatted": "July 09, 2022 10:00 AM",
        "end_formatted": "July 09, 2022 05:00 PM",
        "street_closure_type": "Full Street Closure",
        "community_board": "18,",
        "police_precinct": "63,"
      }
    },
    {
      "type": "Feature",
      "geometry": {
        "type": "Point",
        "coordinates": [
          -73.9038745,
          40.7557795
        ]
      },
      "properties": {
        "event_id": "616749",
        "event_name": "Tibetan New Year",
        "event_type": "Block Party",
        "event_agency": "Street Activity Permit Office",
        "event_location": "32 AVENUE between 57 STREET and 58 STREET",
        "event_borough": "Queens",
        "start_date": "2022-07-09T09:00:00.000",
        "end_date": "2022-07-09T18:00:00.000",
        "start_formatted": "July 09, 2022 09:00 AM",
        "end_formatted": "July 09, 2022 06:00 PM",
        "street_closure_type": "Full Street Closure",
        "community_board": "1,",
        "police_precinct": "114,"
      }
    },
    {
      "type": "Feature",
      "geometry": {
        "type": "Point",
        "coordinates": [
          -74.090716,
          40.6448185
        ]
      },
      "properties": {
        "event_id": "645135",
        "event_name": "Block Party",
        "event_type": "Block Party",
        "event_agency": "Street Activity Permit Office",
        "event_location": "FILLMORE STREET between HIGHVIEW AVENUE and MINERVA PLACE",
        "event_borough": "Staten Island",
        "start_date": "2022-07-04T15:00:00.000",
        "end_date": "2022-07-04T20:00:00.000",
        "start_formatted": "July 04, 2022 03:00 PM",
        "end_formatted": "July 04, 2022 08:00 PM",
        "street_closure_type": "Full Street Closure",
        "community_board": "1,",
        "police_precinct": "120,"
      }
    },
    {
      "type": "Feature",
      "geometry": {
        "type": "Point",
        "coordinates": [
          -73.8273165,
          40.739348
        ]
      },
      "properties": {
        "event_id": "638224",
        "event_name": "64th ave Block",
        "event_type": "Block Party",
        "event_agency": "Street Activity Permit Office",
        "event_location": "64 AVENUE between 63 AVENUE and 138 STREET",
        "event_borough": "Queens",
        "start_date": "2022-07-04T13:00:00.000",
        "end_date": "2022-07-04T21:00:00.000",
        "start_formatted": "July 04, 2022 01:00 PM",
        "end_formatted": "July 04, 2022 09:00 PM",
        "street_closure_type": "Full Street Closure",
        "community_board": "7,",
        "police_precinct": "109,"
      }
    },
    {
      "type": "Feature",
      "geometry": {
        "type": "Point",
        "coordinates": [
          -73.95899449999999,
          40.662622
        ]
      },
      "properties": {
        "event_id": "644962",
        "event_name": "Sterling Street BW July 4th Block Party",
        "event_type": "Block Party",
        "event_agency": "Street Activity Permit Office",
        "event_location": "STERLING STREET between WASHINGTON AVENUE and BEDFORD AVENUE",
        "event_borough": "Brooklyn",
        "start_date": "2022-07-04T13:00:00.000",
        "end_date": "2022-07-04T19:00:00.000",
        "start_formatted": "July 04, 2022 01:00 PM",
        "end_formatted": "July 04, 2022 07:00 PM",
        "street_closure_type": "Full Street Closure",
        "community_board": "9,",
        "police_precinct": "71,"
      }
    },
    {
      "type": "Feature",
      "geometry": {
        "type": "Point",
        "coordinates": [
          -73.766734,
          40.764464000000004
        ]
      },
      "properties": {
        "event_id": "644293",
        "event_name": "Fourth of July Block Party",
        "event_type": "Block Party",
        "event_agency": "Street Activity Permit Office",
        "event_location": "216 STREET between 40 AVENUE and 41 AVENUE",
        "event_borough": "Queens",
        "start_date": "2022-07-04T12:00:00.000",
        "end_date": "2022-07-04T21:00:00.000",
        "start_formatted": "July 04, 2022 12:00 PM",
        "end_formatted": "July 04, 2022 09:00 PM",
        "street_closure_type": "Full Street Closure",
        "community_board": "11,",
        "police_precinct": "111,"
      }
    },
    {
      "type": "Feature",
      "geometry": {
        "type": "Point",
        "coordinates": [
          -73.9852425,
          40.766018
        ]
      },
      "properties": {
        "event_id": "640491",
        "event_name": "West 55th Street Block Association July 4 Party",
        "event_type": "Block Party",
        "event_agency": "Street Activity Permit Office",
        "event_location": "WEST   55 STREET between EIGHTH AVENUE and NINTH AVENUE",
        "event_borough": "Manhattan",
        "start_date": "2022-07-04T12:00:00.000",
        "end_date": "2022-07-04T16:00:00.000",
        "start_formatted": "July 04, 2022 12:00 PM",
        "end_formatted": "July 04, 2022 04:00 PM",
        "street_closure_type": "Full Street Closure",
        "community_board": "4,",
        "police_precinct": "18,"
      }
    },
    {
      "type": "Feature",
      "geometry": {
        "type": "Point",
        "coordinates": [
          -73.727081,
          40.759513
        ]
      },
      "properties": {
        "event_id": "626556",
        "event_name": "July 4th Community Building",
        "event_type": "Block Party",
        "event_agency": "Street Activity Permit Office",
        "event_location": "60 AVENUE between 251 STREET and 254 STREET",
        "event_borough": "Queens",
        "start_date": "2022-07-04T12:00:00.000",
        "end_date": "2022-07-04T19:00:00.000",
        "start_formatted": "July 04, 2022 12:00 PM",
        "end_formatted": "July 04, 2022 07:00 PM",
        "street_closure_type": "Full Street Closure",
        "community_board": "11,",
        "police_precinct": "111,"
      }
    },
    {
      "type": "Feature",
      "geometry": {
        "type": "Point",
        "coordinates": [
          -73.8193285,
          40.845306
        ]
      },
      "properties": {
        "event_id": "625842",
        "event_name": "July 4th Block Party",
        "event_type": "Block Party",
        "event_agency": "Street Activity Permit Office",
        "event_location": "RESEARCH AVENUE between GRISWOLD AVENUE and AMPERE AVENUE",
        "event_borough": "Bronx",
        "start_date": "2022-07-04T12:00:00.000",
        "end_date": "2022-07-04T19:30:00.000",
        "start_formatted": "July 04, 2022 12:00 PM",
        "end_formatted": "July 04, 2022 07:30 PM",
        "street_closure_type": "Full Street Closure",
        "community_board": "10,",
        "police_precinct": "45,"
      }
    },
    {
      "type": "Feature",
      "geometry": {
        "type": "Point",
        "coordinates": [
          -74.1226305,
          40.6307135
        ]
      },
      "properties": {
        "event_id": "627091",
        "event_name": "Taylor street Block party",
        "event_type": "Block Party",
        "event_agency": "Street Activity Permit Office",
        "event_location": "TAYLOR STREET between CARY AVENUE and DELAFIELD AVENUE",
        "event_borough": "Staten Island",
        "start_date": "2022-07-03T13:00:00.000",
        "end_date": "2022-07-03T18:00:00.000",
        "start_formatted": "July 03, 2022 01:00 PM",
        "end_formatted": "July 03, 2022 06:00 PM",
        "street_closure_type": "Full Street Closure",
        "community_board": "1,",
        "police_precinct": "120,"
      }
    },
    {
      "type": "Feature",
      "geometry": {
        "type": "Point",
        "coordinates": [
          -73.9254505,
          40.774535
        ]
      },
      "properties": {
        "event_id": "643684",
        "event_name": "Astoria Gem",
        "event_type": "Block Party",
        "event_agency": "Street Activity Permit Office",
        "event_location": "25 ROAD between 21 STREET and 18 STREET",
        "event_borough": "Queens",
        "start_date": "2022-07-03T12:00:00.000",
        "end_date": "2022-07-03T20:30:00.000",
        "start_formatted": "July 03, 2022 12:00 PM",
        "end_formatted": "July 03, 2022 08:30 PM",
        "street_closure_type": "Full Street Closure",
        "community_board": "1,",
        "police_precinct": "114,"
      }
    },
    {
      "type": "Feature",
      "geometry": {
        "type": "Point",
        "coordinates": [
          -73.943795,
          40.802893
        ]
      },
      "properties": {
        "event_id": "636181",
        "event_name": "Family Fun Day",
        "event_type": "Block Party",
        "event_agency": "Street Activity Permit Office",
        "event_location": "EAST  120 STREET between 5 AVENUE and MADISON AVENUE",
        "event_borough": "Manhattan",
        "start_date": "2022-07-03T10:00:00.000",
        "end_date": "2022-07-03T16:00:00.000",
        "start_formatted": "July 03, 2022 10:00 AM",
        "end_formatted": "July 03, 2022 04:00 PM",
        "street_closure_type": "Sidewalk and Street Closure",
        "community_board": "11,",
        "police_precinct": "25,"
      }
    },
    {
      "type": "Feature",
      "geometry": {
        "type": "Point",
        "coordinates": [
          -73.898915,
          40.822476
        ]
      },
      "properties": {
        "event_id": "643526",
        "event_name": "Annual Childrens Day/Summerfest",
        "event_type": "Block Party",
        "event_agency": "Street Activity Permit Office",
        "event_location": "REV JAMES A POLITE AVENUE between EAST 163 STREET and EAST 164 STREET",
        "event_borough": "Bronx",
        "start_date": "2022-07-03T10:00:00.000",
        "end_date": "2022-07-03T17:00:00.000",
        "start_formatted": "July 03, 2022 10:00 AM",
        "end_formatted": "July 03, 2022 05:00 PM",
        "street_closure_type": "Full Street Closure",
        "community_board": "2,",
        "police_precinct": "41,"
      }
    },
    {
      "type": "Feature",
      "geometry": {
        "type": "Point",
        "coordinates": [
          -73.7427275,
          40.6776095
        ]
      },
      "properties": {
        "event_id": "628902",
        "event_name": "Block party",
        "event_type": "Block Party",
        "event_agency": "Street Activity Permit Office",
        "event_location": "227 STREET between 133 AVENUE and MERRICK BOULEVARD",
        "event_borough": "Queens",
        "start_date": "2022-07-02T16:00:00.000",
        "end_date": "2022-07-02T21:00:00.000",
        "start_formatted": "July 02, 2022 04:00 PM",
        "end_formatted": "July 02, 2022 09:00 PM",
        "street_closure_type": "Full Street Closure",
        "community_board": "13,",
        "police_precinct": "105,"
      }
    },
    {
      "type": "Feature",
      "geometry": {
        "type": "Point",
        "coordinates": [
          -73.95911799999999,
          40.7340575
        ]
      },
      "properties": {
        "event_id": "638344",
        "event_name": "Block Party",
        "event_type": "Block Party",
        "event_agency": "Street Activity Permit Office",
        "event_location": "FREEMAN STREET between FRANKLIN STREET and WEST STREET",
        "event_borough": "Brooklyn",
        "start_date": "2022-07-02T14:00:00.000",
        "end_date": "2022-07-02T21:00:00.000",
        "start_formatted": "July 02, 2022 02:00 PM",
        "end_formatted": "July 02, 2022 09:00 PM",
        "street_closure_type": "Full Street Closure",
        "community_board": "1,",
        "police_precinct": "94,"
      }
    },
    {
      "type": "Feature",
      "geometry": {
        "type": "Point",
        "coordinates": [
          -73.809563,
          40.725235
        ]
      },
      "properties": {
        "event_id": "617703",
        "event_name": "160th Street Annual Block Party",
        "event_type": "Block Party",
        "event_agency": "Street Activity Permit Office",
        "event_location": "76 AVENUE between PARSONS BOULEVARD and 160 STREET",
        "event_borough": "Queens",
        "start_date": "2022-07-02T13:00:00.000",
        "end_date": "2022-07-02T20:00:00.000",
        "start_formatted": "July 02, 2022 01:00 PM",
        "end_formatted": "July 02, 2022 08:00 PM",
        "street_closure_type": "Full Street Closure",
        "community_board": "8,",
        "police_precinct": "107,"
      }
    },
    {
      "type": "Feature",
      "geometry": {
        "type": "Point",
        "coordinates": [
          -73.92799249999999,
          40.590686000000005
        ]
      },
      "properties": {
        "event_id": "619368",
        "event_name": "Summer 2022",
        "event_type": "Block Party",
        "event_agency": "Street Activity Permit Office",
        "event_location": "HAZEL COURT between FLORENCE AVENUE and EVERETT AVENUE",
        "event_borough": "Brooklyn",
        "start_date": "2022-07-02T13:00:00.000",
        "end_date": "2022-07-02T20:00:00.000",
        "start_formatted": "July 02, 2022 01:00 PM",
        "end_formatted": "July 02, 2022 08:00 PM",
        "street_closure_type": "Full Street Closure",
        "community_board": "15,",
        "police_precinct": "61,"
      }
    },
    {
      "type": "Feature",
      "geometry": {
        "type": "Point",
        "coordinates": [
          -74.1652655,
          40.531977499999996
        ]
      },
      "properties": {
        "event_id": "626299",
        "event_name": "Block Party 2022",
        "event_type": "Block Party",
        "event_agency": "Street Activity Permit Office",
        "event_location": "HAROLD AVENUE between NOEL STREET and SHIRLEY AVENUE",
        "event_borough": "Staten Island",
        "start_date": "2022-07-02T12:00:00.000",
        "end_date": "2022-07-02T21:00:00.000",
        "start_formatted": "July 02, 2022 12:00 PM",
        "end_formatted": "July 02, 2022 09:00 PM",
        "street_closure_type": "Full Street Closure",
        "community_board": "3,",
        "police_precinct": "123,"
      }
    },
    {
      "type": "Feature",
      "geometry": {
        "type": "Point",
        "coordinates": [
          -74.01291599999999,
          40.678278
        ]
      },
      "properties": {
        "event_id": "636561",
        "event_name": "Chase bday",
        "event_type": "Block Party",
        "event_agency": "Street Activity Permit Office",
        "event_location": "SULLIVAN STREET between VAN BRUNT STREET and CONOVER STREET",
        "event_borough": "Brooklyn",
        "start_date": "2022-07-02T11:00:00.000",
        "end_date": "2022-07-02T18:00:00.000",
        "start_formatted": "July 02, 2022 11:00 AM",
        "end_formatted": "July 02, 2022 06:00 PM",
        "street_closure_type": "Full Street Closure",
        "community_board": "6,",
        "police_precinct": "76,"
      }
    },
    {
      "type": "Feature",
      "geometry": {
        "type": "Point",
        "coordinates": [
          -73.849895,
          40.8716835
        ]
      },
      "properties": {
        "event_id": "637910",
        "event_name": "A day with the Lord of Sabbath",
        "event_type": "Block Party",
        "event_agency": "Street Activity Permit Office",
        "event_location": "BOUCK AVENUE between GUN HILL ROAD and BURKE AVENUE",
        "event_borough": "Bronx",
        "start_date": "2022-07-02T10:00:00.000",
        "end_date": "2022-07-02T15:00:00.000",
        "start_formatted": "July 02, 2022 10:00 AM",
        "end_formatted": "July 02, 2022 03:00 PM",
        "street_closure_type": "Sidewalk and Street Closure",
        "community_board": "11,",
        "police_precinct": "49,"
      }
    },
    {
      "type": "Feature",
      "geometry": {
        "type": "Point",
        "coordinates": [
          -73.8656195,
          40.676966
        ]
      },
      "properties": {
        "event_id": "657473",
        "event_name": "jaganath ratha yatra",
        "event_type": "Block Party",
        "event_agency": "Street Activity Permit Office",
        "event_location": "GRANT AVENUE between PITKIN AVENUE and GLENMORE AVENUE",
        "event_borough": "Brooklyn",
        "start_date": "2022-07-01T17:30:00.000",
        "end_date": "2022-07-01T21:00:00.000",
        "start_formatted": "July 01, 2022 05:30 PM",
        "end_formatted": "July 01, 2022 09:00 PM",
        "street_closure_type": "Full Street Closure",
        "community_board": "5,",
        "police_precinct": "75,"
      }
    },
    {
      "type": "Feature",
      "geometry": {
        "type": "Point",
        "coordinates": [
          -74.0144645,
          40.67789500000001
        ]
      },
      "properties": {
        "event_id": "651080",
        "event_name": "Staff Field Day",
        "event_type": "Block Party",
        "event_agency": "Street Activity Permit Office",
        "event_location": "CONOVER STREET between WOLCOTT STREET and DIKEMAN STREET",
        "event_borough": "Brooklyn",
        "start_date": "2022-06-29T10:00:00.000",
        "end_date": "2022-06-29T15:00:00.000",
        "start_formatted": "June 29, 2022 10:00 AM",
        "end_formatted": "June 29, 2022 03:00 PM",
        "street_closure_type": "Sidewalk and Curb Lane Closure",
        "community_board": "6,",
        "police_precinct": "76,"
      }
    },
    {
      "type": "Feature",
      "geometry": {
        "type": "Point",
        "coordinates": [
          -73.9272905,
          40.7541785
        ]
      },
      "properties": {
        "event_id": "634886",
        "event_name": "LO Community Welcome",
        "event_type": "Block Party",
        "event_agency": "Street Activity Permit Office",
        "event_location": "35 STREET between 37 AVENUE and 36 AVENUE",
        "event_borough": "Queens",
        "start_date": "2022-06-29T10:00:00.000",
        "end_date": "2022-06-29T19:00:00.000",
        "start_formatted": "June 29, 2022 10:00 AM",
        "end_formatted": "June 29, 2022 07:00 PM",
        "street_closure_type": "Full Street Closure",
        "community_board": "1,",
        "police_precinct": "114,"
      }
    },
    {
      "type": "Feature",
      "geometry": {
        "type": "Point",
        "coordinates": [
          -73.972494,
          40.64226
        ]
      },
      "properties": {
        "event_id": "634919",
        "event_name": "E 7th Street Block Party 2022",
        "event_type": "Block Party",
        "event_agency": "Street Activity Permit Office",
        "event_location": "EAST    7 STREET between BEVERLY ROAD and AVENUE C",
        "event_borough": "Brooklyn",
        "start_date": "2022-06-26T12:30:00.000",
        "end_date": "2022-06-26T20:30:00.000",
        "start_formatted": "June 26, 2022 12:30 PM",
        "end_formatted": "June 26, 2022 08:30 PM",
        "street_closure_type": "Full Street Closure",
        "community_board": "12,",
        "police_precinct": "66,"
      }
    },
    {
      "type": "Feature",
      "geometry": {
        "type": "Point",
        "coordinates": [
          -74.004564,
          40.7248655
        ]
      },
      "properties": {
        "event_id": "635802",
        "event_name": "Childrens Museum of the Arts Presents: Schools Out Block Party",
        "event_type": "Block Party",
        "event_agency": "Street Activity Permit Office",
        "event_location": "6 AVENUE between SPRING STREET and BROOME STREET",
        "event_borough": "Manhattan",
        "start_date": "2022-06-26T11:00:00.000",
        "end_date": "2022-06-26T16:00:00.000",
        "start_formatted": "June 26, 2022 11:00 AM",
        "end_formatted": "June 26, 2022 04:00 PM",
        "street_closure_type": "Full Street Closure",
        "community_board": "2,",
        "police_precinct": "1,"
      }
    },
    {
      "type": "Feature",
      "geometry": {
        "type": "Point",
        "coordinates": [
          -73.9661035,
          40.6350665
        ]
      },
      "properties": {
        "event_id": "634095",
        "event_name": "Ditmas Park West Neighborhood Association Block Party",
        "event_type": "Block Party",
        "event_agency": "Street Activity Permit Office",
        "event_location": "WESTMINSTER ROAD between DITMAS AVENUE and NEWKIRK AVENUE",
        "event_borough": "Brooklyn",
        "start_date": "2022-06-26T11:00:00.000",
        "end_date": "2022-06-26T16:00:00.000",
        "start_formatted": "June 26, 2022 11:00 AM",
        "end_formatted": "June 26, 2022 04:00 PM",
        "street_closure_type": "Full Street Closure",
        "community_board": "14,",
        "police_precinct": "70,"
      }
    },
    {
      "type": "Feature",
      "geometry": {
        "type": "Point",
        "coordinates": [
          -73.9928215,
          40.681214999999995
        ]
      },
      "properties": {
        "event_id": "641194",
        "event_name": "Union United",
        "event_type": "Block Party",
        "event_agency": "Street Activity Permit Office",
        "event_location": "UNION STREET between SMITH STREET and HOYT STREET",
        "event_borough": "Brooklyn",
        "start_date": "2022-06-25T13:00:00.000",
        "end_date": "2022-06-25T19:00:00.000",
        "start_formatted": "June 25, 2022 01:00 PM",
        "end_formatted": "June 25, 2022 07:00 PM",
        "street_closure_type": "Full Street Closure",
        "community_board": "6,",
        "police_precinct": "76,"
      }
    },
    {
      "type": "Feature",
      "geometry": {
        "type": "Point",
        "coordinates": [
          -74.00193,
          40.658272
        ]
      },
      "properties": {
        "event_id": "631792",
        "event_name": "30th Street Block Party",
        "event_type": "Block Party",
        "event_agency": "Street Activity Permit Office",
        "event_location": "30 STREET between THIRD AVENUE and FOURTH AVENUE",
        "event_borough": "Brooklyn",
        "start_date": "2022-06-25T13:00:00.000",
        "end_date": "2022-06-25T20:00:00.000",
        "start_formatted": "June 25, 2022 01:00 PM",
        "end_formatted": "June 25, 2022 08:00 PM",
        "street_closure_type": "Full Street Closure",
        "community_board": "7,",
        "police_precinct": "72,"
      }
    },
    {
      "type": "Feature",
      "geometry": {
        "type": "Point",
        "coordinates": [
          -73.92715749999999,
          40.6082345
        ]
      },
      "properties": {
        "event_id": "634044",
        "event_name": "E 38th Street annual Block Party",
        "event_type": "Block Party",
        "event_agency": "Street Activity Permit Office",
        "event_location": "EAST   38 STREET between AVENUE U and AVENUE T",
        "event_borough": "Brooklyn",
        "start_date": "2022-06-25T12:00:00.000",
        "end_date": "2022-06-25T21:00:00.000",
        "start_formatted": "June 25, 2022 12:00 PM",
        "end_formatted": "June 25, 2022 09:00 PM",
        "street_closure_type": "Full Street Closure",
        "community_board": "18,",
        "police_precinct": "63,"
      }
    },
    {
      "type": "Feature",
      "geometry": {
        "type": "Point",
        "coordinates": [
          -73.9586405,
          40.820314499999995
        ]
      },
      "properties": {
        "event_id": "634852",
        "event_name": "Celebration Pride in Harlem",
        "event_type": "Block Party",
        "event_agency": "Street Activity Permit Office",
        "event_location": "12 AVENUE between WEST  133 STREET and WEST  134 STREET",
        "event_borough": "Manhattan",
        "start_date": "2022-06-25T12:00:00.000",
        "end_date": "2022-06-25T18:00:00.000",
        "start_formatted": "June 25, 2022 12:00 PM",
        "end_formatted": "June 25, 2022 06:00 PM",
        "street_closure_type": "Full Street Closure",
        "community_board": "9,",
        "police_precinct": "26, 30,"
      }
    },
    {
      "type": "Feature",
      "geometry": {
        "type": "Point",
        "coordinates": [
          -73.9480875,
          40.7061465
        ]
      },
      "properties": {
        "event_id": "629635",
        "event_name": "COMMUNITY DAY",
        "event_type": "Block Party",
        "event_agency": "Street Activity Permit Office",
        "event_location": "LORIMER STREET between MONTROSE AVENUE and BOERUM STREET",
        "event_borough": "Brooklyn",
        "start_date": "2022-06-25T12:00:00.000",
        "end_date": "2022-06-25T20:00:00.000",
        "start_formatted": "June 25, 2022 12:00 PM",
        "end_formatted": "June 25, 2022 08:00 PM",
        "street_closure_type": "Full Street Closure",
        "community_board": "1,",
        "police_precinct": "90,"
      }
    },
    {
      "type": "Feature",
      "geometry": {
        "type": "Point",
        "coordinates": [
          -73.82482250000001,
          40.8788835
        ]
      },
      "properties": {
        "event_id": "606776",
        "event_name": "Section 2-Fun Day",
        "event_type": "Block Party",
        "event_agency": "Street Activity Permit Office",
        "event_location": "CARVER LOOP between CO-OP CITY BLVD and CASALS PL",
        "event_borough": "Bronx",
        "start_date": "2022-06-25T12:00:00.000",
        "end_date": "2022-06-25T17:00:00.000",
        "start_formatted": "June 25, 2022 12:00 PM",
        "end_formatted": "June 25, 2022 05:00 PM",
        "street_closure_type": "Full Street Closure",
        "community_board": "10,",
        "police_precinct": "45,"
      }
    },
    {
      "type": "Feature",
      "geometry": {
        "type": "Point",
        "coordinates": [
          -73.889788,
          40.6827205
        ]
      },
      "properties": {
        "event_id": "641216",
        "event_name": "Block party",
        "event_type": "Block Party",
        "event_agency": "Street Activity Permit Office",
        "event_location": "SUNNYSIDE AVENUE between BARBEY STREET and SUNNYSIDE COURT",
        "event_borough": "Brooklyn",
        "start_date": "2022-06-25T12:00:00.000",
        "end_date": "2022-06-25T19:00:00.000",
        "start_formatted": "June 25, 2022 12:00 PM",
        "end_formatted": "June 25, 2022 07:00 PM",
        "street_closure_type": "Full Street Closure",
        "community_board": "5,",
        "police_precinct": "75,"
      }
    },
    {
      "type": "Feature",
      "geometry": {
        "type": "Point",
        "coordinates": [
          -73.97919250000001,
          40.659828
        ]
      },
      "properties": {
        "event_id": "635559",
        "event_name": "Block Party 2022",
        "event_type": "Block Party",
        "event_agency": "Street Activity Permit Office",
        "event_location": "16 STREET between PROSPECT PARK WEST and 10 AVENUE",
        "event_borough": "Brooklyn",
        "start_date": "2022-06-25T11:30:00.000",
        "end_date": "2022-06-25T20:30:00.000",
        "start_formatted": "June 25, 2022 11:30 AM",
        "end_formatted": "June 25, 2022 08:30 PM",
        "street_closure_type": "Full Street Closure",
        "community_board": "7,",
        "police_precinct": "72,"
      }
    },
    {
      "type": "Feature",
      "geometry": {
        "type": "Point",
        "coordinates": [
          -73.959802,
          40.7996555
        ]
      },
      "properties": {
        "event_id": "638267",
        "event_name": "108 STREET REUNION BLOCK PARTY",
        "event_type": "Block Party",
        "event_agency": "Street Activity Permit Office",
        "event_location": "WEST  108 STREET between MANHATTAN AVENUE and CENTRAL PARK WEST",
        "event_borough": "Manhattan",
        "start_date": "2022-06-25T11:00:00.000",
        "end_date": "2022-06-25T17:00:00.000",
        "start_formatted": "June 25, 2022 11:00 AM",
        "end_formatted": "June 25, 2022 05:00 PM",
        "street_closure_type": "Full Street Closure",
        "community_board": "7,",
        "police_precinct": "24,"
      }
    },
    {
      "type": "Feature",
      "geometry": {
        "type": "Point",
        "coordinates": [
          -73.9832585,
          40.666866
        ]
      },
      "properties": {
        "event_id": "638520",
        "event_name": "2022 10th Street Summer Block Party",
        "event_type": "Block Party",
        "event_agency": "Street Activity Permit Office",
        "event_location": "10 STREET between 7 AVENUE and 6 AVENUE",
        "event_borough": "Brooklyn",
        "start_date": "2022-06-25T11:00:00.000",
        "end_date": "2022-06-25T19:00:00.000",
        "start_formatted": "June 25, 2022 11:00 AM",
        "end_formatted": "June 25, 2022 07:00 PM",
        "street_closure_type": "Full Street Closure",
        "community_board": "6,",
        "police_precinct": "78,"
      }
    },
    {
      "type": "Feature",
      "geometry": {
        "type": "Point",
        "coordinates": [
          -73.92536999999999,
          40.6707245
        ]
      },
      "properties": {
        "event_id": "627615",
        "event_name": "Community Activities and Games",
        "event_type": "Block Party",
        "event_agency": "Street Activity Permit Office",
        "event_location": "BUFFALO AVENUE between ST JOHNS PLACE and STERLING PLACE",
        "event_borough": "Brooklyn",
        "start_date": "2022-06-25T11:00:00.000",
        "end_date": "2022-06-25T18:00:00.000",
        "start_formatted": "June 25, 2022 11:00 AM",
        "end_formatted": "June 25, 2022 06:00 PM",
        "street_closure_type": "Full Street Closure",
        "community_board": "8,",
        "police_precinct": "77,"
      }
    },
    {
      "type": "Feature",
      "geometry": {
        "type": "Point",
        "coordinates": [
          -73.8562185,
          40.6853335
        ]
      },
      "properties": {
        "event_id": "635390",
        "event_name": "End of the Year Block Party",
        "event_type": "Block Party",
        "event_agency": "Street Activity Permit Office",
        "event_location": "85 STREET between ATLANTIC AVENUE and 95 AVENUE",
        "event_borough": "Queens",
        "start_date": "2022-06-25T10:00:00.000",
        "end_date": "2022-06-25T16:00:00.000",
        "start_formatted": "June 25, 2022 10:00 AM",
        "end_formatted": "June 25, 2022 04:00 PM",
        "street_closure_type": "Full Street Closure",
        "community_board": "9,",
        "police_precinct": "102,"
      }
    },
    {
      "type": "Feature",
      "geometry": {
        "type": "Point",
        "coordinates": [
          -73.87498099999999,
          40.669956
        ]
      },
      "properties": {
        "event_id": "635736",
        "event_name": "2022 Health and Wellness Fair",
        "event_type": "Block Party",
        "event_agency": "Street Activity Permit Office",
        "event_location": "LOGAN STREET between BLAKE AVENUE and DUMONT AVENUE",
        "event_borough": "Brooklyn",
        "start_date": "2022-06-25T10:00:00.000",
        "end_date": "2022-06-25T14:00:00.000",
        "start_formatted": "June 25, 2022 10:00 AM",
        "end_formatted": "June 25, 2022 02:00 PM",
        "street_closure_type": "Full Street Closure",
        "community_board": "5,",
        "police_precinct": "75,"
      }
    },
    {
      "type": "Feature",
      "geometry": {
        "type": "Point",
        "coordinates": [
          -73.9836105,
          40.670418
        ]
      },
      "properties": {
        "event_id": "638307",
        "event_name": "6th Street Spring Block Party",
        "event_type": "Block Party",
        "event_agency": "Street Activity Permit Office",
        "event_location": "6 STREET between 5 AVENUE and 6 AVENUE",
        "event_borough": "Brooklyn",
        "start_date": "2022-06-25T09:30:00.000",
        "end_date": "2022-06-25T17:30:00.000",
        "start_formatted": "June 25, 2022 09:30 AM",
        "end_formatted": "June 25, 2022 05:30 PM",
        "street_closure_type": "Full Street Closure",
        "community_board": "6,",
        "police_precinct": "78,"
      }
    },
    {
      "type": "Feature",
      "geometry": {
        "type": "Point",
        "coordinates": [
          -73.92333450000001,
          40.709199
        ]
      },
      "properties": {
        "event_id": "633159",
        "event_name": "Bikers for Babies",
        "event_type": "Block Party",
        "event_agency": "Street Activity Permit Office",
        "event_location": "JOHNSON AVENUE between SCOTT AVENUE and GARDNER AVENUE",
        "event_borough": "Brooklyn",
        "start_date": "2022-06-25T09:00:00.000",
        "end_date": "2022-06-25T18:00:00.000",
        "start_formatted": "June 25, 2022 09:00 AM",
        "end_formatted": "June 25, 2022 06:00 PM",
        "street_closure_type": "Full Street Closure",
        "community_board": "1,",
        "police_precinct": "90,"
      }
    },
    {
      "type": "Feature",
      "geometry": {
        "type": "Point",
        "coordinates": [
          -73.9415135,
          40.830524499999996
        ]
      },
      "properties": {
        "event_id": "636783",
        "event_name": "BHC Sugar Hill Block Party",
        "event_type": "Block Party",
        "event_agency": "Street Activity Permit Office",
        "event_location": "ST NICHOLAS AVENUE between WEST  154 STREET and WEST  155 STREET",
        "event_borough": "Manhattan",
        "start_date": "2022-06-24T09:00:00.000",
        "end_date": "2022-06-24T13:00:00.000",
        "start_formatted": "June 24, 2022 09:00 AM",
        "end_formatted": "June 24, 2022 01:00 PM",
        "street_closure_type": "Full Street Closure",
        "community_board": "9,",
        "police_precinct": "30,"
      }
    },
    {
      "type": "Feature",
      "geometry": {
        "type": "Point",
        "coordinates": [
          -73.7995295,
          40.594064
        ]
      },
      "properties": {
        "event_id": "629570",
        "event_name": "Juneteenth/Graduation BBQ",
        "event_type": "Block Party",
        "event_agency": "Street Activity Permit Office",
        "event_location": "HESSLER AVENUE between BEACH   72 STREET and BEACH   69 STREET",
        "event_borough": "Queens",
        "start_date": "2022-06-19T13:00:00.000",
        "end_date": "2022-06-19T21:00:00.000",
        "start_formatted": "June 19, 2022 01:00 PM",
        "end_formatted": "June 19, 2022 09:00 PM",
        "street_closure_type": "Full Street Closure",
        "community_board": "14,",
        "police_precinct": "100,"
      }
    },
    {
      "type": "Feature",
      "geometry": {
        "type": "Point",
        "coordinates": [
          -73.9652545,
          40.798525
        ]
      },
      "properties": {
        "event_id": "651999",
        "event_name": "Fathers Day - Juneteenth Celebration",
        "event_type": "Block Party",
        "event_agency": "Street Activity Permit Office",
        "event_location": "WEST  104 STREET between COLUMBUS AVENUE and AMSTERDAM AVENUE",
        "event_borough": "Manhattan",
        "start_date": "2022-06-19T12:30:00.000",
        "end_date": "2022-06-19T17:30:00.000",
        "start_formatted": "June 19, 2022 12:30 PM",
        "end_formatted": "June 19, 2022 05:30 PM",
        "street_closure_type": "Full Street Closure",
        "community_board": "7,",
        "police_precinct": "24,"
      }
    },
    {
      "type": "Feature",
      "geometry": {
        "type": "Point",
        "coordinates": [
          -73.7510095,
          40.66880999999999
        ]
      },
      "properties": {
        "event_id": "639008",
        "event_name": "Juneteenth Celebration",
        "event_type": "Block Party",
        "event_agency": "Street Activity Permit Office",
        "event_location": "141 ROAD between 225 STREET and 224 STREET",
        "event_borough": "Queens",
        "start_date": "2022-06-19T12:00:00.000",
        "end_date": "2022-06-19T21:00:00.000",
        "start_formatted": "June 19, 2022 12:00 PM",
        "end_formatted": "June 19, 2022 09:00 PM",
        "street_closure_type": "Sidewalk and Street Closure",
        "community_board": "13,",
        "police_precinct": "105,"
      }
    },
    {
      "type": "Feature",
      "geometry": {
        "type": "Point",
        "coordinates": [
          -73.99208,
          40.610544000000004
        ]
      },
      "properties": {
        "event_id": "641082",
        "event_name": "Societa San Calogero",
        "event_type": "Block Party",
        "event_agency": "Street Activity Permit Office",
        "event_location": "20 AVENUE between 76 STREET and BAY RIDGE PARKWAY",
        "event_borough": "Brooklyn",
        "start_date": "2022-06-19T12:00:00.000",
        "end_date": "2022-06-19T20:00:00.000",
        "start_formatted": "June 19, 2022 12:00 PM",
        "end_formatted": "June 19, 2022 08:00 PM",
        "street_closure_type": "Full Street Closure",
        "community_board": "11,",
        "police_precinct": "62,"
      }
    },
    {
      "type": "Feature",
      "geometry": {
        "type": "Point",
        "coordinates": [
          -73.9468095,
          40.7866475
        ]
      },
      "properties": {
        "event_id": "633863",
        "event_name": "Washington Houses Family Empowerment Day",
        "event_type": "Block Party",
        "event_agency": "Street Activity Permit Office",
        "event_location": "EAST   99 STREET between THIRD AVENUE and SECOND AVENUE",
        "event_borough": "Manhattan",
        "start_date": "2022-06-19T12:00:00.000",
        "end_date": "2022-06-19T19:00:00.000",
        "start_formatted": "June 19, 2022 12:00 PM",
        "end_formatted": "June 19, 2022 07:00 PM",
        "street_closure_type": "Full Street Closure",
        "community_board": "11,",
        "police_precinct": "23,"
      }
    },
    {
      "type": "Feature",
      "geometry": {
        "type": "Point",
        "coordinates": [
          -73.992602,
          40.6962225
        ]
      },
      "properties": {
        "event_id": "631817",
        "event_name": "Juneteenth Celebration",
        "event_type": "Block Party",
        "event_agency": "Street Activity Permit Office",
        "event_location": "MONROE PLACE between CLARK STREET and PIERREPONT STREET",
        "event_borough": "Brooklyn",
        "start_date": "2022-06-19T12:00:00.000",
        "end_date": "2022-06-19T16:00:00.000",
        "start_formatted": "June 19, 2022 12:00 PM",
        "end_formatted": "June 19, 2022 04:00 PM",
        "street_closure_type": "Full Street Closure",
        "community_board": "2,",
        "police_precinct": "84,"
      }
    },
    {
      "type": "Feature",
      "geometry": {
        "type": "Point",
        "coordinates": [
          -73.95578,
          40.671617
        ]
      },
      "properties": {
        "event_id": "629881",
        "event_name": "Saint Charles Place block party",
        "event_type": "Block Party",
        "event_agency": "Street Activity Permit Office",
        "event_location": "SAINT CHARLES PLACE between LINCOLN PLACE and ST JOHNS PLACE",
        "event_borough": "Brooklyn",
        "start_date": "2022-06-19T12:00:00.000",
        "end_date": "2022-06-19T19:00:00.000",
        "start_formatted": "June 19, 2022 12:00 PM",
        "end_formatted": "June 19, 2022 07:00 PM",
        "street_closure_type": "Full Street Closure",
        "community_board": "8,",
        "police_precinct": "77,"
      }
    },
    {
      "type": "Feature",
      "geometry": {
        "type": "Point",
        "coordinates": [
          -73.9244135,
          40.839096999999995
        ]
      },
      "properties": {
        "event_id": "633559",
        "event_name": "Juneteenth",
        "event_type": "Block Party",
        "event_agency": "Street Activity Permit Office",
        "event_location": "NELSON AVENUE between WEST  169 STREET and WEST  168 STREET",
        "event_borough": "Bronx",
        "start_date": "2022-06-19T12:00:00.000",
        "end_date": "2022-06-19T18:00:00.000",
        "start_formatted": "June 19, 2022 12:00 PM",
        "end_formatted": "June 19, 2022 06:00 PM",
        "street_closure_type": "Full Street Closure",
        "community_board": "4,",
        "police_precinct": "44,"
      }
    },
    {
      "type": "Feature",
      "geometry": {
        "type": "Point",
        "coordinates": [
          -73.997553,
          40.69426
        ]
      },
      "properties": {
        "event_id": "638859",
        "event_name": "Annual Spring Barbecue",
        "event_type": "Block Party",
        "event_agency": "Street Activity Permit Office",
        "event_location": "GRACE COURT between HICKS STREET and DEAD END",
        "event_borough": "Brooklyn",
        "start_date": "2022-06-19T11:00:00.000",
        "end_date": "2022-06-19T14:00:00.000",
        "start_formatted": "June 19, 2022 11:00 AM",
        "end_formatted": "June 19, 2022 02:00 PM",
        "street_closure_type": "Full Street Closure",
        "community_board": "2,",
        "police_precinct": "84,"
      }
    },
    {
      "type": "Feature",
      "geometry": {
        "type": "Point",
        "coordinates": [
          -73.9810975,
          40.6734285
        ]
      },
      "properties": {
        "event_id": "639981",
        "event_name": "Summer Block Party 2022",
        "event_type": "Block Party",
        "event_agency": "Street Activity Permit Office",
        "event_location": "1 STREET between 5 AVENUE and 6 AVENUE",
        "event_borough": "Brooklyn",
        "start_date": "2022-06-19T10:00:00.000",
        "end_date": "2022-06-19T19:00:00.000",
        "start_formatted": "June 19, 2022 10:00 AM",
        "end_formatted": "June 19, 2022 07:00 PM",
        "street_closure_type": "Full Sidewalk Closure",
        "community_board": "6,",
        "police_precinct": "78,"
      }
    },
    {
      "type": "Feature",
      "geometry": {
        "type": "Point",
        "coordinates": [
          -73.9361675,
          40.6961195
        ]
      },
      "properties": {
        "event_id": "628272",
        "event_name": "Juneteenth On Vernon 2022",
        "event_type": "Block Party",
        "event_agency": "Street Activity Permit Office",
        "event_location": "VERNON AVENUE between LEWIS AVENUE and STUYVESANT AVENUE",
        "event_borough": "Brooklyn",
        "start_date": "2022-06-19T10:00:00.000",
        "end_date": "2022-06-19T19:00:00.000",
        "start_formatted": "June 19, 2022 10:00 AM",
        "end_formatted": "June 19, 2022 07:00 PM",
        "street_closure_type": "Full Street Closure",
        "community_board": "3,",
        "police_precinct": "81,"
      }
    },
    {
      "type": "Feature",
      "geometry": {
        "type": "Point",
        "coordinates": [
          -73.985619,
          40.668008
        ]
      },
      "properties": {
        "event_id": "630216",
        "event_name": "Tenth Street 5th 6th June 2019 Block Party",
        "event_type": "Block Party",
        "event_agency": "Street Activity Permit Office",
        "event_location": "10 STREET between 5 AVENUE and 6 AVENUE",
        "event_borough": "Brooklyn",
        "start_date": "2022-06-19T10:00:00.000",
        "end_date": "2022-06-19T19:00:00.000",
        "start_formatted": "June 19, 2022 10:00 AM",
        "end_formatted": "June 19, 2022 07:00 PM",
        "street_closure_type": "Full Street Closure",
        "community_board": "6,",
        "police_precinct": "78,"
      }
    },
    {
      "type": "Feature",
      "geometry": {
        "type": "Point",
        "coordinates": [
          -74.0058485,
          40.6442325
        ]
      },
      "properties": {
        "event_id": "626465",
        "event_name": "Block Party",
        "event_type": "Block Party",
        "event_agency": "Street Activity Permit Office",
        "event_location": "48 STREET between 6 AVENUE and 7 AVENUE",
        "event_borough": "Brooklyn",
        "start_date": "2022-06-18T13:30:00.000",
        "end_date": "2022-06-18T21:00:00.000",
        "start_formatted": "June 18, 2022 01:30 PM",
        "end_formatted": "June 18, 2022 09:00 PM",
        "street_closure_type": "Full Street Closure",
        "community_board": "7,",
        "police_precinct": "72,"
      }
    },
    {
      "type": "Feature",
      "geometry": {
        "type": "Point",
        "coordinates": [
          -73.97788449999999,
          40.6693395
        ]
      },
      "properties": {
        "event_id": "632690",
        "event_name": "4th St Block Party",
        "event_type": "Block Party",
        "event_agency": "Street Activity Permit Office",
        "event_location": "4 STREET between 7 AVENUE and 8 AVENUE",
        "event_borough": "Brooklyn",
        "start_date": "2022-06-18T13:00:00.000",
        "end_date": "2022-06-18T20:00:00.000",
        "start_formatted": "June 18, 2022 01:00 PM",
        "end_formatted": "June 18, 2022 08:00 PM",
        "street_closure_type": "Full Street Closure",
        "community_board": "6,",
        "police_precinct": "78,"
      }
    },
    {
      "type": "Feature",
      "geometry": {
        "type": "Point",
        "coordinates": [
          -73.8561545,
          40.8864345
        ]
      },
      "properties": {
        "event_id": "626766",
        "event_name": "BRAG Peace BBQ",
        "event_type": "Block Party",
        "event_agency": "Street Activity Permit Office",
        "event_location": "EAST 225TH STREET between BRONXWOOD AVENUE and BARNES AVENUE",
        "event_borough": "Bronx",
        "start_date": "2022-06-18T13:00:00.000",
        "end_date": "2022-06-18T17:00:00.000",
        "start_formatted": "June 18, 2022 01:00 PM",
        "end_formatted": "June 18, 2022 05:00 PM",
        "street_closure_type": "Full Street Closure",
        "community_board": "12,",
        "police_precinct": "47,"
      }
    },
    {
      "type": "Feature",
      "geometry": {
        "type": "Point",
        "coordinates": [
          -73.9449995,
          40.8250135
        ]
      },
      "properties": {
        "event_id": "624598",
        "event_name": "Juneteenth Independence Day Celebration 2022",
        "event_type": "Block Party",
        "event_agency": "Street Activity Permit Office",
        "event_location": "WEST  146 STREET between CONVENT AVENUE and ST NICHOLAS AVENUE",
        "event_borough": "Manhattan",
        "start_date": "2022-06-18T13:00:00.000",
        "end_date": "2022-06-18T19:00:00.000",
        "start_formatted": "June 18, 2022 01:00 PM",
        "end_formatted": "June 18, 2022 07:00 PM",
        "street_closure_type": "Full Street Closure",
        "community_board": "9,",
        "police_precinct": "30,"
      }
    },
    {
      "type": "Feature",
      "geometry": {
        "type": "Point",
        "coordinates": [
          -73.9000025,
          40.817456
        ]
      },
      "properties": {
        "event_id": "636367",
        "event_name": "Celebration of Life",
        "event_type": "Block Party",
        "event_agency": "Street Activity Permit Office",
        "event_location": "DAWSON STREET between EAST  156 STREET and LONGWOOD AVENUE",
        "event_borough": "Bronx",
        "start_date": "2022-06-18T12:30:00.000",
        "end_date": "2022-06-18T18:30:00.000",
        "start_formatted": "June 18, 2022 12:30 PM",
        "end_formatted": "June 18, 2022 06:30 PM",
        "street_closure_type": "Full Street Closure",
        "community_board": "2,",
        "police_precinct": "41,"
      }
    },
    {
      "type": "Feature",
      "geometry": {
        "type": "Point",
        "coordinates": [
          -73.95862149999999,
          40.6588985
        ]
      },
      "properties": {
        "event_id": "637369",
        "event_name": "Rutland 1 Block Party",
        "event_type": "Block Party",
        "event_agency": "Street Activity Permit Office",
        "event_location": "RUTLAND ROAD between FLATBUSH AVENUE and BEDFORD AVENUE",
        "event_borough": "Brooklyn",
        "start_date": "2022-06-18T12:00:00.000",
        "end_date": "2022-06-18T20:00:00.000",
        "start_formatted": "June 18, 2022 12:00 PM",
        "end_formatted": "June 18, 2022 08:00 PM",
        "street_closure_type": "Full Street Closure",
        "community_board": "9,",
        "police_precinct": "71,"
      }
    },
    {
      "type": "Feature",
      "geometry": {
        "type": "Point",
        "coordinates": [
          -73.95180099999999,
          40.800388
        ]
      },
      "properties": {
        "event_id": "651471",
        "event_name": "Community Appreciation",
        "event_type": "Block Party",
        "event_agency": "Street Activity Permit Office",
        "event_location": "WEST  113 STREET between LENOX AVENUE and SAINT NICHOLAS AVENUE",
        "event_borough": "Manhattan",
        "start_date": "2022-06-18T12:00:00.000",
        "end_date": "2022-06-18T17:00:00.000",
        "start_formatted": "June 18, 2022 12:00 PM",
        "end_formatted": "June 18, 2022 05:00 PM",
        "street_closure_type": "Full Street Closure",
        "community_board": "10,",
        "police_precinct": "28,"
      }
    },
    {
      "type": "Feature",
      "geometry": {
        "type": "Point",
        "coordinates": [
          -73.81828949999999,
          40.832747
        ]
      },
      "properties": {
        "event_id": "638994",
        "event_name": "Block Party for residents",
        "event_type": "Block Party",
        "event_agency": "Street Activity Permit Office",
        "event_location": "LAFAYETTE AVENUE between CLARENCE AVENUE and WILCOX AVENUE",
        "event_borough": "Bronx",
        "start_date": "2022-06-18T12:00:00.000",
        "end_date": "2022-06-18T21:00:00.000",
        "start_formatted": "June 18, 2022 12:00 PM",
        "end_formatted": "June 18, 2022 09:00 PM",
        "street_closure_type": "Full Street Closure",
        "community_board": "10,",
        "police_precinct": "45,"
      }
    },
    {
      "type": "Feature",
      "geometry": {
        "type": "Point",
        "coordinates": [
          -73.882164,
          40.668915
        ]
      },
      "properties": {
        "event_id": "644427",
        "event_name": "ELTON ANNUAL BLOCK PARTY",
        "event_type": "Block Party",
        "event_agency": "Street Activity Permit Office",
        "event_location": "ELTON STREET between DUMONT AVENUE and BLAKE AVENUE",
        "event_borough": "Brooklyn",
        "start_date": "2022-06-18T12:00:00.000",
        "end_date": "2022-06-18T21:00:00.000",
        "start_formatted": "June 18, 2022 12:00 PM",
        "end_formatted": "June 18, 2022 09:00 PM",
        "street_closure_type": "Full Street Closure",
        "community_board": "5,",
        "police_precinct": "75,"
      }
    },
    {
      "type": "Feature",
      "geometry": {
        "type": "Point",
        "coordinates": [
          -73.918349,
          40.681676499999995
        ]
      },
      "properties": {
        "event_id": "629774",
        "event_name": "First Annual Block Party",
        "event_type": "Block Party",
        "event_agency": "Street Activity Permit Office",
        "event_location": "CHAUNCEY STREET between HOWARD AVENUE and SARATOGA AVENUE",
        "event_borough": "Brooklyn",
        "start_date": "2022-06-18T11:00:00.000",
        "end_date": "2022-06-18T17:00:00.000",
        "start_formatted": "June 18, 2022 11:00 AM",
        "end_formatted": "June 18, 2022 05:00 PM",
        "street_closure_type": "Full Street Closure",
        "community_board": "3,",
        "police_precinct": "81,"
      }
    },
    {
      "type": "Feature",
      "geometry": {
        "type": "Point",
        "coordinates": [
          -73.952573,
          40.801946
        ]
      },
      "properties": {
        "event_id": "638245",
        "event_name": "Juneteeth Celebration",
        "event_type": "Block Party",
        "event_agency": "Street Activity Permit Office",
        "event_location": "ST NICHOLAS AVENUE between WEST  114 STREET and WEST  115 STREET",
        "event_borough": "Manhattan",
        "start_date": "2022-06-18T11:00:00.000",
        "end_date": "2022-06-18T15:00:00.000",
        "start_formatted": "June 18, 2022 11:00 AM",
        "end_formatted": "June 18, 2022 03:00 PM",
        "street_closure_type": "Full Street Closure",
        "community_board": "10,",
        "police_precinct": "28,"
      }
    },
    {
      "type": "Feature",
      "geometry": {
        "type": "Point",
        "coordinates": [
          -73.961889,
          40.6837905
        ]
      },
      "properties": {
        "event_id": "639491",
        "event_name": "Grand Avenue Putnam-Gates Block Party",
        "event_type": "Block Party",
        "event_agency": "Street Activity Permit Office",
        "event_location": "GRAND AVENUE between GATES AVENUE and PUTNAM AVENUE",
        "event_borough": "Brooklyn",
        "start_date": "2022-06-18T11:00:00.000",
        "end_date": "2022-06-18T17:00:00.000",
        "start_formatted": "June 18, 2022 11:00 AM",
        "end_formatted": "June 18, 2022 05:00 PM",
        "street_closure_type": "Full Street Closure",
        "community_board": "2,",
        "police_precinct": "88,"
      }
    },
    {
      "type": "Feature",
      "geometry": {
        "type": "Point",
        "coordinates": [
          -73.89927399999999,
          40.6663785
        ]
      },
      "properties": {
        "event_id": "635415",
        "event_name": "East New York CLT Juneteenth Block Party",
        "event_type": "Block Party",
        "event_agency": "Street Activity Permit Office",
        "event_location": "HINSDALE STREET between BLAKE AVENUE and DUMONT AVENUE",
        "event_borough": "Brooklyn",
        "start_date": "2022-06-18T11:00:00.000",
        "end_date": "2022-06-18T17:00:00.000",
        "start_formatted": "June 18, 2022 11:00 AM",
        "end_formatted": "June 18, 2022 05:00 PM",
        "street_closure_type": "Full Street Closure",
        "community_board": "5,",
        "police_precinct": "75,"
      }
    },
    {
      "type": "Feature",
      "geometry": {
        "type": "Point",
        "coordinates": [
          -73.943745,
          40.6676975
        ]
      },
      "properties": {
        "event_id": "629625",
        "event_name": "St. Marks Day School Annual Spring Fair",
        "event_type": "Block Party",
        "event_agency": "Street Activity Permit Office",
        "event_location": "PRESIDENT STREET between KINGSTON AVENUE and BROOKLYN AVENUE",
        "event_borough": "Brooklyn",
        "start_date": "2022-06-18T10:00:00.000",
        "end_date": "2022-06-18T19:00:00.000",
        "start_formatted": "June 18, 2022 10:00 AM",
        "end_formatted": "June 18, 2022 07:00 PM",
        "street_closure_type": "Full Street Closure",
        "community_board": "9,",
        "police_precinct": "71,"
      }
    },
    {
      "type": "Feature",
      "geometry": {
        "type": "Point",
        "coordinates": [
          -73.983329,
          40.7283075
        ]
      },
      "properties": {
        "event_id": "624161",
        "event_name": "A1 E 10th St Blocj Party",
        "event_type": "Block Party",
        "event_agency": "Street Activity Permit Office",
        "event_location": "EAST   10 STREET between FIRST AVENUE and AVENUE A",
        "event_borough": "Manhattan",
        "start_date": "2022-06-18T09:00:00.000",
        "end_date": "2022-06-18T17:00:00.000",
        "start_formatted": "June 18, 2022 09:00 AM",
        "end_formatted": "June 18, 2022 05:00 PM",
        "street_closure_type": "Full Street Closure",
        "community_board": "3,",
        "police_precinct": "9,"
      }
    },
    {
      "type": "Feature",
      "geometry": {
        "type": "Point",
        "coordinates": [
          -73.942352,
          40.819695499999995
        ]
      },
      "properties": {
        "event_id": "606372",
        "event_name": "Health  Wellness Day",
        "event_type": "Block Party",
        "event_agency": "Street Activity Permit Office",
        "event_location": "WEST  141 STREET between FREDERICK DOUGLASS BOULEVARD and ADAM CLAYTON POWELL BOULEVARD",
        "event_borough": "Manhattan",
        "start_date": "2022-06-18T09:00:00.000",
        "end_date": "2022-06-18T16:00:00.000",
        "start_formatted": "June 18, 2022 09:00 AM",
        "end_formatted": "June 18, 2022 04:00 PM",
        "street_closure_type": "Full Street Closure",
        "community_board": "10,",
        "police_precinct": "32,"
      }
    },
    {
      "type": "Feature",
      "geometry": {
        "type": "Point",
        "coordinates": [
          -73.94945200000001,
          40.666214
        ]
      },
      "properties": {
        "event_id": "631078",
        "event_name": "Annual Family Day International Carnival",
        "event_type": "Block Party",
        "event_agency": "Street Activity Permit Office",
        "event_location": "CROWN STREET between NEW YORK AVENUE and NOSTRAND AVENUE",
        "event_borough": "Brooklyn",
        "start_date": "2022-06-18T09:00:00.000",
        "end_date": "2022-06-18T16:00:00.000",
        "start_formatted": "June 18, 2022 09:00 AM",
        "end_formatted": "June 18, 2022 04:00 PM",
        "street_closure_type": "Full Street Closure",
        "community_board": "9,",
        "police_precinct": "71,"
      }
    },
    {
      "type": "Feature",
      "geometry": {
        "type": "Point",
        "coordinates": [
          -74.00248049999999,
          40.732031
        ]
      },
      "properties": {
        "event_id": "631765",
        "event_name": "Juneteenth Gathering",
        "event_type": "Block Party",
        "event_agency": "Street Activity Permit Office",
        "event_location": "JONES STREET between BLEECKER STREET and WEST    4 STREET",
        "event_borough": "Manhattan",
        "start_date": "2022-06-17T16:00:00.000",
        "end_date": "2022-06-17T18:00:00.000",
        "start_formatted": "June 17, 2022 04:00 PM",
        "end_formatted": "June 17, 2022 06:00 PM",
        "street_closure_type": "Full Street Closure",
        "community_board": "2,",
        "police_precinct": "6,"
      }
    },
    {
      "type": "Feature",
      "geometry": {
        "type": "Point",
        "coordinates": [
          -73.992185,
          40.7615885
        ]
      },
      "properties": {
        "event_id": "634423",
        "event_name": "PS 51 Block Party",
        "event_type": "Block Party",
        "event_agency": "Street Activity Permit Office",
        "event_location": "WEST   46 STREET between 10 AVENUE and 9 AVENUE",
        "event_borough": "Manhattan",
        "start_date": "2022-06-17T13:30:00.000",
        "end_date": "2022-06-17T17:30:00.000",
        "start_formatted": "June 17, 2022 01:30 PM",
        "end_formatted": "June 17, 2022 05:30 PM",
        "street_closure_type": "Full Street Closure",
        "community_board": "4,",
        "police_precinct": "18,"
      }
    },
    {
      "type": "Feature",
      "geometry": {
        "type": "Point",
        "coordinates": [
          -73.977429,
          40.678555
        ]
      },
      "properties": {
        "event_id": "629866",
        "event_name": "Park Plack Middle School Block Party",
        "event_type": "Block Party",
        "event_agency": "Street Activity Permit Office",
        "event_location": "STERLING PLACE between 5 AVENUE and 6 AVENUE",
        "event_borough": "Brooklyn",
        "start_date": "2022-06-17T12:00:00.000",
        "end_date": "2022-06-17T17:00:00.000",
        "start_formatted": "June 17, 2022 12:00 PM",
        "end_formatted": "June 17, 2022 05:00 PM",
        "street_closure_type": "Full Sidewalk Closure",
        "community_board": "6,",
        "police_precinct": "78,"
      }
    },
    {
      "type": "Feature",
      "geometry": {
        "type": "Point",
        "coordinates": [
          -73.8511035,
          40.7291705
        ]
      },
      "properties": {
        "event_id": "639839",
        "event_name": "Long Island Jewish Forest Hills Hospital Appreciation Day",
        "event_type": "Block Party",
        "event_agency": "Street Activity Permit Office",
        "event_location": "103 STREET between 66 ROAD and 66 AVENUE",
        "event_borough": "Queens",
        "start_date": "2022-06-15T11:00:00.000",
        "end_date": "2022-06-15T18:00:00.000",
        "start_formatted": "June 15, 2022 11:00 AM",
        "end_formatted": "June 15, 2022 06:00 PM",
        "street_closure_type": "Full Street Closure",
        "community_board": "6,",
        "police_precinct": "112,"
      }
    },
    {
      "type": "Feature",
      "geometry": {
        "type": "Point",
        "coordinates": [
          -74.000737,
          40.6457065
        ]
      },
      "properties": {
        "event_id": "637325",
        "event_name": "5th Grade Dance Party",
        "event_type": "Block Party",
        "event_agency": "Street Activity Permit Office",
        "event_location": "43 STREET between 7 AVENUE and 8 AVENUE",
        "event_borough": "Brooklyn",
        "start_date": "2022-06-15T11:00:00.000",
        "end_date": "2022-06-15T14:00:00.000",
        "start_formatted": "June 15, 2022 11:00 AM",
        "end_formatted": "June 15, 2022 02:00 PM",
        "street_closure_type": "Full Street Closure",
        "community_board": "7,",
        "police_precinct": "72,"
      }
    },
    {
      "type": "Feature",
      "geometry": {
        "type": "Point",
        "coordinates": [
          -73.935176,
          40.7984335
        ]
      },
      "properties": {
        "event_id": "647097",
        "event_name": "Bubble Wand Block Party",
        "event_type": "Block Party",
        "event_agency": "Street Activity Permit Office",
        "event_location": "EAST  119 STREET between 1 AVENUE and 2 AVENUE",
        "event_borough": "Manhattan",
        "start_date": "2022-06-14T12:00:00.000",
        "end_date": "2022-06-14T17:00:00.000",
        "start_formatted": "June 14, 2022 12:00 PM",
        "end_formatted": "June 14, 2022 05:00 PM",
        "street_closure_type": "Full Street Closure",
        "community_board": "11,",
        "police_precinct": "25,"
      }
    },
    {
      "type": "Feature",
      "geometry": {
        "type": "Point",
        "coordinates": [
          -74.00116,
          40.732633
        ]
      },
      "properties": {
        "event_id": "622401",
        "event_name": "Family Fun Day 2022",
        "event_type": "Block Party",
        "event_agency": "Street Activity Permit Office",
        "event_location": "WASHINGTON PLACE between 6 AVENUE and BARROW STREET",
        "event_borough": "Manhattan",
        "start_date": "2022-06-14T12:00:00.000",
        "end_date": "2022-06-14T16:00:00.000",
        "start_formatted": "June 14, 2022 12:00 PM",
        "end_formatted": "June 14, 2022 04:00 PM",
        "street_closure_type": "Full Street Closure",
        "community_board": "2,",
        "police_precinct": "6,"
      }
    },
    {
      "type": "Feature",
      "geometry": {
        "type": "Point",
        "coordinates": [
          -73.952137,
          40.667257
        ]
      },
      "properties": {
        "event_id": "648901",
        "event_name": "MECPS SENIOR DAY",
        "event_type": "Block Party",
        "event_agency": "Street Activity Permit Office",
        "event_location": "CARROLL STREET between NOSTRAND AVENUE and ROGERS AVENUE",
        "event_borough": "Brooklyn",
        "start_date": "2022-06-14T09:30:00.000",
        "end_date": "2022-06-14T16:00:00.000",
        "start_formatted": "June 14, 2022 09:30 AM",
        "end_formatted": "June 14, 2022 04:00 PM",
        "street_closure_type": "Full Street Closure",
        "community_board": "9,",
        "police_precinct": "71,"
      }
    },
    {
      "type": "Feature",
      "geometry": {
        "type": "Point",
        "coordinates": [
          -73.9495745,
          40.7261515
        ]
      },
      "properties": {
        "event_id": "615401",
        "event_name": "PS 34 Flag Day Celebration",
        "event_type": "Block Party",
        "event_agency": "Street Activity Permit Office",
        "event_location": "NORMAN AVENUE between MCGUINESS BOULEVARD and ECKFORD STREET",
        "event_borough": "Brooklyn",
        "start_date": "2022-06-14T09:00:00.000",
        "end_date": "2022-06-14T12:00:00.000",
        "start_formatted": "June 14, 2022 09:00 AM",
        "end_formatted": "June 14, 2022 12:00 PM",
        "street_closure_type": "Sidewalk and Street Closure",
        "community_board": "1,",
        "police_precinct": "94,"
      }
    },
    {
      "type": "Feature",
      "geometry": {
        "type": "Point",
        "coordinates": [
          -73.984683,
          40.624607499999996
        ]
      },
      "properties": {
        "event_id": "642953",
        "event_name": "Bike Registration",
        "event_type": "Block Party",
        "event_agency": "Street Activity Permit Office",
        "event_location": "18 AVENUE between 55 STREET and 56 STREET",
        "event_borough": "Brooklyn",
        "start_date": "2022-06-12T13:00:00.000",
        "end_date": "2022-06-12T18:00:00.000",
        "start_formatted": "June 12, 2022 01:00 PM",
        "end_formatted": "June 12, 2022 06:00 PM",
        "street_closure_type": "Full Street Closure",
        "community_board": "12,",
        "police_precinct": "66,"
      }
    },
    {
      "type": "Feature",
      "geometry": {
        "type": "Point",
        "coordinates": [
          -73.9995635,
          40.683809499999995
        ]
      },
      "properties": {
        "event_id": "625649",
        "event_name": "Pozallo Open House - St. John Day",
        "event_type": "Block Party",
        "event_agency": "Street Activity Permit Office",
        "event_location": "HENRY STREET between SACKETT STREET and UNION STREET",
        "event_borough": "Brooklyn",
        "start_date": "2022-06-12T12:00:00.000",
        "end_date": "2022-06-12T18:00:00.000",
        "start_formatted": "June 12, 2022 12:00 PM",
        "end_formatted": "June 12, 2022 06:00 PM",
        "street_closure_type": "Full Street Closure",
        "community_board": "6,",
        "police_precinct": "76,"
      }
    },
    {
      "type": "Feature",
      "geometry": {
        "type": "Point",
        "coordinates": [
          -73.98380850000001,
          40.678511
        ]
      },
      "properties": {
        "event_id": "643618",
        "event_name": "Youth Pride - BK",
        "event_type": "Block Party",
        "event_agency": "Street Activity Permit Office",
        "event_location": "SACKETT STREET between 3 AVENUE and 4 AVENUE",
        "event_borough": "Brooklyn",
        "start_date": "2022-06-12T12:00:00.000",
        "end_date": "2022-06-12T17:00:00.000",
        "start_formatted": "June 12, 2022 12:00 PM",
        "end_formatted": "June 12, 2022 05:00 PM",
        "street_closure_type": "Sidewalk and Curb Lane Closure",
        "community_board": "6,",
        "police_precinct": "78,"
      }
    },
    {
      "type": "Feature",
      "geometry": {
        "type": "Point",
        "coordinates": [
          -73.820258,
          40.711458
        ]
      },
      "properties": {
        "event_id": "625743",
        "event_name": "Briarwood Community Foundation Block Party",
        "event_type": "Block Party",
        "event_agency": "Street Activity Permit Office",
        "event_location": "MANTON STREET between 83 AVENUE and MAIN STREET",
        "event_borough": "Queens",
        "start_date": "2022-06-12T11:00:00.000",
        "end_date": "2022-06-12T16:30:00.000",
        "start_formatted": "June 12, 2022 11:00 AM",
        "end_formatted": "June 12, 2022 04:30 PM",
        "street_closure_type": "Full Street Closure",
        "community_board": "8,",
        "police_precinct": "107,"
      }
    },
    {
      "type": "Feature",
      "geometry": {
        "type": "Point",
        "coordinates": [
          -73.977891,
          40.68262300000001
        ]
      },
      "properties": {
        "event_id": "634076",
        "event_name": "June Dean Street  Block Party",
        "event_type": "Block Party",
        "event_agency": "Street Activity Permit Office",
        "event_location": "DEAN STREET between FOURTH AVENUE and FIFTH AVENUE",
        "event_borough": "Brooklyn",
        "start_date": "2022-06-12T10:00:00.000",
        "end_date": "2022-06-12T19:00:00.000",
        "start_formatted": "June 12, 2022 10:00 AM",
        "end_formatted": "June 12, 2022 07:00 PM",
        "street_closure_type": "Full Street Closure",
        "community_board": "6,",
        "police_precinct": "78,"
      }
    },
    {
      "type": "Feature",
      "geometry": {
        "type": "Point",
        "coordinates": [
          -73.9825115,
          40.7376945
        ]
      },
      "properties": {
        "event_id": "634821",
        "event_name": "The Epiphany School Block Party 2022",
        "event_type": "Block Party",
        "event_agency": "Street Activity Permit Office",
        "event_location": "EAST   22 STREET between 2 AVENUE and 3 AVENUE",
        "event_borough": "Manhattan",
        "start_date": "2022-06-12T10:00:00.000",
        "end_date": "2022-06-12T16:00:00.000",
        "start_formatted": "June 12, 2022 10:00 AM",
        "end_formatted": "June 12, 2022 04:00 PM",
        "street_closure_type": "Sidewalk and Street Closure",
        "community_board": "6,",
        "police_precinct": "13,"
      }
    },
    {
      "type": "Feature",
      "geometry": {
        "type": "Point",
        "coordinates": [
          -73.819056,
          40.723639500000004
        ]
      },
      "properties": {
        "event_id": "638463",
        "event_name": "Sholom Family and Community Engagement",
        "event_type": "Block Party",
        "event_agency": "Street Activity Permit Office",
        "event_location": "75 ROAD between MAIN STREET and 147 STREET",
        "event_borough": "Queens",
        "start_date": "2022-06-12T10:00:00.000",
        "end_date": "2022-06-12T16:00:00.000",
        "start_formatted": "June 12, 2022 10:00 AM",
        "end_formatted": "June 12, 2022 04:00 PM",
        "street_closure_type": "Full Street Closure",
        "community_board": "8,",
        "police_precinct": "107,"
      }
    },
    {
      "type": "Feature",
      "geometry": {
        "type": "Point",
        "coordinates": [
          -73.7921865,
          40.7365905
        ]
      },
      "properties": {
        "event_id": "642024",
        "event_name": "Bike-A-Thon",
        "event_type": "Block Party",
        "event_agency": "Street Activity Permit Office",
        "event_location": "65 AVENUE between 180 STREET and 181 STREET",
        "event_borough": "Queens",
        "start_date": "2022-06-12T09:00:00.000",
        "end_date": "2022-06-12T14:30:00.000",
        "start_formatted": "June 12, 2022 09:00 AM",
        "end_formatted": "June 12, 2022 02:30 PM",
        "street_closure_type": "Full Street Closure",
        "community_board": "8,",
        "police_precinct": "107,"
      }
    },
    {
      "type": "Feature",
      "geometry": {
        "type": "Point",
        "coordinates": [
          -73.816956,
          40.6644685
        ]
      },
      "properties": {
        "event_id": "630223",
        "event_name": "BLOCK PARTY 124TH STREET",
        "event_type": "Block Party",
        "event_agency": "Street Activity Permit Office",
        "event_location": "124 STREET between OLD SOUTH ROAD and 152 AVENUE",
        "event_borough": "Queens",
        "start_date": "2022-06-11T13:30:00.000",
        "end_date": "2022-06-11T20:30:00.000",
        "start_formatted": "June 11, 2022 01:30 PM",
        "end_formatted": "June 11, 2022 08:30 PM",
        "street_closure_type": "Full Street Closure",
        "community_board": "10,",
        "police_precinct": "106,"
      }
    },
    {
      "type": "Feature",
      "geometry": {
        "type": "Point",
        "coordinates": [
          -73.974637,
          40.6733405
        ]
      },
      "properties": {
        "event_id": "631581",
        "event_name": "Block Party",
        "event_type": "Block Party",
        "event_agency": "Street Activity Permit Office",
        "event_location": "PRESIDENT STREET between 7 AVENUE and 8 AVENUE",
        "event_borough": "Brooklyn",
        "start_date": "2022-06-11T13:00:00.000",
        "end_date": "2022-06-11T20:00:00.000",
        "start_formatted": "June 11, 2022 01:00 PM",
        "end_formatted": "June 11, 2022 08:00 PM",
        "street_closure_type": "Full Street Closure",
        "community_board": "6,",
        "police_precinct": "78,"
      }
    },
    {
      "type": "Feature",
      "geometry": {
        "type": "Point",
        "coordinates": [
          -73.9400325,
          40.7150115
        ]
      },
      "properties": {
        "event_id": "635295",
        "event_name": "Orient Block Party",
        "event_type": "Block Party",
        "event_agency": "Street Activity Permit Office",
        "event_location": "ORIENT AVENUE between METROPOLITAN AVENUE and OLIVE STREET",
        "event_borough": "Brooklyn",
        "start_date": "2022-06-11T13:00:00.000",
        "end_date": "2022-06-11T19:00:00.000",
        "start_formatted": "June 11, 2022 01:00 PM",
        "end_formatted": "June 11, 2022 07:00 PM",
        "street_closure_type": "Full Street Closure",
        "community_board": "1,",
        "police_precinct": "90,"
      }
    },
    {
      "type": "Feature",
      "geometry": {
        "type": "Point",
        "coordinates": [
          -73.9807445,
          40.669881000000004
        ]
      },
      "properties": {
        "event_id": "623685",
        "event_name": "Fifth Street Spring Block Party",
        "event_type": "Block Party",
        "event_agency": "Street Activity Permit Office",
        "event_location": "FIFTH STREET between SIXTH AVENUE and SEVENTH AVENUE",
        "event_borough": "Brooklyn",
        "start_date": "2022-06-11T12:00:00.000",
        "end_date": "2022-06-11T20:00:00.000",
        "start_formatted": "June 11, 2022 12:00 PM",
        "end_formatted": "June 11, 2022 08:00 PM",
        "street_closure_type": "Full Street Closure",
        "community_board": "6,",
        "police_precinct": "78,"
      }
    },
    {
      "type": "Feature",
      "geometry": {
        "type": "Point",
        "coordinates": [
          -73.96631049999999,
          40.68553
        ]
      },
      "properties": {
        "event_id": "638374",
        "event_name": "PS 11 Spring Fest",
        "event_type": "Block Party",
        "event_agency": "Street Activity Permit Office",
        "event_location": "WAVERLY AVENUE between GREENE AVENUE and GATES AVENUE",
        "event_borough": "Brooklyn",
        "start_date": "2022-06-11T11:00:00.000",
        "end_date": "2022-06-11T16:00:00.000",
        "start_formatted": "June 11, 2022 11:00 AM",
        "end_formatted": "June 11, 2022 04:00 PM",
        "street_closure_type": "Full Street Closure",
        "community_board": "2,",
        "police_precinct": "88,"
      }
    },
    {
      "type": "Feature",
      "geometry": {
        "type": "Point",
        "coordinates": [
          -74.0059825,
          40.732437
        ]
      },
      "properties": {
        "event_id": "634562",
        "event_name": "Spring Fling 2022",
        "event_type": "Block Party",
        "event_agency": "Street Activity Permit Office",
        "event_location": "GROVE STREET between BEDFORD STREET and HUDSON STREET",
        "event_borough": "Manhattan",
        "start_date": "2022-06-11T11:00:00.000",
        "end_date": "2022-06-11T16:00:00.000",
        "start_formatted": "June 11, 2022 11:00 AM",
        "end_formatted": "June 11, 2022 04:00 PM",
        "street_closure_type": "Full Street Closure",
        "community_board": "2,",
        "police_precinct": "6,"
      }
    },
    {
      "type": "Feature",
      "geometry": {
        "type": "Point",
        "coordinates": [
          -73.94787199999999,
          40.720864000000006
        ]
      },
      "properties": {
        "event_id": "630819",
        "event_name": "Engert Ave Get Together",
        "event_type": "Block Party",
        "event_agency": "Street Activity Permit Office",
        "event_location": "ECKFORD STREET between MANHATTAN AVENUE and ENGERT AVENUE",
        "event_borough": "Brooklyn",
        "start_date": "2022-06-11T10:30:00.000",
        "end_date": "2022-06-11T18:30:00.000",
        "start_formatted": "June 11, 2022 10:30 AM",
        "end_formatted": "June 11, 2022 06:30 PM",
        "street_closure_type": "Full Street Closure",
        "community_board": "1,",
        "police_precinct": "94,"
      }
    },
    {
      "type": "Feature",
      "geometry": {
        "type": "Point",
        "coordinates": [
          -73.98089949999999,
          40.665724999999995
        ]
      },
      "properties": {
        "event_id": "634953",
        "event_name": "10th Street Block Party",
        "event_type": "Block Party",
        "event_agency": "Street Activity Permit Office",
        "event_location": "TENTH STREET between 7 AVENUE and 8 AVENUE",
        "event_borough": "Brooklyn",
        "start_date": "2022-06-11T10:00:00.000",
        "end_date": "2022-06-11T19:00:00.000",
        "start_formatted": "June 11, 2022 10:00 AM",
        "end_formatted": "June 11, 2022 07:00 PM",
        "street_closure_type": "Full Street Closure",
        "community_board": "6,",
        "police_precinct": "78,"
      }
    },
    {
      "type": "Feature",
      "geometry": {
        "type": "Point",
        "coordinates": [
          -73.8095185,
          40.6758935
        ]
      },
      "properties": {
        "event_id": "636314",
        "event_name": "Ozone Park Church of the Nazarene",
        "event_type": "Block Party",
        "event_agency": "Street Activity Permit Office",
        "event_location": "FOCH BOULEVARD between 128 STREET and 130 STREET",
        "event_borough": "Queens",
        "start_date": "2022-06-11T09:00:00.000",
        "end_date": "2022-06-11T18:00:00.000",
        "start_formatted": "June 11, 2022 09:00 AM",
        "end_formatted": "June 11, 2022 06:00 PM",
        "street_closure_type": "Sidewalk and Street Closure",
        "community_board": "10,",
        "police_precinct": "106,"
      }
    },
    {
      "type": "Feature",
      "geometry": {
        "type": "Point",
        "coordinates": [
          -73.977022,
          40.66639
        ]
      },
      "properties": {
        "event_id": "627611",
        "event_name": "7th Street Block Party",
        "event_type": "Block Party",
        "event_agency": "Street Activity Permit Office",
        "event_location": "7 STREET between 8 AVENUE and PROSPECT PARK WEST",
        "event_borough": "Brooklyn",
        "start_date": "2022-06-11T09:00:00.000",
        "end_date": "2022-06-11T18:00:00.000",
        "start_formatted": "June 11, 2022 09:00 AM",
        "end_formatted": "June 11, 2022 06:00 PM",
        "street_closure_type": "Full Street Closure",
        "community_board": "6,",
        "police_precinct": "78,"
      }
    },
    {
      "type": "Feature",
      "geometry": {
        "type": "Point",
        "coordinates": [
          -73.9394595,
          40.845744
        ]
      },
      "properties": {
        "event_id": "640479",
        "event_name": "Hope Through Dance: Un Sancocho",
        "event_type": "Block Party",
        "event_agency": "Street Activity Permit Office",
        "event_location": "WEST  174 STREET between BROADWAY and FORT WASHINGTON AVENUE",
        "event_borough": "Manhattan",
        "start_date": "2022-06-10T12:00:00.000",
        "end_date": "2022-06-10T16:00:00.000",
        "start_formatted": "June 10, 2022 12:00 PM",
        "end_formatted": "June 10, 2022 04:00 PM",
        "street_closure_type": "Full Street Closure",
        "community_board": "12,",
        "police_precinct": "33,"
      }
    },
    {
      "type": "Feature",
      "geometry": {
        "type": "Point",
        "coordinates": [
          -73.957296,
          40.784379
        ]
      },
      "properties": {
        "event_id": "630657",
        "event_name": "CSH street fair",
        "event_type": "Block Party",
        "event_agency": "Street Activity Permit Office",
        "event_location": "EAST   91 STREET between 5 AVENUE and MADISON AVENUE",
        "event_borough": "Manhattan",
        "start_date": "2022-06-09T12:00:00.000",
        "end_date": "2022-06-09T16:00:00.000",
        "start_formatted": "June 09, 2022 12:00 PM",
        "end_formatted": "June 09, 2022 04:00 PM",
        "street_closure_type": "Full Street Closure",
        "community_board": "8,",
        "police_precinct": "19,"
      }
    },
    {
      "type": "Feature",
      "geometry": {
        "type": "Point",
        "coordinates": [
          -73.876856,
          40.6833575
        ]
      },
      "properties": {
        "event_id": "635698",
        "event_name": "2022 ENYMS School Block Party",
        "event_type": "Block Party",
        "event_agency": "Street Activity Permit Office",
        "event_location": "RICHMOND STREET between RIDGEWOOD AVENUE and FULTON STREET",
        "event_borough": "Brooklyn",
        "start_date": "2022-06-09T09:00:00.000",
        "end_date": "2022-06-09T15:00:00.000",
        "start_formatted": "June 09, 2022 09:00 AM",
        "end_formatted": "June 09, 2022 03:00 PM",
        "street_closure_type": "Full Street Closure",
        "community_board": "5,",
        "police_precinct": "75,"
      }
    },
    {
      "type": "Feature",
      "geometry": {
        "type": "Point",
        "coordinates": [
          -73.977,
          40.679190500000004
        ]
      },
      "properties": {
        "event_id": "633009",
        "event_name": "PS 77K Field Day",
        "event_type": "Block Party",
        "event_agency": "Street Activity Permit Office",
        "event_location": "PARK PLACE between 5 AVENUE and 6 AVENUE",
        "event_borough": "Brooklyn",
        "start_date": "2022-06-08T10:00:00.000",
        "end_date": "2022-06-08T14:00:00.000",
        "start_formatted": "June 08, 2022 10:00 AM",
        "end_formatted": "June 08, 2022 02:00 PM",
        "street_closure_type": "Full Street Closure",
        "community_board": "6,",
        "police_precinct": "78,"
      }
    },
    {
      "type": "Feature",
      "geometry": {
        "type": "Point",
        "coordinates": [
          -73.9821125,
          40.6850695
        ]
      },
      "properties": {
        "event_id": "627797",
        "event_name": "5th Grade Block Party",
        "event_type": "Block Party",
        "event_agency": "Street Activity Permit Office",
        "event_location": "PACIFIC STREET between 3 AVENUE and NEVINS STREET",
        "event_borough": "Brooklyn",
        "start_date": "2022-06-08T08:00:00.000",
        "end_date": "2022-06-08T14:00:00.000",
        "start_formatted": "June 08, 2022 08:00 AM",
        "end_formatted": "June 08, 2022 02:00 PM",
        "street_closure_type": "Full Street Closure",
        "community_board": "2,",
        "police_precinct": "84,"
      }
    },
    {
      "type": "Feature",
      "geometry": {
        "type": "Point",
        "coordinates": [
          -73.9565985,
          40.782449
        ]
      },
      "properties": {
        "event_id": "647928",
        "event_name": "DEAF MINISTRY BLOCK PARTY",
        "event_type": "Block Party",
        "event_agency": "Street Activity Permit Office",
        "event_location": "EAST   89 STREET between PARK AVENUE and MADISON AVENUE",
        "event_borough": "Manhattan",
        "start_date": "2022-06-05T15:00:00.000",
        "end_date": "2022-06-05T18:00:00.000",
        "start_formatted": "June 05, 2022 03:00 PM",
        "end_formatted": "June 05, 2022 06:00 PM",
        "street_closure_type": "Full Street Closure",
        "community_board": "8,",
        "police_precinct": "19,"
      }
    },
    {
      "type": "Feature",
      "geometry": {
        "type": "Point",
        "coordinates": [
          -73.936589,
          40.753710999999996
        ]
      },
      "properties": {
        "event_id": "629600",
        "event_name": "Easter Festival Celebration",
        "event_type": "Block Party",
        "event_agency": "Street Activity Permit Office",
        "event_location": "27 STREET between 39 AVENUE and 40 AVENUE",
        "event_borough": "Queens",
        "start_date": "2022-06-05T14:00:00.000",
        "end_date": "2022-06-05T19:00:00.000",
        "start_formatted": "June 05, 2022 02:00 PM",
        "end_formatted": "June 05, 2022 07:00 PM",
        "street_closure_type": "Full Street Closure",
        "community_board": "1,",
        "police_precinct": "114,"
      }
    },
    {
      "type": "Feature",
      "geometry": {
        "type": "Point",
        "coordinates": [
          -73.95308,
          40.731030000000004
        ]
      },
      "properties": {
        "event_id": "631931",
        "event_name": "International Childrens Day",
        "event_type": "Block Party",
        "event_agency": "Street Activity Permit Office",
        "event_location": "KENT STREET between MCGUINNESS BOULEVARD and MANHATTAN AVENUE",
        "event_borough": "Brooklyn",
        "start_date": "2022-06-05T13:00:00.000",
        "end_date": "2022-06-05T17:00:00.000",
        "start_formatted": "June 05, 2022 01:00 PM",
        "end_formatted": "June 05, 2022 05:00 PM",
        "street_closure_type": "Full Street Closure",
        "community_board": "1,",
        "police_precinct": "94,"
      }
    },
    {
      "type": "Feature",
      "geometry": {
        "type": "Point",
        "coordinates": [
          -74.003945,
          40.71844
        ]
      },
      "properties": {
        "event_id": "629133",
        "event_name": "The Happening",
        "event_type": "Block Party",
        "event_agency": "Street Activity Permit Office",
        "event_location": "WHITE STREET between CHURCH STREET and BROADWAY",
        "event_borough": "Manhattan",
        "start_date": "2022-06-05T12:00:00.000",
        "end_date": "2022-06-05T16:00:00.000",
        "start_formatted": "June 05, 2022 12:00 PM",
        "end_formatted": "June 05, 2022 04:00 PM",
        "street_closure_type": "Full Street Closure",
        "community_board": "1,",
        "police_precinct": "1,"
      }
    },
    {
      "type": "Feature",
      "geometry": {
        "type": "Point",
        "coordinates": [
          -73.817904,
          40.695009
        ]
      },
      "properties": {
        "event_id": "585222",
        "event_name": "95Ave Block Association Meet  Greet",
        "event_type": "Block Party",
        "event_agency": "Street Activity Permit Office",
        "event_location": "95 AVENUE between 130 STREET and 131 STREET",
        "event_borough": "Queens",
        "start_date": "2022-06-05T12:00:00.000",
        "end_date": "2022-06-05T18:00:00.000",
        "start_formatted": "June 05, 2022 12:00 PM",
        "end_formatted": "June 05, 2022 06:00 PM",
        "street_closure_type": "Full Street Closure",
        "community_board": "9,",
        "police_precinct": "102,"
      }
    },
    {
      "type": "Feature",
      "geometry": {
        "type": "Point",
        "coordinates": [
          -73.9933835,
          40.6846395
        ]
      },
      "properties": {
        "event_id": "629484",
        "event_name": "Butler Baltic Block Association Party 2022",
        "event_type": "Block Party",
        "event_agency": "Street Activity Permit Office",
        "event_location": "BUTLER STREET between SMITH STREET and COURT STREET",
        "event_borough": "Brooklyn",
        "start_date": "2022-06-05T10:00:00.000",
        "end_date": "2022-06-05T16:00:00.000",
        "start_formatted": "June 05, 2022 10:00 AM",
        "end_formatted": "June 05, 2022 04:00 PM",
        "street_closure_type": "Full Street Closure",
        "community_board": "6,",
        "police_precinct": "76,"
      }
    },
    {
      "type": "Feature",
      "geometry": {
        "type": "Point",
        "coordinates": [
          -73.99804649999999,
          40.65867
        ]
      },
      "properties": {
        "event_id": "613344",
        "event_name": "2022 27 Street Block Party",
        "event_type": "Block Party",
        "event_agency": "Street Activity Permit Office",
        "event_location": "27 STREET between 4 AVENUE and 5 AVENUE",
        "event_borough": "Brooklyn",
        "start_date": "2022-06-04T14:30:00.000",
        "end_date": "2022-06-04T20:30:00.000",
        "start_formatted": "June 04, 2022 02:30 PM",
        "end_formatted": "June 04, 2022 08:30 PM",
        "street_closure_type": "Full Sidewalk Closure",
        "community_board": "7,",
        "police_precinct": "72,"
      }
    },
    {
      "type": "Feature",
      "geometry": {
        "type": "Point",
        "coordinates": [
          -73.9816,
          40.6728275
        ]
      },
      "properties": {
        "event_id": "614158",
        "event_name": "BFS block party",
        "event_type": "Block Party",
        "event_agency": "Street Activity Permit Office",
        "event_location": "2 STREET between 6 AVENUE and 5 AVENUE",
        "event_borough": "Brooklyn",
        "start_date": "2022-06-04T14:00:00.000",
        "end_date": "2022-06-04T20:00:00.000",
        "start_formatted": "June 04, 2022 02:00 PM",
        "end_formatted": "June 04, 2022 08:00 PM",
        "street_closure_type": "Full Street Closure",
        "community_board": "6,",
        "police_precinct": "78,"
      }
    },
    {
      "type": "Feature",
      "geometry": {
        "type": "Point",
        "coordinates": [
          -73.922039,
          40.589434999999995
        ]
      },
      "properties": {
        "event_id": "638436",
        "event_name": "BLOCK PARTY",
        "event_type": "Block Party",
        "event_agency": "Street Activity Permit Office",
        "event_location": "ABBEY COURT between CYRUS AVENUE and SEBA AVENUE",
        "event_borough": "Brooklyn",
        "start_date": "2022-06-04T13:00:00.000",
        "end_date": "2022-06-04T21:00:00.000",
        "start_formatted": "June 04, 2022 01:00 PM",
        "end_formatted": "June 04, 2022 09:00 PM",
        "street_closure_type": "Full Street Closure",
        "community_board": "15,",
        "police_precinct": "61,"
      }
    },
    {
      "type": "Feature",
      "geometry": {
        "type": "Point",
        "coordinates": [
          -73.968095,
          40.694482
        ]
      },
      "properties": {
        "event_id": "636287",
        "event_name": "CCC Ileri Oluwa Parish NY - Juvenile Harvest 2022",
        "event_type": "Block Party",
        "event_agency": "Street Activity Permit Office",
        "event_location": "WAVERLY AVENUE between MYRTLE AVENUE and PARK AVENUE",
        "event_borough": "Brooklyn",
        "start_date": "2022-06-04T13:00:00.000",
        "end_date": "2022-06-04T17:00:00.000",
        "start_formatted": "June 04, 2022 01:00 PM",
        "end_formatted": "June 04, 2022 05:00 PM",
        "street_closure_type": "Full Street Closure",
        "community_board": "2,",
        "police_precinct": "88,"
      }
    },
    {
      "type": "Feature",
      "geometry": {
        "type": "Point",
        "coordinates": [
          -74.03449950000001,
          40.6132535
        ]
      },
      "properties": {
        "event_id": "617333",
        "event_name": "The 100th Street Block Party",
        "event_type": "Block Party",
        "event_agency": "Street Activity Permit Office",
        "event_location": "100 STREET between 3 AVENUE and 4 AVENUE",
        "event_borough": "Brooklyn",
        "start_date": "2022-06-04T13:00:00.000",
        "end_date": "2022-06-04T20:00:00.000",
        "start_formatted": "June 04, 2022 01:00 PM",
        "end_formatted": "June 04, 2022 08:00 PM",
        "street_closure_type": "Full Street Closure",
        "community_board": "10,",
        "police_precinct": "68,"
      }
    },
    {
      "type": "Feature",
      "geometry": {
        "type": "Point",
        "coordinates": [
          -73.9831075,
          40.6710205
        ]
      },
      "properties": {
        "event_id": "612309",
        "event_name": "5th Street 300 Block Party",
        "event_type": "Block Party",
        "event_agency": "Street Activity Permit Office",
        "event_location": "5 STREET between 5 AVENUE and 6 AVENUE",
        "event_borough": "Brooklyn",
        "start_date": "2022-06-04T12:30:00.000",
        "end_date": "2022-06-04T19:30:00.000",
        "start_formatted": "June 04, 2022 12:30 PM",
        "end_formatted": "June 04, 2022 07:30 PM",
        "street_closure_type": "Full Street Closure",
        "community_board": "6,",
        "police_precinct": "78,"
      }
    },
    {
      "type": "Feature",
      "geometry": {
        "type": "Point",
        "coordinates": [
          -73.8943105,
          40.8698045
        ]
      },
      "properties": {
        "event_id": "641494",
        "event_name": "Rock the block",
        "event_type": "Block Party",
        "event_agency": "Street Activity Permit Office",
        "event_location": "MORRIS AVENUE  between E 196 STREET  and PARKVIEW TERRACE",
        "event_borough": "Bronx",
        "start_date": "2022-06-04T12:00:00.000",
        "end_date": "2022-06-04T17:00:00.000",
        "start_formatted": "June 04, 2022 12:00 PM",
        "end_formatted": "June 04, 2022 05:00 PM",
        "street_closure_type": "Full Street Closure",
        "community_board": "7,",
        "police_precinct": "52,"
      }
    },
    {
      "type": "Feature",
      "geometry": {
        "type": "Point",
        "coordinates": [
          -73.94132049999999,
          40.797602999999995
        ]
      },
      "properties": {
        "event_id": "630279",
        "event_name": "El barrio salsa culture event",
        "event_type": "Block Party",
        "event_agency": "Street Activity Permit Office",
        "event_location": "EAST  115 STREET between 3 AVENUE and LEXINGTON AVENUE",
        "event_borough": "Manhattan",
        "start_date": "2022-06-04T12:00:00.000",
        "end_date": "2022-06-04T19:30:00.000",
        "start_formatted": "June 04, 2022 12:00 PM",
        "end_formatted": "June 04, 2022 07:30 PM",
        "street_closure_type": "Full Street Closure",
        "community_board": "11,",
        "police_precinct": "23, 25,"
      }
    },
    {
      "type": "Feature",
      "geometry": {
        "type": "Point",
        "coordinates": [
          -73.9872,
          40.685446
        ]
      },
      "properties": {
        "event_id": "623726",
        "event_name": "Play in the Street 2022",
        "event_type": "Block Party",
        "event_agency": "Street Activity Permit Office",
        "event_location": "BERGEN STREET between HOYT STREET and BOND STREET",
        "event_borough": "Brooklyn",
        "start_date": "2022-06-04T12:00:00.000",
        "end_date": "2022-06-04T21:00:00.000",
        "start_formatted": "June 04, 2022 12:00 PM",
        "end_formatted": "June 04, 2022 09:00 PM",
        "street_closure_type": "Full Street Closure",
        "community_board": "2,",
        "police_precinct": "84,"
      }
    },
    {
      "type": "Feature",
      "geometry": {
        "type": "Point",
        "coordinates": [
          -73.962467,
          40.641059999999996
        ]
      },
      "properties": {
        "event_id": "633695",
        "event_name": "Cortelyou and East 17 Street block party.",
        "event_type": "Block Party",
        "event_agency": "Street Activity Permit Office",
        "event_location": "EAST   17 STREET between CORTELYOU ROAD and DORCHESTER ROAD",
        "event_borough": "Brooklyn",
        "start_date": "2022-06-04T12:00:00.000",
        "end_date": "2022-06-04T17:30:00.000",
        "start_formatted": "June 04, 2022 12:00 PM",
        "end_formatted": "June 04, 2022 05:30 PM",
        "street_closure_type": "Curb Lane Only",
        "community_board": "14,",
        "police_precinct": "70,"
      }
    },
    {
      "type": "Feature",
      "geometry": {
        "type": "Point",
        "coordinates": [
          -73.9267665,
          40.593953
        ]
      },
      "properties": {
        "event_id": "631094",
        "event_name": "The Cort Club Block Party",
        "event_type": "Block Party",
        "event_agency": "Street Activity Permit Office",
        "event_location": "DEVON AVENUE between GERRITSEN AVENUE and ASTER COURT",
        "event_borough": "Brooklyn",
        "start_date": "2022-06-04T12:00:00.000",
        "end_date": "2022-06-04T18:00:00.000",
        "start_formatted": "June 04, 2022 12:00 PM",
        "end_formatted": "June 04, 2022 06:00 PM",
        "street_closure_type": "Full Street Closure",
        "community_board": "15,",
        "police_precinct": "61,"
      }
    },
    {
      "type": "Feature",
      "geometry": {
        "type": "Point",
        "coordinates": [
          -73.9827645,
          40.6674615
        ]
      },
      "properties": {
        "event_id": "626939",
        "event_name": "4th Annual 9th Street Block Party",
        "event_type": "Block Party",
        "event_agency": "Street Activity Permit Office",
        "event_location": "9 STREET between 6 AVENUE and 7 AVENUE",
        "event_borough": "Brooklyn",
        "start_date": "2022-06-04T12:00:00.000",
        "end_date": "2022-06-04T21:00:00.000",
        "start_formatted": "June 04, 2022 12:00 PM",
        "end_formatted": "June 04, 2022 09:00 PM",
        "street_closure_type": "Full Sidewalk Closure",
        "community_board": "6,",
        "police_precinct": "78,"
      }
    },
    {
      "type": "Feature",
      "geometry": {
        "type": "Point",
        "coordinates": [
          -73.993207,
          40.7008105
        ]
      },
      "properties": {
        "event_id": "629677",
        "event_name": "PS8 Paddlewheeler",
        "event_type": "Block Party",
        "event_agency": "Street Activity Permit Office",
        "event_location": "HICKS STREET between POPLAR STREET and MIDDAGH STREET",
        "event_borough": "Brooklyn",
        "start_date": "2022-06-04T12:00:00.000",
        "end_date": "2022-06-04T16:00:00.000",
        "start_formatted": "June 04, 2022 12:00 PM",
        "end_formatted": "June 04, 2022 04:00 PM",
        "street_closure_type": "Sidewalk and Street Closure",
        "community_board": "2,",
        "police_precinct": "84,"
      }
    },
    {
      "type": "Feature",
      "geometry": {
        "type": "Point",
        "coordinates": [
          -73.9797405,
          40.671084
        ]
      },
      "properties": {
        "event_id": "630365",
        "event_name": "3rd Street between 6th and 7th Aves Block Party",
        "event_type": "Block Party",
        "event_agency": "Street Activity Permit Office",
        "event_location": "3 STREET between 6 AVENUE and 7 AVENUE",
        "event_borough": "Brooklyn",
        "start_date": "2022-06-04T12:00:00.000",
        "end_date": "2022-06-04T20:00:00.000",
        "start_formatted": "June 04, 2022 12:00 PM",
        "end_formatted": "June 04, 2022 08:00 PM",
        "street_closure_type": "Full Street Closure",
        "community_board": "6,",
        "police_precinct": "78,"
      }
    },
    {
      "type": "Feature",
      "geometry": {
        "type": "Point",
        "coordinates": [
          -73.924328,
          40.7551085
        ]
      },
      "properties": {
        "event_id": "635315",
        "event_name": "Multicultural Event at OWNCS ES Block Party",
        "event_type": "Block Party",
        "event_agency": "Street Activity Permit Office",
        "event_location": "37 STREET between 35 AVENUE and 36 AVENUE",
        "event_borough": "Queens",
        "start_date": "2022-06-04T11:00:00.000",
        "end_date": "2022-06-04T15:00:00.000",
        "start_formatted": "June 04, 2022 11:00 AM",
        "end_formatted": "June 04, 2022 03:00 PM",
        "street_closure_type": "Full Street Closure",
        "community_board": "1,",
        "police_precinct": "114,"
      }
    },
    {
      "type": "Feature",
      "geometry": {
        "type": "Point",
        "coordinates": [
          -73.991153,
          40.661804000000004
        ]
      },
      "properties": {
        "event_id": "633323",
        "event_name": "19th St Spring Block Party",
        "event_type": "Block Party",
        "event_agency": "Street Activity Permit Office",
        "event_location": "19 STREET between 5 AVENUE and 6 AVENUE",
        "event_borough": "Brooklyn",
        "start_date": "2022-06-04T11:00:00.000",
        "end_date": "2022-06-04T17:00:00.000",
        "start_formatted": "June 04, 2022 11:00 AM",
        "end_formatted": "June 04, 2022 05:00 PM",
        "street_closure_type": "Full Street Closure",
        "community_board": "7,",
        "police_precinct": "72,"
      }
    },
    {
      "type": "Feature",
      "geometry": {
        "type": "Point",
        "coordinates": [
          -73.98460549999999,
          40.6852385
        ]
      },
      "properties": {
        "event_id": "626096",
        "event_name": "Dean Street Block Party",
        "event_type": "Block Party",
        "event_agency": "Street Activity Permit Office",
        "event_location": "DEAN STREET between BOND STREET and NEVINS STREET",
        "event_borough": "Brooklyn",
        "start_date": "2022-06-04T11:00:00.000",
        "end_date": "2022-06-04T20:00:00.000",
        "start_formatted": "June 04, 2022 11:00 AM",
        "end_formatted": "June 04, 2022 08:00 PM",
        "street_closure_type": "Full Street Closure",
        "community_board": "2,",
        "police_precinct": "84,"
      }
    },
    {
      "type": "Feature",
      "geometry": {
        "type": "Point",
        "coordinates": [
          -73.9430795,
          40.674828
        ]
      },
      "properties": {
        "event_id": "617516",
        "event_name": "St. Marks Avenue Independent Block Association Annual Street Fair Extravaganza",
        "event_type": "Block Party",
        "event_agency": "Street Activity Permit Office",
        "event_location": "SAINT MARKS AVENUE between BROOKLYN AVENUE and KINGSTON AVENUE",
        "event_borough": "Brooklyn",
        "start_date": "2022-06-04T10:00:00.000",
        "end_date": "2022-06-04T17:00:00.000",
        "start_formatted": "June 04, 2022 10:00 AM",
        "end_formatted": "June 04, 2022 05:00 PM",
        "street_closure_type": "Full Street Closure",
        "community_board": "8,",
        "police_precinct": "77,"
      }
    },
    {
      "type": "Feature",
      "geometry": {
        "type": "Point",
        "coordinates": [
          -73.982254,
          40.668071
        ]
      },
      "properties": {
        "event_id": "632992",
        "event_name": "PS 39 Spring Carnival  8th Street Block Party",
        "event_type": "Block Party",
        "event_agency": "Street Activity Permit Office",
        "event_location": "8 STREET between 6 AVENUE and 7 AVENUE",
        "event_borough": "Brooklyn",
        "start_date": "2022-06-04T10:00:00.000",
        "end_date": "2022-06-04T18:00:00.000",
        "start_formatted": "June 04, 2022 10:00 AM",
        "end_formatted": "June 04, 2022 06:00 PM",
        "street_closure_type": "Full Street Closure",
        "community_board": "6,",
        "police_precinct": "78,"
      }
    },
    {
      "type": "Feature",
      "geometry": {
        "type": "Point",
        "coordinates": [
          -73.991737,
          40.6933265
        ]
      },
      "properties": {
        "event_id": "621914",
        "event_name": "Alumni Reunion Weekend 2022",
        "event_type": "Block Party",
        "event_agency": "Street Activity Permit Office",
        "event_location": "REMSEN STREET between CLINTON STREET and COURT STREET",
        "event_borough": "Brooklyn",
        "start_date": "2022-06-03T16:00:00.000",
        "end_date": "2022-06-03T20:30:00.000",
        "start_formatted": "June 03, 2022 04:00 PM",
        "end_formatted": "June 03, 2022 08:30 PM",
        "street_closure_type": "Full Street Closure",
        "community_board": "2,",
        "police_precinct": "84,"
      }
    },
    {
      "type": "Feature",
      "geometry": {
        "type": "Point",
        "coordinates": [
          -73.95713599999999,
          40.7724945
        ]
      },
      "properties": {
        "event_id": "619913",
        "event_name": "Birch Wathen Lenox Spring Fair",
        "event_type": "Block Party",
        "event_agency": "Street Activity Permit Office",
        "event_location": "EAST   77 STREET between 2 AVENUE and 3 AVENUE",
        "event_borough": "Manhattan",
        "start_date": "2022-06-03T09:00:00.000",
        "end_date": "2022-06-03T15:00:00.000",
        "start_formatted": "June 03, 2022 09:00 AM",
        "end_formatted": "June 03, 2022 03:00 PM",
        "street_closure_type": "Full Street Closure",
        "community_board": "8,",
        "police_precinct": "19,"
      }
    },
    {
      "type": "Feature",
      "geometry": {
        "type": "Point",
        "coordinates": [
          -73.990771,
          40.687661500000004
        ]
      },
      "properties": {
        "event_id": "633198",
        "event_name": "Dean Street Block Party",
        "event_type": "Block Party",
        "event_agency": "Street Activity Permit Office",
        "event_location": "DEAN STREET between SMITH STREET and BOERUM PLACE",
        "event_borough": "Brooklyn",
        "start_date": "2022-06-02T18:00:00.000",
        "end_date": "2022-06-02T21:00:00.000",
        "start_formatted": "June 02, 2022 06:00 PM",
        "end_formatted": "June 02, 2022 09:00 PM",
        "street_closure_type": "Full Street Closure",
        "community_board": "2,",
        "police_precinct": "84,"
      }
    },
    {
      "type": "Feature",
      "geometry": {
        "type": "Point",
        "coordinates": [
          -73.932603,
          40.7014385
        ]
      },
      "properties": {
        "event_id": "634806",
        "event_name": "School Cultural Festival",
        "event_type": "Block Party",
        "event_agency": "Street Activity Permit Office",
        "event_location": "NOLL STREET between CENTRAL AVENUE and EVERGREEN AVENUE",
        "event_borough": "Brooklyn",
        "start_date": "2022-06-02T14:30:00.000",
        "end_date": "2022-06-02T17:30:00.000",
        "start_formatted": "June 02, 2022 02:30 PM",
        "end_formatted": "June 02, 2022 05:30 PM",
        "street_closure_type": "Full Street Closure",
        "community_board": "4,",
        "police_precinct": "83,"
      }
    },
    {
      "type": "Feature",
      "geometry": {
        "type": "Point",
        "coordinates": [
          -73.95522349999999,
          40.78433
        ]
      },
      "properties": {
        "event_id": "628020",
        "event_name": "Brick Church School End of Year Party",
        "event_type": "Block Party",
        "event_agency": "Street Activity Permit Office",
        "event_location": "EAST   92 STREET between PARK AVENUE and MADISON AVENUE",
        "event_borough": "Manhattan",
        "start_date": "2022-06-02T11:30:00.000",
        "end_date": "2022-06-02T17:00:00.000",
        "start_formatted": "June 02, 2022 11:30 AM",
        "end_formatted": "June 02, 2022 05:00 PM",
        "street_closure_type": "Full Street Closure",
        "community_board": "8,",
        "police_precinct": "19,"
      }
    },
    {
      "type": "Feature",
      "geometry": {
        "type": "Point",
        "coordinates": [
          -73.94182749999999,
          40.694720000000004
        ]
      },
      "properties": {
        "event_id": "624338",
        "event_name": "11th Annual Bedford-Stuyvesant Memorial Day Parade",
        "event_type": "Block Party",
        "event_agency": "Street Activity Permit Office",
        "event_location": "WILLOUGHBY AVENUE between THROOP AVENUE and MARCUS GARVEY BOULEVARD",
        "event_borough": "Brooklyn",
        "start_date": "2022-05-30T10:00:00.000",
        "end_date": "2022-05-30T17:00:00.000",
        "start_formatted": "May 30, 2022 10:00 AM",
        "end_formatted": "May 30, 2022 05:00 PM",
        "street_closure_type": "Full Street Closure",
        "community_board": "3,",
        "police_precinct": "79,"
      }
    },
    {
      "type": "Feature",
      "geometry": {
        "type": "Point",
        "coordinates": [
          -73.948262,
          40.7880915
        ]
      },
      "properties": {
        "event_id": "622880",
        "event_name": "100th Street Community Festival",
        "event_type": "Block Party",
        "event_agency": "Street Activity Permit Office",
        "event_location": "EAST  100 STREET between LEXINGTON AVENUE and THIRD AVENUE",
        "event_borough": "Manhattan",
        "start_date": "2022-05-28T12:00:00.000",
        "end_date": "2022-05-28T18:00:00.000",
        "start_formatted": "May 28, 2022 12:00 PM",
        "end_formatted": "May 28, 2022 06:00 PM",
        "street_closure_type": "Full Street Closure",
        "community_board": "11,",
        "police_precinct": "23,"
      }
    },
    {
      "type": "Feature",
      "geometry": {
        "type": "Point",
        "coordinates": [
          -73.8933665,
          40.820417
        ]
      },
      "properties": {
        "event_id": "629550",
        "event_name": "Fourth Anniversary Block Party Celebration",
        "event_type": "Block Party",
        "event_agency": "Street Activity Permit Office",
        "event_location": "SIMPSON STREET between EAST  163 STREET and FOX STREET",
        "event_borough": "Bronx",
        "start_date": "2022-05-28T12:00:00.000",
        "end_date": "2022-05-28T16:00:00.000",
        "start_formatted": "May 28, 2022 12:00 PM",
        "end_formatted": "May 28, 2022 04:00 PM",
        "street_closure_type": "Full Street Closure",
        "community_board": "2,",
        "police_precinct": "41,"
      }
    },
    {
      "type": "Feature",
      "geometry": {
        "type": "Point",
        "coordinates": [
          -73.955682,
          40.783703
        ]
      },
      "properties": {
        "event_id": "610654",
        "event_name": "The Dalton School Spring Fair 2022",
        "event_type": "Block Party",
        "event_agency": "Street Activity Permit Office",
        "event_location": "EAST   91 STREET between MADISON AVENUE and PARK AVENUE",
        "event_borough": "Manhattan",
        "start_date": "2022-05-27T11:30:00.000",
        "end_date": "2022-05-27T14:30:00.000",
        "start_formatted": "May 27, 2022 11:30 AM",
        "end_formatted": "May 27, 2022 02:30 PM",
        "street_closure_type": "Full Street Closure",
        "community_board": "8,",
        "police_precinct": "19,"
      }
    },
    {
      "type": "Feature",
      "geometry": {
        "type": "Point",
        "coordinates": [
          -73.93617850000001,
          40.6811305
        ]
      },
      "properties": {
        "event_id": "633843",
        "event_name": "Brooklyn Brownstone School Carnival",
        "event_type": "Block Party",
        "event_agency": "Street Activity Permit Office",
        "event_location": "DECATUR STREET between LEWIS AVENUE and MARCUS GARVEY AVENUE",
        "event_borough": "Brooklyn",
        "start_date": "2022-05-27T09:00:00.000",
        "end_date": "2022-05-27T14:00:00.000",
        "start_formatted": "May 27, 2022 09:00 AM",
        "end_formatted": "May 27, 2022 02:00 PM",
        "street_closure_type": "Full Street Closure",
        "community_board": "3,",
        "police_precinct": "81,"
      }
    },
    {
      "type": "Feature",
      "geometry": {
        "type": "Point",
        "coordinates": [
          -73.94863649999999,
          40.642095
        ]
      },
      "properties": {
        "event_id": "623965",
        "event_name": "Annual Haitian Flag Day",
        "event_type": "Block Party",
        "event_agency": "Street Activity Permit Office",
        "event_location": "NOSTRAND AVENUE between AVENUE D and CLARENDON ROAD",
        "event_borough": "Brooklyn",
        "start_date": "2022-05-22T10:00:00.000",
        "end_date": "2022-05-22T19:00:00.000",
        "start_formatted": "May 22, 2022 10:00 AM",
        "end_formatted": "May 22, 2022 07:00 PM",
        "street_closure_type": "Full Street Closure",
        "community_board": "17,",
        "police_precinct": "67,"
      }
    },
    {
      "type": "Feature",
      "geometry": {
        "type": "Point",
        "coordinates": [
          -73.979242,
          40.774254
        ]
      },
      "properties": {
        "event_id": "625417",
        "event_name": "Block Party  for Local Families",
        "event_type": "Block Party",
        "event_agency": "Street Activity Permit Office",
        "event_location": "WEST   68 STREET between COLUMBUS AVENUE and CENTRAL PARK WEST",
        "event_borough": "Manhattan",
        "start_date": "2022-05-22T09:00:00.000",
        "end_date": "2022-05-22T12:00:00.000",
        "start_formatted": "May 22, 2022 09:00 AM",
        "end_formatted": "May 22, 2022 12:00 PM",
        "street_closure_type": "Full Street Closure",
        "community_board": "7,",
        "police_precinct": "20,"
      }
    },
    {
      "type": "Feature",
      "geometry": {
        "type": "Point",
        "coordinates": [
          -73.96457050000001,
          40.6794825
        ]
      },
      "properties": {
        "event_id": "629621",
        "event_name": "Community Neighborhood Day",
        "event_type": "Block Party",
        "event_agency": "Street Activity Permit Office",
        "event_location": "DEAN STREET between UNDERHILL AVENUE and WASHINGTON AVENUE",
        "event_borough": "Brooklyn",
        "start_date": "2022-05-21T16:00:00.000",
        "end_date": "2022-05-21T20:00:00.000",
        "start_formatted": "May 21, 2022 04:00 PM",
        "end_formatted": "May 21, 2022 08:00 PM",
        "street_closure_type": "Full Street Closure",
        "community_board": "8,",
        "police_precinct": "77,"
      }
    },
    {
      "type": "Feature",
      "geometry": {
        "type": "Point",
        "coordinates": [
          -73.98142200000001,
          40.724783
        ]
      },
      "properties": {
        "event_id": "632595",
        "event_name": "Street Naming Celebration",
        "event_type": "Block Party",
        "event_agency": "Street Activity Permit Office",
        "event_location": "AVENUE B between EAST    6 STREET and EAST    7 STREET",
        "event_borough": "Manhattan",
        "start_date": "2022-05-21T12:00:00.000",
        "end_date": "2022-05-21T17:00:00.000",
        "start_formatted": "May 21, 2022 12:00 PM",
        "end_formatted": "May 21, 2022 05:00 PM",
        "street_closure_type": "Full Street Closure",
        "community_board": "3,",
        "police_precinct": "9,"
      }
    },
    {
      "type": "Feature",
      "geometry": {
        "type": "Point",
        "coordinates": [
          -74.08718250000001,
          40.5950115
        ]
      },
      "properties": {
        "event_id": "632786",
        "event_name": "Dumont Ave Block Party",
        "event_type": "Block Party",
        "event_agency": "Street Activity Permit Office",
        "event_location": "DUMONT AVENUE between HYLAN BOULEVARD and DEAD END",
        "event_borough": "Staten Island",
        "start_date": "2022-05-21T12:00:00.000",
        "end_date": "2022-05-21T17:00:00.000",
        "start_formatted": "May 21, 2022 12:00 PM",
        "end_formatted": "May 21, 2022 05:00 PM",
        "street_closure_type": "Sidewalk and Street Closure",
        "community_board": "2,",
        "police_precinct": "122,"
      }
    },
    {
      "type": "Feature",
      "geometry": {
        "type": "Point",
        "coordinates": [
          -73.977022,
          40.66639
        ]
      },
      "properties": {
        "event_id": "626510",
        "event_name": "Spring Festival",
        "event_type": "Block Party",
        "event_agency": "Street Activity Permit Office",
        "event_location": "7 STREET between EIGHTH AVENUE and PROSPECT PARK WEST",
        "event_borough": "Brooklyn",
        "start_date": "2022-05-21T12:00:00.000",
        "end_date": "2022-05-21T16:00:00.000",
        "start_formatted": "May 21, 2022 12:00 PM",
        "end_formatted": "May 21, 2022 04:00 PM",
        "street_closure_type": "Full Street Closure",
        "community_board": "6,",
        "police_precinct": "78,"
      }
    },
    {
      "type": "Feature",
      "geometry": {
        "type": "Point",
        "coordinates": [
          -73.9979735,
          40.6928435
        ]
      },
      "properties": {
        "event_id": "622173",
        "event_name": "Willowtown Annual Spring Fair",
        "event_type": "Block Party",
        "event_agency": "Street Activity Permit Office",
        "event_location": "WILLOW PLACE between JORALEMON STREET and STATE STREET",
        "event_borough": "Brooklyn",
        "start_date": "2022-05-21T12:00:00.000",
        "end_date": "2022-05-21T17:00:00.000",
        "start_formatted": "May 21, 2022 12:00 PM",
        "end_formatted": "May 21, 2022 05:00 PM",
        "street_closure_type": "Full Street Closure",
        "community_board": "2,",
        "police_precinct": "84,"
      }
    },
    {
      "type": "Feature",
      "geometry": {
        "type": "Point",
        "coordinates": [
          -73.943243,
          40.673044
        ]
      },
      "properties": {
        "event_id": "627073",
        "event_name": "Explore Schools Family Day",
        "event_type": "Block Party",
        "event_agency": "Street Activity Permit Office",
        "event_location": "PARK PLACE between BROOKLYN AVENUE and KINGSTON AVENUE",
        "event_borough": "Brooklyn",
        "start_date": "2022-05-21T11:30:00.000",
        "end_date": "2022-05-21T15:00:00.000",
        "start_formatted": "May 21, 2022 11:30 AM",
        "end_formatted": "May 21, 2022 03:00 PM",
        "street_closure_type": "Sidewalk and Street Closure",
        "community_board": "8,",
        "police_precinct": "77,"
      }
    },
    {
      "type": "Feature",
      "geometry": {
        "type": "Point",
        "coordinates": [
          -74.007282,
          40.738756499999994
        ]
      },
      "properties": {
        "event_id": "630086",
        "event_name": "WVNS 60th Anniversary",
        "event_type": "Block Party",
        "event_agency": "Street Activity Permit Office",
        "event_location": "HORATIO STREET between GREENWICH STREET and WASHINGTON STREET",
        "event_borough": "Manhattan",
        "start_date": "2022-05-21T11:30:00.000",
        "end_date": "2022-05-21T13:00:00.000",
        "start_formatted": "May 21, 2022 11:30 AM",
        "end_formatted": "May 21, 2022 01:00 PM",
        "street_closure_type": "Sidewalk and Street Closure",
        "community_board": "2,",
        "police_precinct": "6,"
      }
    },
    {
      "type": "Feature",
      "geometry": {
        "type": "Point",
        "coordinates": [
          -73.779774,
          40.74744200000001
        ]
      },
      "properties": {
        "event_id": "630581",
        "event_name": "Neighborhood Watch Fun Day",
        "event_type": "Block Party",
        "event_agency": "Street Activity Permit Office",
        "event_location": "198 STREET between 53 AVENUE and 56 AVENUE",
        "event_borough": "Queens",
        "start_date": "2022-05-21T11:00:00.000",
        "end_date": "2022-05-21T20:00:00.000",
        "start_formatted": "May 21, 2022 11:00 AM",
        "end_formatted": "May 21, 2022 08:00 PM",
        "street_closure_type": "Full Street Closure",
        "community_board": "11,",
        "police_precinct": "111,"
      }
    },
    {
      "type": "Feature",
      "geometry": {
        "type": "Point",
        "coordinates": [
          -73.97548499999999,
          40.7794025
        ]
      },
      "properties": {
        "event_id": "625881",
        "event_name": "Park Childrens Spring Carnival",
        "event_type": "Block Party",
        "event_agency": "Street Activity Permit Office",
        "event_location": "WEST   76 STREET between COLUMBUS AVENUE and CENTRAL PARK WEST",
        "event_borough": "Manhattan",
        "start_date": "2022-05-21T10:30:00.000",
        "end_date": "2022-05-21T13:00:00.000",
        "start_formatted": "May 21, 2022 10:30 AM",
        "end_formatted": "May 21, 2022 01:00 PM",
        "street_closure_type": "Full Street Closure",
        "community_board": "7,",
        "police_precinct": "20,"
      }
    },
    {
      "type": "Feature",
      "geometry": {
        "type": "Point",
        "coordinates": [
          -73.9922185,
          40.6882395
        ]
      },
      "properties": {
        "event_id": "611337",
        "event_name": "Parents Association Block Party",
        "event_type": "Block Party",
        "event_agency": "Street Activity Permit Office",
        "event_location": "DEAN STREET between COURT STREET and BOERUM PLACE",
        "event_borough": "Brooklyn",
        "start_date": "2022-05-21T10:00:00.000",
        "end_date": "2022-05-21T13:00:00.000",
        "start_formatted": "May 21, 2022 10:00 AM",
        "end_formatted": "May 21, 2022 01:00 PM",
        "street_closure_type": "Full Street Closure",
        "community_board": "2,",
        "police_precinct": "84,"
      }
    },
    {
      "type": "Feature",
      "geometry": {
        "type": "Point",
        "coordinates": [
          -73.99506550000001,
          40.686433
        ]
      },
      "properties": {
        "event_id": "625558",
        "event_name": "Families First Spring Carnival",
        "event_type": "Block Party",
        "event_agency": "Street Activity Permit Office",
        "event_location": "BALTIC STREET between CLINTON STREET and COURT STREET",
        "event_borough": "Brooklyn",
        "start_date": "2022-05-21T10:00:00.000",
        "end_date": "2022-05-21T14:00:00.000",
        "start_formatted": "May 21, 2022 10:00 AM",
        "end_formatted": "May 21, 2022 02:00 PM",
        "street_closure_type": "Full Street Closure",
        "community_board": "6,",
        "police_precinct": "76,"
      }
    },
    {
      "type": "Feature",
      "geometry": {
        "type": "Point",
        "coordinates": [
          -73.997553,
          40.69426
        ]
      },
      "properties": {
        "event_id": "644809",
        "event_name": "Grace Church Preschool Carnival",
        "event_type": "Block Party",
        "event_agency": "Street Activity Permit Office",
        "event_location": "GRACE COURT between HICKS STREET and DEAD END",
        "event_borough": "Brooklyn",
        "start_date": "2022-05-20T16:00:00.000",
        "end_date": "2022-05-20T18:00:00.000",
        "start_formatted": "May 20, 2022 04:00 PM",
        "end_formatted": "May 20, 2022 06:00 PM",
        "street_closure_type": "Full Street Closure",
        "community_board": "2,",
        "police_precinct": "84,"
      }
    },
    {
      "type": "Feature",
      "geometry": {
        "type": "Point",
        "coordinates": [
          -73.8956835,
          40.6732235
        ]
      },
      "properties": {
        "event_id": "628747",
        "event_name": "Maxwell High School Multicultural Festival",
        "event_type": "Block Party",
        "event_agency": "Street Activity Permit Office",
        "event_location": "GLENMORE AVENUE between PENNSYLVANIA AVENUE and NEW JERSEY AVENUE",
        "event_borough": "Brooklyn",
        "start_date": "2022-05-20T14:00:00.000",
        "end_date": "2022-05-20T20:00:00.000",
        "start_formatted": "May 20, 2022 02:00 PM",
        "end_formatted": "May 20, 2022 08:00 PM",
        "street_closure_type": "Full Street Closure",
        "community_board": "5,",
        "police_precinct": "75,"
      }
    },
    {
      "type": "Feature",
      "geometry": {
        "type": "Point",
        "coordinates": [
          -73.966042,
          40.769506500000006
        ]
      },
      "properties": {
        "event_id": "621719",
        "event_name": "Family Day",
        "event_type": "Block Party",
        "event_agency": "Street Activity Permit Office",
        "event_location": "EAST   69 STREET between MADISON AVENUE and PARK AVENUE",
        "event_borough": "Manhattan",
        "start_date": "2022-05-19T15:30:00.000",
        "end_date": "2022-05-19T17:30:00.000",
        "start_formatted": "May 19, 2022 03:30 PM",
        "end_formatted": "May 19, 2022 05:30 PM",
        "street_closure_type": "Full Street Closure",
        "community_board": "8,",
        "police_precinct": "19,"
      }
    },
    {
      "type": "Feature",
      "geometry": {
        "type": "Point",
        "coordinates": [
          -73.9153325,
          40.886639
        ]
      },
      "properties": {
        "event_id": "627249",
        "event_name": "Lag Baomer",
        "event_type": "Block Party",
        "event_agency": "Street Activity Permit Office",
        "event_location": "WEST 235 STREET between INDEPENDENCE AVENUE and DOUGLAS AVENUE",
        "event_borough": "Bronx",
        "start_date": "2022-05-19T14:30:00.000",
        "end_date": "2022-05-19T20:00:00.000",
        "start_formatted": "May 19, 2022 02:30 PM",
        "end_formatted": "May 19, 2022 08:00 PM",
        "street_closure_type": "Full Street Closure",
        "community_board": "8,",
        "police_precinct": "50,"
      }
    },
    {
      "type": "Feature",
      "geometry": {
        "type": "Point",
        "coordinates": [
          -73.912637,
          40.624711
        ]
      },
      "properties": {
        "event_id": "624674",
        "event_name": "Annual Chabad of Georgetown Lag Baomer Party",
        "event_type": "Block Party",
        "event_agency": "Street Activity Permit Office",
        "event_location": "AVENUE M between EAST   70 STREET and EAST   72 STREET",
        "event_borough": "Brooklyn",
        "start_date": "2022-05-19T10:00:00.000",
        "end_date": "2022-05-19T19:00:00.000",
        "start_formatted": "May 19, 2022 10:00 AM",
        "end_formatted": "May 19, 2022 07:00 PM",
        "street_closure_type": "Full Street Closure",
        "community_board": "18,",
        "police_precinct": "63,"
      }
    },
    {
      "type": "Feature",
      "geometry": {
        "type": "Point",
        "coordinates": [
          -73.977194,
          40.686049499999996
        ]
      },
      "properties": {
        "event_id": "625780",
        "event_name": "BKI Spring Festival  Auction",
        "event_type": "Block Party",
        "event_agency": "Street Activity Permit Office",
        "event_location": "ST FELIX STREET between LAFAYETTE AVENUE and HANSON PLACE",
        "event_borough": "Brooklyn",
        "start_date": "2022-05-15T13:00:00.000",
        "end_date": "2022-05-15T15:30:00.000",
        "start_formatted": "May 15, 2022 01:00 PM",
        "end_formatted": "May 15, 2022 03:30 PM",
        "street_closure_type": "Full Street Closure",
        "community_board": "2,",
        "police_precinct": "88,"
      }
    },
    {
      "type": "Feature",
      "geometry": {
        "type": "Point",
        "coordinates": [
          -73.95522349999999,
          40.78433
        ]
      },
      "properties": {
        "event_id": "626988",
        "event_name": "Brick Church Strawberry Festival",
        "event_type": "Block Party",
        "event_agency": "Street Activity Permit Office",
        "event_location": "EAST   92 STREET between PARK AVENUE and MADISON AVENUE",
        "event_borough": "Manhattan",
        "start_date": "2022-05-15T12:00:00.000",
        "end_date": "2022-05-15T16:00:00.000",
        "start_formatted": "May 15, 2022 12:00 PM",
        "end_formatted": "May 15, 2022 04:00 PM",
        "street_closure_type": "Full Street Closure",
        "community_board": "8,",
        "police_precinct": "19,"
      }
    },
    {
      "type": "Feature",
      "geometry": {
        "type": "Point",
        "coordinates": [
          -73.9845675,
          40.7343075
        ]
      },
      "properties": {
        "event_id": "626614",
        "event_name": "St Georges community",
        "event_type": "Block Party",
        "event_agency": "Street Activity Permit Office",
        "event_location": "RUTHERFORD PLACE between EAST   16 STREET and EAST   17 STREET",
        "event_borough": "Manhattan",
        "start_date": "2022-05-15T11:00:00.000",
        "end_date": "2022-05-15T14:00:00.000",
        "start_formatted": "May 15, 2022 11:00 AM",
        "end_formatted": "May 15, 2022 02:00 PM",
        "street_closure_type": "Curb Lane Only",
        "community_board": "6,",
        "police_precinct": "13,"
      }
    }
  ],
  "metadata": {
    "generated": "2026-01-16T17:44:42.253104",
    "year": 2022,
    "total_events": 1241,
    "geocoded_successfully": 1178,
    "failed": 63,
    "source": "NYC Open Data - Permitted Event Information"
  }
}