{
  "type": "FeatureCollection",
  "features": [
    {
      "type": "Feature",
      "geometry": {
        "type": "Point",
        "coordinates": [
          -73.78178650000001,
          40.6948535
        ]
      },
      "properties": {
        "event_id": "426250",
        "event_name": "Christmas on Merrick",
        "event_type": "Block Party",
        "event_agency": "Street Activity Permit Office",
        "event_location": " MERRICK BOULEVARD between 111 AVENUE and 110 ROAD",
        "event_borough": "Queens",
        "start_date": "2018-12-18T10:00:00.000",
        "end_date": "2018-12-18T15:00:00.000",
        "start_formatted": "December 18, 2018 10:00 AM",
        "end_formatted": "December 18, 2018 03:00 PM",
        "street_closure_type": "Full Street Closure ",
        "community_board": "12, ",
        "police_precinct": "113, "
      }
    },
    {
      "type": "Feature",
      "geometry": {
        "type": "Point",
        "coordinates": [
          -73.8610165,
          40.571874
        ]
      },
      "properties": {
        "event_id": "442771",
        "event_name": "Little North Pole",
        "event_type": "Block Party",
        "event_agency": "Street Activity Permit Office",
        "event_location": " NEPONSIT AVENUE between BEACH  144 STREET and BEACH  145 STREET",
        "event_borough": "Queens",
        "start_date": "2018-12-08T14:00:00.000",
        "end_date": "2018-12-08T20:00:00.000",
        "start_formatted": "December 08, 2018 02:00 PM",
        "end_formatted": "December 08, 2018 08:00 PM",
        "street_closure_type": "Full Street Closure ",
        "community_board": "14, ",
        "police_precinct": "100, "
      }
    },
    {
      "type": "Feature",
      "geometry": {
        "type": "Point",
        "coordinates": [
          -73.843286,
          40.7203645
        ]
      },
      "properties": {
        "event_id": "387214",
        "event_name": "Celebrate Winter",
        "event_type": "Block Party",
        "event_agency": "Street Activity Permit Office",
        "event_location": " 71 ROAD between QUEENS BOULEVARD and AUSTIN STREET",
        "event_borough": "Queens",
        "start_date": "2018-11-26T17:00:00.000",
        "end_date": "2018-11-26T20:00:00.000",
        "start_formatted": "November 26, 2018 05:00 PM",
        "end_formatted": "November 26, 2018 08:00 PM",
        "street_closure_type": "Full Street Closure ",
        "community_board": "6, ",
        "police_precinct": "112, "
      }
    },
    {
      "type": "Feature",
      "geometry": {
        "type": "Point",
        "coordinates": [
          -73.8892975,
          40.832914
        ]
      },
      "properties": {
        "event_id": "442814",
        "event_name": "Feed the Community",
        "event_type": "Block Party",
        "event_agency": "Street Activity Permit Office",
        "event_location": " HOE AVENUE between EAST  172 STREET and JENNINGS STREET",
        "event_borough": "Bronx",
        "start_date": "2018-11-19T10:00:00.000",
        "end_date": "2018-11-19T16:00:00.000",
        "start_formatted": "November 19, 2018 10:00 AM",
        "end_formatted": "November 19, 2018 04:00 PM",
        "street_closure_type": "Full Street Closure ",
        "community_board": "3, ",
        "police_precinct": "42, "
      }
    },
    {
      "type": "Feature",
      "geometry": {
        "type": "Point",
        "coordinates": [
          -74.012122,
          40.6734195
        ]
      },
      "properties": {
        "event_id": "442351",
        "event_name": "The Sullivan Cup @ The George K Memorial Hockey Tournament",
        "event_type": "Block Party",
        "event_agency": "Street Activity Permit Office",
        "event_location": " DWIGHT STREET between BEARD STREET and VAN DYKE STREET",
        "event_borough": "Brooklyn",
        "start_date": "2018-11-17T10:00:00.000",
        "end_date": "2018-11-17T17:00:00.000",
        "start_formatted": "November 17, 2018 10:00 AM",
        "end_formatted": "November 17, 2018 05:00 PM",
        "street_closure_type": "Full Street Closure ",
        "community_board": "6, ",
        "police_precinct": "76, "
      }
    },
    {
      "type": "Feature",
      "geometry": {
        "type": "Point",
        "coordinates": [
          -73.95422400000001,
          40.807288
        ]
      },
      "properties": {
        "event_id": "440294",
        "event_name": "Fall FESTIVAL",
        "event_type": "Block Party",
        "event_agency": "Street Activity Permit Office",
        "event_location": " WEST  120 STREET between MANHATTAN AVENUE and FREDERICK DOUGLASS BOULEVARD",
        "event_borough": "Manhattan",
        "start_date": "2018-11-10T12:00:00.000",
        "end_date": "2018-11-10T16:00:00.000",
        "start_formatted": "November 10, 2018 12:00 PM",
        "end_formatted": "November 10, 2018 04:00 PM",
        "street_closure_type": "Full Street Closure ",
        "community_board": "10, ",
        "police_precinct": "28, "
      }
    },
    {
      "type": "Feature",
      "geometry": {
        "type": "Point",
        "coordinates": [
          -73.967323,
          40.6906035
        ]
      },
      "properties": {
        "event_id": "408380",
        "event_name": "ANNUAL CLINTON HILL HALLOWEEN SAFETY WALK WITH STREET ACTIVITIES",
        "event_type": "Block Party",
        "event_agency": "Street Activity Permit Office",
        "event_location": " WAVERLY AVENUE between WILLOUGHBY AVENUE and DEKALB AVENUE",
        "event_borough": "Brooklyn",
        "start_date": "2018-10-31T18:00:00.000",
        "end_date": "2018-10-31T21:00:00.000",
        "start_formatted": "October 31, 2018 06:00 PM",
        "end_formatted": "October 31, 2018 09:00 PM",
        "street_closure_type": "Full Street Closure ",
        "community_board": "2, ",
        "police_precinct": "88, "
      }
    },
    {
      "type": "Feature",
      "geometry": {
        "type": "Point",
        "coordinates": [
          -73.96659600000001,
          40.7915885
        ]
      },
      "properties": {
        "event_id": "428623",
        "event_name": "West 95th Street 2018 Halloween Party",
        "event_type": "Block Party",
        "event_agency": "Street Activity Permit Office",
        "event_location": " WEST   95 STREET between CENTRAL PARK WEST and COLUMBUS AVENUE",
        "event_borough": "Manhattan",
        "start_date": "2018-10-31T17:30:00.000",
        "end_date": "2018-10-31T20:00:00.000",
        "start_formatted": "October 31, 2018 05:30 PM",
        "end_formatted": "October 31, 2018 08:00 PM",
        "street_closure_type": "Full Street Closure ",
        "community_board": "7, ",
        "police_precinct": "24, "
      }
    },
    {
      "type": "Feature",
      "geometry": {
        "type": "Point",
        "coordinates": [
          -73.968875,
          40.788456
        ]
      },
      "properties": {
        "event_id": "431013",
        "event_name": "Halloween Trick or Treating",
        "event_type": "Block Party",
        "event_agency": "Street Activity Permit Office",
        "event_location": " WEST   90 STREET between COLUMBUS AVENUE and CENTRAL PARK WEST",
        "event_borough": "Manhattan",
        "start_date": "2018-10-31T17:30:00.000",
        "end_date": "2018-10-31T20:30:00.000",
        "start_formatted": "October 31, 2018 05:30 PM",
        "end_formatted": "October 31, 2018 08:30 PM",
        "street_closure_type": "Full Street Closure ",
        "community_board": "7, ",
        "police_precinct": "24, "
      }
    },
    {
      "type": "Feature",
      "geometry": {
        "type": "Point",
        "coordinates": [
          -73.9774085,
          40.78187
        ]
      },
      "properties": {
        "event_id": "435880",
        "event_name": "Halloween 2018",
        "event_type": "Block Party",
        "event_agency": "Street Activity Permit Office",
        "event_location": " WEST   78 STREET between AMSTERDAM AVENUE and COLUMBUS AVENUE",
        "event_borough": "Manhattan",
        "start_date": "2018-10-31T17:00:00.000",
        "end_date": "2018-10-31T20:00:00.000",
        "start_formatted": "October 31, 2018 05:00 PM",
        "end_formatted": "October 31, 2018 08:00 PM",
        "street_closure_type": "Full Street Closure ",
        "community_board": "7, ",
        "police_precinct": "20, "
      }
    },
    {
      "type": "Feature",
      "geometry": {
        "type": "Point",
        "coordinates": [
          -73.95522349999999,
          40.78433
        ]
      },
      "properties": {
        "event_id": "428994",
        "event_name": "CHN Spooktacular",
        "event_type": "Block Party",
        "event_agency": "Street Activity Permit Office",
        "event_location": " EAST   92 STREET between MADISON AVENUE and PARK AVENUE",
        "event_borough": "Manhattan",
        "start_date": "2018-10-31T17:00:00.000",
        "end_date": "2018-10-31T19:00:00.000",
        "start_formatted": "October 31, 2018 05:00 PM",
        "end_formatted": "October 31, 2018 07:00 PM",
        "street_closure_type": "Full Street Closure ",
        "community_board": "8, ",
        "police_precinct": "19, "
      }
    },
    {
      "type": "Feature",
      "geometry": {
        "type": "Point",
        "coordinates": [
          -73.96686199999999,
          40.646546
        ]
      },
      "properties": {
        "event_id": "437716",
        "event_name": "Prospect Park South Annual Halloween Celebration ",
        "event_type": "Block Party",
        "event_agency": "Street Activity Permit Office",
        "event_location": " ALBEMARLE ROAD between ARGYLE ROAD and RUGBY ROAD",
        "event_borough": "Brooklyn",
        "start_date": "2018-10-31T17:00:00.000",
        "end_date": "2018-10-31T19:00:00.000",
        "start_formatted": "October 31, 2018 05:00 PM",
        "end_formatted": "October 31, 2018 07:00 PM",
        "street_closure_type": "Full Street Closure ",
        "community_board": "14, ",
        "police_precinct": "70, "
      }
    },
    {
      "type": "Feature",
      "geometry": {
        "type": "Point",
        "coordinates": [
          -73.94372100000001,
          40.817826
        ]
      },
      "properties": {
        "event_id": "436351",
        "event_name": "Halloween",
        "event_type": "Block Party",
        "event_agency": "Street Activity Permit Office",
        "event_location": " WEST  138 STREET between 7 AVENUE and 8 AVENUE",
        "event_borough": "Manhattan",
        "start_date": "2018-10-31T16:00:00.000",
        "end_date": "2018-10-31T19:00:00.000",
        "start_formatted": "October 31, 2018 04:00 PM",
        "end_formatted": "October 31, 2018 07:00 PM",
        "street_closure_type": "Full Street Closure ",
        "community_board": "10, ",
        "police_precinct": "32, "
      }
    },
    {
      "type": "Feature",
      "geometry": {
        "type": "Point",
        "coordinates": [
          -73.98562,
          40.729273
        ]
      },
      "properties": {
        "event_id": "438935",
        "event_name": "Halloween Village Costume Ball",
        "event_type": "Block Party",
        "event_agency": "Street Activity Permit Office",
        "event_location": " EAST   10 STREET between 2 AVENUE and 1 AVENUE",
        "event_borough": "Manhattan",
        "start_date": "2018-10-31T16:00:00.000",
        "end_date": "2018-10-31T19:30:00.000",
        "start_formatted": "October 31, 2018 04:00 PM",
        "end_formatted": "October 31, 2018 07:30 PM",
        "street_closure_type": "Full Street Closure ",
        "community_board": "3, ",
        "police_precinct": "9, "
      }
    },
    {
      "type": "Feature",
      "geometry": {
        "type": "Point",
        "coordinates": [
          -73.98460549999999,
          40.6852385
        ]
      },
      "properties": {
        "event_id": "400691",
        "event_name": "Dean Street Halloween Street Closure",
        "event_type": "Block Party",
        "event_agency": "Street Activity Permit Office",
        "event_location": " DEAN STREET between BOND STREET and NEVINS STREET",
        "event_borough": "Brooklyn",
        "start_date": "2018-10-31T15:30:00.000",
        "end_date": "2018-10-31T21:00:00.000",
        "start_formatted": "October 31, 2018 03:30 PM",
        "end_formatted": "October 31, 2018 09:00 PM",
        "street_closure_type": "Full Street Closure ",
        "community_board": "2, ",
        "police_precinct": "84, "
      }
    },
    {
      "type": "Feature",
      "geometry": {
        "type": "Point",
        "coordinates": [
          -73.978916,
          40.651335
        ]
      },
      "properties": {
        "event_id": "397598",
        "event_name": "East 3rd st Halloween block party",
        "event_type": "Block Party",
        "event_agency": "Street Activity Permit Office",
        "event_location": " EAST    3 STREET between GREENWOOD AVENUE and VANDERBILT STREET",
        "event_borough": "Brooklyn",
        "start_date": "2018-10-31T15:00:00.000",
        "end_date": "2018-10-31T20:00:00.000",
        "start_formatted": "October 31, 2018 03:00 PM",
        "end_formatted": "October 31, 2018 08:00 PM",
        "street_closure_type": "Full Street Closure ",
        "community_board": "7, ",
        "police_precinct": "72, "
      }
    },
    {
      "type": "Feature",
      "geometry": {
        "type": "Point",
        "coordinates": [
          -73.99673849999999,
          40.7287525
        ]
      },
      "properties": {
        "event_id": "424616",
        "event_name": "NYU and CB2 Children's Halloween Parade",
        "event_type": "Block Party",
        "event_agency": "Street Activity Permit Office",
        "event_location": " WEST 3 STREET between LAGUARDIA PLACE and MERCER STREET",
        "event_borough": "Manhattan",
        "start_date": "2018-10-31T15:00:00.000",
        "end_date": "2018-10-31T18:00:00.000",
        "start_formatted": "October 31, 2018 03:00 PM",
        "end_formatted": "October 31, 2018 06:00 PM",
        "street_closure_type": "Full Street Closure ",
        "community_board": "2, ",
        "police_precinct": "6, "
      }
    },
    {
      "type": "Feature",
      "geometry": {
        "type": "Point",
        "coordinates": [
          -73.9464625,
          40.7471375
        ]
      },
      "properties": {
        "event_id": "441299",
        "event_name": "Halloween Trick or Treating",
        "event_type": "Block Party",
        "event_agency": "Street Activity Permit Office",
        "event_location": " 45 AVENUE between 21 STREET and 23 STREET",
        "event_borough": "Queens",
        "start_date": "2018-10-31T14:00:00.000",
        "end_date": "2018-10-31T20:00:00.000",
        "start_formatted": "October 31, 2018 02:00 PM",
        "end_formatted": "October 31, 2018 08:00 PM",
        "street_closure_type": "Full Street Closure ",
        "community_board": "2, ",
        "police_precinct": "108, "
      }
    },
    {
      "type": "Feature",
      "geometry": {
        "type": "Point",
        "coordinates": [
          -73.91457650000001,
          40.84297
        ]
      },
      "properties": {
        "event_id": "405416",
        "event_name": "New Settlement Apartments Halloween Party",
        "event_type": "Block Party",
        "event_agency": "Street Activity Permit Office",
        "event_location": " TOWNSEND AVENUE between EAST  172 STREET and EAST MOUNT EDEN AVENUE",
        "event_borough": "Bronx",
        "start_date": "2018-10-31T14:00:00.000",
        "end_date": "2018-10-31T18:00:00.000",
        "start_formatted": "October 31, 2018 02:00 PM",
        "end_formatted": "October 31, 2018 06:00 PM",
        "street_closure_type": "Full Street Closure ",
        "community_board": "4, ",
        "police_precinct": "44, "
      }
    },
    {
      "type": "Feature",
      "geometry": {
        "type": "Point",
        "coordinates": [
          -73.977056,
          40.6465345
        ]
      },
      "properties": {
        "event_id": "439230",
        "event_name": "Halloween Block Party",
        "event_type": "Block Party",
        "event_agency": "Street Activity Permit Office",
        "event_location": " EAST    4 STREET between CATON AVENUE and ALBEMARLE ROAD",
        "event_borough": "Brooklyn",
        "start_date": "2018-10-31T14:00:00.000",
        "end_date": "2018-10-31T20:00:00.000",
        "start_formatted": "October 31, 2018 02:00 PM",
        "end_formatted": "October 31, 2018 08:00 PM",
        "street_closure_type": "Full Street Closure ",
        "community_board": "12, ",
        "police_precinct": "66, "
      }
    },
    {
      "type": "Feature",
      "geometry": {
        "type": "Point",
        "coordinates": [
          -73.8912135,
          40.862413000000004
        ]
      },
      "properties": {
        "event_id": "438548",
        "event_name": "6th Annual Ms. Abbies Childrens Hollaween Extravaganza",
        "event_type": "Block Party",
        "event_agency": "Street Activity Permit Office",
        "event_location": " DECATUR AVENUE between EAST FORDHAM ROAD and EAST  193 STREET",
        "event_borough": "Bronx",
        "start_date": "2018-10-31T11:00:00.000",
        "end_date": "2018-10-31T17:30:00.000",
        "start_formatted": "October 31, 2018 11:00 AM",
        "end_formatted": "October 31, 2018 05:30 PM",
        "street_closure_type": "Full Street Closure ",
        "community_board": "7, ",
        "police_precinct": "52, "
      }
    },
    {
      "type": "Feature",
      "geometry": {
        "type": "Point",
        "coordinates": [
          -73.94945200000001,
          40.666214
        ]
      },
      "properties": {
        "event_id": "439166",
        "event_name": "Fall Festival",
        "event_type": "Block Party",
        "event_agency": "Street Activity Permit Office",
        "event_location": " CROWN STREET between NOSTRAND AVENUE and NEW YORK AVENUE",
        "event_borough": "Brooklyn",
        "start_date": "2018-10-31T09:00:00.000",
        "end_date": "2018-10-31T13:00:00.000",
        "start_formatted": "October 31, 2018 09:00 AM",
        "end_formatted": "October 31, 2018 01:00 PM",
        "street_closure_type": "Full Street Closure ",
        "community_board": "9, ",
        "police_precinct": "71, "
      }
    },
    {
      "type": "Feature",
      "geometry": {
        "type": "Point",
        "coordinates": [
          -74.00455550000001,
          40.62479
        ]
      },
      "properties": {
        "event_id": "431635",
        "event_name": "PS 176 The Ovington School Pumpkin Patch",
        "event_type": "Block Party",
        "event_agency": "Street Activity Permit Office",
        "event_location": " OVINGTON AVENUE between 12 AVENUE and 13 AVENUE",
        "event_borough": "Brooklyn",
        "start_date": "2018-10-31T09:00:00.000",
        "end_date": "2018-10-31T14:00:00.000",
        "start_formatted": "October 31, 2018 09:00 AM",
        "end_formatted": "October 31, 2018 02:00 PM",
        "street_closure_type": "Full Street Closure ",
        "community_board": "10, ",
        "police_precinct": "68, "
      }
    },
    {
      "type": "Feature",
      "geometry": {
        "type": "Point",
        "coordinates": [
          -73.978279,
          40.6479975
        ]
      },
      "properties": {
        "event_id": "430005",
        "event_name": "11th Annual Howl-o-ween Block Bark Party",
        "event_type": "Block Party",
        "event_agency": "Street Activity Permit Office",
        "event_location": " EAST    3 STREET between FORT HAMILTON PARKWAY and CATON AVENUE",
        "event_borough": "Brooklyn",
        "start_date": "2018-10-28T12:00:00.000",
        "end_date": "2018-10-28T17:00:00.000",
        "start_formatted": "October 28, 2018 12:00 PM",
        "end_formatted": "October 28, 2018 05:00 PM",
        "street_closure_type": "Full Street Closure ",
        "community_board": "7, ",
        "police_precinct": "72, "
      }
    },
    {
      "type": "Feature",
      "geometry": {
        "type": "Point",
        "coordinates": [
          -73.87297699999999,
          40.6876905
        ]
      },
      "properties": {
        "event_id": "445450",
        "event_name": "CYPRESS COURT HOABO FOR THE CHILDREN",
        "event_type": "Block Party",
        "event_agency": "Street Activity Permit Office",
        "event_location": " CYPRESS COURT between CRESCENT STREET and DEAD END",
        "event_borough": "Brooklyn",
        "start_date": "2018-10-28T11:00:00.000",
        "end_date": "2018-10-28T19:00:00.000",
        "start_formatted": "October 28, 2018 11:00 AM",
        "end_formatted": "October 28, 2018 07:00 PM",
        "street_closure_type": "Full Sidewalk Closure ",
        "community_board": "5, ",
        "police_precinct": "75, "
      }
    },
    {
      "type": "Feature",
      "geometry": {
        "type": "Point",
        "coordinates": [
          -73.8562185,
          40.6853335
        ]
      },
      "properties": {
        "event_id": "434149",
        "event_name": "SECA Trunk or Treak",
        "event_type": "Block Party",
        "event_agency": "Street Activity Permit Office",
        "event_location": " 85 STREET between ATLANTIC AVENUE and 95 AVENUE",
        "event_borough": "Queens",
        "start_date": "2018-10-27T17:00:00.000",
        "end_date": "2018-10-27T18:00:00.000",
        "start_formatted": "October 27, 2018 05:00 PM",
        "end_formatted": "October 27, 2018 06:00 PM",
        "street_closure_type": "Full Street Closure ",
        "community_board": "9, ",
        "police_precinct": "102, "
      }
    },
    {
      "type": "Feature",
      "geometry": {
        "type": "Point",
        "coordinates": [
          -74.1678455,
          40.614404
        ]
      },
      "properties": {
        "event_id": "438139",
        "event_name": "lander ave harvest festival",
        "event_type": "Block Party",
        "event_agency": "Street Activity Permit Office",
        "event_location": " LANDER AVENUE between GRAHAM AVENUE and ELSON STREET",
        "event_borough": "Staten Island",
        "start_date": "2018-10-27T13:00:00.000",
        "end_date": "2018-10-27T21:00:00.000",
        "start_formatted": "October 27, 2018 01:00 PM",
        "end_formatted": "October 27, 2018 09:00 PM",
        "street_closure_type": "Full Street Closure ",
        "community_board": "2, ",
        "police_precinct": "121, "
      }
    },
    {
      "type": "Feature",
      "geometry": {
        "type": "Point",
        "coordinates": [
          -73.9785415,
          40.649381000000005
        ]
      },
      "properties": {
        "event_id": "429718",
        "event_name": "East 3rd Street block party",
        "event_type": "Block Party",
        "event_agency": "Street Activity Permit Office",
        "event_location": " EAST    3 STREET between GREENWOOD AVENUE and FORT HAMILTON PARKWAY",
        "event_borough": "Brooklyn",
        "start_date": "2018-10-27T12:00:00.000",
        "end_date": "2018-10-27T21:00:00.000",
        "start_formatted": "October 27, 2018 12:00 PM",
        "end_formatted": "October 27, 2018 09:00 PM",
        "street_closure_type": "Full Street Closure ",
        "community_board": "7, ",
        "police_precinct": "72, "
      }
    },
    {
      "type": "Feature",
      "geometry": {
        "type": "Point",
        "coordinates": [
          -73.81190699999999,
          40.815825000000004
        ]
      },
      "properties": {
        "event_id": "434691",
        "event_name": "Throggs Neck Halloween Parade",
        "event_type": "Block Party",
        "event_agency": "Street Activity Permit Office",
        "event_location": " THROGGS NECK BOULEVARD between SCHURZ AVENUE and HARDING AVENUE",
        "event_borough": "Bronx",
        "start_date": "2018-10-27T12:00:00.000",
        "end_date": "2018-10-27T16:00:00.000",
        "start_formatted": "October 27, 2018 12:00 PM",
        "end_formatted": "October 27, 2018 04:00 PM",
        "street_closure_type": "Full Street Closure ",
        "community_board": "10, ",
        "police_precinct": "45, "
      }
    },
    {
      "type": "Feature",
      "geometry": {
        "type": "Point",
        "coordinates": [
          -73.932066,
          40.612089999999995
        ]
      },
      "properties": {
        "event_id": "437704",
        "event_name": "Fillmore Ave Block Party",
        "event_type": "Block Party",
        "event_agency": "Street Activity Permit Office",
        "event_location": " FILLMORE AVENUE between EAST   37 STREET and EAST   38 STREET",
        "event_borough": "Brooklyn",
        "start_date": "2018-10-27T11:00:00.000",
        "end_date": "2018-10-27T19:00:00.000",
        "start_formatted": "October 27, 2018 11:00 AM",
        "end_formatted": "October 27, 2018 07:00 PM",
        "street_closure_type": "Sidewalk and Street Closure ",
        "community_board": "18, ",
        "police_precinct": "63, "
      }
    },
    {
      "type": "Feature",
      "geometry": {
        "type": "Point",
        "coordinates": [
          -73.915066,
          40.6790585
        ]
      },
      "properties": {
        "event_id": "435557",
        "event_name": "BSCAH Children Harvest Festival",
        "event_type": "Block Party",
        "event_agency": "Street Activity Permit Office",
        "event_location": " HULL STREET between SARATOGA AVENUE and THOMAS BOYLAND STREET",
        "event_borough": "Brooklyn",
        "start_date": "2018-10-27T11:00:00.000",
        "end_date": "2018-10-27T15:00:00.000",
        "start_formatted": "October 27, 2018 11:00 AM",
        "end_formatted": "October 27, 2018 03:00 PM",
        "street_closure_type": "Full Street Closure ",
        "community_board": "16, 3, ",
        "police_precinct": "73, 81, "
      }
    },
    {
      "type": "Feature",
      "geometry": {
        "type": "Point",
        "coordinates": [
          -73.83787849999999,
          40.6490395
        ]
      },
      "properties": {
        "event_id": "431205",
        "event_name": "H.B. Kiwanis Halloween Block Party",
        "event_type": "Block Party",
        "event_agency": "Street Activity Permit Office",
        "event_location": " 165 AVENUE between CROSS BAY BOULEVARD and 92 STREET",
        "event_borough": "Queens",
        "start_date": "2018-10-27T10:30:00.000",
        "end_date": "2018-10-27T14:00:00.000",
        "start_formatted": "October 27, 2018 10:30 AM",
        "end_formatted": "October 27, 2018 02:00 PM",
        "street_closure_type": "Full Street Closure ",
        "community_board": "10, ",
        "police_precinct": "106, "
      }
    },
    {
      "type": "Feature",
      "geometry": {
        "type": "Point",
        "coordinates": [
          -73.9825115,
          40.7376945
        ]
      },
      "properties": {
        "event_id": "421609",
        "event_name": "Epiphany School Fall Festival 2018",
        "event_type": "Block Party",
        "event_agency": "Street Activity Permit Office",
        "event_location": " EAST   22 STREET between 2 AVENUE and 3 AVENUE",
        "event_borough": "Manhattan",
        "start_date": "2018-10-21T12:30:00.000",
        "end_date": "2018-10-21T15:00:00.000",
        "start_formatted": "October 21, 2018 12:30 PM",
        "end_formatted": "October 21, 2018 03:00 PM",
        "street_closure_type": "Full Street Closure ",
        "community_board": "6, ",
        "police_precinct": "13, "
      }
    },
    {
      "type": "Feature",
      "geometry": {
        "type": "Point",
        "coordinates": [
          -73.837495,
          40.84116349999999
        ]
      },
      "properties": {
        "event_id": "436735",
        "event_name": "SUPPORT OUR TROOPS",
        "event_type": "Block Party",
        "event_agency": "Street Activity Permit Office",
        "event_location": " Hutchinson River Pkwy Service Road between E Tremont Ave  and Zulette Ave",
        "event_borough": "Bronx",
        "start_date": "2018-10-21T11:00:00.000",
        "end_date": "2018-10-21T17:30:00.000",
        "start_formatted": "October 21, 2018 11:00 AM",
        "end_formatted": "October 21, 2018 05:30 PM",
        "street_closure_type": "Full Street Closure ",
        "community_board": "10, ",
        "police_precinct": "45, "
      }
    },
    {
      "type": "Feature",
      "geometry": {
        "type": "Point",
        "coordinates": [
          -73.97062550000001,
          40.7975165
        ]
      },
      "properties": {
        "event_id": "433088",
        "event_name": "Fall Festival",
        "event_type": "Block Party",
        "event_agency": "Street Activity Permit Office",
        "event_location": " WEST  100 STREET between WEST END AVENUE and BROADWAY",
        "event_borough": "Manhattan",
        "start_date": "2018-10-21T10:00:00.000",
        "end_date": "2018-10-21T16:00:00.000",
        "start_formatted": "October 21, 2018 10:00 AM",
        "end_formatted": "October 21, 2018 04:00 PM",
        "street_closure_type": "Full Street Closure ",
        "community_board": "7, ",
        "police_precinct": "24, "
      }
    },
    {
      "type": "Feature",
      "geometry": {
        "type": "Point",
        "coordinates": [
          -73.992036,
          40.692698
        ]
      },
      "properties": {
        "event_id": "428611",
        "event_name": "Pumpkin Patch",
        "event_type": "Block Party",
        "event_agency": "Street Activity Permit Office",
        "event_location": " JORALEMON STREET between COURT STREET and CLINTON STREET",
        "event_borough": "Brooklyn",
        "start_date": "2018-10-21T10:00:00.000",
        "end_date": "2018-10-21T16:00:00.000",
        "start_formatted": "October 21, 2018 10:00 AM",
        "end_formatted": "October 21, 2018 04:00 PM",
        "street_closure_type": "Full Street Closure ",
        "community_board": "2, ",
        "police_precinct": "84, "
      }
    },
    {
      "type": "Feature",
      "geometry": {
        "type": "Point",
        "coordinates": [
          -74.1330705,
          40.628412999999995
        ]
      },
      "properties": {
        "event_id": "434373",
        "event_name": "Halloween Block Party",
        "event_type": "Block Party",
        "event_agency": "Street Activity Permit Office",
        "event_location": " DRYDEN COURT between DEAD END and HAUGHWOUT AVENUE",
        "event_borough": "Staten Island",
        "start_date": "2018-10-20T15:00:00.000",
        "end_date": "2018-10-20T22:00:00.000",
        "start_formatted": "October 20, 2018 03:00 PM",
        "end_formatted": "October 20, 2018 10:00 PM",
        "street_closure_type": "Full Street Closure ",
        "community_board": "1, ",
        "police_precinct": "121, "
      }
    },
    {
      "type": "Feature",
      "geometry": {
        "type": "Point",
        "coordinates": [
          -73.9119895,
          40.678595
        ]
      },
      "properties": {
        "event_id": "435638",
        "event_name": "Phoenix Community Garden Childrens Harvest Festival",
        "event_type": "Block Party",
        "event_agency": "Street Activity Permit Office",
        "event_location": " SOMERS STREET between FULTON STREET and ROCKAWAY AVENUE",
        "event_borough": "Brooklyn",
        "start_date": "2018-10-20T11:00:00.000",
        "end_date": "2018-10-20T18:00:00.000",
        "start_formatted": "October 20, 2018 11:00 AM",
        "end_formatted": "October 20, 2018 06:00 PM",
        "street_closure_type": "Full Street Closure ",
        "community_board": "16, ",
        "police_precinct": "73, "
      }
    },
    {
      "type": "Feature",
      "geometry": {
        "type": "Point",
        "coordinates": [
          -73.977022,
          40.66639
        ]
      },
      "properties": {
        "event_id": "420886",
        "event_name": "Saint Saviour Catholic Academy",
        "event_type": "Block Party",
        "event_agency": "Street Activity Permit Office",
        "event_location": " 7 STREET between 8 AVENUE and PROSPECT PARK WEST",
        "event_borough": "Brooklyn",
        "start_date": "2018-10-20T11:00:00.000",
        "end_date": "2018-10-20T16:00:00.000",
        "start_formatted": "October 20, 2018 11:00 AM",
        "end_formatted": "October 20, 2018 04:00 PM",
        "street_closure_type": "Full Street Closure ",
        "community_board": "6, ",
        "police_precinct": "78, "
      }
    },
    {
      "type": "Feature",
      "geometry": {
        "type": "Point",
        "coordinates": [
          -73.987586,
          40.616583500000004
        ]
      },
      "properties": {
        "event_id": "425586",
        "event_name": "66th Annual Block Party",
        "event_type": "Block Party",
        "event_agency": "Street Activity Permit Office",
        "event_location": " 66 STREET between 19 AVENUE and 20 AVENUE",
        "event_borough": "Brooklyn",
        "start_date": "2018-10-20T11:00:00.000",
        "end_date": "2018-10-20T19:00:00.000",
        "start_formatted": "October 20, 2018 11:00 AM",
        "end_formatted": "October 20, 2018 07:00 PM",
        "street_closure_type": "Full Street Closure ",
        "community_board": "11, ",
        "police_precinct": "62, "
      }
    },
    {
      "type": "Feature",
      "geometry": {
        "type": "Point",
        "coordinates": [
          -74.0094045,
          40.613234
        ]
      },
      "properties": {
        "event_id": "430467",
        "event_name": "Halloween Fest 2018",
        "event_type": "Block Party",
        "event_agency": "Street Activity Permit Office",
        "event_location": " 84 STREET between 14 AVENUE and 15 AVENUE",
        "event_borough": "Brooklyn",
        "start_date": "2018-10-20T11:00:00.000",
        "end_date": "2018-10-20T20:00:00.000",
        "start_formatted": "October 20, 2018 11:00 AM",
        "end_formatted": "October 20, 2018 08:00 PM",
        "street_closure_type": "Full Street Closure ",
        "community_board": "11, ",
        "police_precinct": "62, "
      }
    },
    {
      "type": "Feature",
      "geometry": {
        "type": "Point",
        "coordinates": [
          -73.916085,
          40.684186499999996
        ]
      },
      "properties": {
        "event_id": "406679",
        "event_name": "MacDonough st Block party ",
        "event_type": "Block Party",
        "event_agency": "Street Activity Permit Office",
        "event_location": " MACDONOUGH STREET between THOMAS BOYLAND STREET and SARATOGA AVENUE",
        "event_borough": "Brooklyn",
        "start_date": "2018-10-20T10:00:00.000",
        "end_date": "2018-10-20T18:00:00.000",
        "start_formatted": "October 20, 2018 10:00 AM",
        "end_formatted": "October 20, 2018 06:00 PM",
        "street_closure_type": "Sidewalk and Street Closure ",
        "community_board": "16, ",
        "police_precinct": "73, "
      }
    },
    {
      "type": "Feature",
      "geometry": {
        "type": "Point",
        "coordinates": [
          -73.9432245,
          40.813413499999996
        ]
      },
      "properties": {
        "event_id": "409664",
        "event_name": "133 block association",
        "event_type": "Block Party",
        "event_agency": "Street Activity Permit Office",
        "event_location": " WEST  133 STREET between LENOX AVENUE and 7 AVENUE",
        "event_borough": "Manhattan",
        "start_date": "2018-10-20T10:00:00.000",
        "end_date": "2018-10-20T17:00:00.000",
        "start_formatted": "October 20, 2018 10:00 AM",
        "end_formatted": "October 20, 2018 05:00 PM",
        "street_closure_type": "Full Street Closure ",
        "community_board": "10, ",
        "police_precinct": "32, "
      }
    },
    {
      "type": "Feature",
      "geometry": {
        "type": "Point",
        "coordinates": [
          -73.895927,
          40.829316500000004
        ]
      },
      "properties": {
        "event_id": "439225",
        "event_name": "Together Praying  for Eradication of Food Insecurities,Hunger,Heath Disparities  ",
        "event_type": "Block Party",
        "event_agency": "Street Activity Permit Office",
        "event_location": " REVEREND JAMES A POLITE AVENUE between CHISHOLM STREET and EAST  169 STREET",
        "event_borough": "Bronx",
        "start_date": "2018-10-14T13:00:00.000",
        "end_date": "2018-10-14T18:00:00.000",
        "start_formatted": "October 14, 2018 01:00 PM",
        "end_formatted": "October 14, 2018 06:00 PM",
        "street_closure_type": "Full Street Closure ",
        "community_board": "3, ",
        "police_precinct": "42, "
      }
    },
    {
      "type": "Feature",
      "geometry": {
        "type": "Point",
        "coordinates": [
          -73.999661,
          40.6082595
        ]
      },
      "properties": {
        "event_id": "436568",
        "event_name": "83rd street",
        "event_type": "Block Party",
        "event_agency": "Street Activity Permit Office",
        "event_location": " 83 STREET between 18 AVENUE and 19 AVENUE",
        "event_borough": "Brooklyn",
        "start_date": "2018-10-13T12:00:00.000",
        "end_date": "2018-10-13T21:00:00.000",
        "start_formatted": "October 13, 2018 12:00 PM",
        "end_formatted": "October 13, 2018 09:00 PM",
        "street_closure_type": "Full Street Closure ",
        "community_board": "11, ",
        "police_precinct": "62, "
      }
    },
    {
      "type": "Feature",
      "geometry": {
        "type": "Point",
        "coordinates": [
          -73.98053999999999,
          40.662169
        ]
      },
      "properties": {
        "event_id": "420948",
        "event_name": "PS107 Fall Festival",
        "event_type": "Block Party",
        "event_agency": "Street Activity Permit Office",
        "event_location": " 14 STREET between 8 AVENUE and PROSPECT PARK WEST",
        "event_borough": "Brooklyn",
        "start_date": "2018-10-13T12:00:00.000",
        "end_date": "2018-10-13T16:00:00.000",
        "start_formatted": "October 13, 2018 12:00 PM",
        "end_formatted": "October 13, 2018 04:00 PM",
        "street_closure_type": "Full Street Closure ",
        "community_board": "6, ",
        "police_precinct": "78, "
      }
    },
    {
      "type": "Feature",
      "geometry": {
        "type": "Point",
        "coordinates": [
          -73.960159,
          40.8156215
        ]
      },
      "properties": {
        "event_id": "432612",
        "event_name": "West Harlem Coalition Anti-Gentrification Street Fair",
        "event_type": "Block Party",
        "event_agency": "Street Activity Permit Office",
        "event_location": " TIEMANN PLACE between BROADWAY and RIVERSIDE DRIVE",
        "event_borough": "Manhattan",
        "start_date": "2018-10-13T11:00:00.000",
        "end_date": "2018-10-13T18:00:00.000",
        "start_formatted": "October 13, 2018 11:00 AM",
        "end_formatted": "October 13, 2018 06:00 PM",
        "street_closure_type": "Full Street Closure ",
        "community_board": "9, ",
        "police_precinct": "26, "
      }
    },
    {
      "type": "Feature",
      "geometry": {
        "type": "Point",
        "coordinates": [
          -73.982254,
          40.668071
        ]
      },
      "properties": {
        "event_id": "436636",
        "event_name": "Block party",
        "event_type": "Block Party",
        "event_agency": "Street Activity Permit Office",
        "event_location": " 8 STREET between 6 AVENUE and 7 AVENUE",
        "event_borough": "Brooklyn",
        "start_date": "2018-10-13T10:00:00.000",
        "end_date": "2018-10-13T17:30:00.000",
        "start_formatted": "October 13, 2018 10:00 AM",
        "end_formatted": "October 13, 2018 05:30 PM",
        "street_closure_type": "Full Street Closure ",
        "community_board": "6, ",
        "police_precinct": "78, "
      }
    },
    {
      "type": "Feature",
      "geometry": {
        "type": "Point",
        "coordinates": [
          -73.8888755,
          40.6961845
        ]
      },
      "properties": {
        "event_id": "436029",
        "event_name": "Family Day",
        "event_type": "Block Party",
        "event_agency": "Street Activity Permit Office",
        "event_location": " 80 AVENUE between 65 STREET and 64 LANE",
        "event_borough": "Queens",
        "start_date": "2018-10-13T10:00:00.000",
        "end_date": "2018-10-13T15:30:00.000",
        "start_formatted": "October 13, 2018 10:00 AM",
        "end_formatted": "October 13, 2018 03:30 PM",
        "street_closure_type": "Full Street Closure ",
        "community_board": "5, ",
        "police_precinct": "104, "
      }
    },
    {
      "type": "Feature",
      "geometry": {
        "type": "Point",
        "coordinates": [
          -73.977891,
          40.68262300000001
        ]
      },
      "properties": {
        "event_id": "436557",
        "event_name": "Dean Street Block Party",
        "event_type": "Block Party",
        "event_agency": "Street Activity Permit Office",
        "event_location": " DEAN STREET between 4 AVENUE and 5 AVENUE",
        "event_borough": "Brooklyn",
        "start_date": "2018-10-13T09:00:00.000",
        "end_date": "2018-10-13T18:00:00.000",
        "start_formatted": "October 13, 2018 09:00 AM",
        "end_formatted": "October 13, 2018 06:00 PM",
        "street_closure_type": "Full Street Closure ",
        "community_board": "6, ",
        "police_precinct": "78, "
      }
    },
    {
      "type": "Feature",
      "geometry": {
        "type": "Point",
        "coordinates": [
          -73.932749,
          40.7569745
        ]
      },
      "properties": {
        "event_id": "436441",
        "event_name": "Community Street Fair",
        "event_type": "Block Party",
        "event_agency": "Street Activity Permit Office",
        "event_location": " 28 STREET between 36 AVENUE and 37 AVENUE",
        "event_borough": "Queens",
        "start_date": "2018-10-13T09:00:00.000",
        "end_date": "2018-10-13T16:00:00.000",
        "start_formatted": "October 13, 2018 09:00 AM",
        "end_formatted": "October 13, 2018 04:00 PM",
        "street_closure_type": "Full Street Closure ",
        "community_board": "1, ",
        "police_precinct": "114, "
      }
    },
    {
      "type": "Feature",
      "geometry": {
        "type": "Point",
        "coordinates": [
          -73.946433,
          40.7905965
        ]
      },
      "properties": {
        "event_id": "407150",
        "event_name": "Hope Community Annual Fall Fest ",
        "event_type": "Block Party",
        "event_agency": "Street Activity Permit Office",
        "event_location": " EAST  104 STREET between LEXINGTON AVENUE and THIRD AVENUE",
        "event_borough": "Manhattan",
        "start_date": "2018-10-08T10:00:00.000",
        "end_date": "2018-10-08T16:00:00.000",
        "start_formatted": "October 08, 2018 10:00 AM",
        "end_formatted": "October 08, 2018 04:00 PM",
        "street_closure_type": "Full Street Closure ",
        "community_board": "11, ",
        "police_precinct": "23, "
      }
    },
    {
      "type": "Feature",
      "geometry": {
        "type": "Point",
        "coordinates": [
          -74.00530499999999,
          40.6053005
        ]
      },
      "properties": {
        "event_id": "424908",
        "event_name": "Jovenes Cristianos Church Community Event",
        "event_type": "Block Party",
        "event_agency": "Street Activity Permit Office",
        "event_location": " RUTHERFORD PLACE between BAY   17 STREET and 18 AVENUE",
        "event_borough": "Brooklyn",
        "start_date": "2018-10-07T11:00:00.000",
        "end_date": "2018-10-07T20:00:00.000",
        "start_formatted": "October 07, 2018 11:00 AM",
        "end_formatted": "October 07, 2018 08:00 PM",
        "street_closure_type": "Full Street Closure ",
        "community_board": "11, ",
        "police_precinct": "62, "
      }
    },
    {
      "type": "Feature",
      "geometry": {
        "type": "Point",
        "coordinates": [
          -73.9663965,
          40.62585
        ]
      },
      "properties": {
        "event_id": "415186",
        "event_name": "Carnival 2018",
        "event_type": "Block Party",
        "event_agency": "Street Activity Permit Office",
        "event_location": " EAST   10 STREET between AVENUE I and AVENUE J",
        "event_borough": "Brooklyn",
        "start_date": "2018-10-07T10:30:00.000",
        "end_date": "2018-10-07T16:00:00.000",
        "start_formatted": "October 07, 2018 10:30 AM",
        "end_formatted": "October 07, 2018 04:00 PM",
        "street_closure_type": "Full Street Closure ",
        "community_board": "12, ",
        "police_precinct": "66, "
      }
    },
    {
      "type": "Feature",
      "geometry": {
        "type": "Point",
        "coordinates": [
          -73.93247600000001,
          40.85324
        ]
      },
      "properties": {
        "event_id": "436873",
        "event_name": "St. Elizabeth Feast Day",
        "event_type": "Block Party",
        "event_agency": "Street Activity Permit Office",
        "event_location": " WADSWORTH AVENUE between WEST  187 STREET and WEST  186 STREET",
        "event_borough": "Manhattan",
        "start_date": "2018-10-07T09:00:00.000",
        "end_date": "2018-10-07T17:30:00.000",
        "start_formatted": "October 07, 2018 09:00 AM",
        "end_formatted": "October 07, 2018 05:30 PM",
        "street_closure_type": "Full Street Closure ",
        "community_board": "12, ",
        "police_precinct": "34, "
      }
    },
    {
      "type": "Feature",
      "geometry": {
        "type": "Point",
        "coordinates": [
          -74.135602,
          40.62065
        ]
      },
      "properties": {
        "event_id": "428175",
        "event_name": "Maine 2018",
        "event_type": "Block Party",
        "event_agency": "Street Activity Permit Office",
        "event_location": " MAINE AVENUE between NEAL DOW AVENUE and BIDWELL AVENUE",
        "event_borough": "Staten Island",
        "start_date": "2018-10-06T13:00:00.000",
        "end_date": "2018-10-06T20:00:00.000",
        "start_formatted": "October 06, 2018 01:00 PM",
        "end_formatted": "October 06, 2018 08:00 PM",
        "street_closure_type": "Full Sidewalk Closure ",
        "community_board": "1, ",
        "police_precinct": "121, "
      }
    },
    {
      "type": "Feature",
      "geometry": {
        "type": "Point",
        "coordinates": [
          -73.9427895,
          40.726727499999996
        ]
      },
      "properties": {
        "event_id": "434151",
        "event_name": "Monitor Street Block Party",
        "event_type": "Block Party",
        "event_agency": "Street Activity Permit Office",
        "event_location": " MONITOR STREET between NASSAU AVENUE and NORMAN AVENUE",
        "event_borough": "Brooklyn",
        "start_date": "2018-10-06T13:00:00.000",
        "end_date": "2018-10-06T21:00:00.000",
        "start_formatted": "October 06, 2018 01:00 PM",
        "end_formatted": "October 06, 2018 09:00 PM",
        "street_closure_type": "Full Street Closure ",
        "community_board": "1, ",
        "police_precinct": "94, "
      }
    },
    {
      "type": "Feature",
      "geometry": {
        "type": "Point",
        "coordinates": [
          -73.841888,
          40.8587495
        ]
      },
      "properties": {
        "event_id": "425319",
        "event_name": "Twins Production",
        "event_type": "Block Party",
        "event_agency": "Street Activity Permit Office",
        "event_location": " WOODHULL AVENUE between PELHAM PARKWAY NORTH and ASTOR AVENUE",
        "event_borough": "Bronx",
        "start_date": "2018-10-06T13:00:00.000",
        "end_date": "2018-10-06T21:00:00.000",
        "start_formatted": "October 06, 2018 01:00 PM",
        "end_formatted": "October 06, 2018 09:00 PM",
        "street_closure_type": "Full Street Closure ",
        "community_board": "11, ",
        "police_precinct": "49, "
      }
    },
    {
      "type": "Feature",
      "geometry": {
        "type": "Point",
        "coordinates": [
          -73.9005975,
          40.772404
        ]
      },
      "properties": {
        "event_id": "422194",
        "event_name": "St. Francis of Assisi Fall Festival",
        "event_type": "Block Party",
        "event_agency": "Street Activity Permit Office",
        "event_location": " 21 AVENUE between 45 STREET and 46 STREET",
        "event_borough": "Queens",
        "start_date": "2018-10-06T12:00:00.000",
        "end_date": "2018-10-06T21:00:00.000",
        "start_formatted": "October 06, 2018 12:00 PM",
        "end_formatted": "October 06, 2018 09:00 PM",
        "street_closure_type": "Sidewalk and Street Closure ",
        "community_board": "1, ",
        "police_precinct": "114, "
      }
    },
    {
      "type": "Feature",
      "geometry": {
        "type": "Point",
        "coordinates": [
          -73.992381,
          40.6678935
        ]
      },
      "properties": {
        "event_id": "431162",
        "event_name": "14th Street Between 3rd  4th Ave Block Party",
        "event_type": "Block Party",
        "event_agency": "Street Activity Permit Office",
        "event_location": " 14 STREET between 3 AVENUE and 4 AVENUE",
        "event_borough": "Brooklyn",
        "start_date": "2018-10-06T11:00:00.000",
        "end_date": "2018-10-06T18:00:00.000",
        "start_formatted": "October 06, 2018 11:00 AM",
        "end_formatted": "October 06, 2018 06:00 PM",
        "street_closure_type": "Full Street Closure ",
        "community_board": "6, ",
        "police_precinct": "78, "
      }
    },
    {
      "type": "Feature",
      "geometry": {
        "type": "Point",
        "coordinates": [
          -74.0008275,
          40.6830185
        ]
      },
      "properties": {
        "event_id": "423416",
        "event_name": "President Street Block party",
        "event_type": "Block Party",
        "event_agency": "Street Activity Permit Office",
        "event_location": " PRESIDENT STREET between HENRY STREET and HICKS STREET",
        "event_borough": "Brooklyn",
        "start_date": "2018-10-06T11:00:00.000",
        "end_date": "2018-10-06T20:00:00.000",
        "start_formatted": "October 06, 2018 11:00 AM",
        "end_formatted": "October 06, 2018 08:00 PM",
        "street_closure_type": "Full Street Closure ",
        "community_board": "6, ",
        "police_precinct": "76, "
      }
    },
    {
      "type": "Feature",
      "geometry": {
        "type": "Point",
        "coordinates": [
          -73.9192445,
          40.8457045
        ]
      },
      "properties": {
        "event_id": "433821",
        "event_name": "St Francis of Assisi Church",
        "event_type": "Block Party",
        "event_agency": "Street Activity Permit Office",
        "event_location": " SHAKESPEARE AVENUE between FEATHERBED LANE and CROSS BRONX EXPRESSWAY SR NORTH",
        "event_borough": "Bronx",
        "start_date": "2018-10-06T10:00:00.000",
        "end_date": "2018-10-06T15:00:00.000",
        "start_formatted": "October 06, 2018 10:00 AM",
        "end_formatted": "October 06, 2018 03:00 PM",
        "street_closure_type": "Full Street Closure ",
        "community_board": "5, ",
        "police_precinct": "46, "
      }
    },
    {
      "type": "Feature",
      "geometry": {
        "type": "Point",
        "coordinates": [
          -73.99906100000001,
          40.678143000000006
        ]
      },
      "properties": {
        "event_id": "417552",
        "event_name": "14th Annual PumpkinFest",
        "event_type": "Block Party",
        "event_agency": "Street Activity Permit Office",
        "event_location": " 4 PLACE between COURT STREET and CLINTON STREET",
        "event_borough": "Brooklyn",
        "start_date": "2018-10-06T10:00:00.000",
        "end_date": "2018-10-06T16:00:00.000",
        "start_formatted": "October 06, 2018 10:00 AM",
        "end_formatted": "October 06, 2018 04:00 PM",
        "street_closure_type": "Full Street Closure ",
        "community_board": "6, ",
        "police_precinct": "76, "
      }
    },
    {
      "type": "Feature",
      "geometry": {
        "type": "Point",
        "coordinates": [
          -73.912707,
          40.6770335
        ]
      },
      "properties": {
        "event_id": "400979",
        "event_name": "Marconi place block party",
        "event_type": "Block Party",
        "event_agency": "Street Activity Permit Office",
        "event_location": " MARCONI PLACE between ATLANTIC AVENUE and HERKIMER STREET",
        "event_borough": "Brooklyn",
        "start_date": "2018-10-06T10:00:00.000",
        "end_date": "2018-10-06T18:00:00.000",
        "start_formatted": "October 06, 2018 10:00 AM",
        "end_formatted": "October 06, 2018 06:00 PM",
        "street_closure_type": "Full Street Closure ",
        "community_board": "16, ",
        "police_precinct": "73, "
      }
    },
    {
      "type": "Feature",
      "geometry": {
        "type": "Point",
        "coordinates": [
          -73.96037100000001,
          40.7417365
        ]
      },
      "properties": {
        "event_id": "389835",
        "event_name": "LIC Community Carnival",
        "event_type": "Block Party",
        "event_agency": "Street Activity Permit Office",
        "event_location": " CENTER BOULEVARD between 54 AVENUE and BORDEN AVENUE",
        "event_borough": "Queens",
        "start_date": "2018-10-06T10:00:00.000",
        "end_date": "2018-10-06T16:00:00.000",
        "start_formatted": "October 06, 2018 10:00 AM",
        "end_formatted": "October 06, 2018 04:00 PM",
        "street_closure_type": "Full Street Closure ",
        "community_board": "2, ",
        "police_precinct": "108, "
      }
    },
    {
      "type": "Feature",
      "geometry": {
        "type": "Point",
        "coordinates": [
          -73.95522349999999,
          40.78433
        ]
      },
      "properties": {
        "event_id": "419787",
        "event_name": "Brick Church School Childrens Fair",
        "event_type": "Block Party",
        "event_agency": "Street Activity Permit Office",
        "event_location": " EAST   92 STREET between MADISON AVENUE and PARK AVENUE",
        "event_borough": "Manhattan",
        "start_date": "2018-10-05T12:00:00.000",
        "end_date": "2018-10-05T16:00:00.000",
        "start_formatted": "October 05, 2018 12:00 PM",
        "end_formatted": "October 05, 2018 04:00 PM",
        "street_closure_type": "Full Street Closure ",
        "community_board": "8, ",
        "police_precinct": "19, "
      }
    },
    {
      "type": "Feature",
      "geometry": {
        "type": "Point",
        "coordinates": [
          -73.9615925,
          40.77271399999999
        ]
      },
      "properties": {
        "event_id": "435246",
        "event_name": "Simchat Torah Block Party",
        "event_type": "Block Party",
        "event_agency": "Street Activity Permit Office",
        "event_location": " EAST   75 STREET between LEXINGTON AVENUE and PARK AVENUE",
        "event_borough": "Manhattan",
        "start_date": "2018-10-01T13:00:00.000",
        "end_date": "2018-10-01T20:00:00.000",
        "start_formatted": "October 01, 2018 01:00 PM",
        "end_formatted": "October 01, 2018 08:00 PM",
        "street_closure_type": "Full Street Closure ",
        "community_board": "8, ",
        "police_precinct": "19, "
      }
    },
    {
      "type": "Feature",
      "geometry": {
        "type": "Point",
        "coordinates": [
          -74.0095035,
          40.6509995
        ]
      },
      "properties": {
        "event_id": "428403",
        "event_name": "Parish Feast Day Carnival",
        "event_type": "Block Party",
        "event_agency": "Street Activity Permit Office",
        "event_location": " 43 STREET between 4 AVENUE and 3 AVENUE",
        "event_borough": "Brooklyn",
        "start_date": "2018-09-30T11:00:00.000",
        "end_date": "2018-09-30T18:00:00.000",
        "start_formatted": "September 30, 2018 11:00 AM",
        "end_formatted": "September 30, 2018 06:00 PM",
        "street_closure_type": "Full Street Closure ",
        "community_board": "7, ",
        "police_precinct": "72, "
      }
    },
    {
      "type": "Feature",
      "geometry": {
        "type": "Point",
        "coordinates": [
          -73.946849,
          40.7238745
        ]
      },
      "properties": {
        "event_id": "420171",
        "event_name": "Parish Fun Day",
        "event_type": "Block Party",
        "event_agency": "Street Activity Permit Office",
        "event_location": " NEWEL STREET between DRIGGS AVENUE and NASSAU AVENUE",
        "event_borough": "Brooklyn",
        "start_date": "2018-09-30T11:00:00.000",
        "end_date": "2018-09-30T17:00:00.000",
        "start_formatted": "September 30, 2018 11:00 AM",
        "end_formatted": "September 30, 2018 05:00 PM",
        "street_closure_type": "Full Street Closure ",
        "community_board": "1, ",
        "police_precinct": "94, "
      }
    },
    {
      "type": "Feature",
      "geometry": {
        "type": "Point",
        "coordinates": [
          -74.128841,
          40.6191755
        ]
      },
      "properties": {
        "event_id": "428366",
        "event_name": "Constant Ave Block Party",
        "event_type": "Block Party",
        "event_agency": "Street Activity Permit Office",
        "event_location": " CONSTANT AVENUE between WESTCOTT BOULEVARD and VIRGINIA PLACE",
        "event_borough": "Staten Island",
        "start_date": "2018-09-29T12:30:00.000",
        "end_date": "2018-09-29T20:00:00.000",
        "start_formatted": "September 29, 2018 12:30 PM",
        "end_formatted": "September 29, 2018 08:00 PM",
        "street_closure_type": "Full Street Closure ",
        "community_board": "1, ",
        "police_precinct": "120, "
      }
    },
    {
      "type": "Feature",
      "geometry": {
        "type": "Point",
        "coordinates": [
          -73.9669175,
          40.759111000000004
        ]
      },
      "properties": {
        "event_id": "430008",
        "event_name": "PS 59 Block Party",
        "event_type": "Block Party",
        "event_agency": "Street Activity Permit Office",
        "event_location": " EAST   56 STREET between 3 AVENUE and 2 AVENUE",
        "event_borough": "Manhattan",
        "start_date": "2018-09-29T12:00:00.000",
        "end_date": "2018-09-29T16:00:00.000",
        "start_formatted": "September 29, 2018 12:00 PM",
        "end_formatted": "September 29, 2018 04:00 PM",
        "street_closure_type": "Full Street Closure ",
        "community_board": "6, ",
        "police_precinct": "17, "
      }
    },
    {
      "type": "Feature",
      "geometry": {
        "type": "Point",
        "coordinates": [
          -73.9805355,
          40.658889
        ]
      },
      "properties": {
        "event_id": "414276",
        "event_name": "Howard Place Block Party 2018",
        "event_type": "Block Party",
        "event_agency": "Street Activity Permit Office",
        "event_location": " HOWARD PLACE between WINDSOR PLACE and PROSPECT AVENUE",
        "event_borough": "Brooklyn",
        "start_date": "2018-09-29T12:00:00.000",
        "end_date": "2018-09-29T21:00:00.000",
        "start_formatted": "September 29, 2018 12:00 PM",
        "end_formatted": "September 29, 2018 09:00 PM",
        "street_closure_type": "Full Street Closure ",
        "community_board": "7, ",
        "police_precinct": "72, "
      }
    },
    {
      "type": "Feature",
      "geometry": {
        "type": "Point",
        "coordinates": [
          -74.0378645,
          40.631011
        ]
      },
      "properties": {
        "event_id": "430130",
        "event_name": "79th Street Block Party",
        "event_type": "Block Party",
        "event_agency": "Street Activity Permit Office",
        "event_location": " 79 STREET between SHORE ROAD and NARROWS AVENUE",
        "event_borough": "Brooklyn",
        "start_date": "2018-09-29T12:00:00.000",
        "end_date": "2018-09-29T21:00:00.000",
        "start_formatted": "September 29, 2018 12:00 PM",
        "end_formatted": "September 29, 2018 09:00 PM",
        "street_closure_type": "Full Street Closure ",
        "community_board": "10, ",
        "police_precinct": "68, "
      }
    },
    {
      "type": "Feature",
      "geometry": {
        "type": "Point",
        "coordinates": [
          -73.94557599999999,
          40.716569
        ]
      },
      "properties": {
        "event_id": "420860",
        "event_name": "Jackson Street Block Party 7",
        "event_type": "Block Party",
        "event_agency": "Street Activity Permit Office",
        "event_location": " JACKSON STREET between GRAHAM AVENUE and MANHATTAN AVENUE",
        "event_borough": "Brooklyn",
        "start_date": "2018-09-29T12:00:00.000",
        "end_date": "2018-09-29T19:00:00.000",
        "start_formatted": "September 29, 2018 12:00 PM",
        "end_formatted": "September 29, 2018 07:00 PM",
        "street_closure_type": "Full Street Closure ",
        "community_board": "1, ",
        "police_precinct": "94, "
      }
    },
    {
      "type": "Feature",
      "geometry": {
        "type": "Point",
        "coordinates": [
          -73.912992,
          40.682293
        ]
      },
      "properties": {
        "event_id": "413237",
        "event_name": "Chauncey Street Block Association Block Party",
        "event_type": "Block Party",
        "event_agency": "Street Activity Permit Office",
        "event_location": " CHAUNCEY STREET between ROCKAWAY AVENUE and THOMAS BOYLAND STREET",
        "event_borough": "Brooklyn",
        "start_date": "2018-09-29T12:00:00.000",
        "end_date": "2018-09-29T19:00:00.000",
        "start_formatted": "September 29, 2018 12:00 PM",
        "end_formatted": "September 29, 2018 07:00 PM",
        "street_closure_type": "Sidewalk and Street Closure ",
        "community_board": "16, ",
        "police_precinct": "73, "
      }
    },
    {
      "type": "Feature",
      "geometry": {
        "type": "Point",
        "coordinates": [
          -74.0158855,
          40.6207895
        ]
      },
      "properties": {
        "event_id": "430347",
        "event_name": "80th Street Block Party",
        "event_type": "Block Party",
        "event_agency": "Street Activity Permit Office",
        "event_location": " 80 STREET between 10 AVENUE and 11 AVENUE",
        "event_borough": "Brooklyn",
        "start_date": "2018-09-29T12:00:00.000",
        "end_date": "2018-09-29T21:00:00.000",
        "start_formatted": "September 29, 2018 12:00 PM",
        "end_formatted": "September 29, 2018 09:00 PM",
        "street_closure_type": "Sidewalk and Street Closure ",
        "community_board": "10, ",
        "police_precinct": "68, "
      }
    },
    {
      "type": "Feature",
      "geometry": {
        "type": "Point",
        "coordinates": [
          -73.9016365,
          40.813295999999994
        ]
      },
      "properties": {
        "event_id": "434287",
        "event_name": "MONTE ARMENIA CHURCH IN THE BLOCK",
        "event_type": "Block Party",
        "event_agency": "Street Activity Permit Office",
        "event_location": " AVENUE SAINT JOHN between SOUTHERN BOULEVARD and FOX STREET",
        "event_borough": "Bronx",
        "start_date": "2018-09-29T12:00:00.000",
        "end_date": "2018-09-29T17:00:00.000",
        "start_formatted": "September 29, 2018 12:00 PM",
        "end_formatted": "September 29, 2018 05:00 PM",
        "street_closure_type": "Full Street Closure ",
        "community_board": "2, ",
        "police_precinct": "41, "
      }
    },
    {
      "type": "Feature",
      "geometry": {
        "type": "Point",
        "coordinates": [
          -73.73967250000001,
          40.768007
        ]
      },
      "properties": {
        "event_id": "428785",
        "event_name": "248th Street",
        "event_type": "Block Party",
        "event_agency": "Street Activity Permit Office",
        "event_location": " 248 STREET between NORTHERN BOULEVARD and 43 AVENUE",
        "event_borough": "Queens",
        "start_date": "2018-09-29T12:00:00.000",
        "end_date": "2018-09-29T21:00:00.000",
        "start_formatted": "September 29, 2018 12:00 PM",
        "end_formatted": "September 29, 2018 09:00 PM",
        "street_closure_type": "Full Street Closure ",
        "community_board": "11, ",
        "police_precinct": "111, "
      }
    },
    {
      "type": "Feature",
      "geometry": {
        "type": "Point",
        "coordinates": [
          -73.976834,
          40.658687
        ]
      },
      "properties": {
        "event_id": "424743",
        "event_name": "16th Street Block Party",
        "event_type": "Block Party",
        "event_agency": "Street Activity Permit Office",
        "event_location": " 16 STREET between 10 AVENUE and 11 AVENUE",
        "event_borough": "Brooklyn",
        "start_date": "2018-09-29T11:30:00.000",
        "end_date": "2018-09-29T19:30:00.000",
        "start_formatted": "September 29, 2018 11:30 AM",
        "end_formatted": "September 29, 2018 07:30 PM",
        "street_closure_type": "Full Street Closure ",
        "community_board": "7, ",
        "police_precinct": "72, "
      }
    },
    {
      "type": "Feature",
      "geometry": {
        "type": "Point",
        "coordinates": [
          -73.94537600000001,
          40.819339
        ]
      },
      "properties": {
        "event_id": "433688",
        "event_name": "Children Fall Festival",
        "event_type": "Block Party",
        "event_agency": "Street Activity Permit Office",
        "event_location": " WEST  139 STREET between EDGECOMB AVENUE and 8 AVENUE",
        "event_borough": "Manhattan",
        "start_date": "2018-09-29T11:30:00.000",
        "end_date": "2018-09-29T17:00:00.000",
        "start_formatted": "September 29, 2018 11:30 AM",
        "end_formatted": "September 29, 2018 05:00 PM",
        "street_closure_type": "Full Street Closure ",
        "community_board": "10, ",
        "police_precinct": "32, "
      }
    },
    {
      "type": "Feature",
      "geometry": {
        "type": "Point",
        "coordinates": [
          -73.98376300000001,
          40.6662635
        ]
      },
      "properties": {
        "event_id": "425361",
        "event_name": "11th Street Block Party",
        "event_type": "Block Party",
        "event_agency": "Street Activity Permit Office",
        "event_location": " 11 STREET between 6 AVENUE and 7 AVENUE",
        "event_borough": "Brooklyn",
        "start_date": "2018-09-29T11:00:00.000",
        "end_date": "2018-09-29T18:00:00.000",
        "start_formatted": "September 29, 2018 11:00 AM",
        "end_formatted": "September 29, 2018 06:00 PM",
        "street_closure_type": "Full Street Closure ",
        "community_board": "6, ",
        "police_precinct": "78, "
      }
    },
    {
      "type": "Feature",
      "geometry": {
        "type": "Point",
        "coordinates": [
          -73.985697,
          40.6659315
        ]
      },
      "properties": {
        "event_id": "418178",
        "event_name": "6th Avenue Annual Block Party",
        "event_type": "Block Party",
        "event_agency": "Street Activity Permit Office",
        "event_location": " 6 AVENUE between 12 STREET and 13 STREET",
        "event_borough": "Brooklyn",
        "start_date": "2018-09-29T11:00:00.000",
        "end_date": "2018-09-29T20:00:00.000",
        "start_formatted": "September 29, 2018 11:00 AM",
        "end_formatted": "September 29, 2018 08:00 PM",
        "street_closure_type": "Full Street Closure ",
        "community_board": "6, ",
        "police_precinct": "78, "
      }
    },
    {
      "type": "Feature",
      "geometry": {
        "type": "Point",
        "coordinates": [
          -73.9893655,
          40.6715135
        ]
      },
      "properties": {
        "event_id": "429827",
        "event_name": "8th St Block Assn 2017 Fall Block Party",
        "event_type": "Block Party",
        "event_agency": "Street Activity Permit Office",
        "event_location": " 8 STREET between 3 AVENUE and 4 AVENUE",
        "event_borough": "Brooklyn",
        "start_date": "2018-09-29T11:00:00.000",
        "end_date": "2018-09-29T18:00:00.000",
        "start_formatted": "September 29, 2018 11:00 AM",
        "end_formatted": "September 29, 2018 06:00 PM",
        "street_closure_type": "Full Street Closure ",
        "community_board": "6, ",
        "police_precinct": "78, "
      }
    },
    {
      "type": "Feature",
      "geometry": {
        "type": "Point",
        "coordinates": [
          -74.002336,
          40.62003
        ]
      },
      "properties": {
        "event_id": "413836",
        "event_name": "Inaugural 72nd St. Block Party",
        "event_type": "Block Party",
        "event_agency": "Street Activity Permit Office",
        "event_location": " 72 STREET between 14 AVENUE and 15 AVENUE",
        "event_borough": "Brooklyn",
        "start_date": "2018-09-29T11:00:00.000",
        "end_date": "2018-09-29T19:00:00.000",
        "start_formatted": "September 29, 2018 11:00 AM",
        "end_formatted": "September 29, 2018 07:00 PM",
        "street_closure_type": "Sidewalk and Street Closure ",
        "community_board": "11, ",
        "police_precinct": "62, "
      }
    },
    {
      "type": "Feature",
      "geometry": {
        "type": "Point",
        "coordinates": [
          -73.9780315,
          40.6651825
        ]
      },
      "properties": {
        "event_id": "417196",
        "event_name": "9th Street Block Party",
        "event_type": "Block Party",
        "event_agency": "Street Activity Permit Office",
        "event_location": " 9 STREET between 8 AVENUE and PROSPECT PARK WEST",
        "event_borough": "Brooklyn",
        "start_date": "2018-09-29T11:00:00.000",
        "end_date": "2018-09-29T18:00:00.000",
        "start_formatted": "September 29, 2018 11:00 AM",
        "end_formatted": "September 29, 2018 06:00 PM",
        "street_closure_type": "Full Street Closure ",
        "community_board": "6, ",
        "police_precinct": "78, "
      }
    },
    {
      "type": "Feature",
      "geometry": {
        "type": "Point",
        "coordinates": [
          -73.918478,
          40.8122745
        ]
      },
      "properties": {
        "event_id": "419742",
        "event_name": "Mott Haven Celebration",
        "event_type": "Block Party",
        "event_agency": "Street Activity Permit Office",
        "event_location": " EAST  144 STREET between WILLIS AVENUE and BROOK AVENUE",
        "event_borough": "Bronx",
        "start_date": "2018-09-29T10:00:00.000",
        "end_date": "2018-09-29T14:00:00.000",
        "start_formatted": "September 29, 2018 10:00 AM",
        "end_formatted": "September 29, 2018 02:00 PM",
        "street_closure_type": "Full Street Closure ",
        "community_board": "1, ",
        "police_precinct": "40, "
      }
    },
    {
      "type": "Feature",
      "geometry": {
        "type": "Point",
        "coordinates": [
          -73.981751,
          40.668675
        ]
      },
      "properties": {
        "event_id": "422256",
        "event_name": "Block party",
        "event_type": "Block Party",
        "event_agency": "Street Activity Permit Office",
        "event_location": " 7 STREET between 6 AVENUE and 7 AVENUE",
        "event_borough": "Brooklyn",
        "start_date": "2018-09-29T10:00:00.000",
        "end_date": "2018-09-29T19:00:00.000",
        "start_formatted": "September 29, 2018 10:00 AM",
        "end_formatted": "September 29, 2018 07:00 PM",
        "street_closure_type": "Full Street Closure ",
        "community_board": "6, ",
        "police_precinct": "78, "
      }
    },
    {
      "type": "Feature",
      "geometry": {
        "type": "Point",
        "coordinates": [
          -73.90465499999999,
          40.670593499999995
        ]
      },
      "properties": {
        "event_id": "432859",
        "event_name": "souls for jesus",
        "event_type": "Block Party",
        "event_agency": "Street Activity Permit Office",
        "event_location": " PITKIN AVENUE between SACKMAN STREET and POWELL STREET",
        "event_borough": "Brooklyn",
        "start_date": "2018-09-29T10:00:00.000",
        "end_date": "2018-09-29T17:00:00.000",
        "start_formatted": "September 29, 2018 10:00 AM",
        "end_formatted": "September 29, 2018 05:00 PM",
        "street_closure_type": "Full Street Closure ",
        "community_board": "16, ",
        "police_precinct": "73, "
      }
    },
    {
      "type": "Feature",
      "geometry": {
        "type": "Point",
        "coordinates": [
          -73.954375,
          40.768011
        ]
      },
      "properties": {
        "event_id": "393414",
        "event_name": "Block Party ",
        "event_type": "Block Party",
        "event_agency": "Street Activity Permit Office",
        "event_location": " EAST   73 STREET between YORK AVENUE and 1 AVENUE",
        "event_borough": "Manhattan",
        "start_date": "2018-09-29T10:00:00.000",
        "end_date": "2018-09-29T16:00:00.000",
        "start_formatted": "September 29, 2018 10:00 AM",
        "end_formatted": "September 29, 2018 04:00 PM",
        "street_closure_type": "Full Street Closure ",
        "community_board": "8, ",
        "police_precinct": "19, "
      }
    },
    {
      "type": "Feature",
      "geometry": {
        "type": "Point",
        "coordinates": [
          -73.888758,
          40.858127499999995
        ]
      },
      "properties": {
        "event_id": "434658",
        "event_name": "stickball for Junior",
        "event_type": "Block Party",
        "event_agency": "Street Activity Permit Office",
        "event_location": " BATHGATE AVENUE between EAST  188 STREET and EAST  189 STREET",
        "event_borough": "Bronx",
        "start_date": "2018-09-29T10:00:00.000",
        "end_date": "2018-09-29T15:00:00.000",
        "start_formatted": "September 29, 2018 10:00 AM",
        "end_formatted": "September 29, 2018 03:00 PM",
        "street_closure_type": "Full Street Closure ",
        "community_board": "6, ",
        "police_precinct": "48, "
      }
    },
    {
      "type": "Feature",
      "geometry": {
        "type": "Point",
        "coordinates": [
          -73.905067,
          40.692485
        ]
      },
      "properties": {
        "event_id": "433459",
        "event_name": "Schaefer Block Party",
        "event_type": "Block Party",
        "event_agency": "Street Activity Permit Office",
        "event_location": " SCHAEFER STREET between IRVING AVENUE and KNICKERBOCKER AVENUE",
        "event_borough": "Brooklyn",
        "start_date": "2018-09-29T10:00:00.000",
        "end_date": "2018-09-29T17:30:00.000",
        "start_formatted": "September 29, 2018 10:00 AM",
        "end_formatted": "September 29, 2018 05:30 PM",
        "street_closure_type": "Full Street Closure ",
        "community_board": "4, ",
        "police_precinct": "83, "
      }
    },
    {
      "type": "Feature",
      "geometry": {
        "type": "Point",
        "coordinates": [
          -74.003876,
          40.653072
        ]
      },
      "properties": {
        "event_id": "432220",
        "event_name": "37th Street Block party",
        "event_type": "Block Party",
        "event_agency": "Street Activity Permit Office",
        "event_location": " 37 STREET between 4 AVENUE and 5 AVENUE",
        "event_borough": "Brooklyn",
        "start_date": "2018-09-29T10:00:00.000",
        "end_date": "2018-09-29T18:00:00.000",
        "start_formatted": "September 29, 2018 10:00 AM",
        "end_formatted": "September 29, 2018 06:00 PM",
        "street_closure_type": "Full Street Closure ",
        "community_board": "7, ",
        "police_precinct": "72, "
      }
    },
    {
      "type": "Feature",
      "geometry": {
        "type": "Point",
        "coordinates": [
          -73.9836105,
          40.670418
        ]
      },
      "properties": {
        "event_id": "434078",
        "event_name": "Fall Block Party",
        "event_type": "Block Party",
        "event_agency": "Street Activity Permit Office",
        "event_location": " 6 STREET between 5 AVENUE and 6 AVENUE",
        "event_borough": "Brooklyn",
        "start_date": "2018-09-29T09:30:00.000",
        "end_date": "2018-09-29T18:00:00.000",
        "start_formatted": "September 29, 2018 09:30 AM",
        "end_formatted": "September 29, 2018 06:00 PM",
        "street_closure_type": "Full Street Closure ",
        "community_board": "6, ",
        "police_precinct": "78, "
      }
    },
    {
      "type": "Feature",
      "geometry": {
        "type": "Point",
        "coordinates": [
          -73.994264,
          40.738009
        ]
      },
      "properties": {
        "event_id": "409108",
        "event_name": "Maroon and Blue Day",
        "event_type": "Block Party",
        "event_agency": "Street Activity Permit Office",
        "event_location": " WEST   16 STREET between 5 AVENUE and 6 AVENUE",
        "event_borough": "Manhattan",
        "start_date": "2018-09-28T10:00:00.000",
        "end_date": "2018-09-28T14:00:00.000",
        "start_formatted": "September 28, 2018 10:00 AM",
        "end_formatted": "September 28, 2018 02:00 PM",
        "street_closure_type": "Full Street Closure ",
        "community_board": "5, ",
        "police_precinct": "13, "
      }
    },
    {
      "type": "Feature",
      "geometry": {
        "type": "Point",
        "coordinates": [
          -73.9580975,
          40.6179615
        ]
      },
      "properties": {
        "event_id": "422030",
        "event_name": "Family Fun Extravaganza",
        "event_type": "Block Party",
        "event_agency": "Street Activity Permit Office",
        "event_location": " E 17  STREET between AVENUE  M and CEDAR STREET",
        "event_borough": "Brooklyn",
        "start_date": "2018-09-27T09:00:00.000",
        "end_date": "2018-09-27T17:00:00.000",
        "start_formatted": "September 27, 2018 09:00 AM",
        "end_formatted": "September 27, 2018 05:00 PM",
        "street_closure_type": "Full Street Closure ",
        "community_board": "14, ",
        "police_precinct": "70, "
      }
    },
    {
      "type": "Feature",
      "geometry": {
        "type": "Point",
        "coordinates": [
          -73.98680999999999,
          40.641852
        ]
      },
      "properties": {
        "event_id": "435826",
        "event_name": "Community Appreciation Fair",
        "event_type": "Block Party",
        "event_agency": "Street Activity Permit Office",
        "event_location": " 38 STREET between 12 AVENUE and 13 AVENUE",
        "event_borough": "Brooklyn",
        "start_date": "2018-09-27T09:00:00.000",
        "end_date": "2018-09-27T17:00:00.000",
        "start_formatted": "September 27, 2018 09:00 AM",
        "end_formatted": "September 27, 2018 05:00 PM",
        "street_closure_type": "Full Street Closure ",
        "community_board": "12, ",
        "police_precinct": "66, "
      }
    },
    {
      "type": "Feature",
      "geometry": {
        "type": "Point",
        "coordinates": [
          -73.9852465,
          40.624041
        ]
      },
      "properties": {
        "event_id": "417029",
        "event_name": "Sukkos Childrens Celebration",
        "event_type": "Block Party",
        "event_agency": "Street Activity Permit Office",
        "event_location": " 18 AVENUE between 56 STREET and 57 STREET",
        "event_borough": "Brooklyn",
        "start_date": "2018-09-26T09:00:00.000",
        "end_date": "2018-09-26T16:00:00.000",
        "start_formatted": "September 26, 2018 09:00 AM",
        "end_formatted": "September 26, 2018 04:00 PM",
        "street_closure_type": "Full Street Closure ",
        "community_board": "12, ",
        "police_precinct": "66, "
      }
    },
    {
      "type": "Feature",
      "geometry": {
        "type": "Point",
        "coordinates": [
          -73.98117450000001,
          40.775889
        ]
      },
      "properties": {
        "event_id": "428634",
        "event_name": "West 69th Street Block Party",
        "event_type": "Block Party",
        "event_agency": "Street Activity Permit Office",
        "event_location": " WEST   69 STREET between COLUMBUS AVENUE and BROADWAY",
        "event_borough": "Manhattan",
        "start_date": "2018-09-23T13:00:00.000",
        "end_date": "2018-09-23T19:00:00.000",
        "start_formatted": "September 23, 2018 01:00 PM",
        "end_formatted": "September 23, 2018 07:00 PM",
        "street_closure_type": "Full Sidewalk Closure ",
        "community_board": "7, ",
        "police_precinct": "20, "
      }
    },
    {
      "type": "Feature",
      "geometry": {
        "type": "Point",
        "coordinates": [
          -73.924658,
          40.76491
        ]
      },
      "properties": {
        "event_id": "431136",
        "event_name": "Holy Cross Ukrainian Heritage Culture Day",
        "event_type": "Block Party",
        "event_agency": "Street Activity Permit Office",
        "event_location": " 31 AVENUE between 29 STREET and 30 STREET",
        "event_borough": "Queens",
        "start_date": "2018-09-23T12:00:00.000",
        "end_date": "2018-09-23T18:00:00.000",
        "start_formatted": "September 23, 2018 12:00 PM",
        "end_formatted": "September 23, 2018 06:00 PM",
        "street_closure_type": "Full Street Closure ",
        "community_board": "1, ",
        "police_precinct": "114, "
      }
    },
    {
      "type": "Feature",
      "geometry": {
        "type": "Point",
        "coordinates": [
          -73.979806,
          40.658497999999994
        ]
      },
      "properties": {
        "event_id": "425737",
        "event_name": "Fuller Place Block Party ",
        "event_type": "Block Party",
        "event_agency": "Street Activity Permit Office",
        "event_location": " FULLER PLACE between WINDSOR PLACE and PROSPECT AVENUE",
        "event_borough": "Brooklyn",
        "start_date": "2018-09-23T12:00:00.000",
        "end_date": "2018-09-23T21:00:00.000",
        "start_formatted": "September 23, 2018 12:00 PM",
        "end_formatted": "September 23, 2018 09:00 PM",
        "street_closure_type": "Full Street Closure ",
        "community_board": "7, ",
        "police_precinct": "72, "
      }
    },
    {
      "type": "Feature",
      "geometry": {
        "type": "Point",
        "coordinates": [
          -74.006845,
          40.6277605
        ]
      },
      "properties": {
        "event_id": "419646",
        "event_name": "St. George Block Party",
        "event_type": "Block Party",
        "event_agency": "Street Activity Permit Office",
        "event_location": " 11 AVENUE between 66 STREET and 67 STREET",
        "event_borough": "Brooklyn",
        "start_date": "2018-09-23T11:00:00.000",
        "end_date": "2018-09-23T19:00:00.000",
        "start_formatted": "September 23, 2018 11:00 AM",
        "end_formatted": "September 23, 2018 07:00 PM",
        "street_closure_type": "Full Street Closure ",
        "community_board": "10, ",
        "police_precinct": "68, "
      }
    },
    {
      "type": "Feature",
      "geometry": {
        "type": "Point",
        "coordinates": [
          -73.986625,
          40.666803
        ]
      },
      "properties": {
        "event_id": "431843",
        "event_name": "12th Street Block Party",
        "event_type": "Block Party",
        "event_agency": "Street Activity Permit Office",
        "event_location": " 12 STREET between 5 AVENUE and 6 AVENUE",
        "event_borough": "Brooklyn",
        "start_date": "2018-09-23T11:00:00.000",
        "end_date": "2018-09-23T18:00:00.000",
        "start_formatted": "September 23, 2018 11:00 AM",
        "end_formatted": "September 23, 2018 06:00 PM",
        "street_closure_type": "Full Street Closure ",
        "community_board": "6, ",
        "police_precinct": "78, "
      }
    },
    {
      "type": "Feature",
      "geometry": {
        "type": "Point",
        "coordinates": [
          -73.9765265,
          40.6669955
        ]
      },
      "properties": {
        "event_id": "432471",
        "event_name": "6th Street Fall Block Party 2018",
        "event_type": "Block Party",
        "event_agency": "Street Activity Permit Office",
        "event_location": " 6 STREET between 8 AVENUE and PROSPECT PARK WEST",
        "event_borough": "Brooklyn",
        "start_date": "2018-09-23T11:00:00.000",
        "end_date": "2018-09-23T18:00:00.000",
        "start_formatted": "September 23, 2018 11:00 AM",
        "end_formatted": "September 23, 2018 06:00 PM",
        "street_closure_type": "Full Street Closure ",
        "community_board": "6, ",
        "police_precinct": "78, "
      }
    },
    {
      "type": "Feature",
      "geometry": {
        "type": "Point",
        "coordinates": [
          -73.950136,
          40.773817
        ]
      },
      "properties": {
        "event_id": "385816",
        "event_name": "Saint Stephen of Hungary School 90th Year Celebration Street Fair",
        "event_type": "Block Party",
        "event_agency": "Street Activity Permit Office",
        "event_location": " EAST   82 STREET between 1 AVENUE and YORK AVENUE",
        "event_borough": "Manhattan",
        "start_date": "2018-09-23T11:00:00.000",
        "end_date": "2018-09-23T16:00:00.000",
        "start_formatted": "September 23, 2018 11:00 AM",
        "end_formatted": "September 23, 2018 04:00 PM",
        "street_closure_type": "Full Street Closure ",
        "community_board": "8, ",
        "police_precinct": "19, "
      }
    },
    {
      "type": "Feature",
      "geometry": {
        "type": "Point",
        "coordinates": [
          -73.9506885,
          40.768951
        ]
      },
      "properties": {
        "event_id": "390471",
        "event_name": "Town-Fest",
        "event_type": "Block Party",
        "event_agency": "Street Activity Permit Office",
        "event_location": " EAST   76 STREET between YORK AVENUE and DEAD END",
        "event_borough": "Manhattan",
        "start_date": "2018-09-23T11:00:00.000",
        "end_date": "2018-09-23T16:30:00.000",
        "start_formatted": "September 23, 2018 11:00 AM",
        "end_formatted": "September 23, 2018 04:30 PM",
        "street_closure_type": "Full Street Closure ",
        "community_board": "8, ",
        "police_precinct": "19, "
      }
    },
    {
      "type": "Feature",
      "geometry": {
        "type": "Point",
        "coordinates": [
          -74.00442749999999,
          40.630084
        ]
      },
      "properties": {
        "event_id": "419646",
        "event_name": "St. George Block Party",
        "event_type": "Block Party",
        "event_agency": "Street Activity Permit Office",
        "event_location": " 11 AVENUE between 62 STREET and 63 STREET",
        "event_borough": "Brooklyn",
        "start_date": "2018-09-23T11:00:00.000",
        "end_date": "2018-09-23T19:00:00.000",
        "start_formatted": "September 23, 2018 11:00 AM",
        "end_formatted": "September 23, 2018 07:00 PM",
        "street_closure_type": "Full Street Closure ",
        "community_board": "10, ",
        "police_precinct": "68, "
      }
    },
    {
      "type": "Feature",
      "geometry": {
        "type": "Point",
        "coordinates": [
          -73.945385,
          40.643455
        ]
      },
      "properties": {
        "event_id": "435227",
        "event_name": "International Sunday",
        "event_type": "Block Party",
        "event_agency": "Street Activity Permit Office",
        "event_location": " CLARENDON ROAD between NEW YORK AVENUE and EAST   34 STREET",
        "event_borough": "Brooklyn",
        "start_date": "2018-09-23T10:30:00.000",
        "end_date": "2018-09-23T17:00:00.000",
        "start_formatted": "September 23, 2018 10:30 AM",
        "end_formatted": "September 23, 2018 05:00 PM",
        "street_closure_type": "Full Street Closure ",
        "community_board": "17, ",
        "police_precinct": "67, "
      }
    },
    {
      "type": "Feature",
      "geometry": {
        "type": "Point",
        "coordinates": [
          -74.01404600000001,
          40.63635
        ]
      },
      "properties": {
        "event_id": "431246",
        "event_name": "Mid-Autumn Moon Festival ",
        "event_type": "Block Party",
        "event_agency": "Street Activity Permit Office",
        "event_location": " 62 STREET between 6 AVENUE and 7 AVENUE",
        "event_borough": "Brooklyn",
        "start_date": "2018-09-23T09:30:00.000",
        "end_date": "2018-09-23T16:00:00.000",
        "start_formatted": "September 23, 2018 09:30 AM",
        "end_formatted": "September 23, 2018 04:00 PM",
        "street_closure_type": "Full Street Closure ",
        "community_board": "7, ",
        "police_precinct": "72, "
      }
    },
    {
      "type": "Feature",
      "geometry": {
        "type": "Point",
        "coordinates": [
          -74.00286299999999,
          40.725873
        ]
      },
      "properties": {
        "event_id": "429757",
        "event_name": "Soho Block Party",
        "event_type": "Block Party",
        "event_agency": "Street Activity Permit Office",
        "event_location": " SULLIVAN STREET between PRINCE STREET and SPRING STREET",
        "event_borough": "Manhattan",
        "start_date": "2018-09-22T14:00:00.000",
        "end_date": "2018-09-22T18:00:00.000",
        "start_formatted": "September 22, 2018 02:00 PM",
        "end_formatted": "September 22, 2018 06:00 PM",
        "street_closure_type": "Full Street Closure ",
        "community_board": "2, ",
        "police_precinct": "1, "
      }
    },
    {
      "type": "Feature",
      "geometry": {
        "type": "Point",
        "coordinates": [
          -73.97377850000001,
          40.67461
        ]
      },
      "properties": {
        "event_id": "439102",
        "event_name": "Berkeley Place Block Party",
        "event_type": "Block Party",
        "event_agency": "Street Activity Permit Office",
        "event_location": " BERKELEY PLACE between 7 AVENUE and 8 AVENUE",
        "event_borough": "Brooklyn",
        "start_date": "2018-09-22T13:00:00.000",
        "end_date": "2018-09-22T20:00:00.000",
        "start_formatted": "September 22, 2018 01:00 PM",
        "end_formatted": "September 22, 2018 08:00 PM",
        "street_closure_type": "Full Street Closure ",
        "community_board": "6, ",
        "police_precinct": "78, "
      }
    },
    {
      "type": "Feature",
      "geometry": {
        "type": "Point",
        "coordinates": [
          -74.113742,
          40.626018
        ]
      },
      "properties": {
        "event_id": "434029",
        "event_name": "Colonial Court Block Party",
        "event_type": "Block Party",
        "event_agency": "Street Activity Permit Office",
        "event_location": " COLONIAL COURT between BROADWAY and DEAD END",
        "event_borough": "Staten Island",
        "start_date": "2018-09-22T13:00:00.000",
        "end_date": "2018-09-22T21:00:00.000",
        "start_formatted": "September 22, 2018 01:00 PM",
        "end_formatted": "September 22, 2018 09:00 PM",
        "street_closure_type": "Full Street Closure ",
        "community_board": "1, ",
        "police_precinct": "120, "
      }
    },
    {
      "type": "Feature",
      "geometry": {
        "type": "Point",
        "coordinates": [
          -73.9647225,
          40.647761
        ]
      },
      "properties": {
        "event_id": "425866",
        "event_name": "Prospect Park South Block Party",
        "event_type": "Block Party",
        "event_agency": "Street Activity Permit Office",
        "event_location": " BUCKINGHAM ROAD between ALBERMARLE ROAD and CHURCH AVENUE",
        "event_borough": "Brooklyn",
        "start_date": "2018-09-22T13:00:00.000",
        "end_date": "2018-09-22T18:00:00.000",
        "start_formatted": "September 22, 2018 01:00 PM",
        "end_formatted": "September 22, 2018 06:00 PM",
        "street_closure_type": "Full Street Closure ",
        "community_board": "14, ",
        "police_precinct": "70, "
      }
    },
    {
      "type": "Feature",
      "geometry": {
        "type": "Point",
        "coordinates": [
          -73.8500525,
          40.708194000000006
        ]
      },
      "properties": {
        "event_id": "427216",
        "event_name": "Gods Work Our Hands",
        "event_type": "Block Party",
        "event_agency": "Street Activity Permit Office",
        "event_location": " UNION TURNPIKE between 71 DRIVE and 71 ROAD",
        "event_borough": "Queens",
        "start_date": "2018-09-22T12:30:00.000",
        "end_date": "2018-09-22T15:30:00.000",
        "start_formatted": "September 22, 2018 12:30 PM",
        "end_formatted": "September 22, 2018 03:30 PM",
        "street_closure_type": "Sidewalk and Street Closure ",
        "community_board": "6, 82, ",
        "police_precinct": "102, 112, "
      }
    },
    {
      "type": "Feature",
      "geometry": {
        "type": "Point",
        "coordinates": [
          -74.024159,
          40.629405
        ]
      },
      "properties": {
        "event_id": "431770",
        "event_name": "76th Street Block Party",
        "event_type": "Block Party",
        "event_agency": "Street Activity Permit Office",
        "event_location": " 76 STREET between 4 AVENUE and 5 AVENUE",
        "event_borough": "Brooklyn",
        "start_date": "2018-09-22T12:30:00.000",
        "end_date": "2018-09-22T21:00:00.000",
        "start_formatted": "September 22, 2018 12:30 PM",
        "end_formatted": "September 22, 2018 09:00 PM",
        "street_closure_type": "Full Street Closure ",
        "community_board": "10, ",
        "police_precinct": "68, "
      }
    },
    {
      "type": "Feature",
      "geometry": {
        "type": "Point",
        "coordinates": [
          -73.786231,
          40.777055000000004
        ]
      },
      "properties": {
        "event_id": "418710",
        "event_name": "207 th Street Block Party",
        "event_type": "Block Party",
        "event_agency": "Street Activity Permit Office",
        "event_location": " 207 STREET between 26 AVENUE and 23 AVENUE",
        "event_borough": "Queens",
        "start_date": "2018-09-22T12:00:00.000",
        "end_date": "2018-09-22T20:00:00.000",
        "start_formatted": "September 22, 2018 12:00 PM",
        "end_formatted": "September 22, 2018 08:00 PM",
        "street_closure_type": "Full Street Closure ",
        "community_board": "7, ",
        "police_precinct": "109, "
      }
    },
    {
      "type": "Feature",
      "geometry": {
        "type": "Point",
        "coordinates": [
          -73.966721,
          40.7075635
        ]
      },
      "properties": {
        "event_id": "432632",
        "event_name": "South Eleventh Street Tenants Association Block Party",
        "event_type": "Block Party",
        "event_agency": "Street Activity Permit Office",
        "event_location": " SOUTH   11 STREET between WYTHE AVENUE and BERRY STREET",
        "event_borough": "Brooklyn",
        "start_date": "2018-09-22T12:00:00.000",
        "end_date": "2018-09-22T17:00:00.000",
        "start_formatted": "September 22, 2018 12:00 PM",
        "end_formatted": "September 22, 2018 05:00 PM",
        "street_closure_type": "Full Street Closure ",
        "community_board": "1, ",
        "police_precinct": "90, "
      }
    },
    {
      "type": "Feature",
      "geometry": {
        "type": "Point",
        "coordinates": [
          -73.9465675,
          40.645281
        ]
      },
      "properties": {
        "event_id": "432066",
        "event_name": "September Block Party",
        "event_type": "Block Party",
        "event_agency": "Street Activity Permit Office",
        "event_location": " BEVERLEY ROAD between EAST   32 STREET and NEW YORK AVENUE",
        "event_borough": "Brooklyn",
        "start_date": "2018-09-22T12:00:00.000",
        "end_date": "2018-09-22T18:00:00.000",
        "start_formatted": "September 22, 2018 12:00 PM",
        "end_formatted": "September 22, 2018 06:00 PM",
        "street_closure_type": "Full Street Closure ",
        "community_board": "17, ",
        "police_precinct": "67, "
      }
    },
    {
      "type": "Feature",
      "geometry": {
        "type": "Point",
        "coordinates": [
          -73.884023,
          40.7047035
        ]
      },
      "properties": {
        "event_id": "432689",
        "event_name": "Block Party",
        "event_type": "Block Party",
        "event_agency": "Street Activity Permit Office",
        "event_location": " 69 STREET between 70 AVENUE and CENTRAL AVENUE",
        "event_borough": "Queens",
        "start_date": "2018-09-22T12:00:00.000",
        "end_date": "2018-09-22T21:00:00.000",
        "start_formatted": "September 22, 2018 12:00 PM",
        "end_formatted": "September 22, 2018 09:00 PM",
        "street_closure_type": "Full Street Closure ",
        "community_board": "5, ",
        "police_precinct": "104, "
      }
    },
    {
      "type": "Feature",
      "geometry": {
        "type": "Point",
        "coordinates": [
          -73.837608,
          40.698816
        ]
      },
      "properties": {
        "event_id": "432273",
        "event_name": "Holy Child Jesus Block Party",
        "event_type": "Block Party",
        "event_agency": "Street Activity Permit Office",
        "event_location": " 86 AVENUE between 111 STREET and 112 STREET",
        "event_borough": "Queens",
        "start_date": "2018-09-22T12:00:00.000",
        "end_date": "2018-09-22T19:00:00.000",
        "start_formatted": "September 22, 2018 12:00 PM",
        "end_formatted": "September 22, 2018 07:00 PM",
        "street_closure_type": "Full Street Closure ",
        "community_board": "9, ",
        "police_precinct": "102, "
      }
    },
    {
      "type": "Feature",
      "geometry": {
        "type": "Point",
        "coordinates": [
          -73.993495,
          40.6109065
        ]
      },
      "properties": {
        "event_id": "420940",
        "event_name": "76th St Annual Block Party",
        "event_type": "Block Party",
        "event_agency": "Street Activity Permit Office",
        "event_location": " 76 STREET between 19 AVENUE and 20 AVENUE",
        "event_borough": "Brooklyn",
        "start_date": "2018-09-22T12:00:00.000",
        "end_date": "2018-09-22T19:00:00.000",
        "start_formatted": "September 22, 2018 12:00 PM",
        "end_formatted": "September 22, 2018 07:00 PM",
        "street_closure_type": "Full Street Closure ",
        "community_board": "11, ",
        "police_precinct": "62, "
      }
    },
    {
      "type": "Feature",
      "geometry": {
        "type": "Point",
        "coordinates": [
          -73.9841135,
          40.6698155
        ]
      },
      "properties": {
        "event_id": "432367",
        "event_name": "Block Party",
        "event_type": "Block Party",
        "event_agency": "Street Activity Permit Office",
        "event_location": " 7 STREET between 5 AVENUE and 6 AVENUE",
        "event_borough": "Brooklyn",
        "start_date": "2018-09-22T12:00:00.000",
        "end_date": "2018-09-22T18:00:00.000",
        "start_formatted": "September 22, 2018 12:00 PM",
        "end_formatted": "September 22, 2018 06:00 PM",
        "street_closure_type": "Full Street Closure ",
        "community_board": "6, ",
        "police_precinct": "78, "
      }
    },
    {
      "type": "Feature",
      "geometry": {
        "type": "Point",
        "coordinates": [
          -73.91602499999999,
          40.6675915
        ]
      },
      "properties": {
        "event_id": "429102",
        "event_name": "Strauss Street Block Party",
        "event_type": "Block Party",
        "event_agency": "Street Activity Permit Office",
        "event_location": " STRAUSS STREET between PITKIN AVENUE and SUTTER AVENUE",
        "event_borough": "Brooklyn",
        "start_date": "2018-09-22T12:00:00.000",
        "end_date": "2018-09-22T18:00:00.000",
        "start_formatted": "September 22, 2018 12:00 PM",
        "end_formatted": "September 22, 2018 06:00 PM",
        "street_closure_type": "Sidewalk and Street Closure ",
        "community_board": "16, ",
        "police_precinct": "73, "
      }
    },
    {
      "type": "Feature",
      "geometry": {
        "type": "Point",
        "coordinates": [
          -73.849513,
          40.696223
        ]
      },
      "properties": {
        "event_id": "419487",
        "event_name": "All Saints Church International Food Fair",
        "event_type": "Block Party",
        "event_agency": "Street Activity Permit Office",
        "event_location": " 96 STREET between 85 ROAD and 86 AVENUE",
        "event_borough": "Queens",
        "start_date": "2018-09-22T12:00:00.000",
        "end_date": "2018-09-22T17:00:00.000",
        "start_formatted": "September 22, 2018 12:00 PM",
        "end_formatted": "September 22, 2018 05:00 PM",
        "street_closure_type": "Full Street Closure ",
        "community_board": "9, ",
        "police_precinct": "102, "
      }
    },
    {
      "type": "Feature",
      "geometry": {
        "type": "Point",
        "coordinates": [
          -73.905663,
          40.657382
        ]
      },
      "properties": {
        "event_id": "428211",
        "event_name": "Block Party",
        "event_type": "Block Party",
        "event_agency": "Street Activity Permit Office",
        "event_location": " OSBORN STREET between HEGEMAN AVENUE and LOTT AVENUE",
        "event_borough": "Brooklyn",
        "start_date": "2018-09-22T11:30:00.000",
        "end_date": "2018-09-22T19:00:00.000",
        "start_formatted": "September 22, 2018 11:30 AM",
        "end_formatted": "September 22, 2018 07:00 PM",
        "street_closure_type": "Full Street Closure ",
        "community_board": "16, ",
        "police_precinct": "73, "
      }
    },
    {
      "type": "Feature",
      "geometry": {
        "type": "Point",
        "coordinates": [
          -73.9810975,
          40.6734285
        ]
      },
      "properties": {
        "event_id": "424002",
        "event_name": "Autumn Block Party 2017",
        "event_type": "Block Party",
        "event_agency": "Street Activity Permit Office",
        "event_location": " 1 STREET between 5 AVENUE and 6 AVENUE",
        "event_borough": "Brooklyn",
        "start_date": "2018-09-22T11:00:00.000",
        "end_date": "2018-09-22T18:00:00.000",
        "start_formatted": "September 22, 2018 11:00 AM",
        "end_formatted": "September 22, 2018 06:00 PM",
        "street_closure_type": "Full Street Closure ",
        "community_board": "6, ",
        "police_precinct": "78, "
      }
    },
    {
      "type": "Feature",
      "geometry": {
        "type": "Point",
        "coordinates": [
          -74.1324405,
          40.619464
        ]
      },
      "properties": {
        "event_id": "430699",
        "event_name": "Wardwell Avenue Block Party",
        "event_type": "Block Party",
        "event_agency": "Street Activity Permit Office",
        "event_location": " WARDWELL AVENUE between THE BOULEVARD and MAINE AVENUE",
        "event_borough": "Staten Island",
        "start_date": "2018-09-22T11:00:00.000",
        "end_date": "2018-09-22T20:00:00.000",
        "start_formatted": "September 22, 2018 11:00 AM",
        "end_formatted": "September 22, 2018 08:00 PM",
        "street_closure_type": "Sidewalk and Street Closure ",
        "community_board": "1, ",
        "police_precinct": "120, "
      }
    },
    {
      "type": "Feature",
      "geometry": {
        "type": "Point",
        "coordinates": [
          -73.991928,
          40.6785515
        ]
      },
      "properties": {
        "event_id": "420881",
        "event_name": "8th Annual First Street Block Party",
        "event_type": "Block Party",
        "event_agency": "Street Activity Permit Office",
        "event_location": " 1 STREET between HOYT STREET and BOND STREET",
        "event_borough": "Brooklyn",
        "start_date": "2018-09-22T11:00:00.000",
        "end_date": "2018-09-22T18:00:00.000",
        "start_formatted": "September 22, 2018 11:00 AM",
        "end_formatted": "September 22, 2018 06:00 PM",
        "street_closure_type": "Full Street Closure ",
        "community_board": "6, ",
        "police_precinct": "76, "
      }
    },
    {
      "type": "Feature",
      "geometry": {
        "type": "Point",
        "coordinates": [
          -73.9795355,
          40.6633755
        ]
      },
      "properties": {
        "event_id": "430672",
        "event_name": "12th Street Block Party",
        "event_type": "Block Party",
        "event_agency": "Street Activity Permit Office",
        "event_location": " 12 STREET between 8 AVENUE and PROSPECT PARK WEST",
        "event_borough": "Brooklyn",
        "start_date": "2018-09-22T11:00:00.000",
        "end_date": "2018-09-22T18:00:00.000",
        "start_formatted": "September 22, 2018 11:00 AM",
        "end_formatted": "September 22, 2018 06:00 PM",
        "street_closure_type": "Full Street Closure ",
        "community_board": "6, ",
        "police_precinct": "78, "
      }
    },
    {
      "type": "Feature",
      "geometry": {
        "type": "Point",
        "coordinates": [
          -73.9085765,
          40.682947
        ]
      },
      "properties": {
        "event_id": "423364",
        "event_name": "Pilling Street Block Party",
        "event_type": "Block Party",
        "event_agency": "Street Activity Permit Office",
        "event_location": " PILLING STREET between BROADWAY and BUSHWICK AVENUE",
        "event_borough": "Brooklyn",
        "start_date": "2018-09-22T11:00:00.000",
        "end_date": "2018-09-22T20:00:00.000",
        "start_formatted": "September 22, 2018 11:00 AM",
        "end_formatted": "September 22, 2018 08:00 PM",
        "street_closure_type": "Full Street Closure ",
        "community_board": "4, ",
        "police_precinct": "83, "
      }
    },
    {
      "type": "Feature",
      "geometry": {
        "type": "Point",
        "coordinates": [
          -73.90215749999999,
          40.701897
        ]
      },
      "properties": {
        "event_id": "415774",
        "event_name": "Saint Matthias Parish Picnic",
        "event_type": "Block Party",
        "event_agency": "Street Activity Permit Office",
        "event_location": " CATALPA AVENUE between ONDERDONK AVENUE and WOODWARD AVENUE",
        "event_borough": "Queens",
        "start_date": "2018-09-22T11:00:00.000",
        "end_date": "2018-09-22T16:00:00.000",
        "start_formatted": "September 22, 2018 11:00 AM",
        "end_formatted": "September 22, 2018 04:00 PM",
        "street_closure_type": "Sidewalk and Street Closure ",
        "community_board": "5, ",
        "police_precinct": "104, "
      }
    },
    {
      "type": "Feature",
      "geometry": {
        "type": "Point",
        "coordinates": [
          -73.986122,
          40.667404
        ]
      },
      "properties": {
        "event_id": "409860",
        "event_name": "11th Street Block Party",
        "event_type": "Block Party",
        "event_agency": "Street Activity Permit Office",
        "event_location": " 11 STREET between 5 AVENUE and 6 AVENUE",
        "event_borough": "Brooklyn",
        "start_date": "2018-09-22T11:00:00.000",
        "end_date": "2018-09-22T18:00:00.000",
        "start_formatted": "September 22, 2018 11:00 AM",
        "end_formatted": "September 22, 2018 06:00 PM",
        "street_closure_type": "Full Street Closure ",
        "community_board": "6, ",
        "police_precinct": "78, "
      }
    },
    {
      "type": "Feature",
      "geometry": {
        "type": "Point",
        "coordinates": [
          -73.975849,
          40.6762205
        ]
      },
      "properties": {
        "event_id": "432710",
        "event_name": "Lincoln Place Block Association",
        "event_type": "Block Party",
        "event_agency": "Street Activity Permit Office",
        "event_location": " LINCOLN PLACE between 7 AVENUE and 6 AVENUE",
        "event_borough": "Brooklyn",
        "start_date": "2018-09-22T11:00:00.000",
        "end_date": "2018-09-22T18:00:00.000",
        "start_formatted": "September 22, 2018 11:00 AM",
        "end_formatted": "September 22, 2018 06:00 PM",
        "street_closure_type": "Full Street Closure ",
        "community_board": "6, ",
        "police_precinct": "78, "
      }
    },
    {
      "type": "Feature",
      "geometry": {
        "type": "Point",
        "coordinates": [
          -73.98124949999999,
          40.669275999999996
        ]
      },
      "properties": {
        "event_id": "431729",
        "event_name": "400 6th Street Block Assn. Block Party",
        "event_type": "Block Party",
        "event_agency": "Street Activity Permit Office",
        "event_location": " 6 STREET between 6 AVENUE and 7 AVENUE",
        "event_borough": "Brooklyn",
        "start_date": "2018-09-22T11:00:00.000",
        "end_date": "2018-09-22T18:00:00.000",
        "start_formatted": "September 22, 2018 11:00 AM",
        "end_formatted": "September 22, 2018 06:00 PM",
        "street_closure_type": "Full Street Closure ",
        "community_board": "6, ",
        "police_precinct": "78, "
      }
    },
    {
      "type": "Feature",
      "geometry": {
        "type": "Point",
        "coordinates": [
          -74.00101849999999,
          40.686487
        ]
      },
      "properties": {
        "event_id": "424992",
        "event_name": "Tiffany Place Block Party",
        "event_type": "Block Party",
        "event_agency": "Street Activity Permit Office",
        "event_location": " TIFFANY PLACE between KANE STREET and DE GRAW STREET",
        "event_borough": "Brooklyn",
        "start_date": "2018-09-22T11:00:00.000",
        "end_date": "2018-09-22T18:00:00.000",
        "start_formatted": "September 22, 2018 11:00 AM",
        "end_formatted": "September 22, 2018 06:00 PM",
        "street_closure_type": "Full Street Closure ",
        "community_board": "6, ",
        "police_precinct": "76, "
      }
    },
    {
      "type": "Feature",
      "geometry": {
        "type": "Point",
        "coordinates": [
          -73.9839915,
          40.6739865
        ]
      },
      "properties": {
        "event_id": "428943",
        "event_name": "2nd Street Block Party",
        "event_type": "Block Party",
        "event_agency": "Street Activity Permit Office",
        "event_location": " 2 STREET between 5 AVENUE and 4 AVENUE",
        "event_borough": "Brooklyn",
        "start_date": "2018-09-22T11:00:00.000",
        "end_date": "2018-09-22T18:00:00.000",
        "start_formatted": "September 22, 2018 11:00 AM",
        "end_formatted": "September 22, 2018 06:00 PM",
        "street_closure_type": "Full Street Closure ",
        "community_board": "6, ",
        "police_precinct": "78, "
      }
    },
    {
      "type": "Feature",
      "geometry": {
        "type": "Point",
        "coordinates": [
          -74.0020065,
          40.684872999999996
        ]
      },
      "properties": {
        "event_id": "430596",
        "event_name": "Sackett Street Block Party 2018",
        "event_type": "Block Party",
        "event_agency": "Street Activity Permit Office",
        "event_location": " SACKETT STREET between HICKS STREET and COLUMBIA STREET",
        "event_borough": "Brooklyn",
        "start_date": "2018-09-22T11:00:00.000",
        "end_date": "2018-09-22T20:00:00.000",
        "start_formatted": "September 22, 2018 11:00 AM",
        "end_formatted": "September 22, 2018 08:00 PM",
        "street_closure_type": "Full Street Closure ",
        "community_board": "6, ",
        "police_precinct": "76, "
      }
    },
    {
      "type": "Feature",
      "geometry": {
        "type": "Point",
        "coordinates": [
          -73.9802435,
          40.6704805
        ]
      },
      "properties": {
        "event_id": "419765",
        "event_name": "4th Street Block Party",
        "event_type": "Block Party",
        "event_agency": "Street Activity Permit Office",
        "event_location": " 4 STREET between 7 AVENUE and 6 AVENUE",
        "event_borough": "Brooklyn",
        "start_date": "2018-09-22T11:00:00.000",
        "end_date": "2018-09-22T18:00:00.000",
        "start_formatted": "September 22, 2018 11:00 AM",
        "end_formatted": "September 22, 2018 06:00 PM",
        "street_closure_type": "Full Street Closure ",
        "community_board": "6, ",
        "police_precinct": "78, "
      }
    },
    {
      "type": "Feature",
      "geometry": {
        "type": "Point",
        "coordinates": [
          -73.918059,
          40.6802135
        ]
      },
      "properties": {
        "event_id": "432093",
        "event_name": "Back to School Street Festival",
        "event_type": "Block Party",
        "event_agency": "Street Activity Permit Office",
        "event_location": " SUMPTER STREET between HOWARD AVENUE and SARATOGA AVENUE",
        "event_borough": "Brooklyn",
        "start_date": "2018-09-22T11:00:00.000",
        "end_date": "2018-09-22T16:00:00.000",
        "start_formatted": "September 22, 2018 11:00 AM",
        "end_formatted": "September 22, 2018 04:00 PM",
        "street_closure_type": "Full Street Closure ",
        "community_board": "3, ",
        "police_precinct": "81, "
      }
    },
    {
      "type": "Feature",
      "geometry": {
        "type": "Point",
        "coordinates": [
          -74.01130549999999,
          40.67527
        ]
      },
      "properties": {
        "event_id": "436866",
        "event_name": "3rd Annual Dikeman St. Block party ",
        "event_type": "Block Party",
        "event_agency": "Street Activity Permit Office",
        "event_location": " DIKEMAN STREET between RICHARDS STREET and DWIGHT STREET",
        "event_borough": "Brooklyn",
        "start_date": "2018-09-22T11:00:00.000",
        "end_date": "2018-09-22T18:00:00.000",
        "start_formatted": "September 22, 2018 11:00 AM",
        "end_formatted": "September 22, 2018 06:00 PM",
        "street_closure_type": "Full Street Closure ",
        "community_board": "6, ",
        "police_precinct": "76, "
      }
    },
    {
      "type": "Feature",
      "geometry": {
        "type": "Point",
        "coordinates": [
          -73.910075,
          40.683803
        ]
      },
      "properties": {
        "event_id": "429219",
        "event_name": "1st Moffat Street Block Association Block Party",
        "event_type": "Block Party",
        "event_agency": "Street Activity Permit Office",
        "event_location": " MOFFAT STREET between BUSHWICK AVENUE and BROADWAY",
        "event_borough": "Brooklyn",
        "start_date": "2018-09-22T11:00:00.000",
        "end_date": "2018-09-22T20:00:00.000",
        "start_formatted": "September 22, 2018 11:00 AM",
        "end_formatted": "September 22, 2018 08:00 PM",
        "street_closure_type": "Full Street Closure ",
        "community_board": "4, ",
        "police_precinct": "83, "
      }
    },
    {
      "type": "Feature",
      "geometry": {
        "type": "Point",
        "coordinates": [
          -73.961277,
          40.6879845
        ]
      },
      "properties": {
        "event_id": "426837",
        "event_name": "Clifton Place Block Party",
        "event_type": "Block Party",
        "event_agency": "Street Activity Permit Office",
        "event_location": " CLIFTON PLACE between CLASSON AVENUE and GRAND AVENUE",
        "event_borough": "Brooklyn",
        "start_date": "2018-09-22T11:00:00.000",
        "end_date": "2018-09-22T19:00:00.000",
        "start_formatted": "September 22, 2018 11:00 AM",
        "end_formatted": "September 22, 2018 07:00 PM",
        "street_closure_type": "Full Street Closure ",
        "community_board": "2, ",
        "police_precinct": "88, "
      }
    },
    {
      "type": "Feature",
      "geometry": {
        "type": "Point",
        "coordinates": [
          -73.9267665,
          40.593953
        ]
      },
      "properties": {
        "event_id": "432682",
        "event_name": "CHILDREN FUN RUN/WALK",
        "event_type": "Block Party",
        "event_agency": "Street Activity Permit Office",
        "event_location": " DEVON AVENUE between GERRITSEN AVENUE and ASTER COURT",
        "event_borough": "Brooklyn",
        "start_date": "2018-09-22T11:00:00.000",
        "end_date": "2018-09-22T13:00:00.000",
        "start_formatted": "September 22, 2018 11:00 AM",
        "end_formatted": "September 22, 2018 01:00 PM",
        "street_closure_type": "Full Street Closure ",
        "community_board": "15, ",
        "police_precinct": "61, "
      }
    },
    {
      "type": "Feature",
      "geometry": {
        "type": "Point",
        "coordinates": [
          -74.00707750000001,
          40.615468
        ]
      },
      "properties": {
        "event_id": "428396",
        "event_name": "80th Street Annual Block Party",
        "event_type": "Block Party",
        "event_agency": "Street Activity Permit Office",
        "event_location": " 80 STREET between 14 AVENUE and 15 AVENUE",
        "event_borough": "Brooklyn",
        "start_date": "2018-09-22T11:00:00.000",
        "end_date": "2018-09-22T20:00:00.000",
        "start_formatted": "September 22, 2018 11:00 AM",
        "end_formatted": "September 22, 2018 08:00 PM",
        "street_closure_type": "Full Street Closure ",
        "community_board": "11, ",
        "police_precinct": "62, "
      }
    },
    {
      "type": "Feature",
      "geometry": {
        "type": "Point",
        "coordinates": [
          -74.0021285,
          40.654749
        ]
      },
      "properties": {
        "event_id": "407923",
        "event_name": "34th Streets Amazing Block Party",
        "event_type": "Block Party",
        "event_agency": "Street Activity Permit Office",
        "event_location": " 34 STREET between 4 AVENUE and 5 AVENUE",
        "event_borough": "Brooklyn",
        "start_date": "2018-09-22T11:00:00.000",
        "end_date": "2018-09-22T20:00:00.000",
        "start_formatted": "September 22, 2018 11:00 AM",
        "end_formatted": "September 22, 2018 08:00 PM",
        "street_closure_type": "Full Street Closure ",
        "community_board": "7, ",
        "police_precinct": "72, "
      }
    },
    {
      "type": "Feature",
      "geometry": {
        "type": "Point",
        "coordinates": [
          -73.98441650000001,
          40.661508
        ]
      },
      "properties": {
        "event_id": "427923",
        "event_name": "Block Party",
        "event_type": "Block Party",
        "event_agency": "Street Activity Permit Office",
        "event_location": " WINDSOR PLACE between 7 AVENUE and 8 AVENUE",
        "event_borough": "Brooklyn",
        "start_date": "2018-09-22T11:00:00.000",
        "end_date": "2018-09-22T18:30:00.000",
        "start_formatted": "September 22, 2018 11:00 AM",
        "end_formatted": "September 22, 2018 06:30 PM",
        "street_closure_type": "Full Street Closure ",
        "community_board": "7, ",
        "police_precinct": "72, "
      }
    },
    {
      "type": "Feature",
      "geometry": {
        "type": "Point",
        "coordinates": [
          -73.9455355,
          40.711111
        ]
      },
      "properties": {
        "event_id": "432221",
        "event_name": "UNO Anti-Displacement Block Party",
        "event_type": "Block Party",
        "event_agency": "Street Activity Permit Office",
        "event_location": " MANHATTAN AVENUE between GRAND STREET and MAUJER STREET",
        "event_borough": "Brooklyn",
        "start_date": "2018-09-22T11:00:00.000",
        "end_date": "2018-09-22T17:00:00.000",
        "start_formatted": "September 22, 2018 11:00 AM",
        "end_formatted": "September 22, 2018 05:00 PM",
        "street_closure_type": "Full Street Closure ",
        "community_board": "1, ",
        "police_precinct": "90, "
      }
    },
    {
      "type": "Feature",
      "geometry": {
        "type": "Point",
        "coordinates": [
          -73.897036,
          40.665105499999996
        ]
      },
      "properties": {
        "event_id": "432295",
        "event_name": "Kids day ",
        "event_type": "Block Party",
        "event_agency": "Street Activity Permit Office",
        "event_location": " ALABAMA AVENUE between DUMONT AVENUE and LIVONIA AVENUE",
        "event_borough": "Brooklyn",
        "start_date": "2018-09-22T11:00:00.000",
        "end_date": "2018-09-22T20:00:00.000",
        "start_formatted": "September 22, 2018 11:00 AM",
        "end_formatted": "September 22, 2018 08:00 PM",
        "street_closure_type": "Full Street Closure ",
        "community_board": "5, ",
        "police_precinct": "75, "
      }
    },
    {
      "type": "Feature",
      "geometry": {
        "type": "Point",
        "coordinates": [
          -73.9854675,
          40.683966
        ]
      },
      "properties": {
        "event_id": "381202",
        "event_name": "WYBBAN BLOCK PARTY",
        "event_type": "Block Party",
        "event_agency": "Street Activity Permit Office",
        "event_location": " WYCKOFF STREET between BOND STREET and NEVINS STREET",
        "event_borough": "Brooklyn",
        "start_date": "2018-09-22T11:00:00.000",
        "end_date": "2018-09-22T20:00:00.000",
        "start_formatted": "September 22, 2018 11:00 AM",
        "end_formatted": "September 22, 2018 08:00 PM",
        "street_closure_type": "Full Street Closure ",
        "community_board": "2, ",
        "police_precinct": "84, "
      }
    },
    {
      "type": "Feature",
      "geometry": {
        "type": "Point",
        "coordinates": [
          -73.9791735,
          40.680721000000005
        ]
      },
      "properties": {
        "event_id": "428319",
        "event_name": "Warren Street Block Party",
        "event_type": "Block Party",
        "event_agency": "Street Activity Permit Office",
        "event_location": " WARREN STREET between 4 AVENUE and 5 AVENUE",
        "event_borough": "Brooklyn",
        "start_date": "2018-09-22T10:30:00.000",
        "end_date": "2018-09-22T17:30:00.000",
        "start_formatted": "September 22, 2018 10:30 AM",
        "end_formatted": "September 22, 2018 05:30 PM",
        "street_closure_type": "Full Street Closure ",
        "community_board": "6, ",
        "police_precinct": "78, "
      }
    },
    {
      "type": "Feature",
      "geometry": {
        "type": "Point",
        "coordinates": [
          -73.982989,
          40.675186499999995
        ]
      },
      "properties": {
        "event_id": "399755",
        "event_name": "Garfield Gardens Block Party",
        "event_type": "Block Party",
        "event_agency": "Street Activity Permit Office",
        "event_location": " GARFIELD PLACE between 5 AVENUE and 4 AVENUE",
        "event_borough": "Brooklyn",
        "start_date": "2018-09-22T10:00:00.000",
        "end_date": "2018-09-22T19:00:00.000",
        "start_formatted": "September 22, 2018 10:00 AM",
        "end_formatted": "September 22, 2018 07:00 PM",
        "street_closure_type": "Full Street Closure ",
        "community_board": "6, ",
        "police_precinct": "78, "
      }
    },
    {
      "type": "Feature",
      "geometry": {
        "type": "Point",
        "coordinates": [
          -73.95505499999999,
          40.659121999999996
        ]
      },
      "properties": {
        "event_id": "425637",
        "event_name": "Rutland 2 Block Party 2018",
        "event_type": "Block Party",
        "event_agency": "Street Activity Permit Office",
        "event_location": " RUTLAND ROAD between BEDFORD AVENUE and ROGERS AVENUE",
        "event_borough": "Brooklyn",
        "start_date": "2018-09-22T10:00:00.000",
        "end_date": "2018-09-22T18:00:00.000",
        "start_formatted": "September 22, 2018 10:00 AM",
        "end_formatted": "September 22, 2018 06:00 PM",
        "street_closure_type": "Full Street Closure ",
        "community_board": "9, ",
        "police_precinct": "71, "
      }
    },
    {
      "type": "Feature",
      "geometry": {
        "type": "Point",
        "coordinates": [
          -73.9871275,
          40.666201
        ]
      },
      "properties": {
        "event_id": "429805",
        "event_name": "13th Street Block Party 2018",
        "event_type": "Block Party",
        "event_agency": "Street Activity Permit Office",
        "event_location": " 13 STREET between 5 AVENUE and 6 AVENUE",
        "event_borough": "Brooklyn",
        "start_date": "2018-09-22T10:00:00.000",
        "end_date": "2018-09-22T18:00:00.000",
        "start_formatted": "September 22, 2018 10:00 AM",
        "end_formatted": "September 22, 2018 06:00 PM",
        "street_closure_type": "Full Street Closure ",
        "community_board": "6, ",
        "police_precinct": "78, "
      }
    },
    {
      "type": "Feature",
      "geometry": {
        "type": "Point",
        "coordinates": [
          -73.930086,
          40.611968000000005
        ]
      },
      "properties": {
        "event_id": "424287",
        "event_name": "Ryder Street Block Party",
        "event_type": "Block Party",
        "event_agency": "Street Activity Permit Office",
        "event_location": " RYDER STREET between FILLMORE AVENUE and AVENUE S",
        "event_borough": "Brooklyn",
        "start_date": "2018-09-22T10:00:00.000",
        "end_date": "2018-09-22T18:00:00.000",
        "start_formatted": "September 22, 2018 10:00 AM",
        "end_formatted": "September 22, 2018 06:00 PM",
        "street_closure_type": "Full Street Closure ",
        "community_board": "18, ",
        "police_precinct": "63, "
      }
    },
    {
      "type": "Feature",
      "geometry": {
        "type": "Point",
        "coordinates": [
          -73.89078599999999,
          40.7426835
        ]
      },
      "properties": {
        "event_id": "427213",
        "event_name": "Block Party",
        "event_type": "Block Party",
        "event_agency": "Street Activity Permit Office",
        "event_location": " 74 STREET between WOODSIDE AVENUE and 43 AVENUE",
        "event_borough": "Queens",
        "start_date": "2018-09-22T10:00:00.000",
        "end_date": "2018-09-22T19:00:00.000",
        "start_formatted": "September 22, 2018 10:00 AM",
        "end_formatted": "September 22, 2018 07:00 PM",
        "street_closure_type": "Sidewalk and Street Closure ",
        "community_board": "4, ",
        "police_precinct": "110, "
      }
    },
    {
      "type": "Feature",
      "geometry": {
        "type": "Point",
        "coordinates": [
          -74.02446,
          40.628675
        ]
      },
      "properties": {
        "event_id": "431032",
        "event_name": "77th Street 400 Block Association - Block Party",
        "event_type": "Block Party",
        "event_agency": "Street Activity Permit Office",
        "event_location": " 77 STREET between 4 AVENUE and 5 AVENUE",
        "event_borough": "Brooklyn",
        "start_date": "2018-09-22T10:00:00.000",
        "end_date": "2018-09-22T19:00:00.000",
        "start_formatted": "September 22, 2018 10:00 AM",
        "end_formatted": "September 22, 2018 07:00 PM",
        "street_closure_type": "Full Street Closure ",
        "community_board": "10, ",
        "police_precinct": "68, "
      }
    },
    {
      "type": "Feature",
      "geometry": {
        "type": "Point",
        "coordinates": [
          -73.8557065,
          40.8180045
        ]
      },
      "properties": {
        "event_id": "420249",
        "event_name": "2018 Day for Kids Festival",
        "event_type": "Block Party",
        "event_agency": "Street Activity Permit Office",
        "event_location": " RANDALL AVENUE between WHITE PLAINS ROAD and PUGSLEY AVENUE",
        "event_borough": "Bronx",
        "start_date": "2018-09-22T10:00:00.000",
        "end_date": "2018-09-22T18:00:00.000",
        "start_formatted": "September 22, 2018 10:00 AM",
        "end_formatted": "September 22, 2018 06:00 PM",
        "street_closure_type": "Full Street Closure ",
        "community_board": "9, ",
        "police_precinct": "43, "
      }
    },
    {
      "type": "Feature",
      "geometry": {
        "type": "Point",
        "coordinates": [
          -73.9581245,
          40.655754
        ]
      },
      "properties": {
        "event_id": "425093",
        "event_name": "September Spice",
        "event_type": "Block Party",
        "event_agency": "Street Activity Permit Office",
        "event_location": " PARKSIDE AVENUE between FLATBUSH AVENUE and BEDFORD AVENUE",
        "event_borough": "Brooklyn",
        "start_date": "2018-09-22T10:00:00.000",
        "end_date": "2018-09-22T18:00:00.000",
        "start_formatted": "September 22, 2018 10:00 AM",
        "end_formatted": "September 22, 2018 06:00 PM",
        "street_closure_type": "Full Street Closure ",
        "community_board": "9, ",
        "police_precinct": "71, "
      }
    },
    {
      "type": "Feature",
      "geometry": {
        "type": "Point",
        "coordinates": [
          -73.9560195,
          40.705158
        ]
      },
      "properties": {
        "event_id": "409837",
        "event_name": "Family Day",
        "event_type": "Block Party",
        "event_agency": "Street Activity Permit Office",
        "event_location": " MARCY AVENUE between HEWES STREET and HOOPER STREET",
        "event_borough": "Brooklyn",
        "start_date": "2018-09-22T10:00:00.000",
        "end_date": "2018-09-22T17:00:00.000",
        "start_formatted": "September 22, 2018 10:00 AM",
        "end_formatted": "September 22, 2018 05:00 PM",
        "street_closure_type": "Full Street Closure ",
        "community_board": "1, ",
        "police_precinct": "90, "
      }
    },
    {
      "type": "Feature",
      "geometry": {
        "type": "Point",
        "coordinates": [
          -73.9901395,
          40.729243
        ]
      },
      "properties": {
        "event_id": "431597",
        "event_name": "The Peter Cooper Block Party",
        "event_type": "Block Party",
        "event_agency": "Street Activity Permit Office",
        "event_location": " COOPER SQUARE between east 7th street and ST MARKS PLACE",
        "event_borough": "Manhattan",
        "start_date": "2018-09-22T10:00:00.000",
        "end_date": "2018-09-22T20:00:00.000",
        "start_formatted": "September 22, 2018 10:00 AM",
        "end_formatted": "September 22, 2018 08:00 PM",
        "street_closure_type": "Full Street Closure ",
        "community_board": "3, ",
        "police_precinct": "9, "
      }
    },
    {
      "type": "Feature",
      "geometry": {
        "type": "Point",
        "coordinates": [
          -73.937528,
          40.80856300000001
        ]
      },
      "properties": {
        "event_id": "429154",
        "event_name": "ST LUKE BAPTIST CHURCH COMMUNITY DAY EXPLOSION",
        "event_type": "Block Party",
        "event_agency": "Street Activity Permit Office",
        "event_location": " EAST  130 STREET between MADISON AVENUE and PARK AVENUE",
        "event_borough": "Manhattan",
        "start_date": "2018-09-22T10:00:00.000",
        "end_date": "2018-09-22T16:00:00.000",
        "start_formatted": "September 22, 2018 10:00 AM",
        "end_formatted": "September 22, 2018 04:00 PM",
        "street_closure_type": "Full Street Closure ",
        "community_board": "11, ",
        "police_precinct": "25, "
      }
    },
    {
      "type": "Feature",
      "geometry": {
        "type": "Point",
        "coordinates": [
          -73.917116,
          40.809183000000004
        ]
      },
      "properties": {
        "event_id": "426290",
        "event_name": "BACK TO SCHOOL EVENT 2018",
        "event_type": "Block Party",
        "event_agency": "Street Activity Permit Office",
        "event_location": " EAST  141 STREET between ST ANNS AVENUE and BROOK AVENUE",
        "event_borough": "Bronx",
        "start_date": "2018-09-22T10:00:00.000",
        "end_date": "2018-09-22T18:00:00.000",
        "start_formatted": "September 22, 2018 10:00 AM",
        "end_formatted": "September 22, 2018 06:00 PM",
        "street_closure_type": "Sidewalk and Street Closure ",
        "community_board": "1, ",
        "police_precinct": "40, "
      }
    },
    {
      "type": "Feature",
      "geometry": {
        "type": "Point",
        "coordinates": [
          -73.955286,
          40.661284
        ]
      },
      "properties": {
        "event_id": "430252",
        "event_name": "Block Party",
        "event_type": "Block Party",
        "event_agency": "Street Activity Permit Office",
        "event_location": " LINCOLN ROAD between ROGERS AVENUE and BEDFORD AVENUE",
        "event_borough": "Brooklyn",
        "start_date": "2018-09-22T09:30:00.000",
        "end_date": "2018-09-22T17:00:00.000",
        "start_formatted": "September 22, 2018 09:30 AM",
        "end_formatted": "September 22, 2018 05:00 PM",
        "street_closure_type": "Full Street Closure ",
        "community_board": "9, ",
        "police_precinct": "71, "
      }
    },
    {
      "type": "Feature",
      "geometry": {
        "type": "Point",
        "coordinates": [
          -73.9593175,
          40.6467435
        ]
      },
      "properties": {
        "event_id": "427911",
        "event_name": "B.T.U. Street Fair",
        "event_type": "Block Party",
        "event_agency": "Street Activity Permit Office",
        "event_location": " EAST   21 STREET between REGENT PLACE and ALBEMARLE ROAD",
        "event_borough": "Brooklyn",
        "start_date": "2018-09-22T09:00:00.000",
        "end_date": "2018-09-22T17:00:00.000",
        "start_formatted": "September 22, 2018 09:00 AM",
        "end_formatted": "September 22, 2018 05:00 PM",
        "street_closure_type": "Full Street Closure ",
        "community_board": "14, ",
        "police_precinct": "70, "
      }
    },
    {
      "type": "Feature",
      "geometry": {
        "type": "Point",
        "coordinates": [
          -73.90719899999999,
          40.675332
        ]
      },
      "properties": {
        "event_id": "410780",
        "event_name": "BLOCK PARTY",
        "event_type": "Block Party",
        "event_agency": "Street Activity Permit Office",
        "event_location": " PACIFIC STREET between EAST PARKWAY and SACKMAN STREET",
        "event_borough": "Brooklyn",
        "start_date": "2018-09-22T09:00:00.000",
        "end_date": "2018-09-22T18:00:00.000",
        "start_formatted": "September 22, 2018 09:00 AM",
        "end_formatted": "September 22, 2018 06:00 PM",
        "street_closure_type": "Full Street Closure ",
        "community_board": "16, ",
        "police_precinct": "73, "
      }
    },
    {
      "type": "Feature",
      "geometry": {
        "type": "Point",
        "coordinates": [
          -73.809225,
          40.693943000000004
        ]
      },
      "properties": {
        "event_id": "432698",
        "event_name": "Block party",
        "event_type": "Block Party",
        "event_agency": "Street Activity Permit Office",
        "event_location": " 102 AVENUE between REMINGTON STREET and BRISBIN STREET",
        "event_borough": "Queens",
        "start_date": "2018-09-22T09:00:00.000",
        "end_date": "2018-09-22T18:00:00.000",
        "start_formatted": "September 22, 2018 09:00 AM",
        "end_formatted": "September 22, 2018 06:00 PM",
        "street_closure_type": "Full Street Closure ",
        "community_board": "12, ",
        "police_precinct": "103, "
      }
    },
    {
      "type": "Feature",
      "geometry": {
        "type": "Point",
        "coordinates": [
          -73.870951,
          40.6829325
        ]
      },
      "properties": {
        "event_id": "438053",
        "event_name": "Street event ",
        "event_type": "Block Party",
        "event_agency": "Street Activity Permit Office",
        "event_location": " HEMLOCK STREET between ATLANTIC AVENUE and FULTON STREET",
        "event_borough": "Brooklyn",
        "start_date": "2018-09-22T09:00:00.000",
        "end_date": "2018-09-22T18:00:00.000",
        "start_formatted": "September 22, 2018 09:00 AM",
        "end_formatted": "September 22, 2018 06:00 PM",
        "street_closure_type": "Full Street Closure ",
        "community_board": "5, ",
        "police_precinct": "75, "
      }
    },
    {
      "type": "Feature",
      "geometry": {
        "type": "Point",
        "coordinates": [
          -73.941754,
          40.70384
        ]
      },
      "properties": {
        "event_id": "430922",
        "event_name": "Brooklyn Three Kings Day Parade",
        "event_type": "Block Party",
        "event_agency": "Street Activity Permit Office",
        "event_location": " MOORE STREET between HUMBOLDT STREET and GRAHAM AVENUE",
        "event_borough": "Brooklyn",
        "start_date": "2018-09-22T09:00:00.000",
        "end_date": "2018-09-22T18:00:00.000",
        "start_formatted": "September 22, 2018 09:00 AM",
        "end_formatted": "September 22, 2018 06:00 PM",
        "street_closure_type": "Full Street Closure ",
        "community_board": "1, ",
        "police_precinct": "90, "
      }
    },
    {
      "type": "Feature",
      "geometry": {
        "type": "Point",
        "coordinates": [
          -73.95713599999999,
          40.7724945
        ]
      },
      "properties": {
        "event_id": "404022",
        "event_name": "Birch Wathen Lenox Lower School Fair",
        "event_type": "Block Party",
        "event_agency": "Street Activity Permit Office",
        "event_location": " EAST   77 STREET between 2 AVENUE and 3 AVENUE",
        "event_borough": "Manhattan",
        "start_date": "2018-09-21T10:00:00.000",
        "end_date": "2018-09-21T16:00:00.000",
        "start_formatted": "September 21, 2018 10:00 AM",
        "end_formatted": "September 21, 2018 04:00 PM",
        "street_closure_type": "Full Street Closure ",
        "community_board": "8, ",
        "police_precinct": "19, "
      }
    },
    {
      "type": "Feature",
      "geometry": {
        "type": "Point",
        "coordinates": [
          -74.1040155,
          40.574085
        ]
      },
      "properties": {
        "event_id": "432572",
        "event_name": "block party",
        "event_type": "Block Party",
        "event_agency": "Street Activity Permit Office",
        "event_location": " BOUNDARY AVENUE between MAPLEWOOD PLACE and DEAD END",
        "event_borough": "Staten Island",
        "start_date": "2018-09-18T14:00:00.000",
        "end_date": "2018-09-18T21:00:00.000",
        "start_formatted": "September 18, 2018 02:00 PM",
        "end_formatted": "September 18, 2018 09:00 PM",
        "street_closure_type": "Full Street Closure ",
        "community_board": "2, ",
        "police_precinct": "122, "
      }
    },
    {
      "type": "Feature",
      "geometry": {
        "type": "Point",
        "coordinates": [
          -73.94543350000001,
          40.6794115
        ]
      },
      "properties": {
        "event_id": "431377",
        "event_name": "NATIONAL NIGHT OUT on August 7th ",
        "event_type": "Block Party",
        "event_agency": "Street Activity Permit Office",
        "event_location": " HERKIMER STREET between BROOKLYN AVENUE and NEW YORK AVENUE",
        "event_borough": "Brooklyn",
        "start_date": "2018-09-17T12:00:00.000",
        "end_date": "2018-09-17T20:00:00.000",
        "start_formatted": "September 17, 2018 12:00 PM",
        "end_formatted": "September 17, 2018 08:00 PM",
        "street_closure_type": "Full Street Closure ",
        "community_board": "3, ",
        "police_precinct": "79, "
      }
    },
    {
      "type": "Feature",
      "geometry": {
        "type": "Point",
        "coordinates": [
          -73.9266275,
          40.691295499999995
        ]
      },
      "properties": {
        "event_id": "429619",
        "event_name": "42nd Church Anniversary",
        "event_type": "Block Party",
        "event_agency": "Street Activity Permit Office",
        "event_location": " GREENE AVENUE between PATCHEN AVENUE and BROADWAY",
        "event_borough": "Brooklyn",
        "start_date": "2018-09-16T13:30:00.000",
        "end_date": "2018-09-16T16:30:00.000",
        "start_formatted": "September 16, 2018 01:30 PM",
        "end_formatted": "September 16, 2018 04:30 PM",
        "street_closure_type": "Full Street Closure ",
        "community_board": "3, ",
        "police_precinct": "81, "
      }
    },
    {
      "type": "Feature",
      "geometry": {
        "type": "Point",
        "coordinates": [
          -73.9095475,
          40.619432
        ]
      },
      "properties": {
        "event_id": "430486",
        "event_name": "St. Bernard Parish Block Party",
        "event_type": "Block Party",
        "event_agency": "Street Activity Permit Office",
        "event_location": " EAST   69 STREET between VETERANS AVENUE and AVENUE U",
        "event_borough": "Brooklyn",
        "start_date": "2018-09-16T13:00:00.000",
        "end_date": "2018-09-16T18:00:00.000",
        "start_formatted": "September 16, 2018 01:00 PM",
        "end_formatted": "September 16, 2018 06:00 PM",
        "street_closure_type": "Full Street Closure ",
        "community_board": "18, ",
        "police_precinct": "63, "
      }
    },
    {
      "type": "Feature",
      "geometry": {
        "type": "Point",
        "coordinates": [
          -73.942301,
          40.701305
        ]
      },
      "properties": {
        "event_id": "422665",
        "event_name": "Brooklyn Puerto Rican Day Parade Inc.",
        "event_type": "Block Party",
        "event_agency": "Street Activity Permit Office",
        "event_location": " GRAHAM AVENUE between BROADWAY and DEBEVOISE STREET",
        "event_borough": "Brooklyn",
        "start_date": "2018-09-16T13:00:00.000",
        "end_date": "2018-09-16T18:00:00.000",
        "start_formatted": "September 16, 2018 01:00 PM",
        "end_formatted": "September 16, 2018 06:00 PM",
        "street_closure_type": "Full Street Closure ",
        "community_board": "1, ",
        "police_precinct": "90, "
      }
    },
    {
      "type": "Feature",
      "geometry": {
        "type": "Point",
        "coordinates": [
          -74.001611,
          40.7299505
        ]
      },
      "properties": {
        "event_id": "424003",
        "event_name": "Palio on Minetta",
        "event_type": "Block Party",
        "event_agency": "Street Activity Permit Office",
        "event_location": " MINETTA STREET between BLEECKER STREET and MINETTA LANE",
        "event_borough": "Manhattan",
        "start_date": "2018-09-16T13:00:00.000",
        "end_date": "2018-09-16T17:30:00.000",
        "start_formatted": "September 16, 2018 01:00 PM",
        "end_formatted": "September 16, 2018 05:30 PM",
        "street_closure_type": "Full Street Closure ",
        "community_board": "2, ",
        "police_precinct": "6, "
      }
    },
    {
      "type": "Feature",
      "geometry": {
        "type": "Point",
        "coordinates": [
          -73.97832,
          40.6819885
        ]
      },
      "properties": {
        "event_id": "427194",
        "event_name": "Bergen Street Block Party ",
        "event_type": "Block Party",
        "event_agency": "Street Activity Permit Office",
        "event_location": " BERGEN STREET between 5 AVENUE and 4 AVENUE",
        "event_borough": "Brooklyn",
        "start_date": "2018-09-16T12:00:00.000",
        "end_date": "2018-09-16T17:00:00.000",
        "start_formatted": "September 16, 2018 12:00 PM",
        "end_formatted": "September 16, 2018 05:00 PM",
        "street_closure_type": "Full Street Closure ",
        "community_board": "6, ",
        "police_precinct": "78, "
      }
    },
    {
      "type": "Feature",
      "geometry": {
        "type": "Point",
        "coordinates": [
          -73.997553,
          40.69426
        ]
      },
      "properties": {
        "event_id": "433575",
        "event_name": "Annual Fall Barbecue",
        "event_type": "Block Party",
        "event_agency": "Street Activity Permit Office",
        "event_location": " GRACE COURT between HICKS STREET and DEAD END",
        "event_borough": "Brooklyn",
        "start_date": "2018-09-16T12:00:00.000",
        "end_date": "2018-09-16T15:00:00.000",
        "start_formatted": "September 16, 2018 12:00 PM",
        "end_formatted": "September 16, 2018 03:00 PM",
        "street_closure_type": "Full Street Closure ",
        "community_board": "2, ",
        "police_precinct": "84, "
      }
    },
    {
      "type": "Feature",
      "geometry": {
        "type": "Point",
        "coordinates": [
          -74.13102549999999,
          40.631834999999995
        ]
      },
      "properties": {
        "event_id": "425582",
        "event_name": "Rally Sunday",
        "event_type": "Block Party",
        "event_agency": "Street Activity Permit Office",
        "event_location": " CATHERINE COURT between JEWETT AVENUE and SIMONSON PLACE",
        "event_borough": "Staten Island",
        "start_date": "2018-09-16T12:00:00.000",
        "end_date": "2018-09-16T15:00:00.000",
        "start_formatted": "September 16, 2018 12:00 PM",
        "end_formatted": "September 16, 2018 03:00 PM",
        "street_closure_type": "Full Street Closure ",
        "community_board": "1, ",
        "police_precinct": "121, "
      }
    },
    {
      "type": "Feature",
      "geometry": {
        "type": "Point",
        "coordinates": [
          -73.776915,
          40.754481999999996
        ]
      },
      "properties": {
        "event_id": "423143",
        "event_name": "Our Lady of La Salette Festival",
        "event_type": "Block Party",
        "event_agency": "Street Activity Permit Office",
        "event_location": " 47 AVENUE between 204 STREET and CLEARVIEW EXPRESSWAY",
        "event_borough": "Queens",
        "start_date": "2018-09-16T12:00:00.000",
        "end_date": "2018-09-16T21:00:00.000",
        "start_formatted": "September 16, 2018 12:00 PM",
        "end_formatted": "September 16, 2018 09:00 PM",
        "street_closure_type": "Full Street Closure ",
        "community_board": "11, ",
        "police_precinct": "111, "
      }
    },
    {
      "type": "Feature",
      "geometry": {
        "type": "Point",
        "coordinates": [
          -74.006715,
          40.7150555
        ]
      },
      "properties": {
        "event_id": "420155",
        "event_name": "Annual Block Party",
        "event_type": "Block Party",
        "event_agency": "Street Activity Permit Office",
        "event_location": " READE STREET between BROADWAY and CHURCH STREET",
        "event_borough": "Manhattan",
        "start_date": "2018-09-16T11:00:00.000",
        "end_date": "2018-09-16T13:00:00.000",
        "start_formatted": "September 16, 2018 11:00 AM",
        "end_formatted": "September 16, 2018 01:00 PM",
        "street_closure_type": "Full Street Closure ",
        "community_board": "1, ",
        "police_precinct": "1, 5, "
      }
    },
    {
      "type": "Feature",
      "geometry": {
        "type": "Point",
        "coordinates": [
          -73.9831075,
          40.6710205
        ]
      },
      "properties": {
        "event_id": "428393",
        "event_name": "5th Street Block Dinner Party",
        "event_type": "Block Party",
        "event_agency": "Street Activity Permit Office",
        "event_location": " 5 STREET between 5 AVENUE and 6 AVENUE",
        "event_borough": "Brooklyn",
        "start_date": "2018-09-16T11:00:00.000",
        "end_date": "2018-09-16T18:00:00.000",
        "start_formatted": "September 16, 2018 11:00 AM",
        "end_formatted": "September 16, 2018 06:00 PM",
        "street_closure_type": "Full Street Closure ",
        "community_board": "6, ",
        "police_precinct": "78, "
      }
    },
    {
      "type": "Feature",
      "geometry": {
        "type": "Point",
        "coordinates": [
          -73.9824045,
          40.663918
        ]
      },
      "properties": {
        "event_id": "429815",
        "event_name": "13th st Block Association ",
        "event_type": "Block Party",
        "event_agency": "Street Activity Permit Office",
        "event_location": " 13 STREET between 7 AVENUE and 8 AVENUE",
        "event_borough": "Brooklyn",
        "start_date": "2018-09-16T11:00:00.000",
        "end_date": "2018-09-16T18:00:00.000",
        "start_formatted": "September 16, 2018 11:00 AM",
        "end_formatted": "September 16, 2018 06:00 PM",
        "street_closure_type": "Full Street Closure ",
        "community_board": "6, ",
        "police_precinct": "78, "
      }
    },
    {
      "type": "Feature",
      "geometry": {
        "type": "Point",
        "coordinates": [
          -73.9768785,
          40.670544500000005
        ]
      },
      "properties": {
        "event_id": "425685",
        "event_name": "2nd Street - 3rd Annual",
        "event_type": "Block Party",
        "event_agency": "Street Activity Permit Office",
        "event_location": " 2 STREET between 7 AVENUE and 8 AVENUE",
        "event_borough": "Brooklyn",
        "start_date": "2018-09-16T11:00:00.000",
        "end_date": "2018-09-16T18:00:00.000",
        "start_formatted": "September 16, 2018 11:00 AM",
        "end_formatted": "September 16, 2018 06:00 PM",
        "street_closure_type": "Full Street Closure ",
        "community_board": "6, ",
        "police_precinct": "78, "
      }
    },
    {
      "type": "Feature",
      "geometry": {
        "type": "Point",
        "coordinates": [
          -73.9760195,
          40.6675965
        ]
      },
      "properties": {
        "event_id": "411953",
        "event_name": "5th Street Annual Block Party",
        "event_type": "Block Party",
        "event_agency": "Street Activity Permit Office",
        "event_location": " 5 STREET between 8 AVENUE and PROSPECT PARK WEST",
        "event_borough": "Brooklyn",
        "start_date": "2018-09-16T11:00:00.000",
        "end_date": "2018-09-16T18:00:00.000",
        "start_formatted": "September 16, 2018 11:00 AM",
        "end_formatted": "September 16, 2018 06:00 PM",
        "street_closure_type": "Full Street Closure ",
        "community_board": "6, ",
        "police_precinct": "78, "
      }
    },
    {
      "type": "Feature",
      "geometry": {
        "type": "Point",
        "coordinates": [
          -73.973003,
          40.6712065
        ]
      },
      "properties": {
        "event_id": "429729",
        "event_name": "Montgomery Place Block Party 2018",
        "event_type": "Block Party",
        "event_agency": "Street Activity Permit Office",
        "event_location": " MONTGOMERY PLACE between PROSPECT PARK WEST and 8 AVENUE",
        "event_borough": "Brooklyn",
        "start_date": "2018-09-16T11:00:00.000",
        "end_date": "2018-09-16T18:00:00.000",
        "start_formatted": "September 16, 2018 11:00 AM",
        "end_formatted": "September 16, 2018 06:00 PM",
        "street_closure_type": "Full Street Closure ",
        "community_board": "6, ",
        "police_precinct": "78, "
      }
    },
    {
      "type": "Feature",
      "geometry": {
        "type": "Point",
        "coordinates": [
          -73.96308049999999,
          40.632315500000004
        ]
      },
      "properties": {
        "event_id": "425308",
        "event_name": "WMCA Annual Block Party",
        "event_type": "Block Party",
        "event_agency": "Street Activity Permit Office",
        "event_location": " GLENWOOD ROAD between RUGBY ROAD and DEAD END",
        "event_borough": "Brooklyn",
        "start_date": "2018-09-16T10:30:00.000",
        "end_date": "2018-09-16T17:30:00.000",
        "start_formatted": "September 16, 2018 10:30 AM",
        "end_formatted": "September 16, 2018 05:30 PM",
        "street_closure_type": "Full Street Closure ",
        "community_board": "14, ",
        "police_precinct": "70, "
      }
    },
    {
      "type": "Feature",
      "geometry": {
        "type": "Point",
        "coordinates": [
          -73.976206,
          40.680365
        ]
      },
      "properties": {
        "event_id": "428673",
        "event_name": "SMA 5th to 6th",
        "event_type": "Block Party",
        "event_agency": "Street Activity Permit Office",
        "event_location": " ST MARKS AVENUE between 5 AVENUE and 6 AVENUE",
        "event_borough": "Brooklyn",
        "start_date": "2018-09-16T10:00:00.000",
        "end_date": "2018-09-16T18:00:00.000",
        "start_formatted": "September 16, 2018 10:00 AM",
        "end_formatted": "September 16, 2018 06:00 PM",
        "street_closure_type": "Full Street Closure ",
        "community_board": "6, ",
        "police_precinct": "78, "
      }
    },
    {
      "type": "Feature",
      "geometry": {
        "type": "Point",
        "coordinates": [
          -74.0040365,
          40.6270115
        ]
      },
      "properties": {
        "event_id": "405940",
        "event_name": "Our Lady of Cisne Feast",
        "event_type": "Block Party",
        "event_agency": "Street Activity Permit Office",
        "event_location": " 12 AVENUE between 65 STREET and 66 STREET",
        "event_borough": "Brooklyn",
        "start_date": "2018-09-16T10:00:00.000",
        "end_date": "2018-09-16T18:00:00.000",
        "start_formatted": "September 16, 2018 10:00 AM",
        "end_formatted": "September 16, 2018 06:00 PM",
        "street_closure_type": "Sidewalk and Street Closure ",
        "community_board": "10, ",
        "police_precinct": "68, "
      }
    },
    {
      "type": "Feature",
      "geometry": {
        "type": "Point",
        "coordinates": [
          -73.9876445,
          40.688826
        ]
      },
      "properties": {
        "event_id": "424326",
        "event_name": "State Street Annual Block Party 2018",
        "event_type": "Block Party",
        "event_agency": "Street Activity Permit Office",
        "event_location": " STATE STREET between SMITH STREET and HOYT STREET",
        "event_borough": "Brooklyn",
        "start_date": "2018-09-16T10:00:00.000",
        "end_date": "2018-09-16T17:00:00.000",
        "start_formatted": "September 16, 2018 10:00 AM",
        "end_formatted": "September 16, 2018 05:00 PM",
        "street_closure_type": "Full Street Closure ",
        "community_board": "2, ",
        "police_precinct": "84, "
      }
    },
    {
      "type": "Feature",
      "geometry": {
        "type": "Point",
        "coordinates": [
          -73.91801749999999,
          40.817747
        ]
      },
      "properties": {
        "event_id": "427326",
        "event_name": "Stickball Festival Block Party",
        "event_type": "Block Party",
        "event_agency": "Street Activity Permit Office",
        "event_location": " EAST  151 STREET between MELROSE AVENUE and COURTLANDT AVENUE",
        "event_borough": "Bronx",
        "start_date": "2018-09-16T10:00:00.000",
        "end_date": "2018-09-16T16:00:00.000",
        "start_formatted": "September 16, 2018 10:00 AM",
        "end_formatted": "September 16, 2018 04:00 PM",
        "street_closure_type": "Sidewalk and Street Closure ",
        "community_board": "1, ",
        "police_precinct": "40, "
      }
    },
    {
      "type": "Feature",
      "geometry": {
        "type": "Point",
        "coordinates": [
          -73.985619,
          40.668008
        ]
      },
      "properties": {
        "event_id": "398190",
        "event_name": "Sept Block Party",
        "event_type": "Block Party",
        "event_agency": "Street Activity Permit Office",
        "event_location": " TENTH STREET between 5 AVENUE and 6 AVENUE",
        "event_borough": "Brooklyn",
        "start_date": "2018-09-16T10:00:00.000",
        "end_date": "2018-09-16T19:00:00.000",
        "start_formatted": "September 16, 2018 10:00 AM",
        "end_formatted": "September 16, 2018 07:00 PM",
        "street_closure_type": "Full Street Closure ",
        "community_board": "6, ",
        "police_precinct": "78, "
      }
    },
    {
      "type": "Feature",
      "geometry": {
        "type": "Point",
        "coordinates": [
          -73.863276,
          40.753574
        ]
      },
      "properties": {
        "event_id": "421951",
        "event_name": "Feast Of Our Lady of Sorrows ",
        "event_type": "Block Party",
        "event_agency": "Street Activity Permit Office",
        "event_location": " 37 AVENUE between 104 STREET and 105 STREET",
        "event_borough": "Queens",
        "start_date": "2018-09-16T10:00:00.000",
        "end_date": "2018-09-16T19:00:00.000",
        "start_formatted": "September 16, 2018 10:00 AM",
        "end_formatted": "September 16, 2018 07:00 PM",
        "street_closure_type": "Full Street Closure ",
        "community_board": "3, ",
        "police_precinct": "115, "
      }
    },
    {
      "type": "Feature",
      "geometry": {
        "type": "Point",
        "coordinates": [
          -73.8446525,
          40.7801525
        ]
      },
      "properties": {
        "event_id": "425403",
        "event_name": "Rallly Day",
        "event_type": "Block Party",
        "event_agency": "Street Activity Permit Office",
        "event_location": " 22 AVENUE between 123 STREET and 124 STREET",
        "event_borough": "Queens",
        "start_date": "2018-09-16T10:00:00.000",
        "end_date": "2018-09-16T15:30:00.000",
        "start_formatted": "September 16, 2018 10:00 AM",
        "end_formatted": "September 16, 2018 03:30 PM",
        "street_closure_type": "Full Street Closure ",
        "community_board": "7, ",
        "police_precinct": "109, "
      }
    },
    {
      "type": "Feature",
      "geometry": {
        "type": "Point",
        "coordinates": [
          -73.96015,
          40.6340105
        ]
      },
      "properties": {
        "event_id": "420075",
        "event_name": "Midwood Park HOA Fall 2018 Party",
        "event_type": "Block Party",
        "event_agency": "Street Activity Permit Office",
        "event_location": " EAST   18 STREET between FOSTER AVENUE and GLENWOOD ROAD",
        "event_borough": "Brooklyn",
        "start_date": "2018-09-16T09:00:00.000",
        "end_date": "2018-09-16T17:00:00.000",
        "start_formatted": "September 16, 2018 09:00 AM",
        "end_formatted": "September 16, 2018 05:00 PM",
        "street_closure_type": "Full Street Closure ",
        "community_board": "14, ",
        "police_precinct": "70, "
      }
    },
    {
      "type": "Feature",
      "geometry": {
        "type": "Point",
        "coordinates": [
          -73.9465715,
          40.8226905
        ]
      },
      "properties": {
        "event_id": "441062",
        "event_name": "Hamilton Terrace Annual Hi-Neighbor Day",
        "event_type": "Block Party",
        "event_agency": "Street Activity Permit Office",
        "event_location": " HAMILTON TERRACE between WEST  141 STREET and WEST  144 STREET",
        "event_borough": "Manhattan",
        "start_date": "2018-09-15T14:00:00.000",
        "end_date": "2018-09-15T17:30:00.000",
        "start_formatted": "September 15, 2018 02:00 PM",
        "end_formatted": "September 15, 2018 05:30 PM",
        "street_closure_type": "Full Street Closure ",
        "community_board": "9, ",
        "police_precinct": "30, "
      }
    },
    {
      "type": "Feature",
      "geometry": {
        "type": "Point",
        "coordinates": [
          -73.972542,
          40.6866855
        ]
      },
      "properties": {
        "event_id": "431155",
        "event_name": "2019 Block Party",
        "event_type": "Block Party",
        "event_agency": "Street Activity Permit Office",
        "event_location": " CUMBERLAND STREET between LAFAYETTE AVENUE and GREENE AVENUE",
        "event_borough": "Brooklyn",
        "start_date": "2018-09-15T14:00:00.000",
        "end_date": "2018-09-15T18:00:00.000",
        "start_formatted": "September 15, 2018 02:00 PM",
        "end_formatted": "September 15, 2018 06:00 PM",
        "street_closure_type": "Full Street Closure ",
        "community_board": "2, ",
        "police_precinct": "88, "
      }
    },
    {
      "type": "Feature",
      "geometry": {
        "type": "Point",
        "coordinates": [
          -73.980552,
          40.65181200000001
        ]
      },
      "properties": {
        "event_id": "421728",
        "event_name": "Vanderbilt Street Block Party",
        "event_type": "Block Party",
        "event_agency": "Street Activity Permit Office",
        "event_location": " VANDERBILT STREET between MCDONALD AVENUE and EAST    2 STREET",
        "event_borough": "Brooklyn",
        "start_date": "2018-09-15T14:00:00.000",
        "end_date": "2018-09-15T19:00:00.000",
        "start_formatted": "September 15, 2018 02:00 PM",
        "end_formatted": "September 15, 2018 07:00 PM",
        "street_closure_type": "Full Street Closure ",
        "community_board": "7, ",
        "police_precinct": "72, "
      }
    },
    {
      "type": "Feature",
      "geometry": {
        "type": "Point",
        "coordinates": [
          -74.243031,
          40.501889000000006
        ]
      },
      "properties": {
        "event_id": "430727",
        "event_name": "2nd Annual Clermont Family Day",
        "event_type": "Block Party",
        "event_agency": "Street Activity Permit Office",
        "event_location": " CLERMONT AVENUE between BRIGHTON STREET and CHELSEA STREET",
        "event_borough": "Staten Island",
        "start_date": "2018-09-15T14:00:00.000",
        "end_date": "2018-09-15T21:00:00.000",
        "start_formatted": "September 15, 2018 02:00 PM",
        "end_formatted": "September 15, 2018 09:00 PM",
        "street_closure_type": "Full Street Closure ",
        "community_board": "3, ",
        "police_precinct": "123, "
      }
    },
    {
      "type": "Feature",
      "geometry": {
        "type": "Point",
        "coordinates": [
          -74.03461899999999,
          40.638915999999995
        ]
      },
      "properties": {
        "event_id": "431201",
        "event_name": "Summer 2018 Block Party",
        "event_type": "Block Party",
        "event_agency": "Street Activity Permit Office",
        "event_location": " OWLS HEAD COURT between 68 STREET and BAYRIDGE AVENUE",
        "event_borough": "Brooklyn",
        "start_date": "2018-09-15T13:00:00.000",
        "end_date": "2018-09-15T21:00:00.000",
        "start_formatted": "September 15, 2018 01:00 PM",
        "end_formatted": "September 15, 2018 09:00 PM",
        "street_closure_type": "Full Street Closure ",
        "community_board": "10, ",
        "police_precinct": "68, "
      }
    },
    {
      "type": "Feature",
      "geometry": {
        "type": "Point",
        "coordinates": [
          -74.03449950000001,
          40.6132535
        ]
      },
      "properties": {
        "event_id": "383024",
        "event_name": "The 100th Street Block Party",
        "event_type": "Block Party",
        "event_agency": "Street Activity Permit Office",
        "event_location": " 100 STREET between 3 AVENUE and 4 AVENUE",
        "event_borough": "Brooklyn",
        "start_date": "2018-09-15T13:00:00.000",
        "end_date": "2018-09-15T20:00:00.000",
        "start_formatted": "September 15, 2018 01:00 PM",
        "end_formatted": "September 15, 2018 08:00 PM",
        "street_closure_type": "Full Street Closure ",
        "community_board": "10, ",
        "police_precinct": "68, "
      }
    },
    {
      "type": "Feature",
      "geometry": {
        "type": "Point",
        "coordinates": [
          -73.9135445,
          40.75822
        ]
      },
      "properties": {
        "event_id": "432660",
        "event_name": "11th Annual Newtown Road Block Party",
        "event_type": "Block Party",
        "event_agency": "Street Activity Permit Office",
        "event_location": " NEWTOWN ROAD between 45 STREET and 46 STREET",
        "event_borough": "Queens",
        "start_date": "2018-09-15T13:00:00.000",
        "end_date": "2018-09-15T20:00:00.000",
        "start_formatted": "September 15, 2018 01:00 PM",
        "end_formatted": "September 15, 2018 08:00 PM",
        "street_closure_type": "Full Street Closure ",
        "community_board": "1, ",
        "police_precinct": "114, "
      }
    },
    {
      "type": "Feature",
      "geometry": {
        "type": "Point",
        "coordinates": [
          -73.9032205,
          40.702532
        ]
      },
      "properties": {
        "event_id": "429457",
        "event_name": "Cornelia street block party",
        "event_type": "Block Party",
        "event_agency": "Street Activity Permit Office",
        "event_location": " CORNELIA STREET between ONDERDONK AVENUE and WOODWARD AVENUE",
        "event_borough": "Queens",
        "start_date": "2018-09-15T13:00:00.000",
        "end_date": "2018-09-15T20:00:00.000",
        "start_formatted": "September 15, 2018 01:00 PM",
        "end_formatted": "September 15, 2018 08:00 PM",
        "street_closure_type": "Full Street Closure ",
        "community_board": "5, ",
        "police_precinct": "104, "
      }
    },
    {
      "type": "Feature",
      "geometry": {
        "type": "Point",
        "coordinates": [
          -74.13714250000001,
          40.614957
        ]
      },
      "properties": {
        "event_id": "429122",
        "event_name": "Demorest avenue block party ",
        "event_type": "Block Party",
        "event_agency": "Street Activity Permit Office",
        "event_location": " DEMOREST AVENUE between WATCHOGUE ROAD and MARBLE STREET",
        "event_borough": "Staten Island",
        "start_date": "2018-09-15T13:00:00.000",
        "end_date": "2018-09-15T21:00:00.000",
        "start_formatted": "September 15, 2018 01:00 PM",
        "end_formatted": "September 15, 2018 09:00 PM",
        "street_closure_type": "Full Street Closure ",
        "community_board": "1, ",
        "police_precinct": "121, "
      }
    },
    {
      "type": "Feature",
      "geometry": {
        "type": "Point",
        "coordinates": [
          -74.148554,
          40.6201345
        ]
      },
      "properties": {
        "event_id": "404543",
        "event_name": "Block party",
        "event_type": "Block Party",
        "event_agency": "Street Activity Permit Office",
        "event_location": " DEVENS STREET between LEVIT AVENUE and WILLOW ROAD EAST",
        "event_borough": "Staten Island",
        "start_date": "2018-09-15T13:00:00.000",
        "end_date": "2018-09-15T21:00:00.000",
        "start_formatted": "September 15, 2018 01:00 PM",
        "end_formatted": "September 15, 2018 09:00 PM",
        "street_closure_type": "Full Street Closure ",
        "community_board": "1, ",
        "police_precinct": "121, "
      }
    },
    {
      "type": "Feature",
      "geometry": {
        "type": "Point",
        "coordinates": [
          -73.9963255,
          40.6924705
        ]
      },
      "properties": {
        "event_id": "425754",
        "event_name": "GARDEN PLACE ANNUAL BLOCK PARTY",
        "event_type": "Block Party",
        "event_agency": "Street Activity Permit Office",
        "event_location": " GARDEN PLACE between JORALEMON STREET and STATE STREET",
        "event_borough": "Brooklyn",
        "start_date": "2018-09-15T13:00:00.000",
        "end_date": "2018-09-15T20:00:00.000",
        "start_formatted": "September 15, 2018 01:00 PM",
        "end_formatted": "September 15, 2018 08:00 PM",
        "street_closure_type": "Full Street Closure ",
        "community_board": "2, ",
        "police_precinct": "84, "
      }
    },
    {
      "type": "Feature",
      "geometry": {
        "type": "Point",
        "coordinates": [
          -74.1313265,
          40.5566545
        ]
      },
      "properties": {
        "event_id": "430508",
        "event_name": "Block party",
        "event_type": "Block Party",
        "event_agency": "Street Activity Permit Office",
        "event_location": " DURANT AVENUE between HOPKINS AVENUE and SPRATT AVENUE",
        "event_borough": "Staten Island",
        "start_date": "2018-09-15T13:00:00.000",
        "end_date": "2018-09-15T21:00:00.000",
        "start_formatted": "September 15, 2018 01:00 PM",
        "end_formatted": "September 15, 2018 09:00 PM",
        "street_closure_type": "Full Street Closure ",
        "community_board": "3, ",
        "police_precinct": "122, "
      }
    },
    {
      "type": "Feature",
      "geometry": {
        "type": "Point",
        "coordinates": [
          -74.11265800000001,
          40.623981
        ]
      },
      "properties": {
        "event_id": "419187",
        "event_name": "Douglas Ave Block Party",
        "event_type": "Block Party",
        "event_agency": "Street Activity Permit Office",
        "event_location": " DOUGLAS AVENUE between BROADWAY and DEAD END",
        "event_borough": "Staten Island",
        "start_date": "2018-09-15T13:00:00.000",
        "end_date": "2018-09-15T21:00:00.000",
        "start_formatted": "September 15, 2018 01:00 PM",
        "end_formatted": "September 15, 2018 09:00 PM",
        "street_closure_type": "Full Street Closure ",
        "community_board": "1, ",
        "police_precinct": "120, "
      }
    },
    {
      "type": "Feature",
      "geometry": {
        "type": "Point",
        "coordinates": [
          -74.0039715,
          40.649483000000004
        ]
      },
      "properties": {
        "event_id": "425767",
        "event_name": "2018 Summer Block Party",
        "event_type": "Block Party",
        "event_agency": "Street Activity Permit Office",
        "event_location": " 41 STREET between 5 AVENUE and 6 AVENUE",
        "event_borough": "Brooklyn",
        "start_date": "2018-09-15T13:00:00.000",
        "end_date": "2018-09-15T21:00:00.000",
        "start_formatted": "September 15, 2018 01:00 PM",
        "end_formatted": "September 15, 2018 09:00 PM",
        "street_closure_type": "Full Street Closure ",
        "community_board": "7, ",
        "police_precinct": "72, "
      }
    },
    {
      "type": "Feature",
      "geometry": {
        "type": "Point",
        "coordinates": [
          -73.9279495,
          40.592363500000005
        ]
      },
      "properties": {
        "event_id": "428786",
        "event_name": "EBONY CT BLOCK PARTY",
        "event_type": "Block Party",
        "event_agency": "Street Activity Permit Office",
        "event_location": " EBONY COURT between DEVON AVENUE and EVERETT AVENUE",
        "event_borough": "Brooklyn",
        "start_date": "2018-09-15T12:30:00.000",
        "end_date": "2018-09-15T20:30:00.000",
        "start_formatted": "September 15, 2018 12:30 PM",
        "end_formatted": "September 15, 2018 08:30 PM",
        "street_closure_type": "Sidewalk and Street Closure ",
        "community_board": "15, ",
        "police_precinct": "61, "
      }
    },
    {
      "type": "Feature",
      "geometry": {
        "type": "Point",
        "coordinates": [
          -73.9758065,
          40.6449585
        ]
      },
      "properties": {
        "event_id": "431226",
        "event_name": "East 5th Street Block Party",
        "event_type": "Block Party",
        "event_agency": "Street Activity Permit Office",
        "event_location": " EAST    5 STREET between CHURCH AVENUE and ALBEMARLE ROAD",
        "event_borough": "Brooklyn",
        "start_date": "2018-09-15T12:30:00.000",
        "end_date": "2018-09-15T20:30:00.000",
        "start_formatted": "September 15, 2018 12:30 PM",
        "end_formatted": "September 15, 2018 08:30 PM",
        "street_closure_type": "Full Street Closure ",
        "community_board": "12, ",
        "police_precinct": "66, "
      }
    },
    {
      "type": "Feature",
      "geometry": {
        "type": "Point",
        "coordinates": [
          -73.982056,
          40.660365999999996
        ]
      },
      "properties": {
        "event_id": "426844",
        "event_name": "Windsor Place 2018 Block Party",
        "event_type": "Block Party",
        "event_agency": "Street Activity Permit Office",
        "event_location": " WINDSOR PLACE between 8 AVENUE and PROSPECT PARK WEST",
        "event_borough": "Brooklyn",
        "start_date": "2018-09-15T12:30:00.000",
        "end_date": "2018-09-15T20:30:00.000",
        "start_formatted": "September 15, 2018 12:30 PM",
        "end_formatted": "September 15, 2018 08:30 PM",
        "street_closure_type": "Full Street Closure ",
        "community_board": "7, ",
        "police_precinct": "72, "
      }
    },
    {
      "type": "Feature",
      "geometry": {
        "type": "Point",
        "coordinates": [
          -74.0137775,
          40.643547999999996
        ]
      },
      "properties": {
        "event_id": "422868",
        "event_name": "54th Street Block Party",
        "event_type": "Block Party",
        "event_agency": "Street Activity Permit Office",
        "event_location": " 54 STREET between 4 AVENUE and 5 AVENUE",
        "event_borough": "Brooklyn",
        "start_date": "2018-09-15T12:00:00.000",
        "end_date": "2018-09-15T21:00:00.000",
        "start_formatted": "September 15, 2018 12:00 PM",
        "end_formatted": "September 15, 2018 09:00 PM",
        "street_closure_type": "Full Street Closure ",
        "community_board": "7, ",
        "police_precinct": "72, "
      }
    },
    {
      "type": "Feature",
      "geometry": {
        "type": "Point",
        "coordinates": [
          -73.99476000000001,
          40.678339
        ]
      },
      "properties": {
        "event_id": "403885",
        "event_name": "Third Street Block Party",
        "event_type": "Block Party",
        "event_agency": "Street Activity Permit Office",
        "event_location": " THIRD STREET between SMITH STREET and HOYT STREET",
        "event_borough": "Brooklyn",
        "start_date": "2018-09-15T12:00:00.000",
        "end_date": "2018-09-15T20:00:00.000",
        "start_formatted": "September 15, 2018 12:00 PM",
        "end_formatted": "September 15, 2018 08:00 PM",
        "street_closure_type": "Full Street Closure ",
        "community_board": "6, ",
        "police_precinct": "76, "
      }
    },
    {
      "type": "Feature",
      "geometry": {
        "type": "Point",
        "coordinates": [
          -74.03834499999999,
          40.623639
        ]
      },
      "properties": {
        "event_id": "432852",
        "event_name": "88th Street Annual Block Party",
        "event_type": "Block Party",
        "event_agency": "Street Activity Permit Office",
        "event_location": " 88 STREET between NARROWS AVENUE and COLONIAL ROAD",
        "event_borough": "Brooklyn",
        "start_date": "2018-09-15T12:00:00.000",
        "end_date": "2018-09-15T21:00:00.000",
        "start_formatted": "September 15, 2018 12:00 PM",
        "end_formatted": "September 15, 2018 09:00 PM",
        "street_closure_type": "Full Street Closure ",
        "community_board": "10, ",
        "police_precinct": "68, "
      }
    },
    {
      "type": "Feature",
      "geometry": {
        "type": "Point",
        "coordinates": [
          -74.135343,
          40.616382
        ]
      },
      "properties": {
        "event_id": "428722",
        "event_name": "St. John Ave Annual Block Party",
        "event_type": "Block Party",
        "event_agency": "Street Activity Permit Office",
        "event_location": " ST JOHN AVENUE between WATERS AVENUE and WATCHOGUE ROAD",
        "event_borough": "Staten Island",
        "start_date": "2018-09-15T12:00:00.000",
        "end_date": "2018-09-15T21:00:00.000",
        "start_formatted": "September 15, 2018 12:00 PM",
        "end_formatted": "September 15, 2018 09:00 PM",
        "street_closure_type": "Full Street Closure ",
        "community_board": "1, ",
        "police_precinct": "121, "
      }
    },
    {
      "type": "Feature",
      "geometry": {
        "type": "Point",
        "coordinates": [
          -73.9488035,
          40.6849245
        ]
      },
      "properties": {
        "event_id": "427943",
        "event_name": "Old Tymers Day/Back To School Event",
        "event_type": "Block Party",
        "event_agency": "Street Activity Permit Office",
        "event_location": " MADISON STREET between NOSTRAND AVENUE and MARCY AVENUE",
        "event_borough": "Brooklyn",
        "start_date": "2018-09-15T12:00:00.000",
        "end_date": "2018-09-15T19:00:00.000",
        "start_formatted": "September 15, 2018 12:00 PM",
        "end_formatted": "September 15, 2018 07:00 PM",
        "street_closure_type": "Full Street Closure ",
        "community_board": "3, ",
        "police_precinct": "79, "
      }
    },
    {
      "type": "Feature",
      "geometry": {
        "type": "Point",
        "coordinates": [
          -73.9143285,
          40.660951999999995
        ]
      },
      "properties": {
        "event_id": "369152",
        "event_name": "Block Party",
        "event_type": "Block Party",
        "event_agency": "Street Activity Permit Office",
        "event_location": " STRAUSS STREET between LIVONIA AVENUE and RIVERDALE AVENUE",
        "event_borough": "Brooklyn",
        "start_date": "2018-09-15T12:00:00.000",
        "end_date": "2018-09-15T20:00:00.000",
        "start_formatted": "September 15, 2018 12:00 PM",
        "end_formatted": "September 15, 2018 08:00 PM",
        "street_closure_type": "Full Street Closure ",
        "community_board": "16, ",
        "police_precinct": "73, "
      }
    },
    {
      "type": "Feature",
      "geometry": {
        "type": "Point",
        "coordinates": [
          -73.9807445,
          40.669881000000004
        ]
      },
      "properties": {
        "event_id": "420824",
        "event_name": "Fifth Street Fall Block Party 2018",
        "event_type": "Block Party",
        "event_agency": "Street Activity Permit Office",
        "event_location": " FIFTH STREET between SIXTH AVENUE and SEVENTH AVENUE",
        "event_borough": "Brooklyn",
        "start_date": "2018-09-15T12:00:00.000",
        "end_date": "2018-09-15T20:00:00.000",
        "start_formatted": "September 15, 2018 12:00 PM",
        "end_formatted": "September 15, 2018 08:00 PM",
        "street_closure_type": "Full Street Closure ",
        "community_board": "6, ",
        "police_precinct": "78, "
      }
    },
    {
      "type": "Feature",
      "geometry": {
        "type": "Point",
        "coordinates": [
          -73.98933299999999,
          40.614906500000004
        ]
      },
      "properties": {
        "event_id": "425652",
        "event_name": "Bay Ridge Avenue Block Party",
        "event_type": "Block Party",
        "event_agency": "Street Activity Permit Office",
        "event_location": " BAY RIDGE AVENUE between 19 AVENUE and 20 AVENUE",
        "event_borough": "Brooklyn",
        "start_date": "2018-09-15T12:00:00.000",
        "end_date": "2018-09-15T19:00:00.000",
        "start_formatted": "September 15, 2018 12:00 PM",
        "end_formatted": "September 15, 2018 07:00 PM",
        "street_closure_type": "Full Street Closure ",
        "community_board": "11, ",
        "police_precinct": "62, "
      }
    },
    {
      "type": "Feature",
      "geometry": {
        "type": "Point",
        "coordinates": [
          -74.01575700000001,
          40.648386
        ]
      },
      "properties": {
        "event_id": "417575",
        "event_name": "50th Street Block Party 2018-2",
        "event_type": "Block Party",
        "event_agency": "Street Activity Permit Office",
        "event_location": " 50 STREET between 2 AVENUE and 3 AVENUE",
        "event_borough": "Brooklyn",
        "start_date": "2018-09-15T12:00:00.000",
        "end_date": "2018-09-15T20:00:00.000",
        "start_formatted": "September 15, 2018 12:00 PM",
        "end_formatted": "September 15, 2018 08:00 PM",
        "street_closure_type": "Full Street Closure ",
        "community_board": "7, ",
        "police_precinct": "72, "
      }
    },
    {
      "type": "Feature",
      "geometry": {
        "type": "Point",
        "coordinates": [
          -73.9756635,
          40.6556645
        ]
      },
      "properties": {
        "event_id": "397017",
        "event_name": "11th Annual Terrace Place Block Party",
        "event_type": "Block Party",
        "event_agency": "Street Activity Permit Office",
        "event_location": " TERRACE PLACE between PROSPECT AVENUE and SHERMAN STREET",
        "event_borough": "Brooklyn",
        "start_date": "2018-09-15T12:00:00.000",
        "end_date": "2018-09-15T21:00:00.000",
        "start_formatted": "September 15, 2018 12:00 PM",
        "end_formatted": "September 15, 2018 09:00 PM",
        "street_closure_type": "Full Street Closure ",
        "community_board": "7, ",
        "police_precinct": "72, "
      }
    },
    {
      "type": "Feature",
      "geometry": {
        "type": "Point",
        "coordinates": [
          -73.98637350000001,
          40.6624915
        ]
      },
      "properties": {
        "event_id": "420169",
        "event_name": "Jackson Place Block Party",
        "event_type": "Block Party",
        "event_agency": "Street Activity Permit Office",
        "event_location": " JACKSON PLACE between 16 STREET and PROSPECT AVENUE",
        "event_borough": "Brooklyn",
        "start_date": "2018-09-15T12:00:00.000",
        "end_date": "2018-09-15T21:00:00.000",
        "start_formatted": "September 15, 2018 12:00 PM",
        "end_formatted": "September 15, 2018 09:00 PM",
        "street_closure_type": "Full Street Closure ",
        "community_board": "7, ",
        "police_precinct": "72, "
      }
    },
    {
      "type": "Feature",
      "geometry": {
        "type": "Point",
        "coordinates": [
          -73.8692335,
          40.719477499999996
        ]
      },
      "properties": {
        "event_id": "419299",
        "event_name": "2018 83rd PLACE BLOCK PARTY",
        "event_type": "Block Party",
        "event_agency": "Street Activity Permit Office",
        "event_location": " 83 PLACE between 64 ROAD and FURMANVILLE AVENUE",
        "event_borough": "Queens",
        "start_date": "2018-09-15T12:00:00.000",
        "end_date": "2018-09-15T19:30:00.000",
        "start_formatted": "September 15, 2018 12:00 PM",
        "end_formatted": "September 15, 2018 07:30 PM",
        "street_closure_type": "Full Street Closure ",
        "community_board": "5, ",
        "police_precinct": "104, "
      }
    },
    {
      "type": "Feature",
      "geometry": {
        "type": "Point",
        "coordinates": [
          -73.9589065,
          40.661849000000004
        ]
      },
      "properties": {
        "event_id": "431842",
        "event_name": "Lefferts Block Association Block Party ",
        "event_type": "Block Party",
        "event_agency": "Street Activity Permit Office",
        "event_location": " LEFFERTS AVENUE between BEDFORD AVENUE and WASHINGTON AVENUE",
        "event_borough": "Brooklyn",
        "start_date": "2018-09-15T12:00:00.000",
        "end_date": "2018-09-15T20:00:00.000",
        "start_formatted": "September 15, 2018 12:00 PM",
        "end_formatted": "September 15, 2018 08:00 PM",
        "street_closure_type": "Full Street Closure ",
        "community_board": "9, ",
        "police_precinct": "71, "
      }
    },
    {
      "type": "Feature",
      "geometry": {
        "type": "Point",
        "coordinates": [
          -74.030003,
          40.622407499999994
        ]
      },
      "properties": {
        "event_id": "431046",
        "event_name": "2018 87th Street Block Party",
        "event_type": "Block Party",
        "event_agency": "Street Activity Permit Office",
        "event_location": " 87 STREET between 4 AVENUE and 3 AVENUE",
        "event_borough": "Brooklyn",
        "start_date": "2018-09-15T12:00:00.000",
        "end_date": "2018-09-15T21:00:00.000",
        "start_formatted": "September 15, 2018 12:00 PM",
        "end_formatted": "September 15, 2018 09:00 PM",
        "street_closure_type": "Full Street Closure ",
        "community_board": "10, ",
        "police_precinct": "68, "
      }
    },
    {
      "type": "Feature",
      "geometry": {
        "type": "Point",
        "coordinates": [
          -74.0091565,
          40.6203665
        ]
      },
      "properties": {
        "event_id": "427124",
        "event_name": "76 Block Party",
        "event_type": "Block Party",
        "event_agency": "Street Activity Permit Office",
        "event_location": " 76 STREET between 12 AVENUE and 13 AVENUE",
        "event_borough": "Brooklyn",
        "start_date": "2018-09-15T12:00:00.000",
        "end_date": "2018-09-15T21:00:00.000",
        "start_formatted": "September 15, 2018 12:00 PM",
        "end_formatted": "September 15, 2018 09:00 PM",
        "street_closure_type": "Full Street Closure ",
        "community_board": "10, ",
        "police_precinct": "68, "
      }
    },
    {
      "type": "Feature",
      "geometry": {
        "type": "Point",
        "coordinates": [
          -73.9923315,
          40.678015
        ]
      },
      "properties": {
        "event_id": "398686",
        "event_name": "Annual 2nd St. Block Party",
        "event_type": "Block Party",
        "event_agency": "Street Activity Permit Office",
        "event_location": " 2 STREET between HOYT STREET and BOND STREET",
        "event_borough": "Brooklyn",
        "start_date": "2018-09-15T12:00:00.000",
        "end_date": "2018-09-15T19:00:00.000",
        "start_formatted": "September 15, 2018 12:00 PM",
        "end_formatted": "September 15, 2018 07:00 PM",
        "street_closure_type": "Full Street Closure ",
        "community_board": "6, ",
        "police_precinct": "76, "
      }
    },
    {
      "type": "Feature",
      "geometry": {
        "type": "Point",
        "coordinates": [
          -73.97835850000001,
          40.6532275
        ]
      },
      "properties": {
        "event_id": "405230",
        "event_name": "19th Street Block Party",
        "event_type": "Block Party",
        "event_agency": "Street Activity Permit Office",
        "event_location": " 19 STREET between SEELEY STREET and VANDERBILT STREET",
        "event_borough": "Brooklyn",
        "start_date": "2018-09-15T12:00:00.000",
        "end_date": "2018-09-15T21:00:00.000",
        "start_formatted": "September 15, 2018 12:00 PM",
        "end_formatted": "September 15, 2018 09:00 PM",
        "street_closure_type": "Full Street Closure ",
        "community_board": "7, ",
        "police_precinct": "72, "
      }
    },
    {
      "type": "Feature",
      "geometry": {
        "type": "Point",
        "coordinates": [
          -73.914084,
          40.695234
        ]
      },
      "properties": {
        "event_id": "431113",
        "event_name": "Block party",
        "event_type": "Block Party",
        "event_agency": "Street Activity Permit Office",
        "event_location": " WOODBINE STREET between WILSON AVENUE and KNICKERBOCKER AVENUE",
        "event_borough": "Brooklyn",
        "start_date": "2018-09-15T12:00:00.000",
        "end_date": "2018-09-15T20:00:00.000",
        "start_formatted": "September 15, 2018 12:00 PM",
        "end_formatted": "September 15, 2018 08:00 PM",
        "street_closure_type": "Full Street Closure ",
        "community_board": "4, ",
        "police_precinct": "83, "
      }
    },
    {
      "type": "Feature",
      "geometry": {
        "type": "Point",
        "coordinates": [
          -73.7405435,
          40.7062165
        ]
      },
      "properties": {
        "event_id": "431253",
        "event_name": "111road block association",
        "event_type": "Block Party",
        "event_agency": "Street Activity Permit Office",
        "event_location": " 111 ROAD between DELEVAN STREET and SPRINGFIELD BOULEVARD",
        "event_borough": "Queens",
        "start_date": "2018-09-15T12:00:00.000",
        "end_date": "2018-09-15T20:00:00.000",
        "start_formatted": "September 15, 2018 12:00 PM",
        "end_formatted": "September 15, 2018 08:00 PM",
        "street_closure_type": "Full Street Closure ",
        "community_board": "13, ",
        "police_precinct": "105, "
      }
    },
    {
      "type": "Feature",
      "geometry": {
        "type": "Point",
        "coordinates": [
          -74.149306,
          40.558578499999996
        ]
      },
      "properties": {
        "event_id": "423544",
        "event_name": "Leverett Ave Block Party",
        "event_type": "Block Party",
        "event_agency": "Street Activity Permit Office",
        "event_location": " LEVERETT AVENUE between GREAVES AVENUE and MILES AVENUE",
        "event_borough": "Staten Island",
        "start_date": "2018-09-15T12:00:00.000",
        "end_date": "2018-09-15T21:00:00.000",
        "start_formatted": "September 15, 2018 12:00 PM",
        "end_formatted": "September 15, 2018 09:00 PM",
        "street_closure_type": "Full Street Closure ",
        "community_board": "3, ",
        "police_precinct": "122, "
      }
    },
    {
      "type": "Feature",
      "geometry": {
        "type": "Point",
        "coordinates": [
          -73.98053999999999,
          40.662169
        ]
      },
      "properties": {
        "event_id": "430315",
        "event_name": "14th Street Annual Block Party",
        "event_type": "Block Party",
        "event_agency": "Street Activity Permit Office",
        "event_location": " 14 STREET between 8 AVENUE and PROSPECT PARK WEST",
        "event_borough": "Brooklyn",
        "start_date": "2018-09-15T12:00:00.000",
        "end_date": "2018-09-15T20:00:00.000",
        "start_formatted": "September 15, 2018 12:00 PM",
        "end_formatted": "September 15, 2018 08:00 PM",
        "street_closure_type": "Full Street Closure ",
        "community_board": "6, ",
        "police_precinct": "78, "
      }
    },
    {
      "type": "Feature",
      "geometry": {
        "type": "Point",
        "coordinates": [
          -73.94203350000001,
          40.6812095
        ]
      },
      "properties": {
        "event_id": "420653",
        "event_name": "Historic MacDonough Street Block Association",
        "event_type": "Block Party",
        "event_agency": "Street Activity Permit Office",
        "event_location": " MACDONOUGH STREET between THROOP AVENUE and TOMPKINS AVENUE",
        "event_borough": "Brooklyn",
        "start_date": "2018-09-15T12:00:00.000",
        "end_date": "2018-09-15T19:00:00.000",
        "start_formatted": "September 15, 2018 12:00 PM",
        "end_formatted": "September 15, 2018 07:00 PM",
        "street_closure_type": "Full Street Closure ",
        "community_board": "3, ",
        "police_precinct": "79, "
      }
    },
    {
      "type": "Feature",
      "geometry": {
        "type": "Point",
        "coordinates": [
          -73.9523385,
          40.663037
        ]
      },
      "properties": {
        "event_id": "427798",
        "event_name": "2018 200 Sterling St. Block Party",
        "event_type": "Block Party",
        "event_agency": "Street Activity Permit Office",
        "event_location": " STERLING STREET between ROGERS AVENUE and NOSTRAND AVENUE",
        "event_borough": "Brooklyn",
        "start_date": "2018-09-15T12:00:00.000",
        "end_date": "2018-09-15T19:00:00.000",
        "start_formatted": "September 15, 2018 12:00 PM",
        "end_formatted": "September 15, 2018 07:00 PM",
        "street_closure_type": "Full Street Closure ",
        "community_board": "9, ",
        "police_precinct": "71, "
      }
    },
    {
      "type": "Feature",
      "geometry": {
        "type": "Point",
        "coordinates": [
          -73.98415349999999,
          40.61645
        ]
      },
      "properties": {
        "event_id": "419234",
        "event_name": "64th street block party",
        "event_type": "Block Party",
        "event_agency": "Street Activity Permit Office",
        "event_location": " 64 STREET between 20 AVENUE and 21 AVENUE",
        "event_borough": "Brooklyn",
        "start_date": "2018-09-15T12:00:00.000",
        "end_date": "2018-09-15T20:00:00.000",
        "start_formatted": "September 15, 2018 12:00 PM",
        "end_formatted": "September 15, 2018 08:00 PM",
        "street_closure_type": "Full Street Closure ",
        "community_board": "11, ",
        "police_precinct": "62, "
      }
    },
    {
      "type": "Feature",
      "geometry": {
        "type": "Point",
        "coordinates": [
          -73.881238,
          40.72613
        ]
      },
      "properties": {
        "event_id": "423511",
        "event_name": "79 Street Block Party",
        "event_type": "Block Party",
        "event_agency": "Street Activity Permit Office",
        "event_location": " 79 STREET between CALDWELL AVENUE and 58 AVENUE",
        "event_borough": "Queens",
        "start_date": "2018-09-15T12:00:00.000",
        "end_date": "2018-09-15T21:00:00.000",
        "start_formatted": "September 15, 2018 12:00 PM",
        "end_formatted": "September 15, 2018 09:00 PM",
        "street_closure_type": "Full Street Closure ",
        "community_board": "5, ",
        "police_precinct": "104, "
      }
    },
    {
      "type": "Feature",
      "geometry": {
        "type": "Point",
        "coordinates": [
          -73.978972,
          40.656273
        ]
      },
      "properties": {
        "event_id": "421371",
        "event_name": "2018 17th St. Block Party",
        "event_type": "Block Party",
        "event_agency": "Street Activity Permit Office",
        "event_location": " 17 STREET between 10 AVENUE and 11 AVENUE",
        "event_borough": "Brooklyn",
        "start_date": "2018-09-15T12:00:00.000",
        "end_date": "2018-09-15T19:00:00.000",
        "start_formatted": "September 15, 2018 12:00 PM",
        "end_formatted": "September 15, 2018 07:00 PM",
        "street_closure_type": "Full Street Closure ",
        "community_board": "7, ",
        "police_precinct": "72, "
      }
    },
    {
      "type": "Feature",
      "geometry": {
        "type": "Point",
        "coordinates": [
          -73.989913,
          40.614348
        ]
      },
      "properties": {
        "event_id": "430902",
        "event_name": "70th Street Block Party",
        "event_type": "Block Party",
        "event_agency": "Street Activity Permit Office",
        "event_location": " 70 STREET between 19 AVENUE and 20 AVENUE",
        "event_borough": "Brooklyn",
        "start_date": "2018-09-15T12:00:00.000",
        "end_date": "2018-09-15T19:00:00.000",
        "start_formatted": "September 15, 2018 12:00 PM",
        "end_formatted": "September 15, 2018 07:00 PM",
        "street_closure_type": "Full Street Closure ",
        "community_board": "11, ",
        "police_precinct": "62, "
      }
    },
    {
      "type": "Feature",
      "geometry": {
        "type": "Point",
        "coordinates": [
          -73.88231250000001,
          40.7051025
        ]
      },
      "properties": {
        "event_id": "429232",
        "event_name": "Block Party",
        "event_type": "Block Party",
        "event_agency": "Street Activity Permit Office",
        "event_location": " 70 STREET between CENTRAL AVENUE and 70 AVENUE",
        "event_borough": "Queens",
        "start_date": "2018-09-15T12:00:00.000",
        "end_date": "2018-09-15T21:00:00.000",
        "start_formatted": "September 15, 2018 12:00 PM",
        "end_formatted": "September 15, 2018 09:00 PM",
        "street_closure_type": "Full Street Closure ",
        "community_board": "5, ",
        "police_precinct": "104, "
      }
    },
    {
      "type": "Feature",
      "geometry": {
        "type": "Point",
        "coordinates": [
          -73.9928845,
          40.667294
        ]
      },
      "properties": {
        "event_id": "429206",
        "event_name": "15th Street Block Party",
        "event_type": "Block Party",
        "event_agency": "Street Activity Permit Office",
        "event_location": " 15 STREET between 3 AVENUE and 4 AVENUE",
        "event_borough": "Brooklyn",
        "start_date": "2018-09-15T12:00:00.000",
        "end_date": "2018-09-15T18:00:00.000",
        "start_formatted": "September 15, 2018 12:00 PM",
        "end_formatted": "September 15, 2018 06:00 PM",
        "street_closure_type": "Full Street Closure ",
        "community_board": "6, 7, ",
        "police_precinct": "72, 78, "
      }
    },
    {
      "type": "Feature",
      "geometry": {
        "type": "Point",
        "coordinates": [
          -73.98417649999999,
          40.6858725
        ]
      },
      "properties": {
        "event_id": "418523",
        "event_name": "2018 Pacific Street Block Party",
        "event_type": "Block Party",
        "event_agency": "Street Activity Permit Office",
        "event_location": " PACIFIC STREET between NEVINS STREET and BOND STREET",
        "event_borough": "Brooklyn",
        "start_date": "2018-09-15T12:00:00.000",
        "end_date": "2018-09-15T19:00:00.000",
        "start_formatted": "September 15, 2018 12:00 PM",
        "end_formatted": "September 15, 2018 07:00 PM",
        "street_closure_type": "Full Street Closure ",
        "community_board": "2, ",
        "police_precinct": "84, "
      }
    },
    {
      "type": "Feature",
      "geometry": {
        "type": "Point",
        "coordinates": [
          -73.9978775,
          40.7123495
        ]
      },
      "properties": {
        "event_id": "397631",
        "event_name": "Mariners Temple Baptist Church 20th Annual Homecoming Ceremony Community Outreach Event",
        "event_type": "Block Party",
        "event_agency": "Street Activity Permit Office",
        "event_location": " OLIVER STREET between HENRY STREET and MADISON STREET",
        "event_borough": "Manhattan",
        "start_date": "2018-09-15T12:00:00.000",
        "end_date": "2018-09-15T17:00:00.000",
        "start_formatted": "September 15, 2018 12:00 PM",
        "end_formatted": "September 15, 2018 05:00 PM",
        "street_closure_type": "Full Street Closure ",
        "community_board": "3, ",
        "police_precinct": "5, "
      }
    },
    {
      "type": "Feature",
      "geometry": {
        "type": "Point",
        "coordinates": [
          -74.032707,
          40.615921
        ]
      },
      "properties": {
        "event_id": "431245",
        "event_name": "2018 96th Street Block Party",
        "event_type": "Block Party",
        "event_agency": "Street Activity Permit Office",
        "event_location": " 96 STREET between 3 AVENUE and 4 AVENUE",
        "event_borough": "Brooklyn",
        "start_date": "2018-09-15T12:00:00.000",
        "end_date": "2018-09-15T20:00:00.000",
        "start_formatted": "September 15, 2018 12:00 PM",
        "end_formatted": "September 15, 2018 08:00 PM",
        "street_closure_type": "Full Street Closure ",
        "community_board": "10, ",
        "police_precinct": "68, "
      }
    },
    {
      "type": "Feature",
      "geometry": {
        "type": "Point",
        "coordinates": [
          -73.97733500000001,
          40.658086
        ]
      },
      "properties": {
        "event_id": "405618",
        "event_name": "Annual Windsor Place Block Party",
        "event_type": "Block Party",
        "event_agency": "Street Activity Permit Office",
        "event_location": " WINDSOR PLACE between 10 AVENUE and 11 AVENUE",
        "event_borough": "Brooklyn",
        "start_date": "2018-09-15T12:00:00.000",
        "end_date": "2018-09-15T20:00:00.000",
        "start_formatted": "September 15, 2018 12:00 PM",
        "end_formatted": "September 15, 2018 08:00 PM",
        "street_closure_type": "Full Street Closure ",
        "community_board": "7, ",
        "police_precinct": "72, "
      }
    },
    {
      "type": "Feature",
      "geometry": {
        "type": "Point",
        "coordinates": [
          -74.0241925,
          40.636624
        ]
      },
      "properties": {
        "event_id": "429785",
        "event_name": "Senator Street Block Party",
        "event_type": "Block Party",
        "event_agency": "Street Activity Permit Office",
        "event_location": " SENATOR  STREET between 4  AVENUE and 3  AVENUE",
        "event_borough": "Brooklyn",
        "start_date": "2018-09-15T12:00:00.000",
        "end_date": "2018-09-15T20:00:00.000",
        "start_formatted": "September 15, 2018 12:00 PM",
        "end_formatted": "September 15, 2018 08:00 PM",
        "street_closure_type": "Full Street Closure ",
        "community_board": "10, ",
        "police_precinct": "68, "
      }
    },
    {
      "type": "Feature",
      "geometry": {
        "type": "Point",
        "coordinates": [
          -73.793473,
          40.6945855
        ]
      },
      "properties": {
        "event_id": "436271",
        "event_name": "South Jamaica Houses Family Day",
        "event_type": "Block Party",
        "event_agency": "Street Activity Permit Office",
        "event_location": " 159 STREET between 108 AVENUE and 109 AVENUE",
        "event_borough": "Queens",
        "start_date": "2018-09-15T12:00:00.000",
        "end_date": "2018-09-15T19:00:00.000",
        "start_formatted": "September 15, 2018 12:00 PM",
        "end_formatted": "September 15, 2018 07:00 PM",
        "street_closure_type": "Sidewalk and Street Closure ",
        "community_board": "12, ",
        "police_precinct": "103, "
      }
    },
    {
      "type": "Feature",
      "geometry": {
        "type": "Point",
        "coordinates": [
          -73.869708,
          40.685266
        ]
      },
      "properties": {
        "event_id": "427188",
        "event_name": "Lincoln Block Party",
        "event_type": "Block Party",
        "event_agency": "Street Activity Permit Office",
        "event_location": " LINCOLN AVENUE between RIDGEWOOD AVENUE and FULTON STREET",
        "event_borough": "Brooklyn",
        "start_date": "2018-09-15T11:30:00.000",
        "end_date": "2018-09-15T20:30:00.000",
        "start_formatted": "September 15, 2018 11:30 AM",
        "end_formatted": "September 15, 2018 08:30 PM",
        "street_closure_type": "Full Street Closure ",
        "community_board": "5, ",
        "police_precinct": "75, "
      }
    },
    {
      "type": "Feature",
      "geometry": {
        "type": "Point",
        "coordinates": [
          -73.94769500000001,
          40.8161025
        ]
      },
      "properties": {
        "event_id": "436651",
        "event_name": "Back to School Celebration",
        "event_type": "Block Party",
        "event_agency": "Street Activity Permit Office",
        "event_location": " WEST  134 STREET between FREDERICK DOUGLAS BOULEVARD and ST NICHOLAS AVENUE",
        "event_borough": "Manhattan",
        "start_date": "2018-09-15T11:30:00.000",
        "end_date": "2018-09-15T18:30:00.000",
        "start_formatted": "September 15, 2018 11:30 AM",
        "end_formatted": "September 15, 2018 06:30 PM",
        "street_closure_type": "Full Street Closure ",
        "community_board": "10, ",
        "police_precinct": "32, "
      }
    },
    {
      "type": "Feature",
      "geometry": {
        "type": "Point",
        "coordinates": [
          -73.9729095,
          40.644454499999995
        ]
      },
      "properties": {
        "event_id": "428414",
        "event_name": "The 2nd Annual E. 7th Street Block Party ",
        "event_type": "Block Party",
        "event_agency": "Street Activity Permit Office",
        "event_location": " EAST    7 STREET between CHURCH AVENUE and BEVERLY ROAD",
        "event_borough": "Brooklyn",
        "start_date": "2018-09-15T11:00:00.000",
        "end_date": "2018-09-15T19:00:00.000",
        "start_formatted": "September 15, 2018 11:00 AM",
        "end_formatted": "September 15, 2018 07:00 PM",
        "street_closure_type": "Full Street Closure ",
        "community_board": "12, ",
        "police_precinct": "66, "
      }
    },
    {
      "type": "Feature",
      "geometry": {
        "type": "Point",
        "coordinates": [
          -73.8418355,
          40.7106405
        ]
      },
      "properties": {
        "event_id": "415120",
        "event_name": "Kessel Street Family Block Party",
        "event_type": "Block Party",
        "event_agency": "Street Activity Permit Office",
        "event_location": " KESSEL STREET between WHITSON STREET and 75 ROAD",
        "event_borough": "Queens",
        "start_date": "2018-09-15T11:00:00.000",
        "end_date": "2018-09-15T19:30:00.000",
        "start_formatted": "September 15, 2018 11:00 AM",
        "end_formatted": "September 15, 2018 07:30 PM",
        "street_closure_type": "Full Street Closure ",
        "community_board": "6, ",
        "police_precinct": "112, "
      }
    },
    {
      "type": "Feature",
      "geometry": {
        "type": "Point",
        "coordinates": [
          -73.92799249999999,
          40.590686000000005
        ]
      },
      "properties": {
        "event_id": "427117",
        "event_name": "Hazel Court Black Party",
        "event_type": "Block Party",
        "event_agency": "Street Activity Permit Office",
        "event_location": " HAZEL COURT between FLORENCE AVENUE and EVERETT AVENUE",
        "event_borough": "Brooklyn",
        "start_date": "2018-09-15T11:00:00.000",
        "end_date": "2018-09-15T20:00:00.000",
        "start_formatted": "September 15, 2018 11:00 AM",
        "end_formatted": "September 15, 2018 08:00 PM",
        "street_closure_type": "Full Street Closure ",
        "community_board": "15, ",
        "police_precinct": "61, "
      }
    },
    {
      "type": "Feature",
      "geometry": {
        "type": "Point",
        "coordinates": [
          -73.872053,
          40.7560285
        ]
      },
      "properties": {
        "event_id": "425565",
        "event_name": "Back to School Event",
        "event_type": "Block Party",
        "event_agency": "Street Activity Permit Office",
        "event_location": " 96 STREET between NORTHERN BOULEVARD and 34 AVENUE",
        "event_borough": "Queens",
        "start_date": "2018-09-15T11:00:00.000",
        "end_date": "2018-09-15T19:00:00.000",
        "start_formatted": "September 15, 2018 11:00 AM",
        "end_formatted": "September 15, 2018 07:00 PM",
        "street_closure_type": "Full Street Closure ",
        "community_board": "3, ",
        "police_precinct": "115, "
      }
    },
    {
      "type": "Feature",
      "geometry": {
        "type": "Point",
        "coordinates": [
          -73.9785315,
          40.664584
        ]
      },
      "properties": {
        "event_id": "423781",
        "event_name": "10th Street Block Association",
        "event_type": "Block Party",
        "event_agency": "Street Activity Permit Office",
        "event_location": " 10 STREET between 8 AVENUE and PROSPECT PARK WEST",
        "event_borough": "Brooklyn",
        "start_date": "2018-09-15T11:00:00.000",
        "end_date": "2018-09-15T20:00:00.000",
        "start_formatted": "September 15, 2018 11:00 AM",
        "end_formatted": "September 15, 2018 08:00 PM",
        "street_closure_type": "Full Street Closure ",
        "community_board": "6, ",
        "police_precinct": "78, "
      }
    },
    {
      "type": "Feature",
      "geometry": {
        "type": "Point",
        "coordinates": [
          -74.016469,
          40.620231000000004
        ]
      },
      "properties": {
        "event_id": "420254",
        "event_name": "81st Street 10th and 11th ave ",
        "event_type": "Block Party",
        "event_agency": "Street Activity Permit Office",
        "event_location": " 81 STREET between 10 AVENUE and 11 AVENUE",
        "event_borough": "Brooklyn",
        "start_date": "2018-09-15T11:00:00.000",
        "end_date": "2018-09-15T20:00:00.000",
        "start_formatted": "September 15, 2018 11:00 AM",
        "end_formatted": "September 15, 2018 08:00 PM",
        "street_closure_type": "Full Street Closure ",
        "community_board": "10, ",
        "police_precinct": "68, "
      }
    },
    {
      "type": "Feature",
      "geometry": {
        "type": "Point",
        "coordinates": [
          -73.957476,
          40.6831755
        ]
      },
      "properties": {
        "event_id": "414402",
        "event_name": "Community of Neighbors Block Party",
        "event_type": "Block Party",
        "event_agency": "Street Activity Permit Office",
        "event_location": " PUTNAM AVENUE between FRANKLIN AVENUE and CLASSON AVENUE",
        "event_borough": "Brooklyn",
        "start_date": "2018-09-15T11:00:00.000",
        "end_date": "2018-09-15T19:30:00.000",
        "start_formatted": "September 15, 2018 11:00 AM",
        "end_formatted": "September 15, 2018 07:30 PM",
        "street_closure_type": "Full Street Closure ",
        "community_board": "3, ",
        "police_precinct": "79, "
      }
    },
    {
      "type": "Feature",
      "geometry": {
        "type": "Point",
        "coordinates": [
          -73.9401795,
          40.6017675
        ]
      },
      "properties": {
        "event_id": "427363",
        "event_name": "Brown Street Block Party ",
        "event_type": "Block Party",
        "event_agency": "Street Activity Permit Office",
        "event_location": " BROWN STREET between AVENUE T and AVENUE U",
        "event_borough": "Brooklyn",
        "start_date": "2018-09-15T11:00:00.000",
        "end_date": "2018-09-15T20:00:00.000",
        "start_formatted": "September 15, 2018 11:00 AM",
        "end_formatted": "September 15, 2018 08:00 PM",
        "street_closure_type": "Full Street Closure ",
        "community_board": "15, ",
        "police_precinct": "61, "
      }
    },
    {
      "type": "Feature",
      "geometry": {
        "type": "Point",
        "coordinates": [
          -73.97737950000001,
          40.6699435
        ]
      },
      "properties": {
        "event_id": "418469",
        "event_name": "Third St. Block Party",
        "event_type": "Block Party",
        "event_agency": "Street Activity Permit Office",
        "event_location": " 3 STREET between 7 AVENUE and 8 AVENUE",
        "event_borough": "Brooklyn",
        "start_date": "2018-09-15T11:00:00.000",
        "end_date": "2018-09-15T18:00:00.000",
        "start_formatted": "September 15, 2018 11:00 AM",
        "end_formatted": "September 15, 2018 06:00 PM",
        "street_closure_type": "Full Street Closure ",
        "community_board": "6, ",
        "police_precinct": "78, "
      }
    },
    {
      "type": "Feature",
      "geometry": {
        "type": "Point",
        "coordinates": [
          -73.974637,
          40.6733405
        ]
      },
      "properties": {
        "event_id": "403071",
        "event_name": "Block Party",
        "event_type": "Block Party",
        "event_agency": "Street Activity Permit Office",
        "event_location": " PRESIDENT STREET between 7 AVENUE and 8 AVENUE",
        "event_borough": "Brooklyn",
        "start_date": "2018-09-15T11:00:00.000",
        "end_date": "2018-09-15T18:00:00.000",
        "start_formatted": "September 15, 2018 11:00 AM",
        "end_formatted": "September 15, 2018 06:00 PM",
        "street_closure_type": "Full Street Closure ",
        "community_board": "6, ",
        "police_precinct": "78, "
      }
    },
    {
      "type": "Feature",
      "geometry": {
        "type": "Point",
        "coordinates": [
          -73.97257400000001,
          40.671735999999996
        ]
      },
      "properties": {
        "event_id": "422725",
        "event_name": "Carroll St Prospect Park West Block Association Party",
        "event_type": "Block Party",
        "event_agency": "Street Activity Permit Office",
        "event_location": " CARROLL STREET between 8 AVENUE and PROSPECT PARK WEST",
        "event_borough": "Brooklyn",
        "start_date": "2018-09-15T11:00:00.000",
        "end_date": "2018-09-15T18:00:00.000",
        "start_formatted": "September 15, 2018 11:00 AM",
        "end_formatted": "September 15, 2018 06:00 PM",
        "street_closure_type": "Full Street Closure ",
        "community_board": "6, ",
        "police_precinct": "78, "
      }
    },
    {
      "type": "Feature",
      "geometry": {
        "type": "Point",
        "coordinates": [
          -73.986505,
          40.67097
        ]
      },
      "properties": {
        "event_id": "414000",
        "event_name": "Seventh Street 4th and 5th ave- 2018 block party",
        "event_type": "Block Party",
        "event_agency": "Street Activity Permit Office",
        "event_location": " SEVENTH STREET between 4 AVENUE and 5 AVENUE",
        "event_borough": "Brooklyn",
        "start_date": "2018-09-15T11:00:00.000",
        "end_date": "2018-09-15T18:00:00.000",
        "start_formatted": "September 15, 2018 11:00 AM",
        "end_formatted": "September 15, 2018 06:00 PM",
        "street_closure_type": "Full Street Closure ",
        "community_board": "6, ",
        "police_precinct": "78, "
      }
    },
    {
      "type": "Feature",
      "geometry": {
        "type": "Point",
        "coordinates": [
          -73.908714,
          40.687580499999996
        ]
      },
      "properties": {
        "event_id": "430362",
        "event_name": "Dreams Deferred-Decatur Street Block Assoc. Block Party",
        "event_type": "Block Party",
        "event_agency": "Street Activity Permit Office",
        "event_location": " DECATUR STREET between EVERGREEN AVENUE and CENTRAL AVENUE",
        "event_borough": "Brooklyn",
        "start_date": "2018-09-15T11:00:00.000",
        "end_date": "2018-09-15T19:00:00.000",
        "start_formatted": "September 15, 2018 11:00 AM",
        "end_formatted": "September 15, 2018 07:00 PM",
        "street_closure_type": "Full Street Closure ",
        "community_board": "4, ",
        "police_precinct": "83, "
      }
    },
    {
      "type": "Feature",
      "geometry": {
        "type": "Point",
        "coordinates": [
          -74.00533250000001,
          40.617148
        ]
      },
      "properties": {
        "event_id": "421243",
        "event_name": "Block Party",
        "event_type": "Block Party",
        "event_agency": "Street Activity Permit Office",
        "event_location": " 77 STREET between 14 AVENUE and 15 AVENUE",
        "event_borough": "Brooklyn",
        "start_date": "2018-09-15T11:00:00.000",
        "end_date": "2018-09-15T20:00:00.000",
        "start_formatted": "September 15, 2018 11:00 AM",
        "end_formatted": "September 15, 2018 08:00 PM",
        "street_closure_type": "Full Street Closure ",
        "community_board": "11, ",
        "police_precinct": "62, "
      }
    },
    {
      "type": "Feature",
      "geometry": {
        "type": "Point",
        "coordinates": [
          -73.91928949999999,
          40.7030575
        ]
      },
      "properties": {
        "event_id": "428874",
        "event_name": "Stockholm Block Party ",
        "event_type": "Block Party",
        "event_agency": "Street Activity Permit Office",
        "event_location": " STOCKHOLM STREET between IRVING AVENUE and WYCKOFF AVENUE",
        "event_borough": "Brooklyn",
        "start_date": "2018-09-15T11:00:00.000",
        "end_date": "2018-09-15T20:00:00.000",
        "start_formatted": "September 15, 2018 11:00 AM",
        "end_formatted": "September 15, 2018 08:00 PM",
        "street_closure_type": "Full Sidewalk Closure ",
        "community_board": "4, ",
        "police_precinct": "83, "
      }
    },
    {
      "type": "Feature",
      "geometry": {
        "type": "Point",
        "coordinates": [
          -73.9967925,
          40.685198
        ]
      },
      "properties": {
        "event_id": "414663",
        "event_name": "Clinton Street Block Party 2018",
        "event_type": "Block Party",
        "event_agency": "Street Activity Permit Office",
        "event_location": " CLINTON STREET between KANE STREET and DEGRAW STREET",
        "event_borough": "Brooklyn",
        "start_date": "2018-09-15T11:00:00.000",
        "end_date": "2018-09-15T20:00:00.000",
        "start_formatted": "September 15, 2018 11:00 AM",
        "end_formatted": "September 15, 2018 08:00 PM",
        "street_closure_type": "Full Street Closure ",
        "community_board": "6, ",
        "police_precinct": "76, "
      }
    },
    {
      "type": "Feature",
      "geometry": {
        "type": "Point",
        "coordinates": [
          -73.91691900000001,
          40.6995085
        ]
      },
      "properties": {
        "event_id": "429460",
        "event_name": "bleecker st block party",
        "event_type": "Block Party",
        "event_agency": "Street Activity Permit Office",
        "event_location": " BLEECKER STREET between IRVING AVENUE and MYRTLE AVENUE",
        "event_borough": "Brooklyn",
        "start_date": "2018-09-15T11:00:00.000",
        "end_date": "2018-09-15T20:00:00.000",
        "start_formatted": "September 15, 2018 11:00 AM",
        "end_formatted": "September 15, 2018 08:00 PM",
        "street_closure_type": "Full Street Closure ",
        "community_board": "4, ",
        "police_precinct": "83, "
      }
    },
    {
      "type": "Feature",
      "geometry": {
        "type": "Point",
        "coordinates": [
          -73.978746,
          40.681352000000004
        ]
      },
      "properties": {
        "event_id": "414754",
        "event_name": "St Marks Place Block Party",
        "event_type": "Block Party",
        "event_agency": "Street Activity Permit Office",
        "event_location": " ST MARKS PLACE between 4 AVENUE and 5 AVENUE",
        "event_borough": "Brooklyn",
        "start_date": "2018-09-15T11:00:00.000",
        "end_date": "2018-09-15T18:00:00.000",
        "start_formatted": "September 15, 2018 11:00 AM",
        "end_formatted": "September 15, 2018 06:00 PM",
        "street_closure_type": "Full Street Closure ",
        "community_board": "6, ",
        "police_precinct": "78, "
      }
    },
    {
      "type": "Feature",
      "geometry": {
        "type": "Point",
        "coordinates": [
          -73.97873799999999,
          40.672286
        ]
      },
      "properties": {
        "event_id": "425263",
        "event_name": "1st Street End of Summer Block Party",
        "event_type": "Block Party",
        "event_agency": "Street Activity Permit Office",
        "event_location": " 1 STREET between 6 AVENUE and 7 AVENUE",
        "event_borough": "Brooklyn",
        "start_date": "2018-09-15T11:00:00.000",
        "end_date": "2018-09-15T18:00:00.000",
        "start_formatted": "September 15, 2018 11:00 AM",
        "end_formatted": "September 15, 2018 06:00 PM",
        "street_closure_type": "Full Street Closure ",
        "community_board": "6, ",
        "police_precinct": "78, "
      }
    },
    {
      "type": "Feature",
      "geometry": {
        "type": "Point",
        "coordinates": [
          -74.012369,
          40.71508
        ]
      },
      "properties": {
        "event_id": "390263",
        "event_name": "Block Party",
        "event_type": "Block Party",
        "event_agency": "Street Activity Permit Office",
        "event_location": " MURRAY STREET between GREENWICH STREET and WEST STREET",
        "event_borough": "Manhattan",
        "start_date": "2018-09-15T11:00:00.000",
        "end_date": "2018-09-15T14:00:00.000",
        "start_formatted": "September 15, 2018 11:00 AM",
        "end_formatted": "September 15, 2018 02:00 PM",
        "street_closure_type": "Full Street Closure ",
        "community_board": "1, ",
        "police_precinct": "1, "
      }
    },
    {
      "type": "Feature",
      "geometry": {
        "type": "Point",
        "coordinates": [
          -73.985483,
          40.687985999999995
        ]
      },
      "properties": {
        "event_id": "417511",
        "event_name": "St. Nicholas Antiochian Orthodox Cathedral Festival",
        "event_type": "Block Party",
        "event_agency": "Street Activity Permit Office",
        "event_location": " STATE STREET between BOND STREET and HOYT STREET",
        "event_borough": "Brooklyn",
        "start_date": "2018-09-15T11:00:00.000",
        "end_date": "2018-09-15T18:00:00.000",
        "start_formatted": "September 15, 2018 11:00 AM",
        "end_formatted": "September 15, 2018 06:00 PM",
        "street_closure_type": "Full Street Closure ",
        "community_board": "2, ",
        "police_precinct": "84, "
      }
    },
    {
      "type": "Feature",
      "geometry": {
        "type": "Point",
        "coordinates": [
          -73.8530495,
          40.70985
        ]
      },
      "properties": {
        "event_id": "425694",
        "event_name": "70th Road Block Party",
        "event_type": "Block Party",
        "event_agency": "Street Activity Permit Office",
        "event_location": " 70th ROAD between METROPOLITAN AVENUE and SYBILLA STREET",
        "event_borough": "Queens",
        "start_date": "2018-09-15T11:00:00.000",
        "end_date": "2018-09-15T20:00:00.000",
        "start_formatted": "September 15, 2018 11:00 AM",
        "end_formatted": "September 15, 2018 08:00 PM",
        "street_closure_type": "Full Street Closure ",
        "community_board": "6, ",
        "police_precinct": "112, "
      }
    },
    {
      "type": "Feature",
      "geometry": {
        "type": "Point",
        "coordinates": [
          -73.93844200000001,
          40.6093725
        ]
      },
      "properties": {
        "event_id": "408709",
        "event_name": "Marine Parkway Block Party",
        "event_type": "Block Party",
        "event_agency": "Street Activity Permit Office",
        "event_location": " MARINE PARKWAY between AVENUE R and FILLMORE AVENUE",
        "event_borough": "Brooklyn",
        "start_date": "2018-09-15T11:00:00.000",
        "end_date": "2018-09-15T20:00:00.000",
        "start_formatted": "September 15, 2018 11:00 AM",
        "end_formatted": "September 15, 2018 08:00 PM",
        "street_closure_type": "Full Street Closure ",
        "community_board": "18, ",
        "police_precinct": "63, "
      }
    },
    {
      "type": "Feature",
      "geometry": {
        "type": "Point",
        "coordinates": [
          -73.983757,
          40.727719
        ]
      },
      "properties": {
        "event_id": "402426",
        "event_name": "9th Street A-1 Block Association Block Party",
        "event_type": "Block Party",
        "event_agency": "Street Activity Permit Office",
        "event_location": " EAST    9 STREET between FIRST AVENUE and AVENUE A",
        "event_borough": "Manhattan",
        "start_date": "2018-09-15T11:00:00.000",
        "end_date": "2018-09-15T17:00:00.000",
        "start_formatted": "September 15, 2018 11:00 AM",
        "end_formatted": "September 15, 2018 05:00 PM",
        "street_closure_type": "Full Street Closure ",
        "community_board": "3, ",
        "police_precinct": "9, "
      }
    },
    {
      "type": "Feature",
      "geometry": {
        "type": "Point",
        "coordinates": [
          -73.987931,
          40.7302505
        ]
      },
      "properties": {
        "event_id": "402357",
        "event_name": "10th  Stuyvesant Streets Annual Block Party",
        "event_type": "Block Party",
        "event_agency": "Street Activity Permit Office",
        "event_location": " EAST   10 STREET between SECOND AVENUE and THIRD AVENUE",
        "event_borough": "Manhattan",
        "start_date": "2018-09-15T11:00:00.000",
        "end_date": "2018-09-15T17:00:00.000",
        "start_formatted": "September 15, 2018 11:00 AM",
        "end_formatted": "September 15, 2018 05:00 PM",
        "street_closure_type": "Full Street Closure ",
        "community_board": "3, ",
        "police_precinct": "9, "
      }
    },
    {
      "type": "Feature",
      "geometry": {
        "type": "Point",
        "coordinates": [
          -74.06302550000001,
          40.6056025
        ]
      },
      "properties": {
        "event_id": "428962",
        "event_name": "Wadsworth Ave Block Party",
        "event_type": "Block Party",
        "event_agency": "Street Activity Permit Office",
        "event_location": " WADSWORTH AVENUE between BAY STREET and TOMPKINS AVENUE",
        "event_borough": "Staten Island",
        "start_date": "2018-09-15T11:00:00.000",
        "end_date": "2018-09-15T19:00:00.000",
        "start_formatted": "September 15, 2018 11:00 AM",
        "end_formatted": "September 15, 2018 07:00 PM",
        "street_closure_type": "Full Street Closure ",
        "community_board": "1, ",
        "police_precinct": "120, "
      }
    },
    {
      "type": "Feature",
      "geometry": {
        "type": "Point",
        "coordinates": [
          -74.0336585,
          40.6351095
        ]
      },
      "properties": {
        "event_id": "403403",
        "event_name": "2018 Block Party",
        "event_type": "Block Party",
        "event_agency": "Street Activity Permit Office",
        "event_location": " 72 STREET between NARROWS AVENUE and COLONIAL ROAD",
        "event_borough": "Brooklyn",
        "start_date": "2018-09-15T11:00:00.000",
        "end_date": "2018-09-15T20:00:00.000",
        "start_formatted": "September 15, 2018 11:00 AM",
        "end_formatted": "September 15, 2018 08:00 PM",
        "street_closure_type": "Full Street Closure ",
        "community_board": "10, ",
        "police_precinct": "68, "
      }
    },
    {
      "type": "Feature",
      "geometry": {
        "type": "Point",
        "coordinates": [
          -73.86054899999999,
          40.856811
        ]
      },
      "properties": {
        "event_id": "406001",
        "event_name": "Fun Day 6 ",
        "event_type": "Block Party",
        "event_agency": "Street Activity Permit Office",
        "event_location": " PELHAM PARKWAY SOUTH between HONE AVENUE and BOGART AVENUE",
        "event_borough": "Bronx",
        "start_date": "2018-09-15T11:00:00.000",
        "end_date": "2018-09-15T15:00:00.000",
        "start_formatted": "September 15, 2018 11:00 AM",
        "end_formatted": "September 15, 2018 03:00 PM",
        "street_closure_type": "Full Street Closure ",
        "community_board": "11, ",
        "police_precinct": "49, "
      }
    },
    {
      "type": "Feature",
      "geometry": {
        "type": "Point",
        "coordinates": [
          -73.9953895,
          40.645666500000004
        ]
      },
      "properties": {
        "event_id": "427286",
        "event_name": "9TH AVE",
        "event_type": "Block Party",
        "event_agency": "Street Activity Permit Office",
        "event_location": " 9 AVENUE between 39 STREET and 40 STREET",
        "event_borough": "Brooklyn",
        "start_date": "2018-09-15T11:00:00.000",
        "end_date": "2018-09-15T20:00:00.000",
        "start_formatted": "September 15, 2018 11:00 AM",
        "end_formatted": "September 15, 2018 08:00 PM",
        "street_closure_type": "Full Street Closure ",
        "community_board": "12, ",
        "police_precinct": "66, "
      }
    },
    {
      "type": "Feature",
      "geometry": {
        "type": "Point",
        "coordinates": [
          -74.01193950000001,
          40.6211385
        ]
      },
      "properties": {
        "event_id": "428118",
        "event_name": "77th Street Block Party",
        "event_type": "Block Party",
        "event_agency": "Street Activity Permit Office",
        "event_location": " 77 STREET between 11 AVENUE and 12 AVENUE",
        "event_borough": "Brooklyn",
        "start_date": "2018-09-15T11:00:00.000",
        "end_date": "2018-09-15T20:00:00.000",
        "start_formatted": "September 15, 2018 11:00 AM",
        "end_formatted": "September 15, 2018 08:00 PM",
        "street_closure_type": "Full Street Closure ",
        "community_board": "10, ",
        "police_precinct": "68, "
      }
    },
    {
      "type": "Feature",
      "geometry": {
        "type": "Point",
        "coordinates": [
          -74.00882250000001,
          40.613794
        ]
      },
      "properties": {
        "event_id": "430859",
        "event_name": "83rd St Block Party",
        "event_type": "Block Party",
        "event_agency": "Street Activity Permit Office",
        "event_location": " 83 STREET between 14 AVENUE and 15 AVENUE",
        "event_borough": "Brooklyn",
        "start_date": "2018-09-15T11:00:00.000",
        "end_date": "2018-09-15T20:00:00.000",
        "start_formatted": "September 15, 2018 11:00 AM",
        "end_formatted": "September 15, 2018 08:00 PM",
        "street_closure_type": "Full Street Closure ",
        "community_board": "11, ",
        "police_precinct": "62, "
      }
    },
    {
      "type": "Feature",
      "geometry": {
        "type": "Point",
        "coordinates": [
          -73.98261249999999,
          40.675648
        ]
      },
      "properties": {
        "event_id": "398788",
        "event_name": "Carroll Street 4/5 block party",
        "event_type": "Block Party",
        "event_agency": "Street Activity Permit Office",
        "event_location": " CARROLL STREET between 4 AVENUE and 5 AVENUE",
        "event_borough": "Brooklyn",
        "start_date": "2018-09-15T11:00:00.000",
        "end_date": "2018-09-15T18:00:00.000",
        "start_formatted": "September 15, 2018 11:00 AM",
        "end_formatted": "September 15, 2018 06:00 PM",
        "street_closure_type": "Full Street Closure ",
        "community_board": "6, ",
        "police_precinct": "78, "
      }
    },
    {
      "type": "Feature",
      "geometry": {
        "type": "Point",
        "coordinates": [
          -73.768266,
          40.7469045
        ]
      },
      "properties": {
        "event_id": "390222",
        "event_name": "Oceania Street 2018",
        "event_type": "Block Party",
        "event_agency": "Street Activity Permit Office",
        "event_location": " Oceania street between horace harding expressway and 58th avenue",
        "event_borough": "Queens",
        "start_date": "2018-09-15T11:00:00.000",
        "end_date": "2018-09-15T18:00:00.000",
        "start_formatted": "September 15, 2018 11:00 AM",
        "end_formatted": "September 15, 2018 06:00 PM",
        "street_closure_type": "Full Street Closure ",
        "community_board": "11, ",
        "police_precinct": "111, "
      }
    },
    {
      "type": "Feature",
      "geometry": {
        "type": "Point",
        "coordinates": [
          -73.9153885,
          40.6733155
        ]
      },
      "properties": {
        "event_id": "424402",
        "event_name": "National Church of God",
        "event_type": "Block Party",
        "event_agency": "Street Activity Permit Office",
        "event_location": " ST MARKS AVENUE between SARATOGA AVENUE and THOMAS S BOYLAND STREET",
        "event_borough": "Brooklyn",
        "start_date": "2018-09-15T11:00:00.000",
        "end_date": "2018-09-15T18:00:00.000",
        "start_formatted": "September 15, 2018 11:00 AM",
        "end_formatted": "September 15, 2018 06:00 PM",
        "street_closure_type": "Full Street Closure ",
        "community_board": "16, ",
        "police_precinct": "73, "
      }
    },
    {
      "type": "Feature",
      "geometry": {
        "type": "Point",
        "coordinates": [
          -73.8781425,
          40.6710955
        ]
      },
      "properties": {
        "event_id": "431157",
        "event_name": "Atkins Ave Block Party 2018",
        "event_type": "Block Party",
        "event_agency": "Street Activity Permit Office",
        "event_location": " ATKINS AVENUE between SUTTER AVENUE and BLAKE AVENUE",
        "event_borough": "Brooklyn",
        "start_date": "2018-09-15T11:00:00.000",
        "end_date": "2018-09-15T20:00:00.000",
        "start_formatted": "September 15, 2018 11:00 AM",
        "end_formatted": "September 15, 2018 08:00 PM",
        "street_closure_type": "Full Street Closure ",
        "community_board": "5, ",
        "police_precinct": "75, "
      }
    },
    {
      "type": "Feature",
      "geometry": {
        "type": "Point",
        "coordinates": [
          -73.98503450000001,
          40.6846045
        ]
      },
      "properties": {
        "event_id": "422445",
        "event_name": "Block Party 2018",
        "event_type": "Block Party",
        "event_agency": "Street Activity Permit Office",
        "event_location": " BERGEN STREET between BOND STREET and NEVINS STREET",
        "event_borough": "Brooklyn",
        "start_date": "2018-09-15T11:00:00.000",
        "end_date": "2018-09-15T17:00:00.000",
        "start_formatted": "September 15, 2018 11:00 AM",
        "end_formatted": "September 15, 2018 05:00 PM",
        "street_closure_type": "Full Street Closure ",
        "community_board": "2, ",
        "police_precinct": "84, "
      }
    },
    {
      "type": "Feature",
      "geometry": {
        "type": "Point",
        "coordinates": [
          -73.97752349999999,
          40.6657875
        ]
      },
      "properties": {
        "event_id": "409517",
        "event_name": "8th street block party ",
        "event_type": "Block Party",
        "event_agency": "Street Activity Permit Office",
        "event_location": " 8 STREET between 8 AVENUE and PROSPECT PARK WEST",
        "event_borough": "Brooklyn",
        "start_date": "2018-09-15T10:30:00.000",
        "end_date": "2018-09-15T18:30:00.000",
        "start_formatted": "September 15, 2018 10:30 AM",
        "end_formatted": "September 15, 2018 06:30 PM",
        "street_closure_type": "Full Street Closure ",
        "community_board": "6, ",
        "police_precinct": "78, "
      }
    },
    {
      "type": "Feature",
      "geometry": {
        "type": "Point",
        "coordinates": [
          -73.988512,
          40.668561499999996
        ]
      },
      "properties": {
        "event_id": "406185",
        "event_name": "11th Street Block Party",
        "event_type": "Block Party",
        "event_agency": "Street Activity Permit Office",
        "event_location": " 11 STREET between 5 AVENUE and 4 AVENUE",
        "event_borough": "Brooklyn",
        "start_date": "2018-09-15T10:30:00.000",
        "end_date": "2018-09-15T18:30:00.000",
        "start_formatted": "September 15, 2018 10:30 AM",
        "end_formatted": "September 15, 2018 06:30 PM",
        "street_closure_type": "Full Street Closure ",
        "community_board": "6, ",
        "police_precinct": "78, "
      }
    },
    {
      "type": "Feature",
      "geometry": {
        "type": "Point",
        "coordinates": [
          -73.92282399999999,
          40.8647525
        ]
      },
      "properties": {
        "event_id": "425202",
        "event_name": "Me Conoces 2018",
        "event_type": "Block Party",
        "event_agency": "Street Activity Permit Office",
        "event_location": " SHERMAN AVENUE between WEST  204 STREET and ACADEMY STREET",
        "event_borough": "Manhattan",
        "start_date": "2018-09-15T10:30:00.000",
        "end_date": "2018-09-15T17:00:00.000",
        "start_formatted": "September 15, 2018 10:30 AM",
        "end_formatted": "September 15, 2018 05:00 PM",
        "street_closure_type": "Full Street Closure ",
        "community_board": "12, ",
        "police_precinct": "34, "
      }
    },
    {
      "type": "Feature",
      "geometry": {
        "type": "Point",
        "coordinates": [
          -73.91584599999999,
          40.837925
        ]
      },
      "properties": {
        "event_id": "419746",
        "event_name": "Christ The King Block Party",
        "event_type": "Block Party",
        "event_agency": "Street Activity Permit Office",
        "event_location": " MARCY PLACE between GRAND CONCOURSE and WALTON AVENUE",
        "event_borough": "Bronx",
        "start_date": "2018-09-15T10:00:00.000",
        "end_date": "2018-09-15T17:00:00.000",
        "start_formatted": "September 15, 2018 10:00 AM",
        "end_formatted": "September 15, 2018 05:00 PM",
        "street_closure_type": "Sidewalk and Street Closure ",
        "community_board": "4, ",
        "police_precinct": "44, "
      }
    },
    {
      "type": "Feature",
      "geometry": {
        "type": "Point",
        "coordinates": [
          -73.915305,
          40.674206
        ]
      },
      "properties": {
        "event_id": "407302",
        "event_name": "Family and Friends Fun Day",
        "event_type": "Block Party",
        "event_agency": "Street Activity Permit Office",
        "event_location": " BERGEN STREET between THOMAS S BOYLAND STREET and SARATOGA AVENUE",
        "event_borough": "Brooklyn",
        "start_date": "2018-09-15T10:00:00.000",
        "end_date": "2018-09-15T19:00:00.000",
        "start_formatted": "September 15, 2018 10:00 AM",
        "end_formatted": "September 15, 2018 07:00 PM",
        "street_closure_type": "Full Street Closure ",
        "community_board": "16, ",
        "police_precinct": "73, "
      }
    },
    {
      "type": "Feature",
      "geometry": {
        "type": "Point",
        "coordinates": [
          -73.807728,
          40.6940005
        ]
      },
      "properties": {
        "event_id": "424155",
        "event_name": "COMPASSION EXPLOSION",
        "event_type": "Block Party",
        "event_agency": "Street Activity Permit Office",
        "event_location": " BRISBIN STREET between LIBERTY AVENUE and 102 AVENUE",
        "event_borough": "Queens",
        "start_date": "2018-09-15T10:00:00.000",
        "end_date": "2018-09-15T17:00:00.000",
        "start_formatted": "September 15, 2018 10:00 AM",
        "end_formatted": "September 15, 2018 05:00 PM",
        "street_closure_type": "Full Street Closure ",
        "community_board": "12, ",
        "police_precinct": "103, "
      }
    },
    {
      "type": "Feature",
      "geometry": {
        "type": "Point",
        "coordinates": [
          -73.97964,
          40.675292
        ]
      },
      "properties": {
        "event_id": "406929",
        "event_name": "Block Party 2018",
        "event_type": "Block Party",
        "event_agency": "Street Activity Permit Office",
        "event_location": " PRESIDENT STREET between 5 AVENUE and 6 AVENUE",
        "event_borough": "Brooklyn",
        "start_date": "2018-09-15T10:00:00.000",
        "end_date": "2018-09-15T18:00:00.000",
        "start_formatted": "September 15, 2018 10:00 AM",
        "end_formatted": "September 15, 2018 06:00 PM",
        "street_closure_type": "Full Street Closure ",
        "community_board": "6, ",
        "police_precinct": "78, "
      }
    },
    {
      "type": "Feature",
      "geometry": {
        "type": "Point",
        "coordinates": [
          -73.89036200000001,
          40.6692925
        ]
      },
      "properties": {
        "event_id": "428850",
        "event_name": "Miller ave block party",
        "event_type": "Block Party",
        "event_agency": "Street Activity Permit Office",
        "event_location": " MILLER AVENUE between BLAKE AVENUE and SUTTER AVENUE",
        "event_borough": "Brooklyn",
        "start_date": "2018-09-15T10:00:00.000",
        "end_date": "2018-09-15T19:00:00.000",
        "start_formatted": "September 15, 2018 10:00 AM",
        "end_formatted": "September 15, 2018 07:00 PM",
        "street_closure_type": "Full Street Closure ",
        "community_board": "5, ",
        "police_precinct": "75, "
      }
    },
    {
      "type": "Feature",
      "geometry": {
        "type": "Point",
        "coordinates": [
          -73.953293,
          40.6896555
        ]
      },
      "properties": {
        "event_id": "397390",
        "event_name": "Block 500 Party",
        "event_type": "Block Party",
        "event_agency": "Street Activity Permit Office",
        "event_location": " LAFAYETTE AVENUE between BEDFORD AVENUE and NOSTRAND AVENUE",
        "event_borough": "Brooklyn",
        "start_date": "2018-09-15T10:00:00.000",
        "end_date": "2018-09-15T18:00:00.000",
        "start_formatted": "September 15, 2018 10:00 AM",
        "end_formatted": "September 15, 2018 06:00 PM",
        "street_closure_type": "Full Street Closure ",
        "community_board": "3, ",
        "police_precinct": "79, "
      }
    },
    {
      "type": "Feature",
      "geometry": {
        "type": "Point",
        "coordinates": [
          -73.95840100000001,
          40.6573425
        ]
      },
      "properties": {
        "event_id": "421858",
        "event_name": "HSBA",
        "event_type": "Block Party",
        "event_agency": "Street Activity Permit Office",
        "event_location": " HAWTHORNE STREET between FLATBUSH AVENUE and BEDFORD AVENUE",
        "event_borough": "Brooklyn",
        "start_date": "2018-09-15T10:00:00.000",
        "end_date": "2018-09-15T18:00:00.000",
        "start_formatted": "September 15, 2018 10:00 AM",
        "end_formatted": "September 15, 2018 06:00 PM",
        "street_closure_type": "Full Sidewalk Closure ",
        "community_board": "9, ",
        "police_precinct": "71, "
      }
    },
    {
      "type": "Feature",
      "geometry": {
        "type": "Point",
        "coordinates": [
          -73.95168849999999,
          40.6815935
        ]
      },
      "properties": {
        "event_id": "425225",
        "event_name": "Annual Block Party",
        "event_type": "Block Party",
        "event_agency": "Street Activity Permit Office",
        "event_location": " HALSEY STREET between NOSTRAND AVENUE and BEDFORD AVENUE",
        "event_borough": "Brooklyn",
        "start_date": "2018-09-15T10:00:00.000",
        "end_date": "2018-09-15T18:00:00.000",
        "start_formatted": "September 15, 2018 10:00 AM",
        "end_formatted": "September 15, 2018 06:00 PM",
        "street_closure_type": "Sidewalk and Street Closure ",
        "community_board": "3, ",
        "police_precinct": "79, "
      }
    },
    {
      "type": "Feature",
      "geometry": {
        "type": "Point",
        "coordinates": [
          -73.9556695,
          40.6730235
        ]
      },
      "properties": {
        "event_id": "415249",
        "event_name": "Meet and greet part 2",
        "event_type": "Block Party",
        "event_agency": "Street Activity Permit Office",
        "event_location": " STERLING PLACE between BEDFORD AVENUE and FRANKLIN AVENUE",
        "event_borough": "Brooklyn",
        "start_date": "2018-09-15T10:00:00.000",
        "end_date": "2018-09-15T19:00:00.000",
        "start_formatted": "September 15, 2018 10:00 AM",
        "end_formatted": "September 15, 2018 07:00 PM",
        "street_closure_type": "Full Street Closure ",
        "community_board": "8, ",
        "police_precinct": "77, "
      }
    },
    {
      "type": "Feature",
      "geometry": {
        "type": "Point",
        "coordinates": [
          -73.955558,
          40.664405
        ]
      },
      "properties": {
        "event_id": "425914",
        "event_name": "Third Annual Sullivan Ludlam Stoddard Neighborhood Association Block Party",
        "event_type": "Block Party",
        "event_agency": "Street Activity Permit Office",
        "event_location": " SULLIVAN PLACE between LUDLAM PLACE and STODDARD PLACE",
        "event_borough": "Brooklyn",
        "start_date": "2018-09-15T10:00:00.000",
        "end_date": "2018-09-15T18:00:00.000",
        "start_formatted": "September 15, 2018 10:00 AM",
        "end_formatted": "September 15, 2018 06:00 PM",
        "street_closure_type": "Full Street Closure ",
        "community_board": "9, ",
        "police_precinct": "71, "
      }
    },
    {
      "type": "Feature",
      "geometry": {
        "type": "Point",
        "coordinates": [
          -73.877012,
          40.8275105
        ]
      },
      "properties": {
        "event_id": "417926",
        "event_name": "Ward Avenue Block Party",
        "event_type": "Block Party",
        "event_agency": "Street Activity Permit Office",
        "event_location": " WARD AVENUE between WATSON AVENUE and WESTCHESTER AVENUE",
        "event_borough": "Bronx",
        "start_date": "2018-09-15T10:00:00.000",
        "end_date": "2018-09-15T17:00:00.000",
        "start_formatted": "September 15, 2018 10:00 AM",
        "end_formatted": "September 15, 2018 05:00 PM",
        "street_closure_type": "Full Street Closure ",
        "community_board": "9, ",
        "police_precinct": "43, "
      }
    },
    {
      "type": "Feature",
      "geometry": {
        "type": "Point",
        "coordinates": [
          -73.918537,
          40.8405055
        ]
      },
      "properties": {
        "event_id": "425309",
        "event_name": "There is Hope  ",
        "event_type": "Block Party",
        "event_agency": "Street Activity Permit Office",
        "event_location": " WEST  170 STREET between JEROME AVENUE and INWOOD AVENUE",
        "event_borough": "Bronx",
        "start_date": "2018-09-15T10:00:00.000",
        "end_date": "2018-09-15T17:30:00.000",
        "start_formatted": "September 15, 2018 10:00 AM",
        "end_formatted": "September 15, 2018 05:30 PM",
        "street_closure_type": "Full Street Closure ",
        "community_board": "4, ",
        "police_precinct": "44, "
      }
    },
    {
      "type": "Feature",
      "geometry": {
        "type": "Point",
        "coordinates": [
          -73.97784,
          40.657482
        ]
      },
      "properties": {
        "event_id": "420932",
        "event_name": "Sherman Street 2018 Block Party",
        "event_type": "Block Party",
        "event_agency": "Street Activity Permit Office",
        "event_location": " SHERMAN STREET between 10 AVENUE and 11 AVENUE",
        "event_borough": "Brooklyn",
        "start_date": "2018-09-15T10:00:00.000",
        "end_date": "2018-09-15T18:00:00.000",
        "start_formatted": "September 15, 2018 10:00 AM",
        "end_formatted": "September 15, 2018 06:00 PM",
        "street_closure_type": "Full Street Closure ",
        "community_board": "7, ",
        "police_precinct": "72, "
      }
    },
    {
      "type": "Feature",
      "geometry": {
        "type": "Point",
        "coordinates": [
          -73.95513,
          40.659833
        ]
      },
      "properties": {
        "event_id": "422331",
        "event_name": "Midwood II Block Party",
        "event_type": "Block Party",
        "event_agency": "Street Activity Permit Office",
        "event_location": " MIDWOOD STREET between BEDFORD AVENUE and ROGERS AVENUE",
        "event_borough": "Brooklyn",
        "start_date": "2018-09-15T10:00:00.000",
        "end_date": "2018-09-15T18:00:00.000",
        "start_formatted": "September 15, 2018 10:00 AM",
        "end_formatted": "September 15, 2018 06:00 PM",
        "street_closure_type": "Full Street Closure ",
        "community_board": "9, ",
        "police_precinct": "71, "
      }
    },
    {
      "type": "Feature",
      "geometry": {
        "type": "Point",
        "coordinates": [
          -73.83068850000001,
          40.7586635
        ]
      },
      "properties": {
        "event_id": "415883",
        "event_name": "Flushing Block Party",
        "event_type": "Block Party",
        "event_agency": "Street Activity Permit Office",
        "event_location": " 40 ROAD between MAIN STREET and PRINCE STREET",
        "event_borough": "Queens",
        "start_date": "2018-09-15T10:00:00.000",
        "end_date": "2018-09-15T17:00:00.000",
        "start_formatted": "September 15, 2018 10:00 AM",
        "end_formatted": "September 15, 2018 05:00 PM",
        "street_closure_type": "Full Street Closure ",
        "community_board": "7, ",
        "police_precinct": "109, "
      }
    },
    {
      "type": "Feature",
      "geometry": {
        "type": "Point",
        "coordinates": [
          -73.9444025,
          40.6858055
        ]
      },
      "properties": {
        "event_id": "422975",
        "event_name": "shiloh baptist church annual community outreach",
        "event_type": "Block Party",
        "event_agency": "Street Activity Permit Office",
        "event_location": " TOMPKINS AVENUE between MADISON STREET and MONROE STREET",
        "event_borough": "Brooklyn",
        "start_date": "2018-09-15T10:00:00.000",
        "end_date": "2018-09-15T17:30:00.000",
        "start_formatted": "September 15, 2018 10:00 AM",
        "end_formatted": "September 15, 2018 05:30 PM",
        "street_closure_type": "Sidewalk and Street Closure ",
        "community_board": "3, ",
        "police_precinct": "79, "
      }
    },
    {
      "type": "Feature",
      "geometry": {
        "type": "Point",
        "coordinates": [
          -73.91209549999999,
          40.6596865
        ]
      },
      "properties": {
        "event_id": "405925",
        "event_name": "Amboy-Riverdale Block Association Inc",
        "event_type": "Block Party",
        "event_agency": "Street Activity Permit Office",
        "event_location": " AMBOY STREET between RIVERDALE AVENUE and NEWPORT STREET",
        "event_borough": "Brooklyn",
        "start_date": "2018-09-15T09:00:00.000",
        "end_date": "2018-09-15T17:00:00.000",
        "start_formatted": "September 15, 2018 09:00 AM",
        "end_formatted": "September 15, 2018 05:00 PM",
        "street_closure_type": "Full Street Closure ",
        "community_board": "16, ",
        "police_precinct": "73, "
      }
    },
    {
      "type": "Feature",
      "geometry": {
        "type": "Point",
        "coordinates": [
          -73.90960000000001,
          40.675463
        ]
      },
      "properties": {
        "event_id": "426592",
        "event_name": "Block Party ",
        "event_type": "Block Party",
        "event_agency": "Street Activity Permit Office",
        "event_location": " PACIFIC STREET between EASTERN PARKWAY and ROCKAWAY AVENUE",
        "event_borough": "Brooklyn",
        "start_date": "2018-09-15T09:00:00.000",
        "end_date": "2018-09-15T17:00:00.000",
        "start_formatted": "September 15, 2018 09:00 AM",
        "end_formatted": "September 15, 2018 05:00 PM",
        "street_closure_type": "Full Street Closure ",
        "community_board": "16, ",
        "police_precinct": "73, "
      }
    },
    {
      "type": "Feature",
      "geometry": {
        "type": "Point",
        "coordinates": [
          -73.9159075,
          40.809244
        ]
      },
      "properties": {
        "event_id": "431190",
        "event_name": "Thessalonica Annual Street Festival",
        "event_type": "Block Party",
        "event_agency": "Street Activity Permit Office",
        "event_location": " ST ANNS AVENUE between EAST  141 STREET and EAST  142 STREET",
        "event_borough": "Bronx",
        "start_date": "2018-09-14T11:30:00.000",
        "end_date": "2018-09-14T16:30:00.000",
        "start_formatted": "September 14, 2018 11:30 AM",
        "end_formatted": "September 14, 2018 04:30 PM",
        "street_closure_type": "Full Street Closure ",
        "community_board": "1, ",
        "police_precinct": "40, "
      }
    },
    {
      "type": "Feature",
      "geometry": {
        "type": "Point",
        "coordinates": [
          -73.9599865,
          40.7685925
        ]
      },
      "properties": {
        "event_id": "418173",
        "event_name": "8th Annual Apple Festival",
        "event_type": "Block Party",
        "event_agency": "Street Activity Permit Office",
        "event_location": " EAST   71 STREET between 2 AVENUE and 3 AVENUE",
        "event_borough": "Manhattan",
        "start_date": "2018-09-12T12:00:00.000",
        "end_date": "2018-09-12T15:00:00.000",
        "start_formatted": "September 12, 2018 12:00 PM",
        "end_formatted": "September 12, 2018 03:00 PM",
        "street_closure_type": "Full Street Closure ",
        "community_board": "8, ",
        "police_precinct": "19, "
      }
    },
    {
      "type": "Feature",
      "geometry": {
        "type": "Point",
        "coordinates": [
          -73.898915,
          40.822476
        ]
      },
      "properties": {
        "event_id": "423048",
        "event_name": "Annual Dressdown weekend",
        "event_type": "Block Party",
        "event_agency": "Street Activity Permit Office",
        "event_location": " REV JAMES A POLITE AVENUE between EAST  163 STREET and EAST  164 STREET",
        "event_borough": "Bronx",
        "start_date": "2018-09-09T12:30:00.000",
        "end_date": "2018-09-09T17:30:00.000",
        "start_formatted": "September 09, 2018 12:30 PM",
        "end_formatted": "September 09, 2018 05:30 PM",
        "street_closure_type": "Full Street Closure ",
        "community_board": "2, ",
        "police_precinct": "41, "
      }
    },
    {
      "type": "Feature",
      "geometry": {
        "type": "Point",
        "coordinates": [
          -73.96454750000001,
          40.7623315
        ]
      },
      "properties": {
        "event_id": "414888",
        "event_name": "Trinity Fall Kickoff",
        "event_type": "Block Party",
        "event_agency": "Street Activity Permit Office",
        "event_location": " EAST   61 STREET between 2 AVENUE and 3 AVENUE",
        "event_borough": "Manhattan",
        "start_date": "2018-09-09T12:30:00.000",
        "end_date": "2018-09-09T14:30:00.000",
        "start_formatted": "September 09, 2018 12:30 PM",
        "end_formatted": "September 09, 2018 02:30 PM",
        "street_closure_type": "Full Street Closure ",
        "community_board": "8, ",
        "police_precinct": "19, "
      }
    },
    {
      "type": "Feature",
      "geometry": {
        "type": "Point",
        "coordinates": [
          -73.9800685,
          40.7847745
        ]
      },
      "properties": {
        "event_id": "414541",
        "event_name": "All Angels Block Party ",
        "event_type": "Block Party",
        "event_agency": "Street Activity Permit Office",
        "event_location": " WEST   80 STREET between WEST END AVENUE and BROADWAY",
        "event_borough": "Manhattan",
        "start_date": "2018-09-09T12:00:00.000",
        "end_date": "2018-09-09T14:30:00.000",
        "start_formatted": "September 09, 2018 12:00 PM",
        "end_formatted": "September 09, 2018 02:30 PM",
        "street_closure_type": "Full Street Closure ",
        "community_board": "7, ",
        "police_precinct": "20, "
      }
    },
    {
      "type": "Feature",
      "geometry": {
        "type": "Point",
        "coordinates": [
          -73.944954,
          40.707539499999996
        ]
      },
      "properties": {
        "event_id": "398558",
        "event_name": "Community meeting against substance abuse gang violence and domestic violence.",
        "event_type": "Block Party",
        "event_agency": "Street Activity Permit Office",
        "event_location": " MANHATTAN AVENUE between MESEROLE STREET and MONTROSE AVENUE",
        "event_borough": "Brooklyn",
        "start_date": "2018-09-09T12:00:00.000",
        "end_date": "2018-09-09T17:30:00.000",
        "start_formatted": "September 09, 2018 12:00 PM",
        "end_formatted": "September 09, 2018 05:30 PM",
        "street_closure_type": "Full Street Closure ",
        "community_board": "1, ",
        "police_precinct": "90, "
      }
    },
    {
      "type": "Feature",
      "geometry": {
        "type": "Point",
        "coordinates": [
          -73.9651265,
          40.770762
        ]
      },
      "properties": {
        "event_id": "420720",
        "event_name": "St. James Church HOMECOMING Picnic",
        "event_type": "Block Party",
        "event_agency": "Street Activity Permit Office",
        "event_location": " EAST   71 STREET between MADISON AVENUE and PARK AVENUE",
        "event_borough": "Manhattan",
        "start_date": "2018-09-09T11:30:00.000",
        "end_date": "2018-09-09T14:00:00.000",
        "start_formatted": "September 09, 2018 11:30 AM",
        "end_formatted": "September 09, 2018 02:00 PM",
        "street_closure_type": "Full Street Closure ",
        "community_board": "8, ",
        "police_precinct": "19, "
      }
    },
    {
      "type": "Feature",
      "geometry": {
        "type": "Point",
        "coordinates": [
          -74.0020545,
          40.731455499999996
        ]
      },
      "properties": {
        "event_id": "419637",
        "event_name": "Cornelia Street Block Party",
        "event_type": "Block Party",
        "event_agency": "Street Activity Permit Office",
        "event_location": " CORNELIA STREET between BLEECKER STREET and WEST    4 STREET",
        "event_borough": "Manhattan",
        "start_date": "2018-09-09T11:30:00.000",
        "end_date": "2018-09-09T17:30:00.000",
        "start_formatted": "September 09, 2018 11:30 AM",
        "end_formatted": "September 09, 2018 05:30 PM",
        "street_closure_type": "Full Street Closure ",
        "community_board": "2, ",
        "police_precinct": "6, "
      }
    },
    {
      "type": "Feature",
      "geometry": {
        "type": "Point",
        "coordinates": [
          -73.927977,
          40.638724499999995
        ]
      },
      "properties": {
        "event_id": "430468",
        "event_name": "Harvest Thanksgiving Service",
        "event_type": "Block Party",
        "event_agency": "Street Activity Permit Office",
        "event_location": " EAST   51 STREET between FOSTER AVENUE and FARRAGUT ROAD",
        "event_borough": "Brooklyn",
        "start_date": "2018-09-09T11:00:00.000",
        "end_date": "2018-09-09T18:00:00.000",
        "start_formatted": "September 09, 2018 11:00 AM",
        "end_formatted": "September 09, 2018 06:00 PM",
        "street_closure_type": "Partial Sidewalk Closure ",
        "community_board": "17, ",
        "police_precinct": "67, "
      }
    },
    {
      "type": "Feature",
      "geometry": {
        "type": "Point",
        "coordinates": [
          -73.7193215,
          40.7301185
        ]
      },
      "properties": {
        "event_id": "428800",
        "event_name": "Ralley Day",
        "event_type": "Block Party",
        "event_agency": "Street Activity Permit Office",
        "event_location": " 87 AVENUE between COMMONWEALTH BOULEVARD and 247 STREET",
        "event_borough": "Queens",
        "start_date": "2018-09-09T11:00:00.000",
        "end_date": "2018-09-09T15:00:00.000",
        "start_formatted": "September 09, 2018 11:00 AM",
        "end_formatted": "September 09, 2018 03:00 PM",
        "street_closure_type": "Full Street Closure ",
        "community_board": "13, ",
        "police_precinct": "105, "
      }
    },
    {
      "type": "Feature",
      "geometry": {
        "type": "Point",
        "coordinates": [
          -73.8711035,
          40.8314225
        ]
      },
      "properties": {
        "event_id": "420003",
        "event_name": "Siloam Christian Church Annual Community Outreach",
        "event_type": "Block Party",
        "event_agency": "Street Activity Permit Office",
        "event_location": " CROES AVENUE between EAST  172 STREET and WESTCHESTER AVENUE",
        "event_borough": "Bronx",
        "start_date": "2018-09-09T11:00:00.000",
        "end_date": "2018-09-09T15:00:00.000",
        "start_formatted": "September 09, 2018 11:00 AM",
        "end_formatted": "September 09, 2018 03:00 PM",
        "street_closure_type": "Partial Sidewalk Closure ",
        "community_board": "9, ",
        "police_precinct": "43, "
      }
    },
    {
      "type": "Feature",
      "geometry": {
        "type": "Point",
        "coordinates": [
          -73.94656599999999,
          40.833944
        ]
      },
      "properties": {
        "event_id": "412336",
        "event_name": "Our Lady Of Esperanza ",
        "event_type": "Block Party",
        "event_agency": "Street Activity Permit Office",
        "event_location": " WEST  156 STREET between BROADWAY and RIVERSIDE DRIVE",
        "event_borough": "Manhattan",
        "start_date": "2018-09-09T10:00:00.000",
        "end_date": "2018-09-09T17:00:00.000",
        "start_formatted": "September 09, 2018 10:00 AM",
        "end_formatted": "September 09, 2018 05:00 PM",
        "street_closure_type": "Full Street Closure ",
        "community_board": "12, ",
        "police_precinct": "33, "
      }
    },
    {
      "type": "Feature",
      "geometry": {
        "type": "Point",
        "coordinates": [
          -73.869577,
          40.686561
        ]
      },
      "properties": {
        "event_id": "421196",
        "event_name": "El Camino Community Day 2018",
        "event_type": "Block Party",
        "event_agency": "Street Activity Permit Office",
        "event_location": " OBRIEN PLACE between LINCOLN AVENUE and NICHOLS AVENUE",
        "event_borough": "Brooklyn",
        "start_date": "2018-09-09T10:00:00.000",
        "end_date": "2018-09-09T18:00:00.000",
        "start_formatted": "September 09, 2018 10:00 AM",
        "end_formatted": "September 09, 2018 06:00 PM",
        "street_closure_type": "Full Street Closure ",
        "community_board": "5, ",
        "police_precinct": "75, "
      }
    },
    {
      "type": "Feature",
      "geometry": {
        "type": "Point",
        "coordinates": [
          -73.82826349999999,
          40.791977
        ]
      },
      "properties": {
        "event_id": "419930",
        "event_name": "Malba Residents Block Party",
        "event_type": "Block Party",
        "event_agency": "Street Activity Permit Office",
        "event_location": " BOULEVARD between MALBA DRIVE and POINT CRESCENT",
        "event_borough": "Queens",
        "start_date": "2018-09-09T09:00:00.000",
        "end_date": "2018-09-09T16:00:00.000",
        "start_formatted": "September 09, 2018 09:00 AM",
        "end_formatted": "September 09, 2018 04:00 PM",
        "street_closure_type": "Full Street Closure ",
        "community_board": "7, ",
        "police_precinct": "109, "
      }
    },
    {
      "type": "Feature",
      "geometry": {
        "type": "Point",
        "coordinates": [
          -73.958663,
          40.714082000000005
        ]
      },
      "properties": {
        "event_id": "419550",
        "event_name": "Fillmore Place Block Party",
        "event_type": "Block Party",
        "event_agency": "Street Activity Permit Office",
        "event_location": " FILLMORE PLACE between DRIGGS AVENUE and ROEBLING STREET",
        "event_borough": "Brooklyn",
        "start_date": "2018-09-08T14:00:00.000",
        "end_date": "2018-09-08T21:00:00.000",
        "start_formatted": "September 08, 2018 02:00 PM",
        "end_formatted": "September 08, 2018 09:00 PM",
        "street_closure_type": "Full Street Closure ",
        "community_board": "1, ",
        "police_precinct": "90, "
      }
    },
    {
      "type": "Feature",
      "geometry": {
        "type": "Point",
        "coordinates": [
          -73.799241,
          40.7773595
        ]
      },
      "properties": {
        "event_id": "432681",
        "event_name": "22nd Avenue Block Party",
        "event_type": "Block Party",
        "event_agency": "Street Activity Permit Office",
        "event_location": " 22 AVENUE between 166 STREET and FRANCIS LEWIS BOULEVARD",
        "event_borough": "Queens",
        "start_date": "2018-09-08T14:00:00.000",
        "end_date": "2018-09-08T21:00:00.000",
        "start_formatted": "September 08, 2018 02:00 PM",
        "end_formatted": "September 08, 2018 09:00 PM",
        "street_closure_type": "Full Street Closure ",
        "community_board": "7, ",
        "police_precinct": "109, "
      }
    },
    {
      "type": "Feature",
      "geometry": {
        "type": "Point",
        "coordinates": [
          -73.8625855,
          40.711039
        ]
      },
      "properties": {
        "event_id": "410230",
        "event_name": "Aubrey Avenue Block Party",
        "event_type": "Block Party",
        "event_agency": "Street Activity Permit Office",
        "event_location": " AUBREY AVENUE between METROPOLITAN AVENUE and 88 STREET",
        "event_borough": "Queens",
        "start_date": "2018-09-08T13:00:00.000",
        "end_date": "2018-09-08T21:00:00.000",
        "start_formatted": "September 08, 2018 01:00 PM",
        "end_formatted": "September 08, 2018 09:00 PM",
        "street_closure_type": "Full Street Closure ",
        "community_board": "5, ",
        "police_precinct": "104, "
      }
    },
    {
      "type": "Feature",
      "geometry": {
        "type": "Point",
        "coordinates": [
          -73.850686,
          40.580661
        ]
      },
      "properties": {
        "event_id": "416799",
        "event_name": "129th Bay Block Party",
        "event_type": "Block Party",
        "event_agency": "Street Activity Permit Office",
        "event_location": " BEACH  129 STREET between CRONSTON AVENUE and BEACH CHANNEL DRIVE",
        "event_borough": "Queens",
        "start_date": "2018-09-08T13:00:00.000",
        "end_date": "2018-09-08T20:00:00.000",
        "start_formatted": "September 08, 2018 01:00 PM",
        "end_formatted": "September 08, 2018 08:00 PM",
        "street_closure_type": "Full Street Closure ",
        "community_board": "14, ",
        "police_precinct": "100, "
      }
    },
    {
      "type": "Feature",
      "geometry": {
        "type": "Point",
        "coordinates": [
          -73.9609215,
          40.7136235
        ]
      },
      "properties": {
        "event_id": "418804",
        "event_name": "Spirit of Brotherhood Church Community Outreach/ Iglesia Espiritu de Hermandad Alcance Comunitario",
        "event_type": "Block Party",
        "event_agency": "Street Activity Permit Office",
        "event_location": " SOUTH    1 STREET between BEDFORD AVENUE and DRIGGS AVENUE",
        "event_borough": "Brooklyn",
        "start_date": "2018-09-08T13:00:00.000",
        "end_date": "2018-09-08T17:00:00.000",
        "start_formatted": "September 08, 2018 01:00 PM",
        "end_formatted": "September 08, 2018 05:00 PM",
        "street_closure_type": "Full Street Closure ",
        "community_board": "1, ",
        "police_precinct": "90, "
      }
    },
    {
      "type": "Feature",
      "geometry": {
        "type": "Point",
        "coordinates": [
          -74.172229,
          40.5580185
        ]
      },
      "properties": {
        "event_id": "420389",
        "event_name": "Brandis Lane Block Party",
        "event_type": "Block Party",
        "event_agency": "Street Activity Permit Office",
        "event_location": " BRANDIS AVENUE between WAINWRIGHT AVENUE and DRUMGOOLE ROAD EAST",
        "event_borough": "Staten Island",
        "start_date": "2018-09-08T13:00:00.000",
        "end_date": "2018-09-08T21:00:00.000",
        "start_formatted": "September 08, 2018 01:00 PM",
        "end_formatted": "September 08, 2018 09:00 PM",
        "street_closure_type": "Sidewalk and Street Closure ",
        "community_board": "3, ",
        "police_precinct": "123, "
      }
    },
    {
      "type": "Feature",
      "geometry": {
        "type": "Point",
        "coordinates": [
          -73.9401505,
          40.6763475
        ]
      },
      "properties": {
        "event_id": "422421",
        "event_name": "Dean Revere Block Association 2018 Annual Block Party",
        "event_type": "Block Party",
        "event_agency": "Street Activity Permit Office",
        "event_location": " DEAN STREET between KINGSTON AVENUE and ALBANY AVENUE",
        "event_borough": "Brooklyn",
        "start_date": "2018-09-08T13:00:00.000",
        "end_date": "2018-09-08T17:00:00.000",
        "start_formatted": "September 08, 2018 01:00 PM",
        "end_formatted": "September 08, 2018 05:00 PM",
        "street_closure_type": "Full Street Closure ",
        "community_board": "8, ",
        "police_precinct": "77, "
      }
    },
    {
      "type": "Feature",
      "geometry": {
        "type": "Point",
        "coordinates": [
          -73.88574700000001,
          40.7042945
        ]
      },
      "properties": {
        "event_id": "429820",
        "event_name": "68th Street annual block party",
        "event_type": "Block Party",
        "event_agency": "Street Activity Permit Office",
        "event_location": " 68 STREET between 70 AVENUE and CENTRAL AVENUE",
        "event_borough": "Queens",
        "start_date": "2018-09-08T13:00:00.000",
        "end_date": "2018-09-08T21:00:00.000",
        "start_formatted": "September 08, 2018 01:00 PM",
        "end_formatted": "September 08, 2018 09:00 PM",
        "street_closure_type": "Full Street Closure ",
        "community_board": "5, ",
        "police_precinct": "104, "
      }
    },
    {
      "type": "Feature",
      "geometry": {
        "type": "Point",
        "coordinates": [
          -74.1052575,
          40.6334205
        ]
      },
      "properties": {
        "event_id": "428679",
        "event_name": "Hoyt Ave block party",
        "event_type": "Block Party",
        "event_agency": "Street Activity Permit Office",
        "event_location": " HOYT AVENUE between CASTLETON AVENUE and DELAFIELD AVENUE",
        "event_borough": "Staten Island",
        "start_date": "2018-09-08T13:00:00.000",
        "end_date": "2018-09-08T21:00:00.000",
        "start_formatted": "September 08, 2018 01:00 PM",
        "end_formatted": "September 08, 2018 09:00 PM",
        "street_closure_type": "Sidewalk and Street Closure ",
        "community_board": "1, ",
        "police_precinct": "120, "
      }
    },
    {
      "type": "Feature",
      "geometry": {
        "type": "Point",
        "coordinates": [
          -74.028018,
          40.634518
        ]
      },
      "properties": {
        "event_id": "428640",
        "event_name": "71st Annual Block Party",
        "event_type": "Block Party",
        "event_agency": "Street Activity Permit Office",
        "event_location": " 71 STREET between 3 AVENUE and RIDGE BOULEVARD",
        "event_borough": "Brooklyn",
        "start_date": "2018-09-08T12:30:00.000",
        "end_date": "2018-09-08T20:30:00.000",
        "start_formatted": "September 08, 2018 12:30 PM",
        "end_formatted": "September 08, 2018 08:30 PM",
        "street_closure_type": "Full Street Closure ",
        "community_board": "10, ",
        "police_precinct": "68, "
      }
    },
    {
      "type": "Feature",
      "geometry": {
        "type": "Point",
        "coordinates": [
          -73.9951395,
          40.6614655
        ]
      },
      "properties": {
        "event_id": "419224",
        "event_name": "22nd St Block Party 2018 1 ",
        "event_type": "Block Party",
        "event_agency": "Street Activity Permit Office",
        "event_location": " 22 STREET between 4 AVENUE and 5 AVENUE",
        "event_borough": "Brooklyn",
        "start_date": "2018-09-08T12:30:00.000",
        "end_date": "2018-09-08T20:30:00.000",
        "start_formatted": "September 08, 2018 12:30 PM",
        "end_formatted": "September 08, 2018 08:30 PM",
        "street_closure_type": "Full Street Closure ",
        "community_board": "7, ",
        "police_precinct": "72, "
      }
    },
    {
      "type": "Feature",
      "geometry": {
        "type": "Point",
        "coordinates": [
          -73.99057300000001,
          40.662364
        ]
      },
      "properties": {
        "event_id": "418174",
        "event_name": "18 street 2018 Block Party",
        "event_type": "Block Party",
        "event_agency": "Street Activity Permit Office",
        "event_location": " 18 STREET between 5 AVENUE and 6 AVENUE",
        "event_borough": "Brooklyn",
        "start_date": "2018-09-08T12:30:00.000",
        "end_date": "2018-09-08T20:30:00.000",
        "start_formatted": "September 08, 2018 12:30 PM",
        "end_formatted": "September 08, 2018 08:30 PM",
        "street_closure_type": "Full Street Closure ",
        "community_board": "7, ",
        "police_precinct": "72, "
      }
    },
    {
      "type": "Feature",
      "geometry": {
        "type": "Point",
        "coordinates": [
          -73.9402205,
          40.686661
        ]
      },
      "properties": {
        "event_id": "429195",
        "event_name": "Monroe Street Block Association 400",
        "event_type": "Block Party",
        "event_agency": "Street Activity Permit Office",
        "event_location": " MONROE STREET between THROOP AVENUE and MARCUS GARVEY AVENUE",
        "event_borough": "Brooklyn",
        "start_date": "2018-09-08T12:00:00.000",
        "end_date": "2018-09-08T19:00:00.000",
        "start_formatted": "September 08, 2018 12:00 PM",
        "end_formatted": "September 08, 2018 07:00 PM",
        "street_closure_type": "Full Street Closure ",
        "community_board": "3, ",
        "police_precinct": "79, "
      }
    },
    {
      "type": "Feature",
      "geometry": {
        "type": "Point",
        "coordinates": [
          -74.016335,
          40.6478285
        ]
      },
      "properties": {
        "event_id": "414949",
        "event_name": "Aug 25 Block Party 2018",
        "event_type": "Block Party",
        "event_agency": "Street Activity Permit Office",
        "event_location": " 51 STREET between 3 AVENUE and 2 AVENUE",
        "event_borough": "Brooklyn",
        "start_date": "2018-09-08T12:00:00.000",
        "end_date": "2018-09-08T21:00:00.000",
        "start_formatted": "September 08, 2018 12:00 PM",
        "end_formatted": "September 08, 2018 09:00 PM",
        "street_closure_type": "Full Street Closure ",
        "community_board": "7, ",
        "police_precinct": "72, "
      }
    },
    {
      "type": "Feature",
      "geometry": {
        "type": "Point",
        "coordinates": [
          -73.97823650000001,
          40.67289
        ]
      },
      "properties": {
        "event_id": "399595",
        "event_name": "2018 Garfield Place Block Party",
        "event_type": "Block Party",
        "event_agency": "Street Activity Permit Office",
        "event_location": " GARFIELD PLACE between 6 AVENUE and 7 AVENUE",
        "event_borough": "Brooklyn",
        "start_date": "2018-09-08T12:00:00.000",
        "end_date": "2018-09-08T18:00:00.000",
        "start_formatted": "September 08, 2018 12:00 PM",
        "end_formatted": "September 08, 2018 06:00 PM",
        "street_closure_type": "Full Street Closure ",
        "community_board": "6, ",
        "police_precinct": "78, "
      }
    },
    {
      "type": "Feature",
      "geometry": {
        "type": "Point",
        "coordinates": [
          -73.905434,
          40.616925
        ]
      },
      "properties": {
        "event_id": "408970",
        "event_name": "East 70th Street Block Party",
        "event_type": "Block Party",
        "event_agency": "Street Activity Permit Office",
        "event_location": " EAST   70 STREET between AVENUE V and AVENUE W",
        "event_borough": "Brooklyn",
        "start_date": "2018-09-08T12:00:00.000",
        "end_date": "2018-09-08T21:00:00.000",
        "start_formatted": "September 08, 2018 12:00 PM",
        "end_formatted": "September 08, 2018 09:00 PM",
        "street_closure_type": "Full Street Closure ",
        "community_board": "18, ",
        "police_precinct": "63, "
      }
    },
    {
      "type": "Feature",
      "geometry": {
        "type": "Point",
        "coordinates": [
          -73.787699,
          40.709556
        ]
      },
      "properties": {
        "event_id": "421665",
        "event_name": "Community Carnival",
        "event_type": "Block Party",
        "event_agency": "Street Activity Permit Office",
        "event_location": " 90 AVENUE between 172 STREET and 175 STREET",
        "event_borough": "Queens",
        "start_date": "2018-09-08T12:00:00.000",
        "end_date": "2018-09-08T16:00:00.000",
        "start_formatted": "September 08, 2018 12:00 PM",
        "end_formatted": "September 08, 2018 04:00 PM",
        "street_closure_type": "Sidewalk and Street Closure ",
        "community_board": "12, ",
        "police_precinct": "103, "
      }
    },
    {
      "type": "Feature",
      "geometry": {
        "type": "Point",
        "coordinates": [
          -73.9399335,
          40.6851935
        ]
      },
      "properties": {
        "event_id": "406524",
        "event_name": "500 Putnam Ave Block Party",
        "event_type": "Block Party",
        "event_agency": "Street Activity Permit Office",
        "event_location": " PUTNAM AVENUE between MARCUS GARVEY AVENUE and THROOP AVENUE",
        "event_borough": "Brooklyn",
        "start_date": "2018-09-08T12:00:00.000",
        "end_date": "2018-09-08T19:00:00.000",
        "start_formatted": "September 08, 2018 12:00 PM",
        "end_formatted": "September 08, 2018 07:00 PM",
        "street_closure_type": "Full Street Closure ",
        "community_board": "3, ",
        "police_precinct": "79, "
      }
    },
    {
      "type": "Feature",
      "geometry": {
        "type": "Point",
        "coordinates": [
          -74.0197795,
          40.626785999999996
        ]
      },
      "properties": {
        "event_id": "424037",
        "event_name": "Spirit of 76th street Block Party",
        "event_type": "Block Party",
        "event_agency": "Street Activity Permit Office",
        "event_location": " 76 STREET between 6 AVENUE and 7 AVENUE",
        "event_borough": "Brooklyn",
        "start_date": "2018-09-08T12:00:00.000",
        "end_date": "2018-09-08T20:00:00.000",
        "start_formatted": "September 08, 2018 12:00 PM",
        "end_formatted": "September 08, 2018 08:00 PM",
        "street_closure_type": "Full Street Closure ",
        "community_board": "10, ",
        "police_precinct": "68, "
      }
    },
    {
      "type": "Feature",
      "geometry": {
        "type": "Point",
        "coordinates": [
          -74.158731,
          40.542462
        ]
      },
      "properties": {
        "event_id": "429042",
        "event_name": "Pacific Ave Block Party",
        "event_type": "Block Party",
        "event_agency": "Street Activity Permit Office",
        "event_location": " PACIFIC AVENUE between OAKDALE STREET and SYCAMORE STREET",
        "event_borough": "Staten Island",
        "start_date": "2018-09-08T12:00:00.000",
        "end_date": "2018-09-08T21:00:00.000",
        "start_formatted": "September 08, 2018 12:00 PM",
        "end_formatted": "September 08, 2018 09:00 PM",
        "street_closure_type": "Full Street Closure ",
        "community_board": "3, ",
        "police_precinct": "122, "
      }
    },
    {
      "type": "Feature",
      "geometry": {
        "type": "Point",
        "coordinates": [
          -73.887233,
          40.81737
        ]
      },
      "properties": {
        "event_id": "427239",
        "event_name": "Jesus in the Hood ",
        "event_type": "Block Party",
        "event_agency": "Street Activity Permit Office",
        "event_location": " FAILE STREET between LAFAYETTE AVENUE and GILBERT PLACE",
        "event_borough": "Bronx",
        "start_date": "2018-09-08T12:00:00.000",
        "end_date": "2018-09-08T18:00:00.000",
        "start_formatted": "September 08, 2018 12:00 PM",
        "end_formatted": "September 08, 2018 06:00 PM",
        "street_closure_type": "Sidewalk and Street Closure ",
        "community_board": "2, ",
        "police_precinct": "41, "
      }
    },
    {
      "type": "Feature",
      "geometry": {
        "type": "Point",
        "coordinates": [
          -74.0176325,
          40.619112
        ]
      },
      "properties": {
        "event_id": "419727",
        "event_name": "83 street between 10 and 11 ave",
        "event_type": "Block Party",
        "event_agency": "Street Activity Permit Office",
        "event_location": " 83 STREET between 10 AVENUE and 11 AVENUE",
        "event_borough": "Brooklyn",
        "start_date": "2018-09-08T12:00:00.000",
        "end_date": "2018-09-08T20:00:00.000",
        "start_formatted": "September 08, 2018 12:00 PM",
        "end_formatted": "September 08, 2018 08:00 PM",
        "street_closure_type": "Full Street Closure ",
        "community_board": "10, ",
        "police_precinct": "68, "
      }
    },
    {
      "type": "Feature",
      "geometry": {
        "type": "Point",
        "coordinates": [
          -73.9579985,
          40.6549445
        ]
      },
      "properties": {
        "event_id": "412820",
        "event_name": "Clarkson Ave Block Party",
        "event_type": "Block Party",
        "event_agency": "Street Activity Permit Office",
        "event_location": " CLARKSON AVENUE between FLATBUSH AVENUE and BEDFORD AVENUE",
        "event_borough": "Brooklyn",
        "start_date": "2018-09-08T12:00:00.000",
        "end_date": "2018-09-08T19:00:00.000",
        "start_formatted": "September 08, 2018 12:00 PM",
        "end_formatted": "September 08, 2018 07:00 PM",
        "street_closure_type": "Full Street Closure ",
        "community_board": "14, 9, ",
        "police_precinct": "70, 71, "
      }
    },
    {
      "type": "Feature",
      "geometry": {
        "type": "Point",
        "coordinates": [
          -74.021063,
          40.629746499999996
        ]
      },
      "properties": {
        "event_id": "417890",
        "event_name": "PO Moira Smith-Reddy Memorial Block Party",
        "event_type": "Block Party",
        "event_agency": "Street Activity Permit Office",
        "event_location": " 74 STREET between 5 AVENUE and 6 AVENUE",
        "event_borough": "Brooklyn",
        "start_date": "2018-09-08T12:00:00.000",
        "end_date": "2018-09-08T21:00:00.000",
        "start_formatted": "September 08, 2018 12:00 PM",
        "end_formatted": "September 08, 2018 09:00 PM",
        "street_closure_type": "Full Street Closure ",
        "community_board": "10, ",
        "police_precinct": "68, "
      }
    },
    {
      "type": "Feature",
      "geometry": {
        "type": "Point",
        "coordinates": [
          -74.157576,
          40.5510235
        ]
      },
      "properties": {
        "event_id": "429767",
        "event_name": "Block Party",
        "event_type": "Block Party",
        "event_agency": "Street Activity Permit Office",
        "event_location": " NOTRE DAME AVENUE between KATAN AVENUE and LAMOKA AVENUE",
        "event_borough": "Staten Island",
        "start_date": "2018-09-08T12:00:00.000",
        "end_date": "2018-09-09T21:00:00.000",
        "start_formatted": "September 08, 2018 12:00 PM",
        "end_formatted": "September 09, 2018 09:00 PM",
        "street_closure_type": "Full Street Closure ",
        "community_board": "3, ",
        "police_precinct": "122, "
      }
    },
    {
      "type": "Feature",
      "geometry": {
        "type": "Point",
        "coordinates": [
          -73.8692535,
          40.672376
        ]
      },
      "properties": {
        "event_id": "429711",
        "event_name": "Crescent st block party",
        "event_type": "Block Party",
        "event_agency": "Street Activity Permit Office",
        "event_location": " CRESCENT STREET between SUTTER AVENUE and BLAKE AVENUE",
        "event_borough": "Brooklyn",
        "start_date": "2018-09-08T12:00:00.000",
        "end_date": "2018-09-08T19:00:00.000",
        "start_formatted": "September 08, 2018 12:00 PM",
        "end_formatted": "September 08, 2018 07:00 PM",
        "street_closure_type": "Full Street Closure ",
        "community_board": "5, ",
        "police_precinct": "75, "
      }
    },
    {
      "type": "Feature",
      "geometry": {
        "type": "Point",
        "coordinates": [
          -73.92092600000001,
          40.6806325
        ]
      },
      "properties": {
        "event_id": "405592",
        "event_name": "Family Day ",
        "event_type": "Block Party",
        "event_agency": "Street Activity Permit Office",
        "event_location": " MARION STREET between RALPH AVENUE and HOWARD AVENUE",
        "event_borough": "Brooklyn",
        "start_date": "2018-09-08T12:00:00.000",
        "end_date": "2018-09-08T20:00:00.000",
        "start_formatted": "September 08, 2018 12:00 PM",
        "end_formatted": "September 08, 2018 08:00 PM",
        "street_closure_type": "Full Street Closure ",
        "community_board": "3, ",
        "police_precinct": "81, "
      }
    },
    {
      "type": "Feature",
      "geometry": {
        "type": "Point",
        "coordinates": [
          -74.003292,
          40.653629
        ]
      },
      "properties": {
        "event_id": "421459",
        "event_name": "Summer End 2018 Block Party",
        "event_type": "Block Party",
        "event_agency": "Street Activity Permit Office",
        "event_location": " 36 STREET between 4 AVENUE and 5 AVENUE",
        "event_borough": "Brooklyn",
        "start_date": "2018-09-08T12:00:00.000",
        "end_date": "2018-09-08T21:00:00.000",
        "start_formatted": "September 08, 2018 12:00 PM",
        "end_formatted": "September 08, 2018 09:00 PM",
        "street_closure_type": "Full Street Closure ",
        "community_board": "7, ",
        "police_precinct": "72, "
      }
    },
    {
      "type": "Feature",
      "geometry": {
        "type": "Point",
        "coordinates": [
          -73.89051,
          40.696611000000004
        ]
      },
      "properties": {
        "event_id": "411568",
        "event_name": "Residents of 64th Place Annual Block Party",
        "event_type": "Block Party",
        "event_agency": "Street Activity Permit Office",
        "event_location": " 64 PLACE between 78 AVENUE and 80 AVENUE",
        "event_borough": "Queens",
        "start_date": "2018-09-08T12:00:00.000",
        "end_date": "2018-09-08T21:00:00.000",
        "start_formatted": "September 08, 2018 12:00 PM",
        "end_formatted": "September 08, 2018 09:00 PM",
        "street_closure_type": "Full Street Closure ",
        "community_board": "5, ",
        "police_precinct": "104, "
      }
    },
    {
      "type": "Feature",
      "geometry": {
        "type": "Point",
        "coordinates": [
          -73.97095300000001,
          40.6885915
        ]
      },
      "properties": {
        "event_id": "417224",
        "event_name": "Adelphi Street Block Party",
        "event_type": "Block Party",
        "event_agency": "Street Activity Permit Office",
        "event_location": " ADELPHI STREET between DEKALB AVENUE and LAFAYETTE AVENUE",
        "event_borough": "Brooklyn",
        "start_date": "2018-09-08T12:00:00.000",
        "end_date": "2018-09-08T18:00:00.000",
        "start_formatted": "September 08, 2018 12:00 PM",
        "end_formatted": "September 08, 2018 06:00 PM",
        "street_closure_type": "Full Street Closure ",
        "community_board": "2, ",
        "police_precinct": "88, "
      }
    },
    {
      "type": "Feature",
      "geometry": {
        "type": "Point",
        "coordinates": [
          -73.95604399999999,
          40.730748500000004
        ]
      },
      "properties": {
        "event_id": "423414",
        "event_name": "Kent Street Block Party",
        "event_type": "Block Party",
        "event_agency": "Street Activity Permit Office",
        "event_location": " KENT STREET between FRANKLIN STREET and MANHATTAN AVENUE",
        "event_borough": "Brooklyn",
        "start_date": "2018-09-08T12:00:00.000",
        "end_date": "2018-09-08T19:00:00.000",
        "start_formatted": "September 08, 2018 12:00 PM",
        "end_formatted": "September 08, 2018 07:00 PM",
        "street_closure_type": "Full Street Closure ",
        "community_board": "1, ",
        "police_precinct": "94, "
      }
    },
    {
      "type": "Feature",
      "geometry": {
        "type": "Point",
        "coordinates": [
          -73.97771750000001,
          40.688671
        ]
      },
      "properties": {
        "event_id": "417346",
        "event_name": "St. Felix Street Block Party",
        "event_type": "Block Party",
        "event_agency": "Street Activity Permit Office",
        "event_location": " ST FELIX STREET between DEKALB AVENUE and FULTON STREET",
        "event_borough": "Brooklyn",
        "start_date": "2018-09-08T12:00:00.000",
        "end_date": "2018-09-08T20:00:00.000",
        "start_formatted": "September 08, 2018 12:00 PM",
        "end_formatted": "September 08, 2018 08:00 PM",
        "street_closure_type": "Full Street Closure ",
        "community_board": "2, ",
        "police_precinct": "88, "
      }
    },
    {
      "type": "Feature",
      "geometry": {
        "type": "Point",
        "coordinates": [
          -73.87485849999999,
          40.703424
        ]
      },
      "properties": {
        "event_id": "422742",
        "event_name": "74 street block party",
        "event_type": "Block Party",
        "event_agency": "Street Activity Permit Office",
        "event_location": " 74 STREET between 78 AVENUE and MYRTLE AVENUE",
        "event_borough": "Queens",
        "start_date": "2018-09-08T12:00:00.000",
        "end_date": "2018-09-08T21:00:00.000",
        "start_formatted": "September 08, 2018 12:00 PM",
        "end_formatted": "September 08, 2018 09:00 PM",
        "street_closure_type": "Sidewalk and Street Closure ",
        "community_board": "5, ",
        "police_precinct": "104, "
      }
    },
    {
      "type": "Feature",
      "geometry": {
        "type": "Point",
        "coordinates": [
          -73.8951975,
          40.8336195
        ]
      },
      "properties": {
        "event_id": "427506",
        "event_name": "Y.E.S  Youth Encouraging Salvation",
        "event_type": "Block Party",
        "event_agency": "Street Activity Permit Office",
        "event_location": " BRISTOW STREET between BOSTON ROAD and EAST  170 STREET",
        "event_borough": "Bronx",
        "start_date": "2018-09-08T12:00:00.000",
        "end_date": "2018-09-08T16:00:00.000",
        "start_formatted": "September 08, 2018 12:00 PM",
        "end_formatted": "September 08, 2018 04:00 PM",
        "street_closure_type": "Full Street Closure ",
        "community_board": "3, ",
        "police_precinct": "42, "
      }
    },
    {
      "type": "Feature",
      "geometry": {
        "type": "Point",
        "coordinates": [
          -74.0277575,
          40.6351195
        ]
      },
      "properties": {
        "event_id": "421213",
        "event_name": "Ovington 200 Block Party",
        "event_type": "Block Party",
        "event_agency": "Street Activity Permit Office",
        "event_location": " OVINGTON AVENUE between 3 AVENUE and RIDGE BOULEVARD",
        "event_borough": "Brooklyn",
        "start_date": "2018-09-08T12:00:00.000",
        "end_date": "2018-09-08T21:00:00.000",
        "start_formatted": "September 08, 2018 12:00 PM",
        "end_formatted": "September 08, 2018 09:00 PM",
        "street_closure_type": "Full Street Closure ",
        "community_board": "10, ",
        "police_precinct": "68, "
      }
    },
    {
      "type": "Feature",
      "geometry": {
        "type": "Point",
        "coordinates": [
          -73.9426205,
          40.684137
        ]
      },
      "properties": {
        "event_id": "424430",
        "event_name": "Jefferson Avenue TNT Block Party 2018",
        "event_type": "Block Party",
        "event_agency": "Street Activity Permit Office",
        "event_location": " JEFFERSON AVENUE between THROOP AVENUE and TOMPKINS AVENUE",
        "event_borough": "Brooklyn",
        "start_date": "2018-09-08T12:00:00.000",
        "end_date": "2018-09-08T18:30:00.000",
        "start_formatted": "September 08, 2018 12:00 PM",
        "end_formatted": "September 08, 2018 06:30 PM",
        "street_closure_type": "Full Street Closure ",
        "community_board": "3, ",
        "police_precinct": "79, "
      }
    },
    {
      "type": "Feature",
      "geometry": {
        "type": "Point",
        "coordinates": [
          -73.97247899999999,
          40.7924255
        ]
      },
      "properties": {
        "event_id": "430427",
        "event_name": "DeHostos Family Day",
        "event_type": "Block Party",
        "event_agency": "Street Activity Permit Office",
        "event_location": " WEST   93 STREET between BROADWAY and AMSTERDAM AVENUE",
        "event_borough": "Manhattan",
        "start_date": "2018-09-08T12:00:00.000",
        "end_date": "2018-09-08T19:00:00.000",
        "start_formatted": "September 08, 2018 12:00 PM",
        "end_formatted": "September 08, 2018 07:00 PM",
        "street_closure_type": "Sidewalk and Street Closure ",
        "community_board": "7, ",
        "police_precinct": "24, "
      }
    },
    {
      "type": "Feature",
      "geometry": {
        "type": "Point",
        "coordinates": [
          -74.1356605,
          40.6221915
        ]
      },
      "properties": {
        "event_id": "405038",
        "event_name": "Bidwell block party ",
        "event_type": "Block Party",
        "event_agency": "Street Activity Permit Office",
        "event_location": " BIDWELL AVENUE between NORTH AVENUE and COLLEGE AVENUE",
        "event_borough": "Staten Island",
        "start_date": "2018-09-08T12:00:00.000",
        "end_date": "2018-09-08T21:00:00.000",
        "start_formatted": "September 08, 2018 12:00 PM",
        "end_formatted": "September 08, 2018 09:00 PM",
        "street_closure_type": "Full Street Closure ",
        "community_board": "1, ",
        "police_precinct": "121, "
      }
    },
    {
      "type": "Feature",
      "geometry": {
        "type": "Point",
        "coordinates": [
          -73.93314649999999,
          40.770785000000004
        ]
      },
      "properties": {
        "event_id": "426998",
        "event_name": "30th Road Block Party 2018",
        "event_type": "Block Party",
        "event_agency": "Street Activity Permit Office",
        "event_location": " 30 ROAD between 12 STREET and VERNON BOULEVARD",
        "event_borough": "Queens",
        "start_date": "2018-09-08T12:00:00.000",
        "end_date": "2018-09-08T21:00:00.000",
        "start_formatted": "September 08, 2018 12:00 PM",
        "end_formatted": "September 08, 2018 09:00 PM",
        "street_closure_type": "Full Street Closure ",
        "community_board": "1, ",
        "police_precinct": "114, "
      }
    },
    {
      "type": "Feature",
      "geometry": {
        "type": "Point",
        "coordinates": [
          -73.7934305,
          40.751944
        ]
      },
      "properties": {
        "event_id": "423269",
        "event_name": "BAGLEY AVENUE BLOCK PARTY ",
        "event_type": "Block Party",
        "event_agency": "Street Activity Permit Office",
        "event_location": " BAGLEY AVENUE between UTOPIA PARKWAY and AUBURNDALE LANE",
        "event_borough": "Queens",
        "start_date": "2018-09-08T12:00:00.000",
        "end_date": "2018-09-08T20:30:00.000",
        "start_formatted": "September 08, 2018 12:00 PM",
        "end_formatted": "September 08, 2018 08:30 PM",
        "street_closure_type": "Sidewalk and Street Closure ",
        "community_board": "11, ",
        "police_precinct": "111, "
      }
    },
    {
      "type": "Feature",
      "geometry": {
        "type": "Point",
        "coordinates": [
          -73.91275250000001,
          40.6603865
        ]
      },
      "properties": {
        "event_id": "404614",
        "event_name": "Peoples Baptist Church Community Outreach Day",
        "event_type": "Block Party",
        "event_agency": "Street Activity Permit Office",
        "event_location": " RIVERDALE AVENUE between AMBOY STREET and HERZL STREET",
        "event_borough": "Brooklyn",
        "start_date": "2018-09-08T12:00:00.000",
        "end_date": "2018-09-08T17:30:00.000",
        "start_formatted": "September 08, 2018 12:00 PM",
        "end_formatted": "September 08, 2018 05:30 PM",
        "street_closure_type": "Full Street Closure ",
        "community_board": "16, ",
        "police_precinct": "73, "
      }
    },
    {
      "type": "Feature",
      "geometry": {
        "type": "Point",
        "coordinates": [
          -73.9207815,
          40.6991545
        ]
      },
      "properties": {
        "event_id": "423769",
        "event_name": "Block Party",
        "event_type": "Block Party",
        "event_agency": "Street Activity Permit Office",
        "event_location": " HIMROD STREET between MYRTLE AVENUE and KNICKERBOCKER AVENUE",
        "event_borough": "Brooklyn",
        "start_date": "2018-09-08T12:00:00.000",
        "end_date": "2018-09-08T19:00:00.000",
        "start_formatted": "September 08, 2018 12:00 PM",
        "end_formatted": "September 08, 2018 07:00 PM",
        "street_closure_type": "Full Street Closure ",
        "community_board": "4, ",
        "police_precinct": "83, "
      }
    },
    {
      "type": "Feature",
      "geometry": {
        "type": "Point",
        "coordinates": [
          -73.897501,
          40.819857999999996
        ]
      },
      "properties": {
        "event_id": "418997",
        "event_name": "3rd Annual Longwood Festival",
        "event_type": "Block Party",
        "event_agency": "Street Activity Permit Office",
        "event_location": " DAWSON STREET between ROGERS PLACE and INTERVALE AVENUE",
        "event_borough": "Bronx",
        "start_date": "2018-09-08T12:00:00.000",
        "end_date": "2018-09-08T18:00:00.000",
        "start_formatted": "September 08, 2018 12:00 PM",
        "end_formatted": "September 08, 2018 06:00 PM",
        "street_closure_type": "Sidewalk and Street Closure ",
        "community_board": "2, ",
        "police_precinct": "41, "
      }
    },
    {
      "type": "Feature",
      "geometry": {
        "type": "Point",
        "coordinates": [
          -74.1704135,
          40.548012
        ]
      },
      "properties": {
        "event_id": "421931",
        "event_name": "Neighbors getting together",
        "event_type": "Block Party",
        "event_agency": "Street Activity Permit Office",
        "event_location": " LAMOKA AVENUE between POMPEY AVENUE and WAINWRIGHT AVENUE",
        "event_borough": "Staten Island",
        "start_date": "2018-09-08T12:00:00.000",
        "end_date": "2018-09-08T21:00:00.000",
        "start_formatted": "September 08, 2018 12:00 PM",
        "end_formatted": "September 08, 2018 09:00 PM",
        "street_closure_type": "Full Street Closure ",
        "community_board": "3, ",
        "police_precinct": "123, "
      }
    },
    {
      "type": "Feature",
      "geometry": {
        "type": "Point",
        "coordinates": [
          -73.978916,
          40.651335
        ]
      },
      "properties": {
        "event_id": "397595",
        "event_name": "East 3rd Street block party",
        "event_type": "Block Party",
        "event_agency": "Street Activity Permit Office",
        "event_location": " EAST    3 STREET between GREENWOOD AVENUE and VANDERBILT STREET",
        "event_borough": "Brooklyn",
        "start_date": "2018-09-08T12:00:00.000",
        "end_date": "2018-09-08T19:00:00.000",
        "start_formatted": "September 08, 2018 12:00 PM",
        "end_formatted": "September 08, 2018 07:00 PM",
        "street_closure_type": "Full Street Closure ",
        "community_board": "7, ",
        "police_precinct": "72, "
      }
    },
    {
      "type": "Feature",
      "geometry": {
        "type": "Point",
        "coordinates": [
          -73.9157065,
          40.822568000000004
        ]
      },
      "properties": {
        "event_id": "422455",
        "event_name": "Salvacion and Liberation",
        "event_type": "Block Party",
        "event_agency": "Street Activity Permit Office",
        "event_location": " EAST  158 STREET between MELROSE AVENUE and COURTLAND AVENUE",
        "event_borough": "Bronx",
        "start_date": "2018-09-08T12:00:00.000",
        "end_date": "2018-09-08T17:30:00.000",
        "start_formatted": "September 08, 2018 12:00 PM",
        "end_formatted": "September 08, 2018 05:30 PM",
        "street_closure_type": "Full Street Closure ",
        "community_board": "1, ",
        "police_precinct": "40, "
      }
    },
    {
      "type": "Feature",
      "geometry": {
        "type": "Point",
        "coordinates": [
          -73.995938,
          40.689173999999994
        ]
      },
      "properties": {
        "event_id": "428044",
        "event_name": "Amity St Block Party   ",
        "event_type": "Block Party",
        "event_agency": "Street Activity Permit Office",
        "event_location": " AMITY STREET between HENRY STREET and CLINTON STREET",
        "event_borough": "Brooklyn",
        "start_date": "2018-09-08T12:00:00.000",
        "end_date": "2018-09-08T19:00:00.000",
        "start_formatted": "September 08, 2018 12:00 PM",
        "end_formatted": "September 08, 2018 07:00 PM",
        "street_closure_type": "Full Street Closure ",
        "community_board": "6, ",
        "police_precinct": "76, "
      }
    },
    {
      "type": "Feature",
      "geometry": {
        "type": "Point",
        "coordinates": [
          -73.9136985,
          40.6335985
        ]
      },
      "properties": {
        "event_id": "425640",
        "event_name": "East 78th Block Celebration",
        "event_type": "Block Party",
        "event_agency": "Street Activity Permit Office",
        "event_location": " EAST   78 STREET between PAERDEGAT    1 STREET and FLATLANDS AVENUE",
        "event_borough": "Brooklyn",
        "start_date": "2018-09-08T12:00:00.000",
        "end_date": "2018-09-08T21:00:00.000",
        "start_formatted": "September 08, 2018 12:00 PM",
        "end_formatted": "September 08, 2018 09:00 PM",
        "street_closure_type": "Full Street Closure ",
        "community_board": "18, ",
        "police_precinct": "69, "
      }
    },
    {
      "type": "Feature",
      "geometry": {
        "type": "Point",
        "coordinates": [
          -73.955763,
          40.6871225
        ]
      },
      "properties": {
        "event_id": "419538",
        "event_name": "In Honor of Bird/BLOCK PARTY",
        "event_type": "Block Party",
        "event_agency": "Street Activity Permit Office",
        "event_location": " LEXINGTON AVENUE between FRANKLIN AVENUE and BEDFORD AVENUE",
        "event_borough": "Brooklyn",
        "start_date": "2018-09-08T11:30:00.000",
        "end_date": "2018-09-08T19:30:00.000",
        "start_formatted": "September 08, 2018 11:30 AM",
        "end_formatted": "September 08, 2018 07:30 PM",
        "street_closure_type": "Full Street Closure ",
        "community_board": "3, ",
        "police_precinct": "79, "
      }
    },
    {
      "type": "Feature",
      "geometry": {
        "type": "Point",
        "coordinates": [
          -74.00746799999999,
          40.6461235
        ]
      },
      "properties": {
        "event_id": "421109",
        "event_name": "blockparty47street",
        "event_type": "Block Party",
        "event_agency": "Street Activity Permit Office",
        "event_location": " 47 STREET between 5 AVENUE and 6 AVENUE",
        "event_borough": "Brooklyn",
        "start_date": "2018-09-08T11:30:00.000",
        "end_date": "2018-09-08T20:30:00.000",
        "start_formatted": "September 08, 2018 11:30 AM",
        "end_formatted": "September 08, 2018 08:30 PM",
        "street_closure_type": "Full Street Closure ",
        "community_board": "7, ",
        "police_precinct": "72, "
      }
    },
    {
      "type": "Feature",
      "geometry": {
        "type": "Point",
        "coordinates": [
          -73.990644,
          40.6803685
        ]
      },
      "properties": {
        "event_id": "409187",
        "event_name": "union street block party ",
        "event_type": "Block Party",
        "event_agency": "Street Activity Permit Office",
        "event_location": " UNION STREET between HOYT STREET and BOND STREET",
        "event_borough": "Brooklyn",
        "start_date": "2018-09-08T11:30:00.000",
        "end_date": "2018-09-08T20:00:00.000",
        "start_formatted": "September 08, 2018 11:30 AM",
        "end_formatted": "September 08, 2018 08:00 PM",
        "street_closure_type": "Full Street Closure ",
        "community_board": "6, ",
        "police_precinct": "76, "
      }
    },
    {
      "type": "Feature",
      "geometry": {
        "type": "Point",
        "coordinates": [
          -74.022076,
          40.6272575
        ]
      },
      "properties": {
        "event_id": "420825",
        "event_name": "77th Street Block Association Annual Block Party",
        "event_type": "Block Party",
        "event_agency": "Street Activity Permit Office",
        "event_location": " 77 STREET between 5 AVENUE and 6 AVENUE",
        "event_borough": "Brooklyn",
        "start_date": "2018-09-08T11:00:00.000",
        "end_date": "2018-09-08T20:00:00.000",
        "start_formatted": "September 08, 2018 11:00 AM",
        "end_formatted": "September 08, 2018 08:00 PM",
        "street_closure_type": "Full Street Closure ",
        "community_board": "10, ",
        "police_precinct": "68, "
      }
    },
    {
      "type": "Feature",
      "geometry": {
        "type": "Point",
        "coordinates": [
          -73.980075,
          40.674659500000004
        ]
      },
      "properties": {
        "event_id": "408300",
        "event_name": "Carroll Street 5th/6th Block Party",
        "event_type": "Block Party",
        "event_agency": "Street Activity Permit Office",
        "event_location": " CARROLL STREET between 5 AVENUE and 6 AVENUE",
        "event_borough": "Brooklyn",
        "start_date": "2018-09-08T11:00:00.000",
        "end_date": "2018-09-08T18:00:00.000",
        "start_formatted": "September 08, 2018 11:00 AM",
        "end_formatted": "September 08, 2018 06:00 PM",
        "street_closure_type": "Sidewalk and Street Closure ",
        "community_board": "6, ",
        "police_precinct": "78, "
      }
    },
    {
      "type": "Feature",
      "geometry": {
        "type": "Point",
        "coordinates": [
          -73.8666965,
          40.8732135
        ]
      },
      "properties": {
        "event_id": "412781",
        "event_name": "HCFC 4th Anniversary Outreach Day ",
        "event_type": "Block Party",
        "event_agency": "Street Activity Permit Office",
        "event_location": " ROSEWOOD STREET between WHITE PLAINS ROAD and CRUGER AVENUE",
        "event_borough": "Bronx",
        "start_date": "2018-09-08T11:00:00.000",
        "end_date": "2018-09-08T18:00:00.000",
        "start_formatted": "September 08, 2018 11:00 AM",
        "end_formatted": "September 08, 2018 06:00 PM",
        "street_closure_type": "Full Street Closure ",
        "community_board": "12, ",
        "police_precinct": "47, "
      }
    },
    {
      "type": "Feature",
      "geometry": {
        "type": "Point",
        "coordinates": [
          -73.9986355,
          40.685758
        ]
      },
      "properties": {
        "event_id": "384411",
        "event_name": "henry st. block party",
        "event_type": "Block Party",
        "event_agency": "Street Activity Permit Office",
        "event_location": " HENRY STREET between KANE STREET and DEGRAW STREET",
        "event_borough": "Brooklyn",
        "start_date": "2018-09-08T11:00:00.000",
        "end_date": "2018-09-08T20:00:00.000",
        "start_formatted": "September 08, 2018 11:00 AM",
        "end_formatted": "September 08, 2018 08:00 PM",
        "street_closure_type": "Full Street Closure ",
        "community_board": "6, ",
        "police_precinct": "76, "
      }
    },
    {
      "type": "Feature",
      "geometry": {
        "type": "Point",
        "coordinates": [
          -73.920853,
          40.701466499999995
        ]
      },
      "properties": {
        "event_id": "426657",
        "event_name": "Residence of Stockholm St.",
        "event_type": "Block Party",
        "event_agency": "Street Activity Permit Office",
        "event_location": " STOCKHOLM STREET between IRVING AVENUE and KNICKERBOCKER AVENUE",
        "event_borough": "Brooklyn",
        "start_date": "2018-09-08T11:00:00.000",
        "end_date": "2018-09-08T20:00:00.000",
        "start_formatted": "September 08, 2018 11:00 AM",
        "end_formatted": "September 08, 2018 08:00 PM",
        "street_closure_type": "Full Street Closure ",
        "community_board": "4, ",
        "police_precinct": "83, "
      }
    },
    {
      "type": "Feature",
      "geometry": {
        "type": "Point",
        "coordinates": [
          -74.0009805,
          40.678678000000005
        ]
      },
      "properties": {
        "event_id": "422620",
        "event_name": "4th Place Annual Block Party  ",
        "event_type": "Block Party",
        "event_agency": "Street Activity Permit Office",
        "event_location": " 4 PLACE between CLINTON STREET and HENRY STREET",
        "event_borough": "Brooklyn",
        "start_date": "2018-09-08T11:00:00.000",
        "end_date": "2018-09-08T20:00:00.000",
        "start_formatted": "September 08, 2018 11:00 AM",
        "end_formatted": "September 08, 2018 08:00 PM",
        "street_closure_type": "Full Street Closure ",
        "community_board": "6, ",
        "police_precinct": "76, "
      }
    },
    {
      "type": "Feature",
      "geometry": {
        "type": "Point",
        "coordinates": [
          -73.98700450000001,
          40.670373
        ]
      },
      "properties": {
        "event_id": "430155",
        "event_name": "8th Street Summer 2018 Block Party",
        "event_type": "Block Party",
        "event_agency": "Street Activity Permit Office",
        "event_location": " 8 STREET between 4 AVENUE and 5 AVENUE",
        "event_borough": "Brooklyn",
        "start_date": "2018-09-08T11:00:00.000",
        "end_date": "2018-09-08T20:00:00.000",
        "start_formatted": "September 08, 2018 11:00 AM",
        "end_formatted": "September 08, 2018 08:00 PM",
        "street_closure_type": "Full Street Closure ",
        "community_board": "6, ",
        "police_precinct": "78, "
      }
    },
    {
      "type": "Feature",
      "geometry": {
        "type": "Point",
        "coordinates": [
          -73.949533,
          40.688587999999996
        ]
      },
      "properties": {
        "event_id": "403506",
        "event_name": "Greene Ave Block Party",
        "event_type": "Block Party",
        "event_agency": "Street Activity Permit Office",
        "event_location": " GREENE AVENUE between MARCY AVENUE and NOSTRAND AVENUE",
        "event_borough": "Brooklyn",
        "start_date": "2018-09-08T11:00:00.000",
        "end_date": "2018-09-08T20:00:00.000",
        "start_formatted": "September 08, 2018 11:00 AM",
        "end_formatted": "September 08, 2018 08:00 PM",
        "street_closure_type": "Full Street Closure ",
        "community_board": "3, ",
        "police_precinct": "79, "
      }
    },
    {
      "type": "Feature",
      "geometry": {
        "type": "Point",
        "coordinates": [
          -73.9288635,
          40.6894645
        ]
      },
      "properties": {
        "event_id": "393767",
        "event_name": "Quincy Street Cooperative Block Also.",
        "event_type": "Block Party",
        "event_agency": "Street Activity Permit Office",
        "event_location": " QUINCY STREET between MALCOLM X BOULEVARD and PATCHEN AVENUE",
        "event_borough": "Brooklyn",
        "start_date": "2018-09-08T11:00:00.000",
        "end_date": "2018-09-08T20:00:00.000",
        "start_formatted": "September 08, 2018 11:00 AM",
        "end_formatted": "September 08, 2018 08:00 PM",
        "street_closure_type": "Full Street Closure ",
        "community_board": "3, ",
        "police_precinct": "81, "
      }
    },
    {
      "type": "Feature",
      "geometry": {
        "type": "Point",
        "coordinates": [
          -74.011358,
          40.621697499999996
        ]
      },
      "properties": {
        "event_id": "417574",
        "event_name": "Block party",
        "event_type": "Block Party",
        "event_agency": "Street Activity Permit Office",
        "event_location": " 76 STREET between 11 AVENUE and 12 AVENUE",
        "event_borough": "Brooklyn",
        "start_date": "2018-09-08T11:00:00.000",
        "end_date": "2018-09-08T20:00:00.000",
        "start_formatted": "September 08, 2018 11:00 AM",
        "end_formatted": "September 08, 2018 08:00 PM",
        "street_closure_type": "Full Street Closure ",
        "community_board": "10, ",
        "police_precinct": "68, "
      }
    },
    {
      "type": "Feature",
      "geometry": {
        "type": "Point",
        "coordinates": [
          -73.9816,
          40.6728275
        ]
      },
      "properties": {
        "event_id": "425604",
        "event_name": "2nd Street Block Party",
        "event_type": "Block Party",
        "event_agency": "Street Activity Permit Office",
        "event_location": " 2 STREET between 5 AVENUE and 6 AVENUE",
        "event_borough": "Brooklyn",
        "start_date": "2018-09-08T11:00:00.000",
        "end_date": "2018-09-08T18:00:00.000",
        "start_formatted": "September 08, 2018 11:00 AM",
        "end_formatted": "September 08, 2018 06:00 PM",
        "street_closure_type": "Full Street Closure ",
        "community_board": "6, ",
        "police_precinct": "78, "
      }
    },
    {
      "type": "Feature",
      "geometry": {
        "type": "Point",
        "coordinates": [
          -73.87656799999999,
          40.6705255
        ]
      },
      "properties": {
        "event_id": "426824",
        "event_name": "Evangelistic Community fair",
        "event_type": "Block Party",
        "event_agency": "Street Activity Permit Office",
        "event_location": " BLAKE AVENUE between MONTAUK AVENUE and MILFORD STREET",
        "event_borough": "Brooklyn",
        "start_date": "2018-09-08T11:00:00.000",
        "end_date": "2018-09-08T15:00:00.000",
        "start_formatted": "September 08, 2018 11:00 AM",
        "end_formatted": "September 08, 2018 03:00 PM",
        "street_closure_type": "Full Street Closure ",
        "community_board": "5, ",
        "police_precinct": "75, "
      }
    },
    {
      "type": "Feature",
      "geometry": {
        "type": "Point",
        "coordinates": [
          -73.94923299999999,
          40.805186
        ]
      },
      "properties": {
        "event_id": "424608",
        "event_name": "120th Street Block Association ",
        "event_type": "Block Party",
        "event_agency": "Street Activity Permit Office",
        "event_location": " WEST  120 STREET between LENOX AVENUE and ADAM CLAYTON POWELL BOULEVARD",
        "event_borough": "Manhattan",
        "start_date": "2018-09-08T11:00:00.000",
        "end_date": "2018-09-08T16:00:00.000",
        "start_formatted": "September 08, 2018 11:00 AM",
        "end_formatted": "September 08, 2018 04:00 PM",
        "street_closure_type": "Full Street Closure ",
        "community_board": "10, ",
        "police_precinct": "28, "
      }
    },
    {
      "type": "Feature",
      "geometry": {
        "type": "Point",
        "coordinates": [
          -73.952444,
          40.774792000000005
        ]
      },
      "properties": {
        "event_id": "424870",
        "event_name": "Childrens Academy Summer Block Party ",
        "event_type": "Block Party",
        "event_agency": "Street Activity Permit Office",
        "event_location": " EAST   82 STREET between 1 AVENUE and 2 AVENUE",
        "event_borough": "Manhattan",
        "start_date": "2018-09-08T11:00:00.000",
        "end_date": "2018-09-08T15:00:00.000",
        "start_formatted": "September 08, 2018 11:00 AM",
        "end_formatted": "September 08, 2018 03:00 PM",
        "street_closure_type": "Full Street Closure ",
        "community_board": "8, ",
        "police_precinct": "19, "
      }
    },
    {
      "type": "Feature",
      "geometry": {
        "type": "Point",
        "coordinates": [
          -74.0135815,
          40.647074
        ]
      },
      "properties": {
        "event_id": "421510",
        "event_name": "50TH STREET BLOCK PARTY",
        "event_type": "Block Party",
        "event_agency": "Street Activity Permit Office",
        "event_location": " 50 STREET between 3 AVENUE and 4 AVENUE",
        "event_borough": "Brooklyn",
        "start_date": "2018-09-08T11:00:00.000",
        "end_date": "2018-09-08T20:00:00.000",
        "start_formatted": "September 08, 2018 11:00 AM",
        "end_formatted": "September 08, 2018 08:00 PM",
        "street_closure_type": "Full Street Closure ",
        "community_board": "7, ",
        "police_precinct": "72, "
      }
    },
    {
      "type": "Feature",
      "geometry": {
        "type": "Point",
        "coordinates": [
          -73.921003,
          40.671829
        ]
      },
      "properties": {
        "event_id": "404268",
        "event_name": "Park Place Block Party",
        "event_type": "Block Party",
        "event_agency": "Street Activity Permit Office",
        "event_location": " PARK PLACE between RALPH AVENUE and HOWARD AVENUE",
        "event_borough": "Brooklyn",
        "start_date": "2018-09-08T11:00:00.000",
        "end_date": "2018-09-08T19:00:00.000",
        "start_formatted": "September 08, 2018 11:00 AM",
        "end_formatted": "September 08, 2018 07:00 PM",
        "street_closure_type": "Full Street Closure ",
        "community_board": "16, ",
        "police_precinct": "73, "
      }
    },
    {
      "type": "Feature",
      "geometry": {
        "type": "Point",
        "coordinates": [
          -74.0063045,
          40.647242
        ]
      },
      "properties": {
        "event_id": "409015",
        "event_name": "Family fun",
        "event_type": "Block Party",
        "event_agency": "Street Activity Permit Office",
        "event_location": " 45 STREET between 5 AVENUE and 6 AVENUE",
        "event_borough": "Brooklyn",
        "start_date": "2018-09-08T11:00:00.000",
        "end_date": "2018-09-08T20:00:00.000",
        "start_formatted": "September 08, 2018 11:00 AM",
        "end_formatted": "September 08, 2018 08:00 PM",
        "street_closure_type": "Full Street Closure ",
        "community_board": "7, ",
        "police_precinct": "72, "
      }
    },
    {
      "type": "Feature",
      "geometry": {
        "type": "Point",
        "coordinates": [
          -73.9998865,
          40.683138
        ]
      },
      "properties": {
        "event_id": "427888",
        "event_name": "Henry Street Annual Block Party",
        "event_type": "Block Party",
        "event_agency": "Street Activity Permit Office",
        "event_location": " HENRY STREET between UNION STREET and PRESIDENT STREET",
        "event_borough": "Brooklyn",
        "start_date": "2018-09-08T11:00:00.000",
        "end_date": "2018-09-08T20:00:00.000",
        "start_formatted": "September 08, 2018 11:00 AM",
        "end_formatted": "September 08, 2018 08:00 PM",
        "street_closure_type": "Sidewalk and Street Closure ",
        "community_board": "6, ",
        "police_precinct": "76, "
      }
    },
    {
      "type": "Feature",
      "geometry": {
        "type": "Point",
        "coordinates": [
          -73.9966465,
          40.687698499999996
        ]
      },
      "properties": {
        "event_id": "420783",
        "event_name": "Warren Street Block Party",
        "event_type": "Block Party",
        "event_agency": "Street Activity Permit Office",
        "event_location": " WARREN STREET between CLINTON STREET and HENRY STREET",
        "event_borough": "Brooklyn",
        "start_date": "2018-09-08T11:00:00.000",
        "end_date": "2018-09-08T20:00:00.000",
        "start_formatted": "September 08, 2018 11:00 AM",
        "end_formatted": "September 08, 2018 08:00 PM",
        "street_closure_type": "Full Street Closure ",
        "community_board": "6, ",
        "police_precinct": "76, "
      }
    },
    {
      "type": "Feature",
      "geometry": {
        "type": "Point",
        "coordinates": [
          -73.9745675,
          40.653324
        ]
      },
      "properties": {
        "event_id": "414522",
        "event_name": "Reeve Place Block Party",
        "event_type": "Block Party",
        "event_agency": "Street Activity Permit Office",
        "event_location": " REEVE PLACE between PROSPECT PARK SOUTH WEST and PROSPECT AVENUE",
        "event_borough": "Brooklyn",
        "start_date": "2018-09-08T11:00:00.000",
        "end_date": "2018-09-08T20:00:00.000",
        "start_formatted": "September 08, 2018 11:00 AM",
        "end_formatted": "September 08, 2018 08:00 PM",
        "street_closure_type": "Full Street Closure ",
        "community_board": "7, ",
        "police_precinct": "72, "
      }
    },
    {
      "type": "Feature",
      "geometry": {
        "type": "Point",
        "coordinates": [
          -73.9800405,
          40.6627745
        ]
      },
      "properties": {
        "event_id": "421723",
        "event_name": "Annual Block Party",
        "event_type": "Block Party",
        "event_agency": "Street Activity Permit Office",
        "event_location": " 13 STREET between PROSPECT PARK WEST and 8 AVENUE",
        "event_borough": "Brooklyn",
        "start_date": "2018-09-08T11:00:00.000",
        "end_date": "2018-09-08T18:00:00.000",
        "start_formatted": "September 08, 2018 11:00 AM",
        "end_formatted": "September 08, 2018 06:00 PM",
        "street_closure_type": "Full Street Closure ",
        "community_board": "6, ",
        "police_precinct": "78, "
      }
    },
    {
      "type": "Feature",
      "geometry": {
        "type": "Point",
        "coordinates": [
          -73.905819,
          40.638910499999994
        ]
      },
      "properties": {
        "event_id": "435835",
        "event_name": "Annual East 89th Street Block Association",
        "event_type": "Block Party",
        "event_agency": "Street Activity Permit Office",
        "event_location": " EAST   89 STREET between FLATLANDS AVENUE and AVENUE J",
        "event_borough": "Brooklyn",
        "start_date": "2018-09-08T11:00:00.000",
        "end_date": "2018-09-08T18:00:00.000",
        "start_formatted": "September 08, 2018 11:00 AM",
        "end_formatted": "September 08, 2018 06:00 PM",
        "street_closure_type": "Full Street Closure ",
        "community_board": "18, ",
        "police_precinct": "69, "
      }
    },
    {
      "type": "Feature",
      "geometry": {
        "type": "Point",
        "coordinates": [
          -73.977429,
          40.678555
        ]
      },
      "properties": {
        "event_id": "397917",
        "event_name": "Sterling place Block Party",
        "event_type": "Block Party",
        "event_agency": "Street Activity Permit Office",
        "event_location": " STERLING PLACE between 6 AVENUE and 5 AVENUE",
        "event_borough": "Brooklyn",
        "start_date": "2018-09-08T11:00:00.000",
        "end_date": "2018-09-08T18:00:00.000",
        "start_formatted": "September 08, 2018 11:00 AM",
        "end_formatted": "September 08, 2018 06:00 PM",
        "street_closure_type": "Full Street Closure ",
        "community_board": "6, ",
        "police_precinct": "78, "
      }
    },
    {
      "type": "Feature",
      "geometry": {
        "type": "Point",
        "coordinates": [
          -73.7941405,
          40.7074925
        ]
      },
      "properties": {
        "event_id": "400891",
        "event_name": "Childrens Library Discovery Block Party",
        "event_type": "Block Party",
        "event_agency": "Street Activity Permit Office",
        "event_location": " 90 AVENUE between MERRICK BOULEVARD and 168 STREET",
        "event_borough": "Queens",
        "start_date": "2018-09-08T11:00:00.000",
        "end_date": "2018-09-08T16:00:00.000",
        "start_formatted": "September 08, 2018 11:00 AM",
        "end_formatted": "September 08, 2018 04:00 PM",
        "street_closure_type": "Sidewalk and Street Closure ",
        "community_board": "12, ",
        "police_precinct": "103, "
      }
    },
    {
      "type": "Feature",
      "geometry": {
        "type": "Point",
        "coordinates": [
          -73.985897,
          40.6833375
        ]
      },
      "properties": {
        "event_id": "404743",
        "event_name": "Warren Street Block Party 2018",
        "event_type": "Block Party",
        "event_agency": "Street Activity Permit Office",
        "event_location": " WARREN STREET between BOND STREET and NEVINS STREET",
        "event_borough": "Brooklyn",
        "start_date": "2018-09-08T11:00:00.000",
        "end_date": "2018-09-08T20:00:00.000",
        "start_formatted": "September 08, 2018 11:00 AM",
        "end_formatted": "September 08, 2018 08:00 PM",
        "street_closure_type": "Full Street Closure ",
        "community_board": "2, 6, ",
        "police_precinct": "76, 84, "
      }
    },
    {
      "type": "Feature",
      "geometry": {
        "type": "Point",
        "coordinates": [
          -73.9445145,
          40.6936605
        ]
      },
      "properties": {
        "event_id": "417096",
        "event_name": "Hart Street family  Friends fun day",
        "event_type": "Block Party",
        "event_agency": "Street Activity Permit Office",
        "event_location": " HART STREET between TOMPKINS AVENUE and THROOP AVENUE",
        "event_borough": "Brooklyn",
        "start_date": "2018-09-08T11:00:00.000",
        "end_date": "2018-09-08T20:00:00.000",
        "start_formatted": "September 08, 2018 11:00 AM",
        "end_formatted": "September 08, 2018 08:00 PM",
        "street_closure_type": "Full Street Closure ",
        "community_board": "3, ",
        "police_precinct": "79, "
      }
    },
    {
      "type": "Feature",
      "geometry": {
        "type": "Point",
        "coordinates": [
          -73.905067,
          40.690101
        ]
      },
      "properties": {
        "event_id": "412592",
        "event_name": "Cooper Street Block Party",
        "event_type": "Block Party",
        "event_agency": "Street Activity Permit Office",
        "event_location": " COOPER STREET between WILSON AVENUE and KNICKERBOCKER AVENUE",
        "event_borough": "Brooklyn",
        "start_date": "2018-09-08T11:00:00.000",
        "end_date": "2018-09-08T17:00:00.000",
        "start_formatted": "September 08, 2018 11:00 AM",
        "end_formatted": "September 08, 2018 05:00 PM",
        "street_closure_type": "Full Street Closure ",
        "community_board": "4, ",
        "police_precinct": "83, "
      }
    },
    {
      "type": "Feature",
      "geometry": {
        "type": "Point",
        "coordinates": [
          -73.9395095,
          40.8184975
        ]
      },
      "properties": {
        "event_id": "408045",
        "event_name": "Family and friends day",
        "event_type": "Block Party",
        "event_agency": "Street Activity Permit Office",
        "event_location": " WEST  141 STREET between MALCOLM X BOULEVARD and ADAM CLAYTON POWELL BOULEVARD",
        "event_borough": "Manhattan",
        "start_date": "2018-09-08T11:00:00.000",
        "end_date": "2018-09-08T18:00:00.000",
        "start_formatted": "September 08, 2018 11:00 AM",
        "end_formatted": "September 08, 2018 06:00 PM",
        "street_closure_type": "Full Street Closure ",
        "community_board": "10, ",
        "police_precinct": "32, "
      }
    },
    {
      "type": "Feature",
      "geometry": {
        "type": "Point",
        "coordinates": [
          -73.921032,
          40.815058
        ]
      },
      "properties": {
        "event_id": "430428",
        "event_name": "Mott Haven Community Block Party",
        "event_type": "Block Party",
        "event_agency": "Street Activity Permit Office",
        "event_location": " EAST  146 STREET between 3 AVENUE and COLLEGE AVENUE",
        "event_borough": "Bronx",
        "start_date": "2018-09-08T11:00:00.000",
        "end_date": "2018-09-08T16:00:00.000",
        "start_formatted": "September 08, 2018 11:00 AM",
        "end_formatted": "September 08, 2018 04:00 PM",
        "street_closure_type": "Full Street Closure ",
        "community_board": "1, ",
        "police_precinct": "40, "
      }
    },
    {
      "type": "Feature",
      "geometry": {
        "type": "Point",
        "coordinates": [
          -73.9797405,
          40.671084
        ]
      },
      "properties": {
        "event_id": "397486",
        "event_name": "3rd Street Block Party",
        "event_type": "Block Party",
        "event_agency": "Street Activity Permit Office",
        "event_location": " 3 STREET between 6 AVENUE and 7 AVENUE",
        "event_borough": "Brooklyn",
        "start_date": "2018-09-08T11:00:00.000",
        "end_date": "2018-09-08T19:00:00.000",
        "start_formatted": "September 08, 2018 11:00 AM",
        "end_formatted": "September 08, 2018 07:00 PM",
        "street_closure_type": "Full Street Closure ",
        "community_board": "6, ",
        "police_precinct": "78, "
      }
    },
    {
      "type": "Feature",
      "geometry": {
        "type": "Point",
        "coordinates": [
          -74.025653,
          40.625753
        ]
      },
      "properties": {
        "event_id": "413558",
        "event_name": "7th Annual 81st Street Block Party",
        "event_type": "Block Party",
        "event_agency": "Street Activity Permit Office",
        "event_location": " 81 STREET between 4 AVENUE and 5 AVENUE",
        "event_borough": "Brooklyn",
        "start_date": "2018-09-08T11:00:00.000",
        "end_date": "2018-09-08T19:00:00.000",
        "start_formatted": "September 08, 2018 11:00 AM",
        "end_formatted": "September 08, 2018 07:00 PM",
        "street_closure_type": "Full Street Closure ",
        "community_board": "10, ",
        "police_precinct": "68, "
      }
    },
    {
      "type": "Feature",
      "geometry": {
        "type": "Point",
        "coordinates": [
          -73.9827645,
          40.6674615
        ]
      },
      "properties": {
        "event_id": "416126",
        "event_name": "The 9th Street between 6 and 7 lAvenue Block Association second annual block party",
        "event_type": "Block Party",
        "event_agency": "Street Activity Permit Office",
        "event_location": " 9 STREET between SIXTH AVENUE and SEVENTH AVENUE",
        "event_borough": "Brooklyn",
        "start_date": "2018-09-08T11:00:00.000",
        "end_date": "2018-09-08T18:00:00.000",
        "start_formatted": "September 08, 2018 11:00 AM",
        "end_formatted": "September 08, 2018 06:00 PM",
        "street_closure_type": "Full Street Closure ",
        "community_board": "6, ",
        "police_precinct": "78, "
      }
    },
    {
      "type": "Feature",
      "geometry": {
        "type": "Point",
        "coordinates": [
          -73.96508349999999,
          40.6496825
        ]
      },
      "properties": {
        "event_id": "415404",
        "event_name": "Caton Park Block Party",
        "event_type": "Block Party",
        "event_agency": "Street Activity Permit Office",
        "event_location": " BUCKINGHAM ROAD between CATON AVENUE and CHURCH AVENUE",
        "event_borough": "Brooklyn",
        "start_date": "2018-09-08T11:00:00.000",
        "end_date": "2018-09-08T19:00:00.000",
        "start_formatted": "September 08, 2018 11:00 AM",
        "end_formatted": "September 08, 2018 07:00 PM",
        "street_closure_type": "Full Street Closure ",
        "community_board": "14, ",
        "police_precinct": "70, "
      }
    },
    {
      "type": "Feature",
      "geometry": {
        "type": "Point",
        "coordinates": [
          -74.033259,
          40.6216845
        ]
      },
      "properties": {
        "event_id": "419473",
        "event_name": "89th Street 2nd Annual Block Party",
        "event_type": "Block Party",
        "event_agency": "Street Activity Permit Office",
        "event_location": " 89 STREET between 3 AVENUE and RIDGE BOULEVARD",
        "event_borough": "Brooklyn",
        "start_date": "2018-09-08T11:00:00.000",
        "end_date": "2018-09-08T20:00:00.000",
        "start_formatted": "September 08, 2018 11:00 AM",
        "end_formatted": "September 08, 2018 08:00 PM",
        "street_closure_type": "Sidewalk and Street Closure ",
        "community_board": "10, ",
        "police_precinct": "68, "
      }
    },
    {
      "type": "Feature",
      "geometry": {
        "type": "Point",
        "coordinates": [
          -73.9231185,
          40.6789515
        ]
      },
      "properties": {
        "event_id": "400856",
        "event_name": "Archbishop A. Monks Day ",
        "event_type": "Block Party",
        "event_agency": "Street Activity Permit Office",
        "event_location": " FULTON STREET between BUFFALO AVENUE and RALPH AVENUE",
        "event_borough": "Brooklyn",
        "start_date": "2018-09-08T11:00:00.000",
        "end_date": "2018-09-08T20:00:00.000",
        "start_formatted": "September 08, 2018 11:00 AM",
        "end_formatted": "September 08, 2018 08:00 PM",
        "street_closure_type": "Full Street Closure ",
        "community_board": "3, ",
        "police_precinct": "81, "
      }
    },
    {
      "type": "Feature",
      "geometry": {
        "type": "Point",
        "coordinates": [
          -73.878085,
          40.6590195
        ]
      },
      "properties": {
        "event_id": "422719",
        "event_name": "Ashford Street Block Party",
        "event_type": "Block Party",
        "event_agency": "Street Activity Permit Office",
        "event_location": " ASHFORD STREET between WORTMAN AVENUE and COZINE AVENUE",
        "event_borough": "Brooklyn",
        "start_date": "2018-09-08T11:00:00.000",
        "end_date": "2018-09-08T20:00:00.000",
        "start_formatted": "September 08, 2018 11:00 AM",
        "end_formatted": "September 08, 2018 08:00 PM",
        "street_closure_type": "Full Street Closure ",
        "community_board": "5, ",
        "police_precinct": "75, "
      }
    },
    {
      "type": "Feature",
      "geometry": {
        "type": "Point",
        "coordinates": [
          -73.914457,
          40.663325
        ]
      },
      "properties": {
        "event_id": "405958",
        "event_name": "Dumont Avenue Strauss Herzl Block Association",
        "event_type": "Block Party",
        "event_agency": "Street Activity Permit Office",
        "event_location": " DUMONT AVENUE between STRAUSS STREET and HERZL STREET",
        "event_borough": "Brooklyn",
        "start_date": "2018-09-08T11:00:00.000",
        "end_date": "2018-09-08T18:00:00.000",
        "start_formatted": "September 08, 2018 11:00 AM",
        "end_formatted": "September 08, 2018 06:00 PM",
        "street_closure_type": "Full Street Closure ",
        "community_board": "16, ",
        "police_precinct": "73, "
      }
    },
    {
      "type": "Feature",
      "geometry": {
        "type": "Point",
        "coordinates": [
          -73.930705,
          40.645315
        ]
      },
      "properties": {
        "event_id": "430274",
        "event_name": "E. 49th Street Block ",
        "event_type": "Block Party",
        "event_agency": "Street Activity Permit Office",
        "event_location": " EAST   49 STREET between BEVERLY ROAD and CLARENDON ROAD",
        "event_borough": "Brooklyn",
        "start_date": "2018-09-08T11:00:00.000",
        "end_date": "2018-09-08T19:00:00.000",
        "start_formatted": "September 08, 2018 11:00 AM",
        "end_formatted": "September 08, 2018 07:00 PM",
        "street_closure_type": "Full Street Closure ",
        "community_board": "17, ",
        "police_precinct": "67, "
      }
    },
    {
      "type": "Feature",
      "geometry": {
        "type": "Point",
        "coordinates": [
          -73.944777,
          40.642335
        ]
      },
      "properties": {
        "event_id": "426386",
        "event_name": "East 34th Street Block Party",
        "event_type": "Block Party",
        "event_agency": "Street Activity Permit Office",
        "event_location": " EAST   34 STREET between AVENUE D and CLARENDON ROAD",
        "event_borough": "Brooklyn",
        "start_date": "2018-09-08T11:00:00.000",
        "end_date": "2018-09-08T19:00:00.000",
        "start_formatted": "September 08, 2018 11:00 AM",
        "end_formatted": "September 08, 2018 07:00 PM",
        "street_closure_type": "Full Street Closure ",
        "community_board": "17, ",
        "police_precinct": "67, "
      }
    },
    {
      "type": "Feature",
      "geometry": {
        "type": "Point",
        "coordinates": [
          -73.938682,
          40.724981
        ]
      },
      "properties": {
        "event_id": "417975",
        "event_name": "Hausman Street Block Party",
        "event_type": "Block Party",
        "event_agency": "Street Activity Permit Office",
        "event_location": " HAUSMAN STREET between MEEKER AVENUE and NASSAU AVENUE",
        "event_borough": "Brooklyn",
        "start_date": "2018-09-08T10:30:00.000",
        "end_date": "2018-09-08T18:30:00.000",
        "start_formatted": "September 08, 2018 10:30 AM",
        "end_formatted": "September 08, 2018 06:30 PM",
        "street_closure_type": "Full Street Closure ",
        "community_board": "1, ",
        "police_precinct": "94, "
      }
    },
    {
      "type": "Feature",
      "geometry": {
        "type": "Point",
        "coordinates": [
          -73.94121150000001,
          40.6606985
        ]
      },
      "properties": {
        "event_id": "428657",
        "event_name": "Lets do it again",
        "event_type": "Block Party",
        "event_agency": "Street Activity Permit Office",
        "event_location": " MIDWOOD STREET between ALBANY AVENUE and KINGSTON AVENUE",
        "event_borough": "Brooklyn",
        "start_date": "2018-09-08T10:30:00.000",
        "end_date": "2018-09-08T18:30:00.000",
        "start_formatted": "September 08, 2018 10:30 AM",
        "end_formatted": "September 08, 2018 06:30 PM",
        "street_closure_type": "Full Street Closure ",
        "community_board": "9, ",
        "police_precinct": "71, "
      }
    },
    {
      "type": "Feature",
      "geometry": {
        "type": "Point",
        "coordinates": [
          -73.8853765,
          40.638031999999995
        ]
      },
      "properties": {
        "event_id": "427659",
        "event_name": "Block association 104th AVE N  Seaview",
        "event_type": "Block Party",
        "event_agency": "Street Activity Permit Office",
        "event_location": " 104 STREET between AVENUE N and SEAVIEW AVENUE",
        "event_borough": "Brooklyn",
        "start_date": "2018-09-08T10:30:00.000",
        "end_date": "2018-09-08T17:00:00.000",
        "start_formatted": "September 08, 2018 10:30 AM",
        "end_formatted": "September 08, 2018 05:00 PM",
        "street_closure_type": "Full Street Closure ",
        "community_board": "18, ",
        "police_precinct": "69, "
      }
    },
    {
      "type": "Feature",
      "geometry": {
        "type": "Point",
        "coordinates": [
          -73.95170200000001,
          40.822413
        ]
      },
      "properties": {
        "event_id": "423420",
        "event_name": "Street Fair",
        "event_type": "Block Party",
        "event_agency": "Street Activity Permit Office",
        "event_location": " HAMILTON PLACE between WEST  139 STREET and WEST  140 STREET",
        "event_borough": "Manhattan",
        "start_date": "2018-09-08T10:00:00.000",
        "end_date": "2018-09-08T17:00:00.000",
        "start_formatted": "September 08, 2018 10:00 AM",
        "end_formatted": "September 08, 2018 05:00 PM",
        "street_closure_type": "Full Street Closure ",
        "community_board": "9, ",
        "police_precinct": "30, "
      }
    },
    {
      "type": "Feature",
      "geometry": {
        "type": "Point",
        "coordinates": [
          -73.94778600000001,
          40.695541
        ]
      },
      "properties": {
        "event_id": "425579",
        "event_name": "Youth on the move stop the violence street fest",
        "event_type": "Block Party",
        "event_agency": "Street Activity Permit Office",
        "event_location": " MYRTLE AVENUE between MARCY AVENUE and TOMPKINS AVENUE",
        "event_borough": "Brooklyn",
        "start_date": "2018-09-08T10:00:00.000",
        "end_date": "2018-09-08T17:00:00.000",
        "start_formatted": "September 08, 2018 10:00 AM",
        "end_formatted": "September 08, 2018 05:00 PM",
        "street_closure_type": "Full Street Closure ",
        "community_board": "3, ",
        "police_precinct": "79, "
      }
    },
    {
      "type": "Feature",
      "geometry": {
        "type": "Point",
        "coordinates": [
          -73.9482895,
          40.647954999999996
        ]
      },
      "properties": {
        "event_id": "409292",
        "event_name": "BLOCK PARTY 2018",
        "event_type": "Block Party",
        "event_agency": "Street Activity Permit Office",
        "event_location": " EAST   31 STREET between SNYDER AVENUE and TILDEN AVENUE",
        "event_borough": "Brooklyn",
        "start_date": "2018-09-08T10:00:00.000",
        "end_date": "2018-09-08T18:00:00.000",
        "start_formatted": "September 08, 2018 10:00 AM",
        "end_formatted": "September 08, 2018 06:00 PM",
        "street_closure_type": "Full Street Closure ",
        "community_board": "17, ",
        "police_precinct": "67, "
      }
    },
    {
      "type": "Feature",
      "geometry": {
        "type": "Point",
        "coordinates": [
          -73.9494165,
          40.7893985
        ]
      },
      "properties": {
        "event_id": "422536",
        "event_name": "East Harlem Center Celebration  ",
        "event_type": "Block Party",
        "event_agency": "Street Activity Permit Office",
        "event_location": " EAST  101 STREET between LEXINGTON AVENUE and PARK AVENUE",
        "event_borough": "Manhattan",
        "start_date": "2018-09-08T10:00:00.000",
        "end_date": "2018-09-08T18:00:00.000",
        "start_formatted": "September 08, 2018 10:00 AM",
        "end_formatted": "September 08, 2018 06:00 PM",
        "street_closure_type": "Full Street Closure ",
        "community_board": "11, ",
        "police_precinct": "23, "
      }
    },
    {
      "type": "Feature",
      "geometry": {
        "type": "Point",
        "coordinates": [
          -73.940634,
          40.811529
        ]
      },
      "properties": {
        "event_id": "435746",
        "event_name": "132nd Street Praise Jam ",
        "event_type": "Block Party",
        "event_agency": "Street Activity Permit Office",
        "event_location": " WEST  132 STREET between LENOX AVENUE and 5 AVENUE",
        "event_borough": "Manhattan",
        "start_date": "2018-09-08T10:00:00.000",
        "end_date": "2018-09-08T17:00:00.000",
        "start_formatted": "September 08, 2018 10:00 AM",
        "end_formatted": "September 08, 2018 05:00 PM",
        "street_closure_type": "Full Street Closure ",
        "community_board": "10, ",
        "police_precinct": "32, "
      }
    },
    {
      "type": "Feature",
      "geometry": {
        "type": "Point",
        "coordinates": [
          -73.93189050000001,
          40.6079905
        ]
      },
      "properties": {
        "event_id": "408365",
        "event_name": "E. 34 Street Party",
        "event_type": "Block Party",
        "event_agency": "Street Activity Permit Office",
        "event_location": " EAST   34 STREET between AVENUE S and AVENUE T",
        "event_borough": "Brooklyn",
        "start_date": "2018-09-08T10:00:00.000",
        "end_date": "2018-09-08T19:00:00.000",
        "start_formatted": "September 08, 2018 10:00 AM",
        "end_formatted": "September 08, 2018 07:00 PM",
        "street_closure_type": "Full Street Closure ",
        "community_board": "18, ",
        "police_precinct": "63, "
      }
    },
    {
      "type": "Feature",
      "geometry": {
        "type": "Point",
        "coordinates": [
          -73.92715749999999,
          40.6082345
        ]
      },
      "properties": {
        "event_id": "426506",
        "event_name": "38th Street Block Party",
        "event_type": "Block Party",
        "event_agency": "Street Activity Permit Office",
        "event_location": " EAST   38 STREET between AVENUE T and AVENUE U",
        "event_borough": "Brooklyn",
        "start_date": "2018-09-08T10:00:00.000",
        "end_date": "2018-09-08T19:00:00.000",
        "start_formatted": "September 08, 2018 10:00 AM",
        "end_formatted": "September 08, 2018 07:00 PM",
        "street_closure_type": "Full Street Closure ",
        "community_board": "18, ",
        "police_precinct": "63, "
      }
    },
    {
      "type": "Feature",
      "geometry": {
        "type": "Point",
        "coordinates": [
          -73.9257305,
          40.6091615
        ]
      },
      "properties": {
        "event_id": "415017",
        "event_name": "2018 Kimball Street Blockparty",
        "event_type": "Block Party",
        "event_agency": "Street Activity Permit Office",
        "event_location": " KIMBALL STREET between AVENUE U and AVENUE T",
        "event_borough": "Brooklyn",
        "start_date": "2018-09-08T10:00:00.000",
        "end_date": "2018-09-08T18:00:00.000",
        "start_formatted": "September 08, 2018 10:00 AM",
        "end_formatted": "September 08, 2018 06:00 PM",
        "street_closure_type": "Full Street Closure ",
        "community_board": "18, ",
        "police_precinct": "63, "
      }
    },
    {
      "type": "Feature",
      "geometry": {
        "type": "Point",
        "coordinates": [
          -73.88355999999999,
          40.6743755
        ]
      },
      "properties": {
        "event_id": "417913",
        "event_name": "Elton Street Block Association ",
        "event_type": "Block Party",
        "event_agency": "Street Activity Permit Office",
        "event_location": " ELTON STREET between PITKIN AVENUE and GLENMORE AVENUE",
        "event_borough": "Brooklyn",
        "start_date": "2018-09-08T10:00:00.000",
        "end_date": "2018-09-08T19:00:00.000",
        "start_formatted": "September 08, 2018 10:00 AM",
        "end_formatted": "September 08, 2018 07:00 PM",
        "street_closure_type": "Full Sidewalk Closure ",
        "community_board": "5, ",
        "police_precinct": "75, "
      }
    },
    {
      "type": "Feature",
      "geometry": {
        "type": "Point",
        "coordinates": [
          -73.9336785,
          40.671181000000004
        ]
      },
      "properties": {
        "event_id": "424098",
        "event_name": "Outreach Service ",
        "event_type": "Block Party",
        "event_agency": "Street Activity Permit Office",
        "event_location": " SCHENECTADY AVENUE between ST JOHNS PLACE and STERLING PLACE",
        "event_borough": "Brooklyn",
        "start_date": "2018-09-08T10:00:00.000",
        "end_date": "2018-09-08T17:30:00.000",
        "start_formatted": "September 08, 2018 10:00 AM",
        "end_formatted": "September 08, 2018 05:30 PM",
        "street_closure_type": "Full Street Closure ",
        "community_board": "8, ",
        "police_precinct": "77, "
      }
    },
    {
      "type": "Feature",
      "geometry": {
        "type": "Point",
        "coordinates": [
          -73.859506,
          40.755985
        ]
      },
      "properties": {
        "event_id": "413165",
        "event_name": "EPM STREET BAZAAR",
        "event_type": "Block Party",
        "event_agency": "Street Activity Permit Office",
        "event_location": " 109 STREET between 34 AVENUE and 35 AVENUE",
        "event_borough": "Queens",
        "start_date": "2018-09-08T10:00:00.000",
        "end_date": "2018-09-08T16:00:00.000",
        "start_formatted": "September 08, 2018 10:00 AM",
        "end_formatted": "September 08, 2018 04:00 PM",
        "street_closure_type": "Full Street Closure ",
        "community_board": "3, ",
        "police_precinct": "115, "
      }
    },
    {
      "type": "Feature",
      "geometry": {
        "type": "Point",
        "coordinates": [
          -73.907561,
          40.6210375
        ]
      },
      "properties": {
        "event_id": "414283",
        "event_name": "2018 Block Party",
        "event_type": "Block Party",
        "event_agency": "Street Activity Permit Office",
        "event_location": " EAST   72 STREET between AVENUE U and AVENUE T",
        "event_borough": "Brooklyn",
        "start_date": "2018-09-08T10:00:00.000",
        "end_date": "2018-09-08T18:00:00.000",
        "start_formatted": "September 08, 2018 10:00 AM",
        "end_formatted": "September 08, 2018 06:00 PM",
        "street_closure_type": "Full Street Closure ",
        "community_board": "18, ",
        "police_precinct": "63, "
      }
    },
    {
      "type": "Feature",
      "geometry": {
        "type": "Point",
        "coordinates": [
          -73.714171,
          40.731360499999994
        ]
      },
      "properties": {
        "event_id": "422778",
        "event_name": "252nd street block party ",
        "event_type": "Block Party",
        "event_agency": "Street Activity Permit Office",
        "event_location": " 252 STREET between 86 AVENUE and 87 AVENUE",
        "event_borough": "Queens",
        "start_date": "2018-09-08T10:00:00.000",
        "end_date": "2018-09-08T19:00:00.000",
        "start_formatted": "September 08, 2018 10:00 AM",
        "end_formatted": "September 08, 2018 07:00 PM",
        "street_closure_type": "Full Street Closure ",
        "community_board": "13, ",
        "police_precinct": "105, "
      }
    },
    {
      "type": "Feature",
      "geometry": {
        "type": "Point",
        "coordinates": [
          -73.929829,
          40.701887
        ]
      },
      "properties": {
        "event_id": "423528",
        "event_name": "Melrose block party",
        "event_type": "Block Party",
        "event_agency": "Street Activity Permit Office",
        "event_location": " MELROSE STREET between WILSON AVENUE and CENTRAL AVENUE",
        "event_borough": "Brooklyn",
        "start_date": "2018-09-08T10:00:00.000",
        "end_date": "2018-09-08T19:00:00.000",
        "start_formatted": "September 08, 2018 10:00 AM",
        "end_formatted": "September 08, 2018 07:00 PM",
        "street_closure_type": "Full Street Closure ",
        "community_board": "4, ",
        "police_precinct": "83, "
      }
    },
    {
      "type": "Feature",
      "geometry": {
        "type": "Point",
        "coordinates": [
          -73.72908100000001,
          40.729364000000004
        ]
      },
      "properties": {
        "event_id": "423075",
        "event_name": "238 Street Block Party",
        "event_type": "Block Party",
        "event_agency": "Street Activity Permit Office",
        "event_location": " 238 STREET between 89 AVENUE and 88 AVENUE",
        "event_borough": "Queens",
        "start_date": "2018-09-08T10:00:00.000",
        "end_date": "2018-09-08T19:00:00.000",
        "start_formatted": "September 08, 2018 10:00 AM",
        "end_formatted": "September 08, 2018 07:00 PM",
        "street_closure_type": "Full Street Closure ",
        "community_board": "13, ",
        "police_precinct": "105, "
      }
    },
    {
      "type": "Feature",
      "geometry": {
        "type": "Point",
        "coordinates": [
          -73.968017,
          40.593858
        ]
      },
      "properties": {
        "event_id": "424892",
        "event_name": "Back To School BBQ",
        "event_type": "Block Party",
        "event_agency": "Street Activity Permit Office",
        "event_location": " EAST    3 STREET between AVENUE W and GRAVESEND NECK ROAD",
        "event_borough": "Brooklyn",
        "start_date": "2018-09-08T10:00:00.000",
        "end_date": "2018-09-08T19:00:00.000",
        "start_formatted": "September 08, 2018 10:00 AM",
        "end_formatted": "September 08, 2018 07:00 PM",
        "street_closure_type": "Full Street Closure ",
        "community_board": "15, ",
        "police_precinct": "61, "
      }
    },
    {
      "type": "Feature",
      "geometry": {
        "type": "Point",
        "coordinates": [
          -73.85856799999999,
          40.885130000000004
        ]
      },
      "properties": {
        "event_id": "429630",
        "event_name": "Grandparents Day Celebration",
        "event_type": "Block Party",
        "event_agency": "Street Activity Permit Office",
        "event_location": " BARNES AVENUE between EAST  222 STREET and EAST  223 STREET",
        "event_borough": "Bronx",
        "start_date": "2018-09-08T10:00:00.000",
        "end_date": "2018-09-08T16:00:00.000",
        "start_formatted": "September 08, 2018 10:00 AM",
        "end_formatted": "September 08, 2018 04:00 PM",
        "street_closure_type": "Full Street Closure ",
        "community_board": "12, ",
        "police_precinct": "47, "
      }
    },
    {
      "type": "Feature",
      "geometry": {
        "type": "Point",
        "coordinates": [
          -73.9203225,
          40.65651
        ]
      },
      "properties": {
        "event_id": "429896",
        "event_name": "93 Family day ",
        "event_type": "Block Party",
        "event_agency": "Street Activity Permit Office",
        "event_location": " EAST   93 STREET between WILLMOHR STREET and KINGS HIGHWAY",
        "event_borough": "Brooklyn",
        "start_date": "2018-09-08T10:00:00.000",
        "end_date": "2018-09-08T18:00:00.000",
        "start_formatted": "September 08, 2018 10:00 AM",
        "end_formatted": "September 08, 2018 06:00 PM",
        "street_closure_type": "Full Street Closure ",
        "community_board": "17, ",
        "police_precinct": "67, "
      }
    },
    {
      "type": "Feature",
      "geometry": {
        "type": "Point",
        "coordinates": [
          -73.908139,
          40.670731
        ]
      },
      "properties": {
        "event_id": "426181",
        "event_name": "Back to School Community Kick off BBQ",
        "event_type": "Block Party",
        "event_agency": "Street Activity Permit Office",
        "event_location": " WATKINS STREET between GLENMORE AVENUE and PITKIN AVENUE",
        "event_borough": "Brooklyn",
        "start_date": "2018-09-08T10:00:00.000",
        "end_date": "2018-09-08T15:00:00.000",
        "start_formatted": "September 08, 2018 10:00 AM",
        "end_formatted": "September 08, 2018 03:00 PM",
        "street_closure_type": "Full Street Closure ",
        "community_board": "16, ",
        "police_precinct": "73, "
      }
    },
    {
      "type": "Feature",
      "geometry": {
        "type": "Point",
        "coordinates": [
          -73.904212,
          40.8158935
        ]
      },
      "properties": {
        "event_id": "426198",
        "event_name": "Summer Community Outreach 2018",
        "event_type": "Block Party",
        "event_agency": "Street Activity Permit Office",
        "event_location": " UNION AVENUE between EAST  152 STREET and EAST  155 STREET",
        "event_borough": "Bronx",
        "start_date": "2018-09-08T09:30:00.000",
        "end_date": "2018-09-08T16:00:00.000",
        "start_formatted": "September 08, 2018 09:30 AM",
        "end_formatted": "September 08, 2018 04:00 PM",
        "street_closure_type": "Full Street Closure ",
        "community_board": "1, ",
        "police_precinct": "40, "
      }
    },
    {
      "type": "Feature",
      "geometry": {
        "type": "Point",
        "coordinates": [
          -73.765693,
          40.695726
        ]
      },
      "properties": {
        "event_id": "423018",
        "event_name": "family day",
        "event_type": "Block Party",
        "event_agency": "Street Activity Permit Office",
        "event_location": " QUENCER ROAD between NEWBURG STREET and OVID PLACE",
        "event_borough": "Queens",
        "start_date": "2018-09-08T09:00:00.000",
        "end_date": "2018-09-08T18:00:00.000",
        "start_formatted": "September 08, 2018 09:00 AM",
        "end_formatted": "September 08, 2018 06:00 PM",
        "street_closure_type": "Full Street Closure ",
        "community_board": "12, ",
        "police_precinct": "113, "
      }
    },
    {
      "type": "Feature",
      "geometry": {
        "type": "Point",
        "coordinates": [
          -73.976282,
          40.675585
        ]
      },
      "properties": {
        "event_id": "427264",
        "event_name": "Block Party on Berkeley Place",
        "event_type": "Block Party",
        "event_agency": "Street Activity Permit Office",
        "event_location": " BERKELEY PLACE between 6 AVENUE and 7 AVENUE",
        "event_borough": "Brooklyn",
        "start_date": "2018-09-08T08:30:00.000",
        "end_date": "2018-09-08T16:30:00.000",
        "start_formatted": "September 08, 2018 08:30 AM",
        "end_formatted": "September 08, 2018 04:30 PM",
        "street_closure_type": "Full Street Closure ",
        "community_board": "6, ",
        "police_precinct": "78, "
      }
    },
    {
      "type": "Feature",
      "geometry": {
        "type": "Point",
        "coordinates": [
          -73.9094565,
          40.8284985
        ]
      },
      "properties": {
        "event_id": "408889",
        "event_name": "DreamYards Movie Night ",
        "event_type": "Block Party",
        "event_agency": "Street Activity Permit Office",
        "event_location": " EAST  166 STREET between WASHINGTON AVENUE and PARK AVENUE",
        "event_borough": "Bronx",
        "start_date": "2018-09-07T16:00:00.000",
        "end_date": "2018-09-07T21:00:00.000",
        "start_formatted": "September 07, 2018 04:00 PM",
        "end_formatted": "September 07, 2018 09:00 PM",
        "street_closure_type": "Full Street Closure ",
        "community_board": "3, ",
        "police_precinct": "42, "
      }
    },
    {
      "type": "Feature",
      "geometry": {
        "type": "Point",
        "coordinates": [
          -73.946718,
          40.828999499999995
        ]
      },
      "properties": {
        "event_id": "403051",
        "event_name": "Pep Rally",
        "event_type": "Block Party",
        "event_agency": "Street Activity Permit Office",
        "event_location": " WEST  150 STREET between AMSTERDAM AVENUE and BROADWAY",
        "event_borough": "Manhattan",
        "start_date": "2018-09-07T14:00:00.000",
        "end_date": "2018-09-07T15:30:00.000",
        "start_formatted": "September 07, 2018 02:00 PM",
        "end_formatted": "September 07, 2018 03:30 PM",
        "street_closure_type": "Full Street Closure ",
        "community_board": "9, ",
        "police_precinct": "30, "
      }
    },
    {
      "type": "Feature",
      "geometry": {
        "type": "Point",
        "coordinates": [
          -73.9025895,
          40.664291000000006
        ]
      },
      "properties": {
        "event_id": "409408",
        "event_name": "Wayside Out Reach Development Inc. Street Fair",
        "event_type": "Block Party",
        "event_agency": "Street Activity Permit Office",
        "event_location": " POWELL STREET between DUMONT AVENUE and LIVONIA AVENUE",
        "event_borough": "Brooklyn",
        "start_date": "2018-09-07T10:00:00.000",
        "end_date": "2018-09-07T18:00:00.000",
        "start_formatted": "September 07, 2018 10:00 AM",
        "end_formatted": "September 07, 2018 06:00 PM",
        "street_closure_type": "Sidewalk and Street Closure ",
        "community_board": "16, ",
        "police_precinct": "73, "
      }
    },
    {
      "type": "Feature",
      "geometry": {
        "type": "Point",
        "coordinates": [
          -73.991737,
          40.6933265
        ]
      },
      "properties": {
        "event_id": "423809",
        "event_name": "St. Francis College Annual Terrier Tuesday Block Party ",
        "event_type": "Block Party",
        "event_agency": "Street Activity Permit Office",
        "event_location": " REMSEN STREET between CLINTON STREET and COURT STREET",
        "event_borough": "Brooklyn",
        "start_date": "2018-09-04T09:00:00.000",
        "end_date": "2018-09-04T18:00:00.000",
        "start_formatted": "September 04, 2018 09:00 AM",
        "end_formatted": "September 04, 2018 06:00 PM",
        "street_closure_type": "Full Street Closure ",
        "community_board": "2, ",
        "police_precinct": "84, "
      }
    },
    {
      "type": "Feature",
      "geometry": {
        "type": "Point",
        "coordinates": [
          -73.74228,
          40.7147135
        ]
      },
      "properties": {
        "event_id": "424293",
        "event_name": "OMEGA Gospel Block BBQ",
        "event_type": "Block Party",
        "event_agency": "Street Activity Permit Office",
        "event_location": " 99 AVENUE between 217 STREET and 216 STREET",
        "event_borough": "Queens",
        "start_date": "2018-09-03T10:00:00.000",
        "end_date": "2018-09-03T19:00:00.000",
        "start_formatted": "September 03, 2018 10:00 AM",
        "end_formatted": "September 03, 2018 07:00 PM",
        "street_closure_type": "Full Street Closure ",
        "community_board": "13, ",
        "police_precinct": "105, "
      }
    },
    {
      "type": "Feature",
      "geometry": {
        "type": "Point",
        "coordinates": [
          -73.732598,
          40.6723195
        ]
      },
      "properties": {
        "event_id": "421237",
        "event_name": "242nd Street Block Party",
        "event_type": "Block Party",
        "event_agency": "Street Activity Permit Office",
        "event_location": " 242 STREET between 134 AVENUE and 135 AVENUE",
        "event_borough": "Queens",
        "start_date": "2018-09-03T10:00:00.000",
        "end_date": "2018-09-03T19:00:00.000",
        "start_formatted": "September 03, 2018 10:00 AM",
        "end_formatted": "September 03, 2018 07:00 PM",
        "street_closure_type": "Full Street Closure ",
        "community_board": "13, ",
        "police_precinct": "105, "
      }
    },
    {
      "type": "Feature",
      "geometry": {
        "type": "Point",
        "coordinates": [
          -73.9427435,
          40.8285475
        ]
      },
      "properties": {
        "event_id": "421701",
        "event_name": "Labor Day Block Party ",
        "event_type": "Block Party",
        "event_agency": "Street Activity Permit Office",
        "event_location": " CONVENT AVENUE between WEST  151 STREET and WEST  152 STREET",
        "event_borough": "Manhattan",
        "start_date": "2018-09-03T09:00:00.000",
        "end_date": "2018-09-03T17:00:00.000",
        "start_formatted": "September 03, 2018 09:00 AM",
        "end_formatted": "September 03, 2018 05:00 PM",
        "street_closure_type": "Full Street Closure ",
        "community_board": "9, ",
        "police_precinct": "30, "
      }
    },
    {
      "type": "Feature",
      "geometry": {
        "type": "Point",
        "coordinates": [
          -73.736543,
          40.716401
        ]
      },
      "properties": {
        "event_id": "409231",
        "event_name": "International Day",
        "event_type": "Block Party",
        "event_agency": "Street Activity Permit Office",
        "event_location": " 98 AVENUE between 218 STREET and SPRINGFIELD BOULEVARD",
        "event_borough": "Queens",
        "start_date": "2018-09-02T12:00:00.000",
        "end_date": "2018-09-02T17:00:00.000",
        "start_formatted": "September 02, 2018 12:00 PM",
        "end_formatted": "September 02, 2018 05:00 PM",
        "street_closure_type": "Full Street Closure ",
        "community_board": "13, ",
        "police_precinct": "105, "
      }
    },
    {
      "type": "Feature",
      "geometry": {
        "type": "Point",
        "coordinates": [
          -73.9496625,
          40.600726
        ]
      },
      "properties": {
        "event_id": "420721",
        "event_name": "East 22nd Street Block Party",
        "event_type": "Block Party",
        "event_agency": "Street Activity Permit Office",
        "event_location": " EAST   22 STREET between AVENUE T and AVENUE U",
        "event_borough": "Brooklyn",
        "start_date": "2018-09-02T12:00:00.000",
        "end_date": "2018-09-02T21:00:00.000",
        "start_formatted": "September 02, 2018 12:00 PM",
        "end_formatted": "September 02, 2018 09:00 PM",
        "street_closure_type": "Full Street Closure ",
        "community_board": "15, ",
        "police_precinct": "61, "
      }
    },
    {
      "type": "Feature",
      "geometry": {
        "type": "Point",
        "coordinates": [
          -73.999467,
          40.641746999999995
        ]
      },
      "properties": {
        "event_id": "423389",
        "event_name": "Block Party before school starts",
        "event_type": "Block Party",
        "event_agency": "Street Activity Permit Office",
        "event_location": " 9 AVENUE between 46 STREET and 47 STREET",
        "event_borough": "Brooklyn",
        "start_date": "2018-09-02T11:00:00.000",
        "end_date": "2018-09-02T20:00:00.000",
        "start_formatted": "September 02, 2018 11:00 AM",
        "end_formatted": "September 02, 2018 08:00 PM",
        "street_closure_type": "Full Street Closure ",
        "community_board": "12, ",
        "police_precinct": "66, "
      }
    },
    {
      "type": "Feature",
      "geometry": {
        "type": "Point",
        "coordinates": [
          -73.992348,
          40.643373
        ]
      },
      "properties": {
        "event_id": "422986",
        "event_name": "40 Street block party ",
        "event_type": "Block Party",
        "event_agency": "Street Activity Permit Office",
        "event_location": " 40 STREET between 10 AVENUE and FORT HAMILTON PARKWAY",
        "event_borough": "Brooklyn",
        "start_date": "2018-09-02T11:00:00.000",
        "end_date": "2018-09-02T20:00:00.000",
        "start_formatted": "September 02, 2018 11:00 AM",
        "end_formatted": "September 02, 2018 08:00 PM",
        "street_closure_type": "Full Street Closure ",
        "community_board": "12, ",
        "police_precinct": "66, "
      }
    },
    {
      "type": "Feature",
      "geometry": {
        "type": "Point",
        "coordinates": [
          -73.7086545,
          40.738239
        ]
      },
      "properties": {
        "event_id": "415115",
        "event_name": "Radha Govind Dham Janmashtmi Celebration  ",
        "event_type": "Block Party",
        "event_agency": "Street Activity Permit Office",
        "event_location": " 260 STREET between HILLSIDE AVENUE and 83 AVENUE",
        "event_borough": "Queens",
        "start_date": "2018-09-02T10:00:00.000",
        "end_date": "2018-09-02T19:00:00.000",
        "start_formatted": "September 02, 2018 10:00 AM",
        "end_formatted": "September 02, 2018 07:00 PM",
        "street_closure_type": "Sidewalk and Street Closure ",
        "community_board": "13, ",
        "police_precinct": "105, "
      }
    },
    {
      "type": "Feature",
      "geometry": {
        "type": "Point",
        "coordinates": [
          -73.85704050000001,
          40.5762675
        ]
      },
      "properties": {
        "event_id": "405955",
        "event_name": "Block Party",
        "event_type": "Block Party",
        "event_agency": "Street Activity Permit Office",
        "event_location": " BEACH  138 STREET between CRONSTON AVENUE and NEWPORT AVENUE",
        "event_borough": "Queens",
        "start_date": "2018-09-01T14:00:00.000",
        "end_date": "2018-09-01T21:00:00.000",
        "start_formatted": "September 01, 2018 02:00 PM",
        "end_formatted": "September 01, 2018 09:00 PM",
        "street_closure_type": "Full Street Closure ",
        "community_board": "14, ",
        "police_precinct": "100, "
      }
    },
    {
      "type": "Feature",
      "geometry": {
        "type": "Point",
        "coordinates": [
          -73.841091,
          40.673998499999996
        ]
      },
      "properties": {
        "event_id": "422574",
        "event_name": "Linden Blvd block party",
        "event_type": "Block Party",
        "event_agency": "Street Activity Permit Office",
        "event_location": " LINDEN BOULEVARD between 95 STREET and 96 STREET",
        "event_borough": "Queens",
        "start_date": "2018-09-01T13:00:00.000",
        "end_date": "2018-09-01T21:00:00.000",
        "start_formatted": "September 01, 2018 01:00 PM",
        "end_formatted": "September 01, 2018 09:00 PM",
        "street_closure_type": "Full Street Closure ",
        "community_board": "10, ",
        "police_precinct": "106, "
      }
    },
    {
      "type": "Feature",
      "geometry": {
        "type": "Point",
        "coordinates": [
          -73.951464,
          40.680516499999996
        ]
      },
      "properties": {
        "event_id": "401762",
        "event_name": "Block Party",
        "event_type": "Block Party",
        "event_agency": "Street Activity Permit Office",
        "event_location": " FULTON STREET between NOSTRAND AVENUE and BEDFORD AVENUE",
        "event_borough": "Brooklyn",
        "start_date": "2018-09-01T13:00:00.000",
        "end_date": "2018-09-01T20:00:00.000",
        "start_formatted": "September 01, 2018 01:00 PM",
        "end_formatted": "September 01, 2018 08:00 PM",
        "street_closure_type": "Full Street Closure ",
        "community_board": "3, ",
        "police_precinct": "79, "
      }
    },
    {
      "type": "Feature",
      "geometry": {
        "type": "Point",
        "coordinates": [
          -74.166481,
          40.600860499999996
        ]
      },
      "properties": {
        "event_id": "428117",
        "event_name": "Carreau Avenue Block Party",
        "event_type": "Block Party",
        "event_agency": "Street Activity Permit Office",
        "event_location": " CARREAU AVENUE between SIGNS ROAD and GARY PLACE",
        "event_borough": "Staten Island",
        "start_date": "2018-09-01T13:00:00.000",
        "end_date": "2018-09-01T21:00:00.000",
        "start_formatted": "September 01, 2018 01:00 PM",
        "end_formatted": "September 01, 2018 09:00 PM",
        "street_closure_type": "Full Street Closure ",
        "community_board": "2, ",
        "police_precinct": "121, "
      }
    },
    {
      "type": "Feature",
      "geometry": {
        "type": "Point",
        "coordinates": [
          -73.941333,
          40.816002
        ]
      },
      "properties": {
        "event_id": "425868",
        "event_name": "137 Street community awareness  block party",
        "event_type": "Block Party",
        "event_agency": "Street Activity Permit Office",
        "event_location": " WEST  137 STREET between LENOX AVENUE and ADAM CLAYTON POWELL BOULEVARD",
        "event_borough": "Manhattan",
        "start_date": "2018-09-01T12:00:00.000",
        "end_date": "2018-09-01T17:00:00.000",
        "start_formatted": "September 01, 2018 12:00 PM",
        "end_formatted": "September 01, 2018 05:00 PM",
        "street_closure_type": "Full Street Closure ",
        "community_board": "10, ",
        "police_precinct": "32, "
      }
    },
    {
      "type": "Feature",
      "geometry": {
        "type": "Point",
        "coordinates": [
          -73.9623275,
          40.6859905
        ]
      },
      "properties": {
        "event_id": "427752",
        "event_name": "Grand Ave Block Association II Block Party",
        "event_type": "Block Party",
        "event_agency": "Street Activity Permit Office",
        "event_location": " GRAND AVENUE between GREENE AVENUE and GATES AVENUE",
        "event_borough": "Brooklyn",
        "start_date": "2018-09-01T12:00:00.000",
        "end_date": "2018-09-01T19:00:00.000",
        "start_formatted": "September 01, 2018 12:00 PM",
        "end_formatted": "September 01, 2018 07:00 PM",
        "street_closure_type": "Full Street Closure ",
        "community_board": "2, ",
        "police_precinct": "88, "
      }
    },
    {
      "type": "Feature",
      "geometry": {
        "type": "Point",
        "coordinates": [
          -73.906493,
          40.7225235
        ]
      },
      "properties": {
        "event_id": "406217",
        "event_name": "Neighborhood block party",
        "event_type": "Block Party",
        "event_agency": "Street Activity Permit Office",
        "event_location": " 57 ROAD between 59 STREET and 61 STREET",
        "event_borough": "Queens",
        "start_date": "2018-09-01T12:00:00.000",
        "end_date": "2018-09-01T21:00:00.000",
        "start_formatted": "September 01, 2018 12:00 PM",
        "end_formatted": "September 01, 2018 09:00 PM",
        "street_closure_type": "Full Street Closure ",
        "community_board": "5, ",
        "police_precinct": "104, "
      }
    },
    {
      "type": "Feature",
      "geometry": {
        "type": "Point",
        "coordinates": [
          -74.1069095,
          40.641239
        ]
      },
      "properties": {
        "event_id": "426104",
        "event_name": "Linden Street block Party",
        "event_type": "Block Party",
        "event_agency": "Street Activity Permit Office",
        "event_location": " LINDEN STREET between BARD AVENUE and KISSEL AVENUE",
        "event_borough": "Staten Island",
        "start_date": "2018-09-01T12:00:00.000",
        "end_date": "2018-09-01T20:00:00.000",
        "start_formatted": "September 01, 2018 12:00 PM",
        "end_formatted": "September 01, 2018 08:00 PM",
        "street_closure_type": "Full Street Closure ",
        "community_board": "1, ",
        "police_precinct": "120, "
      }
    },
    {
      "type": "Feature",
      "geometry": {
        "type": "Point",
        "coordinates": [
          -73.950013,
          40.716143
        ]
      },
      "properties": {
        "event_id": "417854",
        "event_name": "Father Giorgio Post 689 Catholic War Vets",
        "event_type": "Block Party",
        "event_agency": "Street Activity Permit Office",
        "event_location": " JACKSON STREET between LORIMER STREET and MEEKER AVENUE",
        "event_borough": "Brooklyn",
        "start_date": "2018-09-01T12:00:00.000",
        "end_date": "2018-09-01T19:30:00.000",
        "start_formatted": "September 01, 2018 12:00 PM",
        "end_formatted": "September 01, 2018 07:30 PM",
        "street_closure_type": "Full Street Closure ",
        "community_board": "1, ",
        "police_precinct": "94, "
      }
    },
    {
      "type": "Feature",
      "geometry": {
        "type": "Point",
        "coordinates": [
          -74.1979895,
          40.542308
        ]
      },
      "properties": {
        "event_id": "426020",
        "event_name": "Dawn Cavalieri",
        "event_type": "Block Party",
        "event_agency": "Street Activity Permit Office",
        "event_location": " WALKER PLACE between WOODROW ROAD and SINCLAIR AVENUE",
        "event_borough": "Staten Island",
        "start_date": "2018-09-01T12:00:00.000",
        "end_date": "2018-09-01T21:00:00.000",
        "start_formatted": "September 01, 2018 12:00 PM",
        "end_formatted": "September 01, 2018 09:00 PM",
        "street_closure_type": "Full Street Closure ",
        "community_board": "3, ",
        "police_precinct": "123, "
      }
    },
    {
      "type": "Feature",
      "geometry": {
        "type": "Point",
        "coordinates": [
          -73.8492085,
          40.853244000000004
        ]
      },
      "properties": {
        "event_id": "415244",
        "event_name": "NARRAGANSETT PARTY ASSOCIATION",
        "event_type": "Block Party",
        "event_agency": "Street Activity Permit Office",
        "event_location": " NARRAGANSETT AVENUE between RHINELANDER AVENUE and LAKEWOOD PLACE",
        "event_borough": "Bronx",
        "start_date": "2018-09-01T12:00:00.000",
        "end_date": "2018-09-01T19:00:00.000",
        "start_formatted": "September 01, 2018 12:00 PM",
        "end_formatted": "September 01, 2018 07:00 PM",
        "street_closure_type": "Sidewalk and Street Closure ",
        "community_board": "11, ",
        "police_precinct": "49, "
      }
    },
    {
      "type": "Feature",
      "geometry": {
        "type": "Point",
        "coordinates": [
          -73.94269,
          40.8252345
        ]
      },
      "properties": {
        "event_id": "423375",
        "event_name": "Family and Friends BBQ ",
        "event_type": "Block Party",
        "event_agency": "Street Activity Permit Office",
        "event_location": " EDGECOMBE AVENUE between WEST  145 STREET and WEST  150 STREET",
        "event_borough": "Manhattan",
        "start_date": "2018-09-01T11:30:00.000",
        "end_date": "2018-09-01T18:00:00.000",
        "start_formatted": "September 01, 2018 11:30 AM",
        "end_formatted": "September 01, 2018 06:00 PM",
        "street_closure_type": "Full Street Closure ",
        "community_board": "10, 9, ",
        "police_precinct": "30, "
      }
    },
    {
      "type": "Feature",
      "geometry": {
        "type": "Point",
        "coordinates": [
          -73.9609845,
          40.6865175
        ]
      },
      "properties": {
        "event_id": "421747",
        "event_name": "Brooklyn Bazaar Block Party",
        "event_type": "Block Party",
        "event_agency": "Street Activity Permit Office",
        "event_location": " LEXINGTON AVENUE between CLASSON AVENUE and GRAND AVENUE",
        "event_borough": "Brooklyn",
        "start_date": "2018-09-01T11:00:00.000",
        "end_date": "2018-09-02T20:00:00.000",
        "start_formatted": "September 01, 2018 11:00 AM",
        "end_formatted": "September 02, 2018 08:00 PM",
        "street_closure_type": "Sidewalk and Street Closure ",
        "community_board": "2, ",
        "police_precinct": "88, "
      }
    },
    {
      "type": "Feature",
      "geometry": {
        "type": "Point",
        "coordinates": [
          -73.984936,
          40.643440999999996
        ]
      },
      "properties": {
        "event_id": "428562",
        "event_name": "Tehamas Block party",
        "event_type": "Block Party",
        "event_agency": "Street Activity Permit Office",
        "event_location": " TEHAMA STREET between CHESTER AVENUE and 36 STREET",
        "event_borough": "Brooklyn",
        "start_date": "2018-09-01T11:00:00.000",
        "end_date": "2018-09-01T20:00:00.000",
        "start_formatted": "September 01, 2018 11:00 AM",
        "end_formatted": "September 01, 2018 08:00 PM",
        "street_closure_type": "Full Street Closure ",
        "community_board": "12, ",
        "police_precinct": "66, "
      }
    },
    {
      "type": "Feature",
      "geometry": {
        "type": "Point",
        "coordinates": [
          -74.094175,
          40.642211
        ]
      },
      "properties": {
        "event_id": "419823",
        "event_name": "end of summer",
        "event_type": "Block Party",
        "event_agency": "Street Activity Permit Office",
        "event_location": " CASSIDY PLACE between LAFAYETTE AVENUE and HENDERSON AVENUE",
        "event_borough": "Staten Island",
        "start_date": "2018-09-01T11:00:00.000",
        "end_date": "2018-09-01T20:00:00.000",
        "start_formatted": "September 01, 2018 11:00 AM",
        "end_formatted": "September 01, 2018 08:00 PM",
        "street_closure_type": "Full Street Closure ",
        "community_board": "1, ",
        "police_precinct": "120, "
      }
    },
    {
      "type": "Feature",
      "geometry": {
        "type": "Point",
        "coordinates": [
          -73.95173550000001,
          40.826094
        ]
      },
      "properties": {
        "event_id": "423154",
        "event_name": "For a better community",
        "event_type": "Block Party",
        "event_agency": "Street Activity Permit Office",
        "event_location": " WEST  144 STREET between BROADWAY and RIVERSIDE DRIVE",
        "event_borough": "Manhattan",
        "start_date": "2018-09-01T10:30:00.000",
        "end_date": "2018-09-01T18:00:00.000",
        "start_formatted": "September 01, 2018 10:30 AM",
        "end_formatted": "September 01, 2018 06:00 PM",
        "street_closure_type": "Full Street Closure ",
        "community_board": "9, ",
        "police_precinct": "30, "
      }
    },
    {
      "type": "Feature",
      "geometry": {
        "type": "Point",
        "coordinates": [
          -73.938873,
          40.6227765
        ]
      },
      "properties": {
        "event_id": "415092",
        "event_name": "Family Fun Day 2018",
        "event_type": "Block Party",
        "event_agency": "Street Activity Permit Office",
        "event_location": " AVENUE L between EAST   38 STREET and EAST   37 STREET",
        "event_borough": "Brooklyn",
        "start_date": "2018-09-01T10:00:00.000",
        "end_date": "2018-09-01T18:00:00.000",
        "start_formatted": "September 01, 2018 10:00 AM",
        "end_formatted": "September 01, 2018 06:00 PM",
        "street_closure_type": "Full Street Closure ",
        "community_board": "18, ",
        "police_precinct": "63, "
      }
    },
    {
      "type": "Feature",
      "geometry": {
        "type": "Point",
        "coordinates": [
          -73.900627,
          40.873384
        ]
      },
      "properties": {
        "event_id": "423592",
        "event_name": "Saint Jemuel Back to School Rally",
        "event_type": "Block Party",
        "event_agency": "Street Activity Permit Office",
        "event_location": " WEBB AVENUE between WEST  197 STREET and RESERVOIR AVENUE",
        "event_borough": "Bronx",
        "start_date": "2018-09-01T10:00:00.000",
        "end_date": "2018-09-01T15:00:00.000",
        "start_formatted": "September 01, 2018 10:00 AM",
        "end_formatted": "September 01, 2018 03:00 PM",
        "street_closure_type": "Full Street Closure ",
        "community_board": "8, ",
        "police_precinct": "50, "
      }
    },
    {
      "type": "Feature",
      "geometry": {
        "type": "Point",
        "coordinates": [
          -73.93906100000001,
          40.8191165
        ]
      },
      "properties": {
        "event_id": "418346",
        "event_name": "The 142nd Street Block Association Annual End-of-Summer Block Party",
        "event_type": "Block Party",
        "event_agency": "Street Activity Permit Office",
        "event_location": " WEST  142 STREET between LENOX AVENUE and 7 AVENUE",
        "event_borough": "Manhattan",
        "start_date": "2018-09-01T10:00:00.000",
        "end_date": "2018-09-01T17:30:00.000",
        "start_formatted": "September 01, 2018 10:00 AM",
        "end_formatted": "September 01, 2018 05:30 PM",
        "street_closure_type": "Full Street Closure ",
        "community_board": "10, ",
        "police_precinct": "32, "
      }
    },
    {
      "type": "Feature",
      "geometry": {
        "type": "Point",
        "coordinates": [
          -73.74853300000001,
          40.7104375
        ]
      },
      "properties": {
        "event_id": "427955",
        "event_name": "Getting To Know Your Neighbors",
        "event_type": "Block Party",
        "event_agency": "Street Activity Permit Office",
        "event_location": " 210th street between 104 ave and 109 ave",
        "event_borough": "Queens",
        "start_date": "2018-09-01T10:00:00.000",
        "end_date": "2018-09-01T19:00:00.000",
        "start_formatted": "September 01, 2018 10:00 AM",
        "end_formatted": "September 01, 2018 07:00 PM",
        "street_closure_type": "Full Street Closure ",
        "community_board": "13, ",
        "police_precinct": "105, "
      }
    },
    {
      "type": "Feature",
      "geometry": {
        "type": "Point",
        "coordinates": [
          -73.914899,
          40.7660435
        ]
      },
      "properties": {
        "event_id": "428886",
        "event_name": "SAN ROCCO",
        "event_type": "Block Party",
        "event_agency": "Street Activity Permit Office",
        "event_location": " 28 AVENUE between 37 STREET and 38 STREET",
        "event_borough": "Queens",
        "start_date": "2018-08-31T14:30:00.000",
        "end_date": "2018-08-31T21:00:00.000",
        "start_formatted": "August 31, 2018 02:30 PM",
        "end_formatted": "August 31, 2018 09:00 PM",
        "street_closure_type": "Full Street Closure ",
        "community_board": "1, ",
        "police_precinct": "114, "
      }
    },
    {
      "type": "Feature",
      "geometry": {
        "type": "Point",
        "coordinates": [
          -73.970692,
          40.676150500000006
        ]
      },
      "properties": {
        "event_id": "428279",
        "event_name": "M.S 340 Back to School Bash",
        "event_type": "Block Party",
        "event_agency": "Street Activity Permit Office",
        "event_location": " STERLING PLACE between FLATBUSH AVENUE and VANDERBILT AVENUE",
        "event_borough": "Brooklyn",
        "start_date": "2018-08-31T13:00:00.000",
        "end_date": "2018-08-31T17:00:00.000",
        "start_formatted": "August 31, 2018 01:00 PM",
        "end_formatted": "August 31, 2018 05:00 PM",
        "street_closure_type": "Full Street Closure ",
        "community_board": "8, ",
        "police_precinct": "78, "
      }
    },
    {
      "type": "Feature",
      "geometry": {
        "type": "Point",
        "coordinates": [
          -73.88551050000001,
          40.675389
        ]
      },
      "properties": {
        "event_id": "428541",
        "event_name": "1st Annual kids block party ",
        "event_type": "Block Party",
        "event_agency": "Street Activity Permit Office",
        "event_location": " ASHFORD STREET between GLENMORE AVENUE and LIBERTY AVENUE",
        "event_borough": "Brooklyn",
        "start_date": "2018-08-31T13:00:00.000",
        "end_date": "2018-08-31T19:30:00.000",
        "start_formatted": "August 31, 2018 01:00 PM",
        "end_formatted": "August 31, 2018 07:30 PM",
        "street_closure_type": "Full Street Closure ",
        "community_board": "5, ",
        "police_precinct": "75, "
      }
    },
    {
      "type": "Feature",
      "geometry": {
        "type": "Point",
        "coordinates": [
          -73.893156,
          40.663296
        ]
      },
      "properties": {
        "event_id": "402369",
        "event_name": "health and education block fair",
        "event_type": "Block Party",
        "event_agency": "Street Activity Permit Office",
        "event_location": " RIVERDALE AVENUE between NEW JERSEY AVENUE and PENNSYLVANIA AVENUE",
        "event_borough": "Brooklyn",
        "start_date": "2018-08-31T12:30:00.000",
        "end_date": "2018-08-31T20:00:00.000",
        "start_formatted": "August 31, 2018 12:30 PM",
        "end_formatted": "August 31, 2018 08:00 PM",
        "street_closure_type": "Full Street Closure ",
        "community_board": "5, ",
        "police_precinct": "75, "
      }
    },
    {
      "type": "Feature",
      "geometry": {
        "type": "Point",
        "coordinates": [
          -73.8757825,
          40.6691895
        ]
      },
      "properties": {
        "event_id": "417832",
        "event_name": "Annual party",
        "event_type": "Block Party",
        "event_agency": "Street Activity Permit Office",
        "event_location": " MILFORD STREET between DUMONT AVENUE and NEW LOTS AVENUE",
        "event_borough": "Brooklyn",
        "start_date": "2018-08-31T11:00:00.000",
        "end_date": "2018-08-31T16:30:00.000",
        "start_formatted": "August 31, 2018 11:00 AM",
        "end_formatted": "August 31, 2018 04:30 PM",
        "street_closure_type": "Full Street Closure ",
        "community_board": "5, ",
        "police_precinct": "75, "
      }
    },
    {
      "type": "Feature",
      "geometry": {
        "type": "Point",
        "coordinates": [
          -73.99319249999999,
          40.734923499999994
        ]
      },
      "properties": {
        "event_id": "394447",
        "event_name": "The New Schools 22nd Annual Block Party",
        "event_type": "Block Party",
        "event_agency": "Street Activity Permit Office",
        "event_location": " EAST   13 STREET between 5 AVENUE and UNIVERSITY PLACE",
        "event_borough": "Manhattan",
        "start_date": "2018-08-30T16:30:00.000",
        "end_date": "2018-08-30T19:30:00.000",
        "start_formatted": "August 30, 2018 04:30 PM",
        "end_formatted": "August 30, 2018 07:30 PM",
        "street_closure_type": "Full Street Closure ",
        "community_board": "2, ",
        "police_precinct": "6, "
      }
    },
    {
      "type": "Feature",
      "geometry": {
        "type": "Point",
        "coordinates": [
          -73.8920535,
          40.8503085
        ]
      },
      "properties": {
        "event_id": "420487",
        "event_name": "Montereys Broadway Block Party ",
        "event_type": "Block Party",
        "event_agency": "Street Activity Permit Office",
        "event_location": " LAFONTAINE AVENUE between EAST  180 STREET and EAST  181 STREET",
        "event_borough": "Bronx",
        "start_date": "2018-08-30T12:00:00.000",
        "end_date": "2018-08-30T18:00:00.000",
        "start_formatted": "August 30, 2018 12:00 PM",
        "end_formatted": "August 30, 2018 06:00 PM",
        "street_closure_type": "Full Street Closure ",
        "community_board": "6, ",
        "police_precinct": "48, "
      }
    },
    {
      "type": "Feature",
      "geometry": {
        "type": "Point",
        "coordinates": [
          -73.950242,
          40.808893499999996
        ]
      },
      "properties": {
        "event_id": "424993",
        "event_name": "New Student Orientation",
        "event_type": "Block Party",
        "event_agency": "Street Activity Permit Office",
        "event_location": " WEST  124 STREET between 7 AVENUE and 8 AVENUE",
        "event_borough": "Manhattan",
        "start_date": "2018-08-30T12:00:00.000",
        "end_date": "2018-08-30T16:00:00.000",
        "start_formatted": "August 30, 2018 12:00 PM",
        "end_formatted": "August 30, 2018 04:00 PM",
        "street_closure_type": "Full Street Closure ",
        "community_board": "10, ",
        "police_precinct": "28, "
      }
    },
    {
      "type": "Feature",
      "geometry": {
        "type": "Point",
        "coordinates": [
          -73.88665,
          40.821544
        ]
      },
      "properties": {
        "event_id": "425986",
        "event_name": "Bx Charter School for Arts Back to School BBQ",
        "event_type": "Block Party",
        "event_agency": "Street Activity Permit Office",
        "event_location": " longfellow ave between garrison ave and dead end",
        "event_borough": "Bronx",
        "start_date": "2018-08-29T16:00:00.000",
        "end_date": "2018-08-29T20:00:00.000",
        "start_formatted": "August 29, 2018 04:00 PM",
        "end_formatted": "August 29, 2018 08:00 PM",
        "street_closure_type": "Full Street Closure ",
        "community_board": "2, ",
        "police_precinct": "41, "
      }
    },
    {
      "type": "Feature",
      "geometry": {
        "type": "Point",
        "coordinates": [
          -73.87374700000001,
          40.748577
        ]
      },
      "properties": {
        "event_id": "427345",
        "event_name": "Back To School Event",
        "event_type": "Block Party",
        "event_agency": "Street Activity Permit Office",
        "event_location": " ASKE STREET between ROOSEVELT AVENUE and WHITNEY AVENUE",
        "event_borough": "Queens",
        "start_date": "2018-08-29T12:00:00.000",
        "end_date": "2018-08-29T14:00:00.000",
        "start_formatted": "August 29, 2018 12:00 PM",
        "end_formatted": "August 29, 2018 02:00 PM",
        "street_closure_type": "Full Street Closure ",
        "community_board": "4, ",
        "police_precinct": "110, "
      }
    },
    {
      "type": "Feature",
      "geometry": {
        "type": "Point",
        "coordinates": [
          -73.90304549999999,
          40.7249865
        ]
      },
      "properties": {
        "event_id": "427096",
        "event_name": "Farewell to Summer 2017",
        "event_type": "Block Party",
        "event_agency": "Street Activity Permit Office",
        "event_location": " 56 AVENUE between 61 STREET and 64 STREET",
        "event_borough": "Queens",
        "start_date": "2018-08-26T13:30:00.000",
        "end_date": "2018-08-26T21:00:00.000",
        "start_formatted": "August 26, 2018 01:30 PM",
        "end_formatted": "August 26, 2018 09:00 PM",
        "street_closure_type": "Full Street Closure ",
        "community_board": "5, ",
        "police_precinct": "104, "
      }
    },
    {
      "type": "Feature",
      "geometry": {
        "type": "Point",
        "coordinates": [
          -73.894036,
          40.6687505
        ]
      },
      "properties": {
        "event_id": "407312",
        "event_name": "New Jersey Avenue 2nd Annual Block Party",
        "event_type": "Block Party",
        "event_agency": "Street Activity Permit Office",
        "event_location": " NEW JERSEY AVENUE between BLAKE AVENUE and SUTTER AVENUE",
        "event_borough": "Brooklyn",
        "start_date": "2018-08-26T13:00:00.000",
        "end_date": "2018-08-26T19:30:00.000",
        "start_formatted": "August 26, 2018 01:00 PM",
        "end_formatted": "August 26, 2018 07:30 PM",
        "street_closure_type": "Full Street Closure ",
        "community_board": "5, ",
        "police_precinct": "75, "
      }
    },
    {
      "type": "Feature",
      "geometry": {
        "type": "Point",
        "coordinates": [
          -73.888577,
          40.669557999999995
        ]
      },
      "properties": {
        "event_id": "417156",
        "event_name": "Hendrixs Summer BlowOut",
        "event_type": "Block Party",
        "event_agency": "Street Activity Permit Office",
        "event_location": " HENDRIX STREET between SUTTER AVENUE and BLAKE AVENUE",
        "event_borough": "Brooklyn",
        "start_date": "2018-08-26T13:00:00.000",
        "end_date": "2018-08-26T20:00:00.000",
        "start_formatted": "August 26, 2018 01:00 PM",
        "end_formatted": "August 26, 2018 08:00 PM",
        "street_closure_type": "Full Street Closure ",
        "community_board": "5, ",
        "police_precinct": "75, "
      }
    },
    {
      "type": "Feature",
      "geometry": {
        "type": "Point",
        "coordinates": [
          -74.03112999999999,
          40.6205955
        ]
      },
      "properties": {
        "event_id": "426945",
        "event_name": "90th st block party ",
        "event_type": "Block Party",
        "event_agency": "Street Activity Permit Office",
        "event_location": " 90 STREET between FOREST PLACE and 3 AVENUE",
        "event_borough": "Brooklyn",
        "start_date": "2018-08-26T13:00:00.000",
        "end_date": "2018-08-26T19:30:00.000",
        "start_formatted": "August 26, 2018 01:00 PM",
        "end_formatted": "August 26, 2018 07:30 PM",
        "street_closure_type": "Full Street Closure ",
        "community_board": "10, ",
        "police_precinct": "68, "
      }
    },
    {
      "type": "Feature",
      "geometry": {
        "type": "Point",
        "coordinates": [
          -73.832299,
          40.688168000000005
        ]
      },
      "properties": {
        "event_id": "422891",
        "event_name": "krsna balarama ratha yatra",
        "event_type": "Block Party",
        "event_agency": "Street Activity Permit Office",
        "event_location": " 101 AVENUE between 111 STREET and 112 STREET",
        "event_borough": "Queens",
        "start_date": "2018-08-26T13:00:00.000",
        "end_date": "2018-08-26T18:00:00.000",
        "start_formatted": "August 26, 2018 01:00 PM",
        "end_formatted": "August 26, 2018 06:00 PM",
        "street_closure_type": "Full Street Closure ",
        "community_board": "9, ",
        "police_precinct": "102, "
      }
    },
    {
      "type": "Feature",
      "geometry": {
        "type": "Point",
        "coordinates": [
          -73.94924449999999,
          40.643215
        ]
      },
      "properties": {
        "event_id": "420770",
        "event_name": "Kaleidoscope 2018",
        "event_type": "Block Party",
        "event_agency": "Street Activity Permit Office",
        "event_location": " CLARENDON ROAD between NOSTRAND AVENUE and EAST   29 STREET",
        "event_borough": "Brooklyn",
        "start_date": "2018-08-26T13:00:00.000",
        "end_date": "2018-08-26T18:30:00.000",
        "start_formatted": "August 26, 2018 01:00 PM",
        "end_formatted": "August 26, 2018 06:30 PM",
        "street_closure_type": "Full Street Closure ",
        "community_board": "17, ",
        "police_precinct": "67, "
      }
    },
    {
      "type": "Feature",
      "geometry": {
        "type": "Point",
        "coordinates": [
          -74.0124185,
          40.648195
        ]
      },
      "properties": {
        "event_id": "413732",
        "event_name": "48th Street Block Party",
        "event_type": "Block Party",
        "event_agency": "Street Activity Permit Office",
        "event_location": " 48 STREET between 3 AVENUE and 4 AVENUE",
        "event_borough": "Brooklyn",
        "start_date": "2018-08-26T12:00:00.000",
        "end_date": "2018-08-26T21:00:00.000",
        "start_formatted": "August 26, 2018 12:00 PM",
        "end_formatted": "August 26, 2018 09:00 PM",
        "street_closure_type": "Full Street Closure ",
        "community_board": "7, ",
        "police_precinct": "72, "
      }
    },
    {
      "type": "Feature",
      "geometry": {
        "type": "Point",
        "coordinates": [
          -73.9319065,
          40.6135995
        ]
      },
      "properties": {
        "event_id": "427497",
        "event_name": "Block party",
        "event_type": "Block Party",
        "event_agency": "Street Activity Permit Office",
        "event_location": " RYDER STREET between FILLMORE AVENUE and AVENUE R",
        "event_borough": "Brooklyn",
        "start_date": "2018-08-26T12:00:00.000",
        "end_date": "2018-08-26T20:00:00.000",
        "start_formatted": "August 26, 2018 12:00 PM",
        "end_formatted": "August 26, 2018 08:00 PM",
        "street_closure_type": "Full Street Closure ",
        "community_board": "18, ",
        "police_precinct": "63, "
      }
    },
    {
      "type": "Feature",
      "geometry": {
        "type": "Point",
        "coordinates": [
          -73.9456065,
          40.6500835
        ]
      },
      "properties": {
        "event_id": "424912",
        "event_name": "Neighborhood Block Party - Back to School",
        "event_type": "Block Party",
        "event_agency": "Street Activity Permit Office",
        "event_location": " EAST   34 STREET between CHURCH AVENUE and SNYDER AVENUE",
        "event_borough": "Brooklyn",
        "start_date": "2018-08-26T12:00:00.000",
        "end_date": "2018-08-26T19:00:00.000",
        "start_formatted": "August 26, 2018 12:00 PM",
        "end_formatted": "August 26, 2018 07:00 PM",
        "street_closure_type": "Full Street Closure ",
        "community_board": "17, ",
        "police_precinct": "67, "
      }
    },
    {
      "type": "Feature",
      "geometry": {
        "type": "Point",
        "coordinates": [
          -73.98561699999999,
          40.7199145
        ]
      },
      "properties": {
        "event_id": "426070",
        "event_name": "2nd Lower East Side United Festival",
        "event_type": "Block Party",
        "event_agency": "Street Activity Permit Office",
        "event_location": " SUFFOLK STREET between STANTON STREET and RIVINGTON STREET",
        "event_borough": "Manhattan",
        "start_date": "2018-08-26T12:00:00.000",
        "end_date": "2018-08-26T16:00:00.000",
        "start_formatted": "August 26, 2018 12:00 PM",
        "end_formatted": "August 26, 2018 04:00 PM",
        "street_closure_type": "Full Street Closure ",
        "community_board": "3, ",
        "police_precinct": "7, "
      }
    },
    {
      "type": "Feature",
      "geometry": {
        "type": "Point",
        "coordinates": [
          -74.01203000000001,
          40.645228
        ]
      },
      "properties": {
        "event_id": "421240",
        "event_name": "Block Party",
        "event_type": "Block Party",
        "event_agency": "Street Activity Permit Office",
        "event_location": " 51 STREET between 4 AVENUE and 5 AVENUE",
        "event_borough": "Brooklyn",
        "start_date": "2018-08-26T12:00:00.000",
        "end_date": "2018-08-26T21:00:00.000",
        "start_formatted": "August 26, 2018 12:00 PM",
        "end_formatted": "August 26, 2018 09:00 PM",
        "street_closure_type": "Full Street Closure ",
        "community_board": "7, ",
        "police_precinct": "72, "
      }
    },
    {
      "type": "Feature",
      "geometry": {
        "type": "Point",
        "coordinates": [
          -74.003389,
          40.6500415
        ]
      },
      "properties": {
        "event_id": "415388",
        "event_name": "40st Block party",
        "event_type": "Block Party",
        "event_agency": "Street Activity Permit Office",
        "event_location": " 40 STREET between 5 AVENUE and 6 AVENUE",
        "event_borough": "Brooklyn",
        "start_date": "2018-08-26T12:00:00.000",
        "end_date": "2018-08-26T21:00:00.000",
        "start_formatted": "August 26, 2018 12:00 PM",
        "end_formatted": "August 26, 2018 09:00 PM",
        "street_closure_type": "Full Street Closure ",
        "community_board": "7, ",
        "police_precinct": "72, "
      }
    },
    {
      "type": "Feature",
      "geometry": {
        "type": "Point",
        "coordinates": [
          -73.9268665,
          40.704885000000004
        ]
      },
      "properties": {
        "event_id": "407084",
        "event_name": "International Day Festival ",
        "event_type": "Block Party",
        "event_agency": "Street Activity Permit Office",
        "event_location": " MELROSE STREET between KNICKERBOCKER AVENUE and FLUSHING AVENUE",
        "event_borough": "Brooklyn",
        "start_date": "2018-08-26T12:00:00.000",
        "end_date": "2018-08-26T17:00:00.000",
        "start_formatted": "August 26, 2018 12:00 PM",
        "end_formatted": "August 26, 2018 05:00 PM",
        "street_closure_type": "Full Street Closure ",
        "community_board": "4, ",
        "police_precinct": "83, "
      }
    },
    {
      "type": "Feature",
      "geometry": {
        "type": "Point",
        "coordinates": [
          -73.8708365,
          40.674903
        ]
      },
      "properties": {
        "event_id": "428468",
        "event_name": "Pine Street Block Party ",
        "event_type": "Block Party",
        "event_agency": "Street Activity Permit Office",
        "event_location": " PINE STREET between PITKIN AVENUE and BELMONT AVENUE",
        "event_borough": "Brooklyn",
        "start_date": "2018-08-26T12:00:00.000",
        "end_date": "2018-08-26T20:00:00.000",
        "start_formatted": "August 26, 2018 12:00 PM",
        "end_formatted": "August 26, 2018 08:00 PM",
        "street_closure_type": "Full Street Closure ",
        "community_board": "5, ",
        "police_precinct": "75, "
      }
    },
    {
      "type": "Feature",
      "geometry": {
        "type": "Point",
        "coordinates": [
          -73.93935,
          40.6822645
        ]
      },
      "properties": {
        "event_id": "427763",
        "event_name": "Macon throop and marcus garvey block accociation",
        "event_type": "Block Party",
        "event_agency": "Street Activity Permit Office",
        "event_location": " MACON STREET between THROOP AVENUE and MARCUS GARVEY BOULEVARD",
        "event_borough": "Brooklyn",
        "start_date": "2018-08-26T12:00:00.000",
        "end_date": "2018-08-26T19:00:00.000",
        "start_formatted": "August 26, 2018 12:00 PM",
        "end_formatted": "August 26, 2018 07:00 PM",
        "street_closure_type": "Full Street Closure ",
        "community_board": "3, ",
        "police_precinct": "79, "
      }
    },
    {
      "type": "Feature",
      "geometry": {
        "type": "Point",
        "coordinates": [
          -73.9429275,
          40.652071
        ]
      },
      "properties": {
        "event_id": "397687",
        "event_name": "East 37th Street Kids Fair",
        "event_type": "Block Party",
        "event_agency": "Street Activity Permit Office",
        "event_location": " EAST   37 STREET between CHURCH AVENUE and LINDEN BOULEVARD",
        "event_borough": "Brooklyn",
        "start_date": "2018-08-26T12:00:00.000",
        "end_date": "2018-08-26T17:00:00.000",
        "start_formatted": "August 26, 2018 12:00 PM",
        "end_formatted": "August 26, 2018 05:00 PM",
        "street_closure_type": "Full Street Closure ",
        "community_board": "17, ",
        "police_precinct": "67, "
      }
    },
    {
      "type": "Feature",
      "geometry": {
        "type": "Point",
        "coordinates": [
          -73.92987400000001,
          40.69498
        ]
      },
      "properties": {
        "event_id": "424742",
        "event_name": "Unity Day",
        "event_type": "Block Party",
        "event_agency": "Street Activity Permit Office",
        "event_location": " DODWORTH STREET between BUSHWICK AVENUE and BROADWAY",
        "event_borough": "Brooklyn",
        "start_date": "2018-08-26T12:00:00.000",
        "end_date": "2018-08-26T19:00:00.000",
        "start_formatted": "August 26, 2018 12:00 PM",
        "end_formatted": "August 26, 2018 07:00 PM",
        "street_closure_type": "Full Street Closure ",
        "community_board": "4, ",
        "police_precinct": "83, "
      }
    },
    {
      "type": "Feature",
      "geometry": {
        "type": "Point",
        "coordinates": [
          -73.80714950000001,
          40.723362
        ]
      },
      "properties": {
        "event_id": "427319",
        "event_name": "Yasmins Block Party Birthday Bash ",
        "event_type": "Block Party",
        "event_agency": "Street Activity Permit Office",
        "event_location": " 77 ROAD between 160 STREET and 162 STREET",
        "event_borough": "Queens",
        "start_date": "2018-08-26T12:00:00.000",
        "end_date": "2018-08-26T20:00:00.000",
        "start_formatted": "August 26, 2018 12:00 PM",
        "end_formatted": "August 26, 2018 08:00 PM",
        "street_closure_type": "Full Street Closure ",
        "community_board": "8, ",
        "police_precinct": "107, "
      }
    },
    {
      "type": "Feature",
      "geometry": {
        "type": "Point",
        "coordinates": [
          -74.120171,
          40.631206
        ]
      },
      "properties": {
        "event_id": "421593",
        "event_name": "Elizabeth street block party ",
        "event_type": "Block Party",
        "event_agency": "Street Activity Permit Office",
        "event_location": " ELIZABETH STREET between CARY AVENUE and DELAFIELD AVENUE",
        "event_borough": "Staten Island",
        "start_date": "2018-08-26T12:00:00.000",
        "end_date": "2018-08-26T21:00:00.000",
        "start_formatted": "August 26, 2018 12:00 PM",
        "end_formatted": "August 26, 2018 09:00 PM",
        "street_closure_type": "Full Street Closure ",
        "community_board": "1, ",
        "police_precinct": "120, "
      }
    },
    {
      "type": "Feature",
      "geometry": {
        "type": "Point",
        "coordinates": [
          -73.88767200000001,
          40.669692999999995
        ]
      },
      "properties": {
        "event_id": "419051",
        "event_name": "Schenck Ave block party ",
        "event_type": "Block Party",
        "event_agency": "Street Activity Permit Office",
        "event_location": " SCHENCK AVENUE between BLAKE AVENUE and SUTTER AVENUE",
        "event_borough": "Brooklyn",
        "start_date": "2018-08-26T12:00:00.000",
        "end_date": "2018-08-26T20:00:00.000",
        "start_formatted": "August 26, 2018 12:00 PM",
        "end_formatted": "August 26, 2018 08:00 PM",
        "street_closure_type": "Full Street Closure ",
        "community_board": "5, ",
        "police_precinct": "75, "
      }
    },
    {
      "type": "Feature",
      "geometry": {
        "type": "Point",
        "coordinates": [
          -73.882978,
          40.662769
        ]
      },
      "properties": {
        "event_id": "424023",
        "event_name": "Jerome Street Block Party",
        "event_type": "Block Party",
        "event_agency": "Street Activity Permit Office",
        "event_location": " JEROME STREET between HEGEMAN AVENUE and LINDEN BOULEVARD",
        "event_borough": "Brooklyn",
        "start_date": "2018-08-26T11:00:00.000",
        "end_date": "2018-08-26T20:00:00.000",
        "start_formatted": "August 26, 2018 11:00 AM",
        "end_formatted": "August 26, 2018 08:00 PM",
        "street_closure_type": "Full Street Closure ",
        "community_board": "5, ",
        "police_precinct": "75, "
      }
    },
    {
      "type": "Feature",
      "geometry": {
        "type": "Point",
        "coordinates": [
          -73.9434575,
          40.8217975
        ]
      },
      "properties": {
        "event_id": "420692",
        "event_name": "Senior Appreciation  Day",
        "event_type": "Block Party",
        "event_agency": "Street Activity Permit Office",
        "event_location": " WEST  143 STREET between BRADHURST AVENUE and FREDERICK DOUGLAS BOULEVARD",
        "event_borough": "Manhattan",
        "start_date": "2018-08-26T11:00:00.000",
        "end_date": "2018-08-26T17:00:00.000",
        "start_formatted": "August 26, 2018 11:00 AM",
        "end_formatted": "August 26, 2018 05:00 PM",
        "street_closure_type": "Full Street Closure ",
        "community_board": "10, ",
        "police_precinct": "32, "
      }
    },
    {
      "type": "Feature",
      "geometry": {
        "type": "Point",
        "coordinates": [
          -73.9667895,
          40.5923755
        ]
      },
      "properties": {
        "event_id": "412757",
        "event_name": "East 4th Street Block Party",
        "event_type": "Block Party",
        "event_agency": "Street Activity Permit Office",
        "event_location": " EAST    4 STREET between AVENUE W and ANGELA DRIVE",
        "event_borough": "Brooklyn",
        "start_date": "2018-08-26T11:00:00.000",
        "end_date": "2018-08-26T20:00:00.000",
        "start_formatted": "August 26, 2018 11:00 AM",
        "end_formatted": "August 26, 2018 08:00 PM",
        "street_closure_type": "Full Street Closure ",
        "community_board": "15, ",
        "police_precinct": "61, "
      }
    },
    {
      "type": "Feature",
      "geometry": {
        "type": "Point",
        "coordinates": [
          -73.888767,
          40.6812195
        ]
      },
      "properties": {
        "event_id": "355656",
        "event_name": "Jerome Block",
        "event_type": "Block Party",
        "event_agency": "Street Activity Permit Office",
        "event_location": " JEROME STREET between ARLINGTON AVENUE and JAMAICA AVENUE",
        "event_borough": "Brooklyn",
        "start_date": "2018-08-26T11:00:00.000",
        "end_date": "2018-08-26T20:00:00.000",
        "start_formatted": "August 26, 2018 11:00 AM",
        "end_formatted": "August 26, 2018 08:00 PM",
        "street_closure_type": "Full Street Closure ",
        "community_board": "5, ",
        "police_precinct": "75, "
      }
    },
    {
      "type": "Feature",
      "geometry": {
        "type": "Point",
        "coordinates": [
          -73.91702649999999,
          40.6637415
        ]
      },
      "properties": {
        "event_id": "424721",
        "event_name": "The Last Hoorah",
        "event_type": "Block Party",
        "event_agency": "Street Activity Permit Office",
        "event_location": " LEGION STREET between DUMONT AVENUE and BLAKE AVENUE",
        "event_borough": "Brooklyn",
        "start_date": "2018-08-26T11:00:00.000",
        "end_date": "2018-08-26T18:00:00.000",
        "start_formatted": "August 26, 2018 11:00 AM",
        "end_formatted": "August 26, 2018 06:00 PM",
        "street_closure_type": "Full Street Closure ",
        "community_board": "16, ",
        "police_precinct": "73, "
      }
    },
    {
      "type": "Feature",
      "geometry": {
        "type": "Point",
        "coordinates": [
          -73.99956399999999,
          40.646823499999996
        ]
      },
      "properties": {
        "event_id": "394614",
        "event_name": "41st St. Block Party",
        "event_type": "Block Party",
        "event_agency": "Street Activity Permit Office",
        "event_location": " 41 STREET between 7 AVENUE and 8 AVENUE",
        "event_borough": "Brooklyn",
        "start_date": "2018-08-26T11:00:00.000",
        "end_date": "2018-08-26T20:00:00.000",
        "start_formatted": "August 26, 2018 11:00 AM",
        "end_formatted": "August 26, 2018 08:00 PM",
        "street_closure_type": "Full Street Closure ",
        "community_board": "7, ",
        "police_precinct": "72, "
      }
    },
    {
      "type": "Feature",
      "geometry": {
        "type": "Point",
        "coordinates": [
          -73.914552,
          40.657934
        ]
      },
      "properties": {
        "event_id": "426734",
        "event_name": "Kids appreciation block party ",
        "event_type": "Block Party",
        "event_agency": "Street Activity Permit Office",
        "event_location": " SARATOGA AVENUE between EAST   98 STREET and NEWPORT STREET",
        "event_borough": "Brooklyn",
        "start_date": "2018-08-26T11:00:00.000",
        "end_date": "2018-08-26T18:00:00.000",
        "start_formatted": "August 26, 2018 11:00 AM",
        "end_formatted": "August 26, 2018 06:00 PM",
        "street_closure_type": "Full Street Closure ",
        "community_board": "16, ",
        "police_precinct": "73, "
      }
    },
    {
      "type": "Feature",
      "geometry": {
        "type": "Point",
        "coordinates": [
          -73.9437025,
          40.650193
        ]
      },
      "properties": {
        "event_id": "420540",
        "event_name": "Sesame Flyers Block Party",
        "event_type": "Block Party",
        "event_agency": "Street Activity Permit Office",
        "event_location": " BROOKLYN AVENUE between CHURCH AVENUE and SNYDER AVENUE",
        "event_borough": "Brooklyn",
        "start_date": "2018-08-26T11:00:00.000",
        "end_date": "2018-08-26T20:00:00.000",
        "start_formatted": "August 26, 2018 11:00 AM",
        "end_formatted": "August 26, 2018 08:00 PM",
        "street_closure_type": "Full Street Closure ",
        "community_board": "17, ",
        "police_precinct": "67, "
      }
    },
    {
      "type": "Feature",
      "geometry": {
        "type": "Point",
        "coordinates": [
          -73.9266285,
          40.6721375
        ]
      },
      "properties": {
        "event_id": "427795",
        "event_name": "Love Thy Neighborhood Block Association",
        "event_type": "Block Party",
        "event_agency": "Street Activity Permit Office",
        "event_location": " PARK PLACE between ROCHESTER AVENUE and BUFFALO AVENUE",
        "event_borough": "Brooklyn",
        "start_date": "2018-08-26T11:00:00.000",
        "end_date": "2018-08-26T18:00:00.000",
        "start_formatted": "August 26, 2018 11:00 AM",
        "end_formatted": "August 26, 2018 06:00 PM",
        "street_closure_type": "Full Street Closure ",
        "community_board": "8, ",
        "police_precinct": "77, "
      }
    },
    {
      "type": "Feature",
      "geometry": {
        "type": "Point",
        "coordinates": [
          -73.90063699999999,
          40.8414425
        ]
      },
      "properties": {
        "event_id": "434017",
        "event_name": "Back to school ",
        "event_type": "Block Party",
        "event_agency": "Street Activity Permit Office",
        "event_location": " EAST  173 STREET between BATHGATE AVENUE and WASHINGTON AVENUE",
        "event_borough": "Bronx",
        "start_date": "2018-08-26T11:00:00.000",
        "end_date": "2018-08-26T17:00:00.000",
        "start_formatted": "August 26, 2018 11:00 AM",
        "end_formatted": "August 26, 2018 05:00 PM",
        "street_closure_type": "Full Sidewalk Closure ",
        "community_board": "3, ",
        "police_precinct": "42, "
      }
    },
    {
      "type": "Feature",
      "geometry": {
        "type": "Point",
        "coordinates": [
          -73.9456745,
          40.699537500000005
        ]
      },
      "properties": {
        "event_id": "416527",
        "event_name": "children appriciation day",
        "event_type": "Block Party",
        "event_agency": "Street Activity Permit Office",
        "event_location": " HOPKINS STREET between THROOP AVENUE and TOMPKINS AVENUE",
        "event_borough": "Brooklyn",
        "start_date": "2018-08-26T11:00:00.000",
        "end_date": "2018-08-26T17:00:00.000",
        "start_formatted": "August 26, 2018 11:00 AM",
        "end_formatted": "August 26, 2018 05:00 PM",
        "street_closure_type": "Full Street Closure ",
        "community_board": "3, ",
        "police_precinct": "79, "
      }
    }
  ],
  "metadata": {
    "generated": "2026-01-16T17:40:40.502732",
    "year": 2018,
    "total_events": 533,
    "geocoded_successfully": 506,
    "failed": 27,
    "source": "NYC Open Data - Permitted Event Information"
  }
}