{
  "type": "FeatureCollection",
  "features": [
    {
      "type": "Feature",
      "geometry": {
        "type": "Point",
        "coordinates": [
          -73.8244715,
          40.6892475
        ]
      },
      "properties": {
        "event_id": "379441",
        "event_name": "christmas social for kids",
        "event_type": "Block Party",
        "event_agency": "Street Activity Permit Office",
        "event_location": " 120 STREET between 103 AVENUE and 101 AVENUE",
        "event_borough": "Queens",
        "start_date": "2017-12-16T13:00:00.000",
        "end_date": "2017-12-16T18:00:00.000",
        "start_formatted": "December 16, 2017 01:00 PM",
        "end_formatted": "December 16, 2017 06:00 PM",
        "street_closure_type": "Full Street Closure ",
        "community_board": "9, ",
        "police_precinct": "102, "
      }
    },
    {
      "type": "Feature",
      "geometry": {
        "type": "Point",
        "coordinates": [
          -73.941333,
          40.816002
        ]
      },
      "properties": {
        "event_id": "377436",
        "event_name": "Anti Gun Violence",
        "event_type": "Block Party",
        "event_agency": "Street Activity Permit Office",
        "event_location": " WEST  137 STREET between ADAM CLAYTON POWELL BOULEVARD and MALCOLM X BOULEVARD",
        "event_borough": "Manhattan",
        "start_date": "2017-12-09T14:00:00.000",
        "end_date": "2017-12-09T18:00:00.000",
        "start_formatted": "December 09, 2017 02:00 PM",
        "end_formatted": "December 09, 2017 06:00 PM",
        "street_closure_type": "Full Street Closure ",
        "community_board": "10, ",
        "police_precinct": "32, "
      }
    },
    {
      "type": "Feature",
      "geometry": {
        "type": "Point",
        "coordinates": [
          -73.88635550000001,
          40.750572000000005
        ]
      },
      "properties": {
        "event_id": "372603",
        "event_name": "Caroling The Greystones",
        "event_type": "Block Party",
        "event_agency": "Street Activity Permit Office",
        "event_location": " 80 STREET between 37 AVENUE and 35 AVENUE",
        "event_borough": "Queens",
        "start_date": "2017-12-02T17:30:00.000",
        "end_date": "2017-12-02T19:30:00.000",
        "start_formatted": "December 02, 2017 05:30 PM",
        "end_formatted": "December 02, 2017 07:30 PM",
        "street_closure_type": "Full Street Closure ",
        "community_board": "3, ",
        "police_precinct": "115, "
      }
    },
    {
      "type": "Feature",
      "geometry": {
        "type": "Point",
        "coordinates": [
          -73.917004,
          40.843999999999994
        ]
      },
      "properties": {
        "event_id": "376296",
        "event_name": "3rd Annual Community Thanksgiving",
        "event_type": "Block Party",
        "event_agency": "Street Activity Permit Office",
        "event_location": " GOBLE PLACE between INWOOD AVENUE and MACOMBS ROAD",
        "event_borough": "Bronx",
        "start_date": "2017-11-24T13:00:00.000",
        "end_date": "2017-11-24T18:00:00.000",
        "start_formatted": "November 24, 2017 01:00 PM",
        "end_formatted": "November 24, 2017 06:00 PM",
        "street_closure_type": "Sidewalk and Street Closure ",
        "community_board": "4, ",
        "police_precinct": "44, "
      }
    },
    {
      "type": "Feature",
      "geometry": {
        "type": "Point",
        "coordinates": [
          -73.8892975,
          40.832914
        ]
      },
      "properties": {
        "event_id": "378584",
        "event_name": "FEED TO COMMUNITY",
        "event_type": "Block Party",
        "event_agency": "Street Activity Permit Office",
        "event_location": " HOE AVENUE between EAST  172 STREET and JENNINGS STREET",
        "event_borough": "Bronx",
        "start_date": "2017-11-20T09:00:00.000",
        "end_date": "2017-11-20T16:00:00.000",
        "start_formatted": "November 20, 2017 09:00 AM",
        "end_formatted": "November 20, 2017 04:00 PM",
        "street_closure_type": "Full Street Closure ",
        "community_board": "3, ",
        "police_precinct": "42, "
      }
    },
    {
      "type": "Feature",
      "geometry": {
        "type": "Point",
        "coordinates": [
          -73.888671,
          40.8154015
        ]
      },
      "properties": {
        "event_id": "378815",
        "event_name": "SIS Admissions Fair",
        "event_type": "Block Party",
        "event_agency": "Street Activity Permit Office",
        "event_location": " MANIDA STREET between LAFAYETTE AVENUE and SPOFFORD AVENUE",
        "event_borough": "Bronx",
        "start_date": "2017-11-18T12:00:00.000",
        "end_date": "2017-11-18T16:00:00.000",
        "start_formatted": "November 18, 2017 12:00 PM",
        "end_formatted": "November 18, 2017 04:00 PM",
        "street_closure_type": "Full Street Closure ",
        "community_board": "2, ",
        "police_precinct": "41, "
      }
    },
    {
      "type": "Feature",
      "geometry": {
        "type": "Point",
        "coordinates": [
          -73.8610165,
          40.571874
        ]
      },
      "properties": {
        "event_id": "372825",
        "event_name": "Little North Pole",
        "event_type": "Block Party",
        "event_agency": "Street Activity Permit Office",
        "event_location": " NEPONSIT AVENUE between BEACH  144 STREET and BEACH  145 STREET",
        "event_borough": "Queens",
        "start_date": "2017-11-12T14:00:00.000",
        "end_date": "2017-11-12T20:00:00.000",
        "start_formatted": "November 12, 2017 02:00 PM",
        "end_formatted": "November 12, 2017 08:00 PM",
        "street_closure_type": "Full Street Closure ",
        "community_board": "14, ",
        "police_precinct": "100, "
      }
    },
    {
      "type": "Feature",
      "geometry": {
        "type": "Point",
        "coordinates": [
          -73.97062550000001,
          40.7975165
        ]
      },
      "properties": {
        "event_id": "364624",
        "event_name": "Fall Fair Festival",
        "event_type": "Block Party",
        "event_agency": "Street Activity Permit Office",
        "event_location": " WEST  100 STREET between BROADWAY and WEST END AVENUE",
        "event_borough": "Manhattan",
        "start_date": "2017-11-12T11:00:00.000",
        "end_date": "2017-11-12T16:00:00.000",
        "start_formatted": "November 12, 2017 11:00 AM",
        "end_formatted": "November 12, 2017 04:00 PM",
        "street_closure_type": "Full Street Closure ",
        "community_board": "7, ",
        "police_precinct": "24, "
      }
    },
    {
      "type": "Feature",
      "geometry": {
        "type": "Point",
        "coordinates": [
          -73.9147195,
          40.8187795
        ]
      },
      "properties": {
        "event_id": "376231",
        "event_name": "Word Enlightment Church",
        "event_type": "Block Party",
        "event_agency": "Street Activity Permit Office",
        "event_location": " ELTON AVENUE between EAST  153 STREET and EAST  154 STREET",
        "event_borough": "Bronx",
        "start_date": "2017-11-05T12:00:00.000",
        "end_date": "2017-11-05T18:00:00.000",
        "start_formatted": "November 05, 2017 12:00 PM",
        "end_formatted": "November 05, 2017 06:00 PM",
        "street_closure_type": "Full Street Closure ",
        "community_board": "1, ",
        "police_precinct": "40, "
      }
    },
    {
      "type": "Feature",
      "geometry": {
        "type": "Point",
        "coordinates": [
          -73.99318600000001,
          40.6989675
        ]
      },
      "properties": {
        "event_id": "352252",
        "event_name": "Plymouth Church Yankee Fair",
        "event_type": "Block Party",
        "event_agency": "Street Activity Permit Office",
        "event_location": " ORANGE STREET between HENRY STREET and HICKS STREET",
        "event_borough": "Brooklyn",
        "start_date": "2017-11-04T10:00:00.000",
        "end_date": "2017-11-04T15:00:00.000",
        "start_formatted": "November 04, 2017 10:00 AM",
        "end_formatted": "November 04, 2017 03:00 PM",
        "street_closure_type": "Full Street Closure ",
        "community_board": "2, ",
        "police_precinct": "84, "
      }
    },
    {
      "type": "Feature",
      "geometry": {
        "type": "Point",
        "coordinates": [
          -73.9774085,
          40.78187
        ]
      },
      "properties": {
        "event_id": "367342",
        "event_name": "Halloween 2017",
        "event_type": "Block Party",
        "event_agency": "Street Activity Permit Office",
        "event_location": " WEST   78 STREET between AMSTERDAM AVENUE and COLUMBUS AVENUE",
        "event_borough": "Manhattan",
        "start_date": "2017-10-31T18:00:00.000",
        "end_date": "2017-10-31T20:00:00.000",
        "start_formatted": "October 31, 2017 06:00 PM",
        "end_formatted": "October 31, 2017 08:00 PM",
        "street_closure_type": "Full Street Closure ",
        "community_board": "7, ",
        "police_precinct": "20, "
      }
    },
    {
      "type": "Feature",
      "geometry": {
        "type": "Point",
        "coordinates": [
          -73.978612,
          40.790087
        ]
      },
      "properties": {
        "event_id": "376228",
        "event_name": "halloween",
        "event_type": "Block Party",
        "event_agency": "Street Activity Permit Office",
        "event_location": " WEST   87 STREET between WEST END AVENUE and RIVERSIDE DRIVE",
        "event_borough": "Manhattan",
        "start_date": "2017-10-31T18:00:00.000",
        "end_date": "2017-10-31T20:00:00.000",
        "start_formatted": "October 31, 2017 06:00 PM",
        "end_formatted": "October 31, 2017 08:00 PM",
        "street_closure_type": "Full Street Closure ",
        "community_board": "7, ",
        "police_precinct": "24, "
      }
    },
    {
      "type": "Feature",
      "geometry": {
        "type": "Point",
        "coordinates": [
          -73.96659600000001,
          40.7915885
        ]
      },
      "properties": {
        "event_id": "363966",
        "event_name": "West 95th Street 2017 Halloween Party",
        "event_type": "Block Party",
        "event_agency": "Street Activity Permit Office",
        "event_location": " WEST   95 STREET between CENTRAL PARK WEST and COLUMBUS AVENUE",
        "event_borough": "Manhattan",
        "start_date": "2017-10-31T17:30:00.000",
        "end_date": "2017-10-31T20:30:00.000",
        "start_formatted": "October 31, 2017 05:30 PM",
        "end_formatted": "October 31, 2017 08:30 PM",
        "street_closure_type": "Full Street Closure ",
        "community_board": "7, ",
        "police_precinct": "24, "
      }
    },
    {
      "type": "Feature",
      "geometry": {
        "type": "Point",
        "coordinates": [
          -73.96686199999999,
          40.646546
        ]
      },
      "properties": {
        "event_id": "367708",
        "event_name": "Prospect Park South Halloween Celebration",
        "event_type": "Block Party",
        "event_agency": "Street Activity Permit Office",
        "event_location": " ALBEMARLE ROAD between ARGYLE ROAD and RUGBY ROAD",
        "event_borough": "Brooklyn",
        "start_date": "2017-10-31T17:00:00.000",
        "end_date": "2017-10-31T19:00:00.000",
        "start_formatted": "October 31, 2017 05:00 PM",
        "end_formatted": "October 31, 2017 07:00 PM",
        "street_closure_type": "Full Street Closure ",
        "community_board": "14, ",
        "police_precinct": "70, "
      }
    },
    {
      "type": "Feature",
      "geometry": {
        "type": "Point",
        "coordinates": [
          -73.968875,
          40.788456
        ]
      },
      "properties": {
        "event_id": "366739",
        "event_name": "Halloween Trick or Treating",
        "event_type": "Block Party",
        "event_agency": "Street Activity Permit Office",
        "event_location": " WEST   90 STREET between COLUMBUS AVENUE and CENTRAL PARK WEST",
        "event_borough": "Manhattan",
        "start_date": "2017-10-31T17:00:00.000",
        "end_date": "2017-10-31T20:00:00.000",
        "start_formatted": "October 31, 2017 05:00 PM",
        "end_formatted": "October 31, 2017 08:00 PM",
        "street_closure_type": "Full Street Closure ",
        "community_board": "7, ",
        "police_precinct": "24, "
      }
    },
    {
      "type": "Feature",
      "geometry": {
        "type": "Point",
        "coordinates": [
          -73.95522349999999,
          40.78433
        ]
      },
      "properties": {
        "event_id": "362145",
        "event_name": "Halloween Spooktacular",
        "event_type": "Block Party",
        "event_agency": "Street Activity Permit Office",
        "event_location": " EAST   92 STREET between MADISON AVENUE and PARK AVENUE",
        "event_borough": "Manhattan",
        "start_date": "2017-10-31T17:00:00.000",
        "end_date": "2017-10-31T18:30:00.000",
        "start_formatted": "October 31, 2017 05:00 PM",
        "end_formatted": "October 31, 2017 06:30 PM",
        "street_closure_type": "Full Sidewalk Closure ",
        "community_board": "8, ",
        "police_precinct": "19, "
      }
    },
    {
      "type": "Feature",
      "geometry": {
        "type": "Point",
        "coordinates": [
          -73.96793149999999,
          40.688718
        ]
      },
      "properties": {
        "event_id": "373052",
        "event_name": "Marie LaVeau Curse of the Voodoo Queen",
        "event_type": "Block Party",
        "event_agency": "Street Activity Permit Office",
        "event_location": " CLINTON AVENUE between LAFAYETTE AVENUE and DEKALB AVENUE",
        "event_borough": "Brooklyn",
        "start_date": "2017-10-31T17:00:00.000",
        "end_date": "2017-10-31T21:30:00.000",
        "start_formatted": "October 31, 2017 05:00 PM",
        "end_formatted": "October 31, 2017 09:30 PM",
        "street_closure_type": "Full Street Closure ",
        "community_board": "2, ",
        "police_precinct": "88, "
      }
    },
    {
      "type": "Feature",
      "geometry": {
        "type": "Point",
        "coordinates": [
          -73.967323,
          40.6906035
        ]
      },
      "properties": {
        "event_id": "339877",
        "event_name": "ANNUAL CLINTON HILL HALLOWEEN SAFETY WALK WITH STREET ACTIVITIES",
        "event_type": "Block Party",
        "event_agency": "Street Activity Permit Office",
        "event_location": " WAVERLY AVENUE between WILLOUGHBY AVENUE and DEKALB AVENUE",
        "event_borough": "Brooklyn",
        "start_date": "2017-10-31T17:00:00.000",
        "end_date": "2017-10-31T21:00:00.000",
        "start_formatted": "October 31, 2017 05:00 PM",
        "end_formatted": "October 31, 2017 09:00 PM",
        "street_closure_type": "Full Street Closure ",
        "community_board": "2, ",
        "police_precinct": "88, "
      }
    },
    {
      "type": "Feature",
      "geometry": {
        "type": "Point",
        "coordinates": [
          -73.97778,
          40.6868635
        ]
      },
      "properties": {
        "event_id": "372182",
        "event_name": "BAMboo",
        "event_type": "Block Party",
        "event_agency": "Street Activity Permit Office",
        "event_location": " LAFAYETTE AVENUE between ASHLAND PLACE and ST FELIX STREET",
        "event_borough": "Brooklyn",
        "start_date": "2017-10-31T16:00:00.000",
        "end_date": "2017-10-31T19:00:00.000",
        "start_formatted": "October 31, 2017 04:00 PM",
        "end_formatted": "October 31, 2017 07:00 PM",
        "street_closure_type": "Full Street Closure ",
        "community_board": "2, ",
        "police_precinct": "88, "
      }
    },
    {
      "type": "Feature",
      "geometry": {
        "type": "Point",
        "coordinates": [
          -73.978916,
          40.651335
        ]
      },
      "properties": {
        "event_id": "340756",
        "event_name": "East 3rd street block party",
        "event_type": "Block Party",
        "event_agency": "Street Activity Permit Office",
        "event_location": " EAST    3 STREET between GREENWOOD AVENUE and VANDERBILT STREET",
        "event_borough": "Brooklyn",
        "start_date": "2017-10-31T16:00:00.000",
        "end_date": "2017-10-31T20:00:00.000",
        "start_formatted": "October 31, 2017 04:00 PM",
        "end_formatted": "October 31, 2017 08:00 PM",
        "street_closure_type": "Full Street Closure ",
        "community_board": "7, ",
        "police_precinct": "72, "
      }
    },
    {
      "type": "Feature",
      "geometry": {
        "type": "Point",
        "coordinates": [
          -73.992251,
          40.6866075
        ]
      },
      "properties": {
        "event_id": "372663",
        "event_name": "Wyckoff Street Fall Block Party",
        "event_type": "Block Party",
        "event_agency": "Street Activity Permit Office",
        "event_location": " WYCKOFF STREET between SMITH STREET and COURT STREET",
        "event_borough": "Brooklyn",
        "start_date": "2017-10-31T16:00:00.000",
        "end_date": "2017-10-31T21:00:00.000",
        "start_formatted": "October 31, 2017 04:00 PM",
        "end_formatted": "October 31, 2017 09:00 PM",
        "street_closure_type": "Full Street Closure ",
        "community_board": "2, ",
        "police_precinct": "84, "
      }
    },
    {
      "type": "Feature",
      "geometry": {
        "type": "Point",
        "coordinates": [
          -73.94372100000001,
          40.817826
        ]
      },
      "properties": {
        "event_id": "369744",
        "event_name": "Halloween",
        "event_type": "Block Party",
        "event_agency": "Street Activity Permit Office",
        "event_location": " WEST  138 STREET between 7 AVENUE and 8 AVENUE",
        "event_borough": "Manhattan",
        "start_date": "2017-10-31T15:00:00.000",
        "end_date": "2017-10-31T17:00:00.000",
        "start_formatted": "October 31, 2017 03:00 PM",
        "end_formatted": "October 31, 2017 05:00 PM",
        "street_closure_type": "Full Street Closure ",
        "community_board": "10, ",
        "police_precinct": "32, "
      }
    },
    {
      "type": "Feature",
      "geometry": {
        "type": "Point",
        "coordinates": [
          -73.98460549999999,
          40.6852385
        ]
      },
      "properties": {
        "event_id": "356109",
        "event_name": "Dean Street Halloween Street Closure",
        "event_type": "Block Party",
        "event_agency": "Street Activity Permit Office",
        "event_location": " DEAN STREET between BOND STREET and NEVINS STREET",
        "event_borough": "Brooklyn",
        "start_date": "2017-10-31T15:00:00.000",
        "end_date": "2017-10-31T21:00:00.000",
        "start_formatted": "October 31, 2017 03:00 PM",
        "end_formatted": "October 31, 2017 09:00 PM",
        "street_closure_type": "Full Street Closure ",
        "community_board": "2, ",
        "police_precinct": "84, "
      }
    },
    {
      "type": "Feature",
      "geometry": {
        "type": "Point",
        "coordinates": [
          -73.91457650000001,
          40.84297
        ]
      },
      "properties": {
        "event_id": "374912",
        "event_name": "New Settlement Halloweeen Event",
        "event_type": "Block Party",
        "event_agency": "Street Activity Permit Office",
        "event_location": " TOWNSEND AVENUE between EAST  172 STREET and EAST MOUNT EDEN AVENUE",
        "event_borough": "Bronx",
        "start_date": "2017-10-31T15:00:00.000",
        "end_date": "2017-10-31T18:00:00.000",
        "start_formatted": "October 31, 2017 03:00 PM",
        "end_formatted": "October 31, 2017 06:00 PM",
        "street_closure_type": "Full Street Closure ",
        "community_board": "4, ",
        "police_precinct": "44, "
      }
    },
    {
      "type": "Feature",
      "geometry": {
        "type": "Point",
        "coordinates": [
          -73.99673849999999,
          40.7287525
        ]
      },
      "properties": {
        "event_id": "361276",
        "event_name": "NYU and CB2 Children's Halloween Parade",
        "event_type": "Block Party",
        "event_agency": "Street Activity Permit Office",
        "event_location": " WEST    3 STREET between LAGUARDIA PLACE and MERCER STREET",
        "event_borough": "Manhattan",
        "start_date": "2017-10-31T15:00:00.000",
        "end_date": "2017-10-31T18:00:00.000",
        "start_formatted": "October 31, 2017 03:00 PM",
        "end_formatted": "October 31, 2017 06:00 PM",
        "street_closure_type": "Full Street Closure ",
        "community_board": "2, ",
        "police_precinct": "6, "
      }
    },
    {
      "type": "Feature",
      "geometry": {
        "type": "Point",
        "coordinates": [
          -73.977056,
          40.6465345
        ]
      },
      "properties": {
        "event_id": "363081",
        "event_name": "2017 Halloween Block Party",
        "event_type": "Block Party",
        "event_agency": "Street Activity Permit Office",
        "event_location": " EAST    4 STREET between CATON AVENUE and ALBEMARLE ROAD",
        "event_borough": "Brooklyn",
        "start_date": "2017-10-31T14:00:00.000",
        "end_date": "2017-10-31T20:00:00.000",
        "start_formatted": "October 31, 2017 02:00 PM",
        "end_formatted": "October 31, 2017 08:00 PM",
        "street_closure_type": "Full Street Closure ",
        "community_board": "12, ",
        "police_precinct": "66, "
      }
    },
    {
      "type": "Feature",
      "geometry": {
        "type": "Point",
        "coordinates": [
          -73.94945200000001,
          40.666214
        ]
      },
      "properties": {
        "event_id": "373642",
        "event_name": "K161 Halloween Block Party",
        "event_type": "Block Party",
        "event_agency": "Street Activity Permit Office",
        "event_location": " CROWN STREET between NEW YORK AVENUE and NOSTRAND AVENUE",
        "event_borough": "Brooklyn",
        "start_date": "2017-10-31T11:30:00.000",
        "end_date": "2017-10-31T14:00:00.000",
        "start_formatted": "October 31, 2017 11:30 AM",
        "end_formatted": "October 31, 2017 02:00 PM",
        "street_closure_type": "Full Street Closure ",
        "community_board": "9, ",
        "police_precinct": "71, "
      }
    },
    {
      "type": "Feature",
      "geometry": {
        "type": "Point",
        "coordinates": [
          -73.8912135,
          40.862413000000004
        ]
      },
      "properties": {
        "event_id": "375756",
        "event_name": "4th Annual Ms. Abbie's Childrens Hollaween Extravaganza",
        "event_type": "Block Party",
        "event_agency": "Street Activity Permit Office",
        "event_location": " DECATUR AVENUE between EAST FORDHAM ROAD and EAST  193 STREET",
        "event_borough": "Bronx",
        "start_date": "2017-10-31T11:00:00.000",
        "end_date": "2017-10-31T17:00:00.000",
        "start_formatted": "October 31, 2017 11:00 AM",
        "end_formatted": "October 31, 2017 05:00 PM",
        "street_closure_type": "Full Street Closure ",
        "community_board": "7, ",
        "police_precinct": "52, "
      }
    },
    {
      "type": "Feature",
      "geometry": {
        "type": "Point",
        "coordinates": [
          -74.00455550000001,
          40.62479
        ]
      },
      "properties": {
        "event_id": "364838",
        "event_name": "Pumpkin Patch",
        "event_type": "Block Party",
        "event_agency": "Street Activity Permit Office",
        "event_location": " OVINGTON AVENUE between 12 AVENUE and 13 AVENUE",
        "event_borough": "Brooklyn",
        "start_date": "2017-10-31T09:00:00.000",
        "end_date": "2017-10-31T15:00:00.000",
        "start_formatted": "October 31, 2017 09:00 AM",
        "end_formatted": "October 31, 2017 03:00 PM",
        "street_closure_type": "Full Street Closure ",
        "community_board": "10, ",
        "police_precinct": "68, "
      }
    },
    {
      "type": "Feature",
      "geometry": {
        "type": "Point",
        "coordinates": [
          -73.946718,
          40.828999499999995
        ]
      },
      "properties": {
        "event_id": "372687",
        "event_name": "Wicked Friendship Garden 10th Anniversary Celebration",
        "event_type": "Block Party",
        "event_agency": "Street Activity Permit Office",
        "event_location": " WEST  150 STREET between AMSTERDAM AVENUE and BROADWAY",
        "event_borough": "Manhattan",
        "start_date": "2017-10-29T13:00:00.000",
        "end_date": "2017-10-29T18:00:00.000",
        "start_formatted": "October 29, 2017 01:00 PM",
        "end_formatted": "October 29, 2017 06:00 PM",
        "street_closure_type": "Full Street Closure ",
        "community_board": "9, ",
        "police_precinct": "30, "
      }
    },
    {
      "type": "Feature",
      "geometry": {
        "type": "Point",
        "coordinates": [
          -73.960657,
          40.682482500000006
        ]
      },
      "properties": {
        "event_id": "345973",
        "event_name": "Halloween Fun Day",
        "event_type": "Block Party",
        "event_agency": "Street Activity Permit Office",
        "event_location": " DOWNING STREET between FULTON STREET and PUTNAM AVENUE",
        "event_borough": "Brooklyn",
        "start_date": "2017-10-29T11:00:00.000",
        "end_date": "2017-10-29T15:00:00.000",
        "start_formatted": "October 29, 2017 11:00 AM",
        "end_formatted": "October 29, 2017 03:00 PM",
        "street_closure_type": "Full Street Closure ",
        "community_board": "2, ",
        "police_precinct": "88, "
      }
    },
    {
      "type": "Feature",
      "geometry": {
        "type": "Point",
        "coordinates": [
          -73.9465715,
          40.8226905
        ]
      },
      "properties": {
        "event_id": "379686",
        "event_name": "2017 Hi-Neighbor Day Pot Luck",
        "event_type": "Block Party",
        "event_agency": "Street Activity Permit Office",
        "event_location": " HAMILTON TERRACE between WEST  141 STREET and WEST  144 STREET",
        "event_borough": "Manhattan",
        "start_date": "2017-10-28T16:00:00.000",
        "end_date": "2017-10-28T19:00:00.000",
        "start_formatted": "October 28, 2017 04:00 PM",
        "end_formatted": "October 28, 2017 07:00 PM",
        "street_closure_type": "Full Street Closure ",
        "community_board": "9, ",
        "police_precinct": "30, "
      }
    },
    {
      "type": "Feature",
      "geometry": {
        "type": "Point",
        "coordinates": [
          -73.8562185,
          40.6853335
        ]
      },
      "properties": {
        "event_id": "366498",
        "event_name": "SECA Trunk or Treat",
        "event_type": "Block Party",
        "event_agency": "Street Activity Permit Office",
        "event_location": " 85 STREET between ATLANTIC AVENUE and 95 AVENUE",
        "event_borough": "Queens",
        "start_date": "2017-10-28T16:00:00.000",
        "end_date": "2017-10-28T20:00:00.000",
        "start_formatted": "October 28, 2017 04:00 PM",
        "end_formatted": "October 28, 2017 08:00 PM",
        "street_closure_type": "Full Street Closure ",
        "community_board": "9, ",
        "police_precinct": "102, "
      }
    },
    {
      "type": "Feature",
      "geometry": {
        "type": "Point",
        "coordinates": [
          -74.18342799999999,
          40.551847
        ]
      },
      "properties": {
        "event_id": "377866",
        "event_name": "VINELAND AVE BLOCK PARTY",
        "event_type": "Block Party",
        "event_agency": "Street Activity Permit Office",
        "event_location": " VINELAND AVENUE between CARLTON BOULEVARD and GRANTWOOD AVENUE",
        "event_borough": "Staten Island",
        "start_date": "2017-10-28T14:00:00.000",
        "end_date": "2017-10-28T21:00:00.000",
        "start_formatted": "October 28, 2017 02:00 PM",
        "end_formatted": "October 28, 2017 09:00 PM",
        "street_closure_type": "Full Street Closure ",
        "community_board": "3, ",
        "police_precinct": "123, "
      }
    },
    {
      "type": "Feature",
      "geometry": {
        "type": "Point",
        "coordinates": [
          -73.9427435,
          40.8285475
        ]
      },
      "properties": {
        "event_id": "354572",
        "event_name": "Halloween Pet Costume Block Party",
        "event_type": "Block Party",
        "event_agency": "Street Activity Permit Office",
        "event_location": " CONVENT AVENUE between WEST  152 STREET and WEST  151 STREET",
        "event_borough": "Manhattan",
        "start_date": "2017-10-28T12:30:00.000",
        "end_date": "2017-10-28T15:00:00.000",
        "start_formatted": "October 28, 2017 12:30 PM",
        "end_formatted": "October 28, 2017 03:00 PM",
        "street_closure_type": "Full Street Closure ",
        "community_board": "9, ",
        "police_precinct": "30, "
      }
    },
    {
      "type": "Feature",
      "geometry": {
        "type": "Point",
        "coordinates": [
          -73.9998865,
          40.683138
        ]
      },
      "properties": {
        "event_id": "365548",
        "event_name": "Henry Street Annual Block Party",
        "event_type": "Block Party",
        "event_agency": "Street Activity Permit Office",
        "event_location": " HENRY STREET between UNION STREET and PRESIDENT STREET",
        "event_borough": "Brooklyn",
        "start_date": "2017-10-28T12:00:00.000",
        "end_date": "2017-10-28T20:00:00.000",
        "start_formatted": "October 28, 2017 12:00 PM",
        "end_formatted": "October 28, 2017 08:00 PM",
        "street_closure_type": "Full Street Closure ",
        "community_board": "6, ",
        "police_precinct": "76, "
      }
    },
    {
      "type": "Feature",
      "geometry": {
        "type": "Point",
        "coordinates": [
          -73.940413,
          40.6285675
        ]
      },
      "properties": {
        "event_id": "369192",
        "event_name": "37th street Oktoberfest",
        "event_type": "Block Party",
        "event_agency": "Street Activity Permit Office",
        "event_location": " EAST   37 STREET between AVENUE I and AVENUE J",
        "event_borough": "Brooklyn",
        "start_date": "2017-10-28T12:00:00.000",
        "end_date": "2017-10-28T19:00:00.000",
        "start_formatted": "October 28, 2017 12:00 PM",
        "end_formatted": "October 28, 2017 07:00 PM",
        "street_closure_type": "Full Street Closure ",
        "community_board": "18, ",
        "police_precinct": "63, "
      }
    },
    {
      "type": "Feature",
      "geometry": {
        "type": "Point",
        "coordinates": [
          -73.81190699999999,
          40.815825000000004
        ]
      },
      "properties": {
        "event_id": "337033",
        "event_name": "Throggs Neck Halloween Parade",
        "event_type": "Block Party",
        "event_agency": "Street Activity Permit Office",
        "event_location": " THROGS NECK BOULEVARD between HARDING AVENUE and SCHURZ AVENUE",
        "event_borough": "Bronx",
        "start_date": "2017-10-28T12:00:00.000",
        "end_date": "2017-10-28T16:00:00.000",
        "start_formatted": "October 28, 2017 12:00 PM",
        "end_formatted": "October 28, 2017 04:00 PM",
        "street_closure_type": "Full Street Closure ",
        "community_board": "10, ",
        "police_precinct": "45, "
      }
    },
    {
      "type": "Feature",
      "geometry": {
        "type": "Point",
        "coordinates": [
          -73.95066800000001,
          40.769771500000004
        ]
      },
      "properties": {
        "event_id": "363408",
        "event_name": "Octoberfest",
        "event_type": "Block Party",
        "event_agency": "Street Activity Permit Office",
        "event_location": " EAST   77 STREET between YORK AVENUE and CHEROKEE PLACE",
        "event_borough": "Manhattan",
        "start_date": "2017-10-28T12:00:00.000",
        "end_date": "2017-10-28T16:00:00.000",
        "start_formatted": "October 28, 2017 12:00 PM",
        "end_formatted": "October 28, 2017 04:00 PM",
        "street_closure_type": "Full Street Closure ",
        "community_board": "8, ",
        "police_precinct": "19, "
      }
    },
    {
      "type": "Feature",
      "geometry": {
        "type": "Point",
        "coordinates": [
          -73.83787849999999,
          40.6490395
        ]
      },
      "properties": {
        "event_id": "359595",
        "event_name": "Halloween Parade",
        "event_type": "Block Party",
        "event_agency": "Street Activity Permit Office",
        "event_location": " 165 AVENUE between CROSS BAY BOULEVARD and 92 STREET",
        "event_borough": "Queens",
        "start_date": "2017-10-28T11:30:00.000",
        "end_date": "2017-10-28T14:30:00.000",
        "start_formatted": "October 28, 2017 11:30 AM",
        "end_formatted": "October 28, 2017 02:30 PM",
        "street_closure_type": "Full Street Closure ",
        "community_board": "10, ",
        "police_precinct": "106, "
      }
    },
    {
      "type": "Feature",
      "geometry": {
        "type": "Point",
        "coordinates": [
          -74.1815405,
          40.561265
        ]
      },
      "properties": {
        "event_id": "372643",
        "event_name": "Fall fun day 2017",
        "event_type": "Block Party",
        "event_agency": "Street Activity Permit Office",
        "event_location": " GARY STREET between KENILWORTH AVENUE and WOODROW ROAD",
        "event_borough": "Staten Island",
        "start_date": "2017-10-28T11:00:00.000",
        "end_date": "2017-10-28T19:00:00.000",
        "start_formatted": "October 28, 2017 11:00 AM",
        "end_formatted": "October 28, 2017 07:00 PM",
        "street_closure_type": "Full Street Closure ",
        "community_board": "3, ",
        "police_precinct": "123, "
      }
    },
    {
      "type": "Feature",
      "geometry": {
        "type": "Point",
        "coordinates": [
          -73.992381,
          40.6678935
        ]
      },
      "properties": {
        "event_id": "369145",
        "event_name": "14th street Block party",
        "event_type": "Block Party",
        "event_agency": "Street Activity Permit Office",
        "event_location": " 14 STREET between 3 AVENUE and 4 AVENUE",
        "event_borough": "Brooklyn",
        "start_date": "2017-10-28T11:00:00.000",
        "end_date": "2017-10-28T20:00:00.000",
        "start_formatted": "October 28, 2017 11:00 AM",
        "end_formatted": "October 28, 2017 08:00 PM",
        "street_closure_type": "Full Street Closure ",
        "community_board": "6, ",
        "police_precinct": "78, "
      }
    },
    {
      "type": "Feature",
      "geometry": {
        "type": "Point",
        "coordinates": [
          -73.8685895,
          40.858456000000004
        ]
      },
      "properties": {
        "event_id": "335888",
        "event_name": "Thwaites Halloween Block Party",
        "event_type": "Block Party",
        "event_agency": "Street Activity Permit Office",
        "event_location": " OLINVILLE AVENUE between THWAITES PLACE and PELHAM PARKWAY NORTH",
        "event_borough": "Bronx",
        "start_date": "2017-10-28T11:00:00.000",
        "end_date": "2017-10-28T18:00:00.000",
        "start_formatted": "October 28, 2017 11:00 AM",
        "end_formatted": "October 28, 2017 06:00 PM",
        "street_closure_type": "Full Street Closure ",
        "community_board": "11, ",
        "police_precinct": "49, "
      }
    },
    {
      "type": "Feature",
      "geometry": {
        "type": "Point",
        "coordinates": [
          -74.00737000000001,
          40.649708000000004
        ]
      },
      "properties": {
        "event_id": "364951",
        "event_name": "43rd Street Block Party",
        "event_type": "Block Party",
        "event_agency": "Street Activity Permit Office",
        "event_location": " 43 STREET between 4 AVENUE and 5 AVENUE",
        "event_borough": "Brooklyn",
        "start_date": "2017-10-28T11:00:00.000",
        "end_date": "2017-10-28T20:00:00.000",
        "start_formatted": "October 28, 2017 11:00 AM",
        "end_formatted": "October 28, 2017 08:00 PM",
        "street_closure_type": "Full Street Closure ",
        "community_board": "7, ",
        "police_precinct": "72, "
      }
    },
    {
      "type": "Feature",
      "geometry": {
        "type": "Point",
        "coordinates": [
          -73.932066,
          40.612089999999995
        ]
      },
      "properties": {
        "event_id": "369206",
        "event_name": "FILLMORE AVE BLOCK PARTY",
        "event_type": "Block Party",
        "event_agency": "Street Activity Permit Office",
        "event_location": " FILLMORE AVENUE between EAST   37 STREET and EAST   38 STREET",
        "event_borough": "Brooklyn",
        "start_date": "2017-10-28T11:00:00.000",
        "end_date": "2017-10-28T19:00:00.000",
        "start_formatted": "October 28, 2017 11:00 AM",
        "end_formatted": "October 28, 2017 07:00 PM",
        "street_closure_type": "Full Street Closure ",
        "community_board": "18, ",
        "police_precinct": "63, "
      }
    },
    {
      "type": "Feature",
      "geometry": {
        "type": "Point",
        "coordinates": [
          -73.862179,
          40.749075500000004
        ]
      },
      "properties": {
        "event_id": "377163",
        "event_name": "Corona Living Healthy Family Day",
        "event_type": "Block Party",
        "event_agency": "Street Activity Permit Office",
        "event_location": " 41 AVENUE between 103 STREET and 104 STREET",
        "event_borough": "Queens",
        "start_date": "2017-10-28T10:00:00.000",
        "end_date": "2017-10-28T18:00:00.000",
        "start_formatted": "October 28, 2017 10:00 AM",
        "end_formatted": "October 28, 2017 06:00 PM",
        "street_closure_type": "Full Street Closure ",
        "community_board": "4, ",
        "police_precinct": "110, "
      }
    },
    {
      "type": "Feature",
      "geometry": {
        "type": "Point",
        "coordinates": [
          -73.947295,
          40.7777075
        ]
      },
      "properties": {
        "event_id": "362738",
        "event_name": "YCS PS 151 FALL FESTIVAL",
        "event_type": "Block Party",
        "event_agency": "Street Activity Permit Office",
        "event_location": " EAST   88 STREET between FIRST AVENUE and YORK AVENUE",
        "event_borough": "Manhattan",
        "start_date": "2017-10-28T10:00:00.000",
        "end_date": "2017-10-28T16:00:00.000",
        "start_formatted": "October 28, 2017 10:00 AM",
        "end_formatted": "October 28, 2017 04:00 PM",
        "street_closure_type": "Full Street Closure ",
        "community_board": "8, ",
        "police_precinct": "19, "
      }
    },
    {
      "type": "Feature",
      "geometry": {
        "type": "Point",
        "coordinates": [
          -73.978279,
          40.6479975
        ]
      },
      "properties": {
        "event_id": "366655",
        "event_name": "10th Annual Howl-O-Ween Block Bark Party",
        "event_type": "Block Party",
        "event_agency": "Street Activity Permit Office",
        "event_location": " EAST    3 STREET between FORT HAMILTON PARKWAY and CATON AVENUE",
        "event_borough": "Brooklyn",
        "start_date": "2017-10-22T12:00:00.000",
        "end_date": "2017-10-22T17:00:00.000",
        "start_formatted": "October 22, 2017 12:00 PM",
        "end_formatted": "October 22, 2017 05:00 PM",
        "street_closure_type": "Full Street Closure ",
        "community_board": "7, ",
        "police_precinct": "72, "
      }
    },
    {
      "type": "Feature",
      "geometry": {
        "type": "Point",
        "coordinates": [
          -73.8876775,
          40.740334000000004
        ]
      },
      "properties": {
        "event_id": "372045",
        "event_name": "Kathina Festival",
        "event_type": "Block Party",
        "event_agency": "Street Activity Permit Office",
        "event_location": " 46 AVENUE between 76 STREET and 78 STREET",
        "event_borough": "Queens",
        "start_date": "2017-10-22T10:00:00.000",
        "end_date": "2017-10-22T15:00:00.000",
        "start_formatted": "October 22, 2017 10:00 AM",
        "end_formatted": "October 22, 2017 03:00 PM",
        "street_closure_type": "Full Street Closure ",
        "community_board": "4, ",
        "police_precinct": "110, "
      }
    },
    {
      "type": "Feature",
      "geometry": {
        "type": "Point",
        "coordinates": [
          -73.992036,
          40.692698
        ]
      },
      "properties": {
        "event_id": "364270",
        "event_name": "Pumpkin Patch",
        "event_type": "Block Party",
        "event_agency": "Street Activity Permit Office",
        "event_location": " JORALEMON STREET between COURT STREET and CLINTON STREET",
        "event_borough": "Brooklyn",
        "start_date": "2017-10-22T10:00:00.000",
        "end_date": "2017-10-22T16:00:00.000",
        "start_formatted": "October 22, 2017 10:00 AM",
        "end_formatted": "October 22, 2017 04:00 PM",
        "street_closure_type": "Full Street Closure ",
        "community_board": "2, ",
        "police_precinct": "84, "
      }
    },
    {
      "type": "Feature",
      "geometry": {
        "type": "Point",
        "coordinates": [
          -73.912419,
          40.8882665
        ]
      },
      "properties": {
        "event_id": "348661",
        "event_name": "Safety Awareness Day",
        "event_type": "Block Party",
        "event_agency": "Street Activity Permit Office",
        "event_location": " WEST  237 STREET between INDEPENDENCE AVENUE and HENRY HUDSON PARKWAY",
        "event_borough": "Bronx",
        "start_date": "2017-10-22T09:00:00.000",
        "end_date": "2017-10-22T13:00:00.000",
        "start_formatted": "October 22, 2017 09:00 AM",
        "end_formatted": "October 22, 2017 01:00 PM",
        "street_closure_type": "Full Street Closure ",
        "community_board": "8, ",
        "police_precinct": "50, "
      }
    },
    {
      "type": "Feature",
      "geometry": {
        "type": "Point",
        "coordinates": [
          -73.9604755,
          40.757281500000005
        ]
      },
      "properties": {
        "event_id": "372249",
        "event_name": "Sutton Place Conservancy Inc.",
        "event_type": "Block Party",
        "event_agency": "Street Activity Permit Office",
        "event_location": " EAST   57 STREET between SUTTON PLACE and DEAD END",
        "event_borough": "Manhattan",
        "start_date": "2017-10-21T13:00:00.000",
        "end_date": "2017-10-21T17:30:00.000",
        "start_formatted": "October 21, 2017 01:00 PM",
        "end_formatted": "October 21, 2017 05:30 PM",
        "street_closure_type": "Full Street Closure ",
        "community_board": "6, ",
        "police_precinct": "17, "
      }
    },
    {
      "type": "Feature",
      "geometry": {
        "type": "Point",
        "coordinates": [
          -74.0079015,
          40.6215715
        ]
      },
      "properties": {
        "event_id": "371109",
        "event_name": "74 street",
        "event_type": "Block Party",
        "event_agency": "Street Activity Permit Office",
        "event_location": " 74 STREET between 12 AVENUE and 13 AVENUE",
        "event_borough": "Brooklyn",
        "start_date": "2017-10-21T12:00:00.000",
        "end_date": "2017-10-21T21:00:00.000",
        "start_formatted": "October 21, 2017 12:00 PM",
        "end_formatted": "October 21, 2017 09:00 PM",
        "street_closure_type": "Full Street Closure ",
        "community_board": "10, ",
        "police_precinct": "68, "
      }
    },
    {
      "type": "Feature",
      "geometry": {
        "type": "Point",
        "coordinates": [
          -73.951265,
          40.7926425
        ]
      },
      "properties": {
        "event_id": "360917",
        "event_name": "CPE II Fall Fair 2017",
        "event_type": "Block Party",
        "event_agency": "Street Activity Permit Office",
        "event_location": " EAST  104 STREET between MADISON AVENUE and 5 AVENUE",
        "event_borough": "Manhattan",
        "start_date": "2017-10-21T12:00:00.000",
        "end_date": "2017-10-21T17:00:00.000",
        "start_formatted": "October 21, 2017 12:00 PM",
        "end_formatted": "October 21, 2017 05:00 PM",
        "street_closure_type": "Full Street Closure ",
        "community_board": "11, ",
        "police_precinct": "23, "
      }
    },
    {
      "type": "Feature",
      "geometry": {
        "type": "Point",
        "coordinates": [
          -74.0021625,
          40.707511499999995
        ]
      },
      "properties": {
        "event_id": "328936",
        "event_name": "Taste of the Seaport",
        "event_type": "Block Party",
        "event_agency": "Street Activity Permit Office",
        "event_location": " FRONT STREET between BEEKMAN STREET and PECK SLIP",
        "event_borough": "Manhattan",
        "start_date": "2017-10-21T11:00:00.000",
        "end_date": "2017-10-21T16:00:00.000",
        "start_formatted": "October 21, 2017 11:00 AM",
        "end_formatted": "October 21, 2017 04:00 PM",
        "street_closure_type": "Full Street Closure ",
        "community_board": "1, ",
        "police_precinct": "1, "
      }
    },
    {
      "type": "Feature",
      "geometry": {
        "type": "Point",
        "coordinates": [
          -73.9432245,
          40.813413499999996
        ]
      },
      "properties": {
        "event_id": "355359",
        "event_name": "halloween block party",
        "event_type": "Block Party",
        "event_agency": "Street Activity Permit Office",
        "event_location": " WEST  133 STREET between LENOX AVENUE and 7 AVENUE",
        "event_borough": "Manhattan",
        "start_date": "2017-10-21T10:00:00.000",
        "end_date": "2017-10-21T17:00:00.000",
        "start_formatted": "October 21, 2017 10:00 AM",
        "end_formatted": "October 21, 2017 05:00 PM",
        "street_closure_type": "Full Street Closure ",
        "community_board": "10, ",
        "police_precinct": "32, "
      }
    },
    {
      "type": "Feature",
      "geometry": {
        "type": "Point",
        "coordinates": [
          -74.012122,
          40.6734195
        ]
      },
      "properties": {
        "event_id": "367028",
        "event_name": "Neighborhood Street Hockey Tournament",
        "event_type": "Block Party",
        "event_agency": "Street Activity Permit Office",
        "event_location": " DWIGHT STREET between VAN DYKE STREET and BEARD STREET",
        "event_borough": "Brooklyn",
        "start_date": "2017-10-21T10:00:00.000",
        "end_date": "2017-10-21T17:00:00.000",
        "start_formatted": "October 21, 2017 10:00 AM",
        "end_formatted": "October 21, 2017 05:00 PM",
        "street_closure_type": "Full Street Closure ",
        "community_board": "6, ",
        "police_precinct": "76, "
      }
    },
    {
      "type": "Feature",
      "geometry": {
        "type": "Point",
        "coordinates": [
          -73.916085,
          40.684186499999996
        ]
      },
      "properties": {
        "event_id": "371754",
        "event_name": "MacDonough street block association",
        "event_type": "Block Party",
        "event_agency": "Street Activity Permit Office",
        "event_location": " MACDONOUGH STREET between THOMAS BOYLAND STREET and SARATOGA AVENUE",
        "event_borough": "Brooklyn",
        "start_date": "2017-10-21T10:00:00.000",
        "end_date": "2017-10-21T18:00:00.000",
        "start_formatted": "October 21, 2017 10:00 AM",
        "end_formatted": "October 21, 2017 06:00 PM",
        "street_closure_type": "Full Street Closure ",
        "community_board": "16, ",
        "police_precinct": "73, "
      }
    },
    {
      "type": "Feature",
      "geometry": {
        "type": "Point",
        "coordinates": [
          -73.848184,
          40.6915975
        ]
      },
      "properties": {
        "event_id": "373647",
        "event_name": "Fall Festival",
        "event_type": "Block Party",
        "event_agency": "Street Activity Permit Office",
        "event_location": " 96 STREET between 90 AVENUE and 89 AVENUE",
        "event_borough": "Queens",
        "start_date": "2017-10-20T16:00:00.000",
        "end_date": "2017-10-20T19:00:00.000",
        "start_formatted": "October 20, 2017 04:00 PM",
        "end_formatted": "October 20, 2017 07:00 PM",
        "street_closure_type": "Full Street Closure ",
        "community_board": "9, ",
        "police_precinct": "102, "
      }
    },
    {
      "type": "Feature",
      "geometry": {
        "type": "Point",
        "coordinates": [
          -73.9825115,
          40.7376945
        ]
      },
      "properties": {
        "event_id": "361463",
        "event_name": "Epiphany School Fall Festival 2017",
        "event_type": "Block Party",
        "event_agency": "Street Activity Permit Office",
        "event_location": " EAST   22 STREET between 2 AVENUE and 3 AVENUE",
        "event_borough": "Manhattan",
        "start_date": "2017-10-15T12:00:00.000",
        "end_date": "2017-10-15T15:00:00.000",
        "start_formatted": "October 15, 2017 12:00 PM",
        "end_formatted": "October 15, 2017 03:00 PM",
        "street_closure_type": "Full Street Closure ",
        "community_board": "6, ",
        "police_precinct": "13, "
      }
    },
    {
      "type": "Feature",
      "geometry": {
        "type": "Point",
        "coordinates": [
          -73.9415135,
          40.830524499999996
        ]
      },
      "properties": {
        "event_id": "369440",
        "event_name": "Celebrate Sugar Hill",
        "event_type": "Block Party",
        "event_agency": "Street Activity Permit Office",
        "event_location": " ST NICHOLAS AVENUE between WEST  155 STREET and WEST  154 STREET",
        "event_borough": "Manhattan",
        "start_date": "2017-10-15T12:00:00.000",
        "end_date": "2017-10-15T18:00:00.000",
        "start_formatted": "October 15, 2017 12:00 PM",
        "end_formatted": "October 15, 2017 06:00 PM",
        "street_closure_type": "Full Street Closure ",
        "community_board": "9, ",
        "police_precinct": "30, "
      }
    },
    {
      "type": "Feature",
      "geometry": {
        "type": "Point",
        "coordinates": [
          -73.9670625,
          40.6740635
        ]
      },
      "properties": {
        "event_id": "367976",
        "event_name": "Underhill Block Party",
        "event_type": "Block Party",
        "event_agency": "Street Activity Permit Office",
        "event_location": " UNDERHILL AVENUE between LINCOLN PLACE and ST JOHNS PLACE",
        "event_borough": "Brooklyn",
        "start_date": "2017-10-15T11:00:00.000",
        "end_date": "2017-10-15T18:30:00.000",
        "start_formatted": "October 15, 2017 11:00 AM",
        "end_formatted": "October 15, 2017 06:30 PM",
        "street_closure_type": "Full Street Closure ",
        "community_board": "8, ",
        "police_precinct": "77, "
      }
    },
    {
      "type": "Feature",
      "geometry": {
        "type": "Point",
        "coordinates": [
          -73.9867825,
          40.690633500000004
        ]
      },
      "properties": {
        "event_id": "372757",
        "event_name": "October Fellowship Event on Gallatin",
        "event_type": "Block Party",
        "event_agency": "Street Activity Permit Office",
        "event_location": " GALLATIN PLACE between LIVINGSTON STREET and FULTON STREET",
        "event_borough": "Brooklyn",
        "start_date": "2017-10-15T10:30:00.000",
        "end_date": "2017-10-15T16:00:00.000",
        "start_formatted": "October 15, 2017 10:30 AM",
        "end_formatted": "October 15, 2017 04:00 PM",
        "street_closure_type": "Full Street Closure ",
        "community_board": "2, ",
        "police_precinct": "84, "
      }
    },
    {
      "type": "Feature",
      "geometry": {
        "type": "Point",
        "coordinates": [
          -73.9735855,
          40.6479955
        ]
      },
      "properties": {
        "event_id": "369550",
        "event_name": "Fall Fest",
        "event_type": "Block Party",
        "event_agency": "Street Activity Permit Office",
        "event_location": " EAST    7 STREET between CATON AVENUE and KERMIT PLACE",
        "event_borough": "Brooklyn",
        "start_date": "2017-10-15T10:00:00.000",
        "end_date": "2017-10-15T16:00:00.000",
        "start_formatted": "October 15, 2017 10:00 AM",
        "end_formatted": "October 15, 2017 04:00 PM",
        "street_closure_type": "Full Street Closure ",
        "community_board": "7, ",
        "police_precinct": "72, "
      }
    },
    {
      "type": "Feature",
      "geometry": {
        "type": "Point",
        "coordinates": [
          -74.0094045,
          40.613234
        ]
      },
      "properties": {
        "event_id": "363947",
        "event_name": "Halloween Fest",
        "event_type": "Block Party",
        "event_agency": "Street Activity Permit Office",
        "event_location": " 84 STREET between 14 AVENUE and 15 AVENUE",
        "event_borough": "Brooklyn",
        "start_date": "2017-10-14T12:00:00.000",
        "end_date": "2017-10-14T20:00:00.000",
        "start_formatted": "October 14, 2017 12:00 PM",
        "end_formatted": "October 14, 2017 08:00 PM",
        "street_closure_type": "Full Street Closure ",
        "community_board": "11, ",
        "police_precinct": "62, "
      }
    },
    {
      "type": "Feature",
      "geometry": {
        "type": "Point",
        "coordinates": [
          -73.9669175,
          40.759111000000004
        ]
      },
      "properties": {
        "event_id": "351621",
        "event_name": "PS 59 Block Party",
        "event_type": "Block Party",
        "event_agency": "Street Activity Permit Office",
        "event_location": " EAST   56 STREET between 2 AVENUE and 3 AVENUE",
        "event_borough": "Manhattan",
        "start_date": "2017-10-14T12:00:00.000",
        "end_date": "2017-10-14T16:00:00.000",
        "start_formatted": "October 14, 2017 12:00 PM",
        "end_formatted": "October 14, 2017 04:00 PM",
        "street_closure_type": "Full Street Closure ",
        "community_board": "6, ",
        "police_precinct": "17, "
      }
    },
    {
      "type": "Feature",
      "geometry": {
        "type": "Point",
        "coordinates": [
          -73.973003,
          40.6712065
        ]
      },
      "properties": {
        "event_id": "369759",
        "event_name": "Montgomery Place Block Party 2017",
        "event_type": "Block Party",
        "event_agency": "Street Activity Permit Office",
        "event_location": " MONTGOMERY PLACE between PROSPECT PARK WEST and 8 AVENUE",
        "event_borough": "Brooklyn",
        "start_date": "2017-10-14T11:00:00.000",
        "end_date": "2017-10-14T20:00:00.000",
        "start_formatted": "October 14, 2017 11:00 AM",
        "end_formatted": "October 14, 2017 08:00 PM",
        "street_closure_type": "Full Street Closure ",
        "community_board": "6, ",
        "police_precinct": "78, "
      }
    },
    {
      "type": "Feature",
      "geometry": {
        "type": "Point",
        "coordinates": [
          -73.985149,
          40.6760285
        ]
      },
      "properties": {
        "event_id": "370398",
        "event_name": "Denton Place Block Party",
        "event_type": "Block Party",
        "event_agency": "Street Activity Permit Office",
        "event_location": " DENTON PLACE between CARROLL STREET and 1 STREET",
        "event_borough": "Brooklyn",
        "start_date": "2017-10-14T11:00:00.000",
        "end_date": "2017-10-14T20:00:00.000",
        "start_formatted": "October 14, 2017 11:00 AM",
        "end_formatted": "October 14, 2017 08:00 PM",
        "street_closure_type": "Full Street Closure ",
        "community_board": "6, ",
        "police_precinct": "78, "
      }
    },
    {
      "type": "Feature",
      "geometry": {
        "type": "Point",
        "coordinates": [
          -73.960159,
          40.8156215
        ]
      },
      "properties": {
        "event_id": "363311",
        "event_name": "West Harlem Coalition Anti-Gentrification Street Fair",
        "event_type": "Block Party",
        "event_agency": "Street Activity Permit Office",
        "event_location": " TIEMANN PLACE between BROADWAY and RIVERSIDE DRIVE",
        "event_borough": "Manhattan",
        "start_date": "2017-10-14T11:00:00.000",
        "end_date": "2017-10-14T18:00:00.000",
        "start_formatted": "October 14, 2017 11:00 AM",
        "end_formatted": "October 14, 2017 06:00 PM",
        "street_closure_type": "Full Street Closure ",
        "community_board": "9, ",
        "police_precinct": "26, "
      }
    },
    {
      "type": "Feature",
      "geometry": {
        "type": "Point",
        "coordinates": [
          -73.996414,
          40.6881845
        ]
      },
      "properties": {
        "event_id": "359760",
        "event_name": "Don Garber memorial painting exhibition.",
        "event_type": "Block Party",
        "event_agency": "Street Activity Permit Office",
        "event_location": " VERANDAH PLACE between CLINTON STREET and HENRY STREET",
        "event_borough": "Brooklyn",
        "start_date": "2017-10-14T10:30:00.000",
        "end_date": "2017-10-14T17:00:00.000",
        "start_formatted": "October 14, 2017 10:30 AM",
        "end_formatted": "October 14, 2017 05:00 PM",
        "street_closure_type": "Full Street Closure ",
        "community_board": "6, ",
        "police_precinct": "76, "
      }
    },
    {
      "type": "Feature",
      "geometry": {
        "type": "Point",
        "coordinates": [
          -73.9836105,
          40.670418
        ]
      },
      "properties": {
        "event_id": "367216",
        "event_name": "6th Street Autumn Block Party",
        "event_type": "Block Party",
        "event_agency": "Street Activity Permit Office",
        "event_location": " 6 STREET between 5 AVENUE and 6 AVENUE",
        "event_borough": "Brooklyn",
        "start_date": "2017-10-14T10:30:00.000",
        "end_date": "2017-10-14T18:30:00.000",
        "start_formatted": "October 14, 2017 10:30 AM",
        "end_formatted": "October 14, 2017 06:30 PM",
        "street_closure_type": "Full Street Closure ",
        "community_board": "6, ",
        "police_precinct": "78, "
      }
    },
    {
      "type": "Feature",
      "geometry": {
        "type": "Point",
        "coordinates": [
          -73.915066,
          40.6790585
        ]
      },
      "properties": {
        "event_id": "361658",
        "event_name": "BSCAH Children Harvest Festival",
        "event_type": "Block Party",
        "event_agency": "Street Activity Permit Office",
        "event_location": " HULL STREET between SARATOGA AVENUE and THOMAS BOYLAND STREET",
        "event_borough": "Brooklyn",
        "start_date": "2017-10-14T10:00:00.000",
        "end_date": "2017-10-14T17:00:00.000",
        "start_formatted": "October 14, 2017 10:00 AM",
        "end_formatted": "October 14, 2017 05:00 PM",
        "street_closure_type": "Sidewalk and Street Closure ",
        "community_board": "16, ",
        "police_precinct": "73, "
      }
    },
    {
      "type": "Feature",
      "geometry": {
        "type": "Point",
        "coordinates": [
          -73.970258,
          40.8006485
        ]
      },
      "properties": {
        "event_id": "355992",
        "event_name": "28th Annual West 104 Block Association Block Party",
        "event_type": "Block Party",
        "event_agency": "Street Activity Permit Office",
        "event_location": " WEST  104 STREET between WEST END AVENUE and RIVERSIDE DRIVE",
        "event_borough": "Manhattan",
        "start_date": "2017-10-14T10:00:00.000",
        "end_date": "2017-10-14T17:00:00.000",
        "start_formatted": "October 14, 2017 10:00 AM",
        "end_formatted": "October 14, 2017 05:00 PM",
        "street_closure_type": "Full Street Closure ",
        "community_board": "7, ",
        "police_precinct": "24, "
      }
    },
    {
      "type": "Feature",
      "geometry": {
        "type": "Point",
        "coordinates": [
          -73.95713599999999,
          40.7724945
        ]
      },
      "properties": {
        "event_id": "343913",
        "event_name": "Birch Wathen Lenox Upper School Fair",
        "event_type": "Block Party",
        "event_agency": "Street Activity Permit Office",
        "event_location": " EAST   77 STREET between 2 AVENUE and 3 AVENUE",
        "event_borough": "Manhattan",
        "start_date": "2017-10-13T10:00:00.000",
        "end_date": "2017-10-13T15:00:00.000",
        "start_formatted": "October 13, 2017 10:00 AM",
        "end_formatted": "October 13, 2017 03:00 PM",
        "street_closure_type": "Full Street Closure ",
        "community_board": "8, ",
        "police_precinct": "19, "
      }
    },
    {
      "type": "Feature",
      "geometry": {
        "type": "Point",
        "coordinates": [
          -73.9615925,
          40.77271399999999
        ]
      },
      "properties": {
        "event_id": "367460",
        "event_name": "Simchat Torah Block Party",
        "event_type": "Block Party",
        "event_agency": "Street Activity Permit Office",
        "event_location": " EAST   75 STREET between PARK AVENUE and LEXINGTON AVENUE",
        "event_borough": "Manhattan",
        "start_date": "2017-10-11T13:00:00.000",
        "end_date": "2017-10-11T20:00:00.000",
        "start_formatted": "October 11, 2017 01:00 PM",
        "end_formatted": "October 11, 2017 08:00 PM",
        "street_closure_type": "Full Street Closure ",
        "community_board": "8, ",
        "police_precinct": "19, "
      }
    },
    {
      "type": "Feature",
      "geometry": {
        "type": "Point",
        "coordinates": [
          -73.946433,
          40.7905965
        ]
      },
      "properties": {
        "event_id": "331949",
        "event_name": "Hope Community Annual Fall Fest Block Party",
        "event_type": "Block Party",
        "event_agency": "Street Activity Permit Office",
        "event_location": " EAST  104 STREET between LEXINGTON AVENUE and THIRD AVENUE",
        "event_borough": "Manhattan",
        "start_date": "2017-10-09T10:00:00.000",
        "end_date": "2017-10-09T16:00:00.000",
        "start_formatted": "October 09, 2017 10:00 AM",
        "end_formatted": "October 09, 2017 04:00 PM",
        "street_closure_type": "Full Street Closure ",
        "community_board": "11, ",
        "police_precinct": "23, "
      }
    },
    {
      "type": "Feature",
      "geometry": {
        "type": "Point",
        "coordinates": [
          -73.949308,
          40.713693000000006
        ]
      },
      "properties": {
        "event_id": "371789",
        "event_name": "Brooklyn giglio boys Columbus day celebration",
        "event_type": "Block Party",
        "event_agency": "Street Activity Permit Office",
        "event_location": " LORIMER STREET between METROPOLITAN AVENUE and DEVOE STREET",
        "event_borough": "Brooklyn",
        "start_date": "2017-10-08T12:00:00.000",
        "end_date": "2017-10-08T21:00:00.000",
        "start_formatted": "October 08, 2017 12:00 PM",
        "end_formatted": "October 08, 2017 09:00 PM",
        "street_closure_type": "Full Street Closure ",
        "community_board": "1, ",
        "police_precinct": "90, "
      }
    },
    {
      "type": "Feature",
      "geometry": {
        "type": "Point",
        "coordinates": [
          -73.9852465,
          40.624041
        ]
      },
      "properties": {
        "event_id": "363107",
        "event_name": "BLOCK PARTY",
        "event_type": "Block Party",
        "event_agency": "Street Activity Permit Office",
        "event_location": " 18 AVENUE between 56 STREET and 57 STREET",
        "event_borough": "Brooklyn",
        "start_date": "2017-10-08T12:00:00.000",
        "end_date": "2017-10-08T17:00:00.000",
        "start_formatted": "October 08, 2017 12:00 PM",
        "end_formatted": "October 08, 2017 05:00 PM",
        "street_closure_type": "Full Street Closure ",
        "community_board": "12, ",
        "police_precinct": "66, "
      }
    },
    {
      "type": "Feature",
      "geometry": {
        "type": "Point",
        "coordinates": [
          -74.00530499999999,
          40.6053005
        ]
      },
      "properties": {
        "event_id": "350635",
        "event_name": "Jovenes Cristianos Church Community Event",
        "event_type": "Block Party",
        "event_agency": "Street Activity Permit Office",
        "event_location": " RUTHERFORD PLACE between BAY   17 STREET and 18 AVENUE",
        "event_borough": "Brooklyn",
        "start_date": "2017-10-08T11:00:00.000",
        "end_date": "2017-10-08T20:00:00.000",
        "start_formatted": "October 08, 2017 11:00 AM",
        "end_formatted": "October 08, 2017 08:00 PM",
        "street_closure_type": "Full Street Closure ",
        "community_board": "11, ",
        "police_precinct": "62, "
      }
    },
    {
      "type": "Feature",
      "geometry": {
        "type": "Point",
        "coordinates": [
          -74.1507775,
          40.628555500000004
        ]
      },
      "properties": {
        "event_id": "369573",
        "event_name": "Dixon Avenue Block Party",
        "event_type": "Block Party",
        "event_agency": "Street Activity Permit Office",
        "event_location": " DIXON AVENUE between LAKE AVENUE and GRANITE AVENUE",
        "event_borough": "Staten Island",
        "start_date": "2017-10-08T11:00:00.000",
        "end_date": "2017-10-08T19:00:00.000",
        "start_formatted": "October 08, 2017 11:00 AM",
        "end_formatted": "October 08, 2017 07:00 PM",
        "street_closure_type": "Full Street Closure ",
        "community_board": "1, ",
        "police_precinct": "121, "
      }
    },
    {
      "type": "Feature",
      "geometry": {
        "type": "Point",
        "coordinates": [
          -73.9750135,
          40.668798499999994
        ]
      },
      "properties": {
        "event_id": "363737",
        "event_name": "BLOCK PARTY",
        "event_type": "Block Party",
        "event_agency": "Street Activity Permit Office",
        "event_location": " 3 STREET between PROSPECT PARK WEST and 8 AVENUE",
        "event_borough": "Brooklyn",
        "start_date": "2017-10-08T10:00:00.000",
        "end_date": "2017-10-08T17:00:00.000",
        "start_formatted": "October 08, 2017 10:00 AM",
        "end_formatted": "October 08, 2017 05:00 PM",
        "street_closure_type": "Full Street Closure ",
        "community_board": "6, ",
        "police_precinct": "78, "
      }
    },
    {
      "type": "Feature",
      "geometry": {
        "type": "Point",
        "coordinates": [
          -73.93247600000001,
          40.85324
        ]
      },
      "properties": {
        "event_id": "369271",
        "event_name": "Feast Day of St. Elizabeth",
        "event_type": "Block Party",
        "event_agency": "Street Activity Permit Office",
        "event_location": " WADSWORTH AVENUE between WEST  186 STREET and WEST  187 STREET",
        "event_borough": "Manhattan",
        "start_date": "2017-10-08T09:00:00.000",
        "end_date": "2017-10-08T17:00:00.000",
        "start_formatted": "October 08, 2017 09:00 AM",
        "end_formatted": "October 08, 2017 05:00 PM",
        "street_closure_type": "Full Street Closure ",
        "community_board": "12, ",
        "police_precinct": "34, "
      }
    },
    {
      "type": "Feature",
      "geometry": {
        "type": "Point",
        "coordinates": [
          -73.98059549999999,
          40.674032
        ]
      },
      "properties": {
        "event_id": "367760",
        "event_name": "Garfield Block Party",
        "event_type": "Block Party",
        "event_agency": "Street Activity Permit Office",
        "event_location": " GARFIELD PLACE between 5 AVENUE and 6 AVENUE",
        "event_borough": "Brooklyn",
        "start_date": "2017-10-07T12:30:00.000",
        "end_date": "2017-10-07T20:30:00.000",
        "start_formatted": "October 07, 2017 12:30 PM",
        "end_formatted": "October 07, 2017 08:30 PM",
        "street_closure_type": "Full Street Closure ",
        "community_board": "6, ",
        "police_precinct": "78, "
      }
    },
    {
      "type": "Feature",
      "geometry": {
        "type": "Point",
        "coordinates": [
          -74.135602,
          40.62065
        ]
      },
      "properties": {
        "event_id": "367107",
        "event_name": "Maine Avenue Fall Block Party",
        "event_type": "Block Party",
        "event_agency": "Street Activity Permit Office",
        "event_location": " MAINE AVENUE between NEALDOW AVENUE and BIDWELL AVENUE",
        "event_borough": "Staten Island",
        "start_date": "2017-10-07T12:00:00.000",
        "end_date": "2017-10-07T20:00:00.000",
        "start_formatted": "October 07, 2017 12:00 PM",
        "end_formatted": "October 07, 2017 08:00 PM",
        "street_closure_type": "Full Street Closure ",
        "community_board": "1, ",
        "police_precinct": "121, "
      }
    },
    {
      "type": "Feature",
      "geometry": {
        "type": "Point",
        "coordinates": [
          -74.0020065,
          40.684872999999996
        ]
      },
      "properties": {
        "event_id": "361156",
        "event_name": "Sackett Street Block Party 2016",
        "event_type": "Block Party",
        "event_agency": "Street Activity Permit Office",
        "event_location": " SACKETT STREET between HICKS STREET and COLUMBIA STREET",
        "event_borough": "Brooklyn",
        "start_date": "2017-10-07T12:00:00.000",
        "end_date": "2017-10-07T19:00:00.000",
        "start_formatted": "October 07, 2017 12:00 PM",
        "end_formatted": "October 07, 2017 07:00 PM",
        "street_closure_type": "Full Street Closure ",
        "community_board": "6, ",
        "police_precinct": "76, "
      }
    },
    {
      "type": "Feature",
      "geometry": {
        "type": "Point",
        "coordinates": [
          -74.00562,
          40.651388
        ]
      },
      "properties": {
        "event_id": "367824",
        "event_name": "40th street block party",
        "event_type": "Block Party",
        "event_agency": "Street Activity Permit Office",
        "event_location": " 40 STREET between 4 AVENUE and 5 AVENUE",
        "event_borough": "Brooklyn",
        "start_date": "2017-10-07T12:00:00.000",
        "end_date": "2017-10-07T21:00:00.000",
        "start_formatted": "October 07, 2017 12:00 PM",
        "end_formatted": "October 07, 2017 09:00 PM",
        "street_closure_type": "Full Street Closure ",
        "community_board": "7, ",
        "police_precinct": "72, "
      }
    },
    {
      "type": "Feature",
      "geometry": {
        "type": "Point",
        "coordinates": [
          -73.99906100000001,
          40.678143000000006
        ]
      },
      "properties": {
        "event_id": "359998",
        "event_name": "13th Annual PumpkinFest",
        "event_type": "Block Party",
        "event_agency": "Street Activity Permit Office",
        "event_location": " 4 PLACE between COURT STREET and CLINTON STREET",
        "event_borough": "Brooklyn",
        "start_date": "2017-10-07T10:00:00.000",
        "end_date": "2017-10-07T16:00:00.000",
        "start_formatted": "October 07, 2017 10:00 AM",
        "end_formatted": "October 07, 2017 04:00 PM",
        "street_closure_type": "Full Street Closure ",
        "community_board": "6, ",
        "police_precinct": "76, "
      }
    },
    {
      "type": "Feature",
      "geometry": {
        "type": "Point",
        "coordinates": [
          -73.96037100000001,
          40.7417365
        ]
      },
      "properties": {
        "event_id": "324638",
        "event_name": "LIC Community Carnival",
        "event_type": "Block Party",
        "event_agency": "Street Activity Permit Office",
        "event_location": " CENTER BOULEVARD between 54 AVENUE and BORDEN AVENUE",
        "event_borough": "Queens",
        "start_date": "2017-10-07T10:00:00.000",
        "end_date": "2017-10-07T16:00:00.000",
        "start_formatted": "October 07, 2017 10:00 AM",
        "end_formatted": "October 07, 2017 04:00 PM",
        "street_closure_type": "Full Street Closure ",
        "community_board": "2, ",
        "police_precinct": "108, "
      }
    },
    {
      "type": "Feature",
      "geometry": {
        "type": "Point",
        "coordinates": [
          -73.9192445,
          40.8457045
        ]
      },
      "properties": {
        "event_id": "367993",
        "event_name": "St Francis of Assisi annual celebration",
        "event_type": "Block Party",
        "event_agency": "Street Activity Permit Office",
        "event_location": " SHAKESPEARE AVENUE between FEATHERBED LANE and CROSS BRONX EXPRESSWAY SR NORTH",
        "event_borough": "Bronx",
        "start_date": "2017-10-07T10:00:00.000",
        "end_date": "2017-10-07T15:00:00.000",
        "start_formatted": "October 07, 2017 10:00 AM",
        "end_formatted": "October 07, 2017 03:00 PM",
        "street_closure_type": "Full Street Closure ",
        "community_board": "5, ",
        "police_precinct": "46, "
      }
    },
    {
      "type": "Feature",
      "geometry": {
        "type": "Point",
        "coordinates": [
          -73.977891,
          40.68262300000001
        ]
      },
      "properties": {
        "event_id": "342473",
        "event_name": "Dean Street Block Party",
        "event_type": "Block Party",
        "event_agency": "Street Activity Permit Office",
        "event_location": " DEAN STREET between 4 AVENUE and 5 AVENUE",
        "event_borough": "Brooklyn",
        "start_date": "2017-10-07T09:00:00.000",
        "end_date": "2017-10-07T18:00:00.000",
        "start_formatted": "October 07, 2017 09:00 AM",
        "end_formatted": "October 07, 2017 06:00 PM",
        "street_closure_type": "Full Street Closure ",
        "community_board": "6, ",
        "police_precinct": "78, "
      }
    },
    {
      "type": "Feature",
      "geometry": {
        "type": "Point",
        "coordinates": [
          -73.95522349999999,
          40.78433
        ]
      },
      "properties": {
        "event_id": "357278",
        "event_name": "Brick Church School Childrens Fair",
        "event_type": "Block Party",
        "event_agency": "Street Activity Permit Office",
        "event_location": " EAST   92 STREET between MADISON AVENUE and PARK AVENUE",
        "event_borough": "Manhattan",
        "start_date": "2017-10-06T12:00:00.000",
        "end_date": "2017-10-06T16:00:00.000",
        "start_formatted": "October 06, 2017 12:00 PM",
        "end_formatted": "October 06, 2017 04:00 PM",
        "street_closure_type": "Full Street Closure ",
        "community_board": "8, ",
        "police_precinct": "19, "
      }
    },
    {
      "type": "Feature",
      "geometry": {
        "type": "Point",
        "coordinates": [
          -73.9544735,
          40.669172
        ]
      },
      "properties": {
        "event_id": "361479",
        "event_name": "Happy School Year 2017",
        "event_type": "Block Party",
        "event_agency": "Street Activity Permit Office",
        "event_location": " UNION STREET between BEDFORD AVENUE and ROGERS AVENUE",
        "event_borough": "Brooklyn",
        "start_date": "2017-10-04T10:00:00.000",
        "end_date": "2017-10-04T14:00:00.000",
        "start_formatted": "October 04, 2017 10:00 AM",
        "end_formatted": "October 04, 2017 02:00 PM",
        "street_closure_type": "Sidewalk and Street Closure ",
        "community_board": "9, ",
        "police_precinct": "71, "
      }
    },
    {
      "type": "Feature",
      "geometry": {
        "type": "Point",
        "coordinates": [
          -73.98092349999999,
          40.7766035
        ]
      },
      "properties": {
        "event_id": "369478",
        "event_name": "West 70th Street Fall Festival",
        "event_type": "Block Party",
        "event_agency": "Street Activity Permit Office",
        "event_location": " WEST   70 STREET between BROADWAY and COLUMBUS AVENUE",
        "event_borough": "Manhattan",
        "start_date": "2017-10-01T12:00:00.000",
        "end_date": "2017-10-01T17:00:00.000",
        "start_formatted": "October 01, 2017 12:00 PM",
        "end_formatted": "October 01, 2017 05:00 PM",
        "street_closure_type": "Full Street Closure ",
        "community_board": "7, ",
        "police_precinct": "20, "
      }
    },
    {
      "type": "Feature",
      "geometry": {
        "type": "Point",
        "coordinates": [
          -73.976834,
          40.658687
        ]
      },
      "properties": {
        "event_id": "365770",
        "event_name": "16th Street Block Party",
        "event_type": "Block Party",
        "event_agency": "Street Activity Permit Office",
        "event_location": " 16 STREET between 10 AVENUE and 11 AVENUE",
        "event_borough": "Brooklyn",
        "start_date": "2017-10-01T11:30:00.000",
        "end_date": "2017-10-01T19:30:00.000",
        "start_formatted": "October 01, 2017 11:30 AM",
        "end_formatted": "October 01, 2017 07:30 PM",
        "street_closure_type": "Full Street Closure ",
        "community_board": "7, ",
        "police_precinct": "72, "
      }
    },
    {
      "type": "Feature",
      "geometry": {
        "type": "Point",
        "coordinates": [
          -74.0095035,
          40.6509995
        ]
      },
      "properties": {
        "event_id": "368646",
        "event_name": "Feast of St. Michaels Celebration",
        "event_type": "Block Party",
        "event_agency": "Street Activity Permit Office",
        "event_location": " 43 STREET between 3 AVENUE and 4 AVENUE",
        "event_borough": "Brooklyn",
        "start_date": "2017-10-01T11:00:00.000",
        "end_date": "2017-10-01T18:00:00.000",
        "start_formatted": "October 01, 2017 11:00 AM",
        "end_formatted": "October 01, 2017 06:00 PM",
        "street_closure_type": "Full Street Closure ",
        "community_board": "7, ",
        "police_precinct": "72, "
      }
    },
    {
      "type": "Feature",
      "geometry": {
        "type": "Point",
        "coordinates": [
          -73.986625,
          40.666803
        ]
      },
      "properties": {
        "event_id": "359838",
        "event_name": "12th St. Block Association",
        "event_type": "Block Party",
        "event_agency": "Street Activity Permit Office",
        "event_location": " 12 STREET between 5 AVENUE and 6 AVENUE",
        "event_borough": "Brooklyn",
        "start_date": "2017-10-01T11:00:00.000",
        "end_date": "2017-10-01T18:30:00.000",
        "start_formatted": "October 01, 2017 11:00 AM",
        "end_formatted": "October 01, 2017 06:30 PM",
        "street_closure_type": "Full Street Closure ",
        "community_board": "6, ",
        "police_precinct": "78, "
      }
    },
    {
      "type": "Feature",
      "geometry": {
        "type": "Point",
        "coordinates": [
          -73.71549949999999,
          40.740918
        ]
      },
      "properties": {
        "event_id": "361191",
        "event_name": "Block Party",
        "event_type": "Block Party",
        "event_agency": "Street Activity Permit Office",
        "event_location": " 254 STREET between 81 AVENUE and 82 AVENUE",
        "event_borough": "Queens",
        "start_date": "2017-09-30T14:00:00.000",
        "end_date": "2017-09-30T21:00:00.000",
        "start_formatted": "September 30, 2017 02:00 PM",
        "end_formatted": "September 30, 2017 09:00 PM",
        "street_closure_type": "Full Street Closure ",
        "community_board": "13, ",
        "police_precinct": "105, "
      }
    },
    {
      "type": "Feature",
      "geometry": {
        "type": "Point",
        "coordinates": [
          -73.9005975,
          40.772404
        ]
      },
      "properties": {
        "event_id": "350250",
        "event_name": "St. Francis of Assisi Fall Festival",
        "event_type": "Block Party",
        "event_agency": "Street Activity Permit Office",
        "event_location": " 21 AVENUE between 45 STREET and 46 STREET",
        "event_borough": "Queens",
        "start_date": "2017-09-30T12:00:00.000",
        "end_date": "2017-09-30T21:00:00.000",
        "start_formatted": "September 30, 2017 12:00 PM",
        "end_formatted": "September 30, 2017 09:00 PM",
        "street_closure_type": "Sidewalk and Street Closure ",
        "community_board": "1, ",
        "police_precinct": "114, "
      }
    },
    {
      "type": "Feature",
      "geometry": {
        "type": "Point",
        "coordinates": [
          -73.714171,
          40.731360499999994
        ]
      },
      "properties": {
        "event_id": "360375",
        "event_name": "252nd Street Block Party",
        "event_type": "Block Party",
        "event_agency": "Street Activity Permit Office",
        "event_location": " 252 STREET between 86 AVENUE and 87 AVENUE",
        "event_borough": "Queens",
        "start_date": "2017-09-30T12:00:00.000",
        "end_date": "2017-09-30T21:00:00.000",
        "start_formatted": "September 30, 2017 12:00 PM",
        "end_formatted": "September 30, 2017 09:00 PM",
        "street_closure_type": "Full Street Closure ",
        "community_board": "13, ",
        "police_precinct": "105, "
      }
    },
    {
      "type": "Feature",
      "geometry": {
        "type": "Point",
        "coordinates": [
          -73.9760195,
          40.6675965
        ]
      },
      "properties": {
        "event_id": "360922",
        "event_name": "5th Street Annual Block Party",
        "event_type": "Block Party",
        "event_agency": "Street Activity Permit Office",
        "event_location": " 5 STREET between 8 AVENUE and PROSPECT PARK WEST",
        "event_borough": "Brooklyn",
        "start_date": "2017-09-30T12:00:00.000",
        "end_date": "2017-09-30T18:00:00.000",
        "start_formatted": "September 30, 2017 12:00 PM",
        "end_formatted": "September 30, 2017 06:00 PM",
        "street_closure_type": "Full Street Closure ",
        "community_board": "6, ",
        "police_precinct": "78, "
      }
    },
    {
      "type": "Feature",
      "geometry": {
        "type": "Point",
        "coordinates": [
          -74.015523,
          40.6418665
        ]
      },
      "properties": {
        "event_id": "359511",
        "event_name": "block party",
        "event_type": "Block Party",
        "event_agency": "Street Activity Permit Office",
        "event_location": " 57 STREET between 4 AVENUE and 5 AVENUE",
        "event_borough": "Brooklyn",
        "start_date": "2017-09-30T12:00:00.000",
        "end_date": "2017-09-30T21:00:00.000",
        "start_formatted": "September 30, 2017 12:00 PM",
        "end_formatted": "September 30, 2017 09:00 PM",
        "street_closure_type": "Full Street Closure ",
        "community_board": "7, ",
        "police_precinct": "72, "
      }
    },
    {
      "type": "Feature",
      "geometry": {
        "type": "Point",
        "coordinates": [
          -73.8692335,
          40.719477499999996
        ]
      },
      "properties": {
        "event_id": "366912",
        "event_name": "2017 83rd Place Block Party",
        "event_type": "Block Party",
        "event_agency": "Street Activity Permit Office",
        "event_location": " 83 PLACE between 64 ROAD and FURMANVILLE AVENUE",
        "event_borough": "Queens",
        "start_date": "2017-09-30T12:00:00.000",
        "end_date": "2017-09-30T19:00:00.000",
        "start_formatted": "September 30, 2017 12:00 PM",
        "end_formatted": "September 30, 2017 07:00 PM",
        "street_closure_type": "Full Street Closure ",
        "community_board": "5, ",
        "police_precinct": "104, "
      }
    },
    {
      "type": "Feature",
      "geometry": {
        "type": "Point",
        "coordinates": [
          -73.850396,
          40.8547635
        ]
      },
      "properties": {
        "event_id": "354936",
        "event_name": "1900s",
        "event_type": "Block Party",
        "event_agency": "Street Activity Permit Office",
        "event_location": " NARRAGANSETT AVENUE between NEILL AVENUE and RHINELANDER AVENUE",
        "event_borough": "Bronx",
        "start_date": "2017-09-30T12:00:00.000",
        "end_date": "2017-09-30T20:00:00.000",
        "start_formatted": "September 30, 2017 12:00 PM",
        "end_formatted": "September 30, 2017 08:00 PM",
        "street_closure_type": "Full Street Closure ",
        "community_board": "11, ",
        "police_precinct": "49, "
      }
    },
    {
      "type": "Feature",
      "geometry": {
        "type": "Point",
        "coordinates": [
          -74.01193950000001,
          40.6211385
        ]
      },
      "properties": {
        "event_id": "367836",
        "event_name": "77th Street Block Party",
        "event_type": "Block Party",
        "event_agency": "Street Activity Permit Office",
        "event_location": " 77 STREET between 11 AVENUE and 12 AVENUE",
        "event_borough": "Brooklyn",
        "start_date": "2017-09-30T11:00:00.000",
        "end_date": "2017-09-30T20:00:00.000",
        "start_formatted": "September 30, 2017 11:00 AM",
        "end_formatted": "September 30, 2017 08:00 PM",
        "street_closure_type": "Full Street Closure ",
        "community_board": "10, ",
        "police_precinct": "68, "
      }
    },
    {
      "type": "Feature",
      "geometry": {
        "type": "Point",
        "coordinates": [
          -73.9795355,
          40.6633755
        ]
      },
      "properties": {
        "event_id": "367073",
        "event_name": "12th Street Block Party",
        "event_type": "Block Party",
        "event_agency": "Street Activity Permit Office",
        "event_location": " 12 STREET between 8 AVENUE and PROSPECT PARK WEST",
        "event_borough": "Brooklyn",
        "start_date": "2017-09-30T11:00:00.000",
        "end_date": "2017-09-30T18:00:00.000",
        "start_formatted": "September 30, 2017 11:00 AM",
        "end_formatted": "September 30, 2017 06:00 PM",
        "street_closure_type": "Full Street Closure ",
        "community_board": "6, ",
        "police_precinct": "78, "
      }
    },
    {
      "type": "Feature",
      "geometry": {
        "type": "Point",
        "coordinates": [
          -73.982254,
          40.668071
        ]
      },
      "properties": {
        "event_id": "361319",
        "event_name": "Fall Block Party",
        "event_type": "Block Party",
        "event_agency": "Street Activity Permit Office",
        "event_location": " 8 STREET between 6 AVENUE and 7 AVENUE",
        "event_borough": "Brooklyn",
        "start_date": "2017-09-30T11:00:00.000",
        "end_date": "2017-09-30T19:00:00.000",
        "start_formatted": "September 30, 2017 11:00 AM",
        "end_formatted": "September 30, 2017 07:00 PM",
        "street_closure_type": "Full Street Closure ",
        "community_board": "6, ",
        "police_precinct": "78, "
      }
    },
    {
      "type": "Feature",
      "geometry": {
        "type": "Point",
        "coordinates": [
          -73.9159895,
          40.671555
        ]
      },
      "properties": {
        "event_id": "367980",
        "event_name": "Park Pl",
        "event_type": "Block Party",
        "event_agency": "Street Activity Permit Office",
        "event_location": " PARK PLACE between SARATOGA AVENUE and EASTERN PARKWAY",
        "event_borough": "Brooklyn",
        "start_date": "2017-09-30T11:00:00.000",
        "end_date": "2017-09-30T18:00:00.000",
        "start_formatted": "September 30, 2017 11:00 AM",
        "end_formatted": "September 30, 2017 06:00 PM",
        "street_closure_type": "Full Street Closure ",
        "community_board": "16, ",
        "police_precinct": "73, "
      }
    },
    {
      "type": "Feature",
      "geometry": {
        "type": "Point",
        "coordinates": [
          -73.8888755,
          40.6961845
        ]
      },
      "properties": {
        "event_id": "367761",
        "event_name": "Family Day",
        "event_type": "Block Party",
        "event_agency": "Street Activity Permit Office",
        "event_location": " 80 AVENUE between 65 STREET and 64 LANE",
        "event_borough": "Queens",
        "start_date": "2017-09-30T11:00:00.000",
        "end_date": "2017-09-30T16:00:00.000",
        "start_formatted": "September 30, 2017 11:00 AM",
        "end_formatted": "September 30, 2017 04:00 PM",
        "street_closure_type": "Full Street Closure ",
        "community_board": "5, ",
        "police_precinct": "104, "
      }
    },
    {
      "type": "Feature",
      "geometry": {
        "type": "Point",
        "coordinates": [
          -73.9841135,
          40.6698155
        ]
      },
      "properties": {
        "event_id": "361523",
        "event_name": "Block Party",
        "event_type": "Block Party",
        "event_agency": "Street Activity Permit Office",
        "event_location": " 7 STREET between 5 AVENUE and 6 AVENUE",
        "event_borough": "Brooklyn",
        "start_date": "2017-09-30T10:00:00.000",
        "end_date": "2017-09-30T19:00:00.000",
        "start_formatted": "September 30, 2017 10:00 AM",
        "end_formatted": "September 30, 2017 07:00 PM",
        "street_closure_type": "Full Street Closure ",
        "community_board": "6, ",
        "police_precinct": "78, "
      }
    },
    {
      "type": "Feature",
      "geometry": {
        "type": "Point",
        "coordinates": [
          -73.9016365,
          40.813295999999994
        ]
      },
      "properties": {
        "event_id": "367843",
        "event_name": "MONTE ARMENIA CHURCH IN THE BLOCK",
        "event_type": "Block Party",
        "event_agency": "Street Activity Permit Office",
        "event_location": " AVENUE SAINT JOHN between SOUTHERN BOULEVARD and FOX STREET",
        "event_borough": "Bronx",
        "start_date": "2017-09-30T10:00:00.000",
        "end_date": "2017-09-30T18:00:00.000",
        "start_formatted": "September 30, 2017 10:00 AM",
        "end_formatted": "September 30, 2017 06:00 PM",
        "street_closure_type": "Full Street Closure ",
        "community_board": "2, ",
        "police_precinct": "41, "
      }
    },
    {
      "type": "Feature",
      "geometry": {
        "type": "Point",
        "coordinates": [
          -73.959911,
          40.681117
        ]
      },
      "properties": {
        "event_id": "367664",
        "event_name": "Lefferts Place Block Party",
        "event_type": "Block Party",
        "event_agency": "Street Activity Permit Office",
        "event_location": " LEFFERTS PLACE between GRAND AVENUE and CLASSON AVENUE",
        "event_borough": "Brooklyn",
        "start_date": "2017-09-30T10:00:00.000",
        "end_date": "2017-09-30T18:00:00.000",
        "start_formatted": "September 30, 2017 10:00 AM",
        "end_formatted": "September 30, 2017 06:00 PM",
        "street_closure_type": "Full Street Closure ",
        "community_board": "2, ",
        "police_precinct": "88, "
      }
    },
    {
      "type": "Feature",
      "geometry": {
        "type": "Point",
        "coordinates": [
          -73.915503,
          40.681256000000005
        ]
      },
      "properties": {
        "event_id": "359869",
        "event_name": "marion thomas s. boyland st. block association",
        "event_type": "Block Party",
        "event_agency": "Street Activity Permit Office",
        "event_location": " MARION STREET between THOMAS S BOYLAND STREET and SARATOGA AVENUE",
        "event_borough": "Brooklyn",
        "start_date": "2017-09-30T10:00:00.000",
        "end_date": "2017-09-30T18:00:00.000",
        "start_formatted": "September 30, 2017 10:00 AM",
        "end_formatted": "September 30, 2017 06:00 PM",
        "street_closure_type": "Full Street Closure ",
        "community_board": "16, ",
        "police_precinct": "73, "
      }
    },
    {
      "type": "Feature",
      "geometry": {
        "type": "Point",
        "coordinates": [
          -73.9135395,
          40.657877
        ]
      },
      "properties": {
        "event_id": "358534",
        "event_name": "Strauss Street Block Party",
        "event_type": "Block Party",
        "event_agency": "Street Activity Permit Office",
        "event_location": " STRAUSS STREET between NEWPORT STREET and LOTT AVENUE",
        "event_borough": "Brooklyn",
        "start_date": "2017-09-30T10:00:00.000",
        "end_date": "2017-09-30T18:00:00.000",
        "start_formatted": "September 30, 2017 10:00 AM",
        "end_formatted": "September 30, 2017 06:00 PM",
        "street_closure_type": "Full Street Closure ",
        "community_board": "16, ",
        "police_precinct": "73, "
      }
    },
    {
      "type": "Feature",
      "geometry": {
        "type": "Point",
        "coordinates": [
          -73.976282,
          40.675585
        ]
      },
      "properties": {
        "event_id": "363267",
        "event_name": "BERKELEY PLACE BLOCK PARTY",
        "event_type": "Block Party",
        "event_agency": "Street Activity Permit Office",
        "event_location": " BERKELEY PLACE between 6 AVENUE and 7 AVENUE",
        "event_borough": "Brooklyn",
        "start_date": "2017-09-30T08:30:00.000",
        "end_date": "2017-09-30T17:30:00.000",
        "start_formatted": "September 30, 2017 08:30 AM",
        "end_formatted": "September 30, 2017 05:30 PM",
        "street_closure_type": "Full Street Closure ",
        "community_board": "6, ",
        "police_precinct": "78, "
      }
    },
    {
      "type": "Feature",
      "geometry": {
        "type": "Point",
        "coordinates": [
          -73.994264,
          40.738009
        ]
      },
      "properties": {
        "event_id": "356216",
        "event_name": "Maroon and Blue Day",
        "event_type": "Block Party",
        "event_agency": "Street Activity Permit Office",
        "event_location": " WEST   16 STREET between 6 AVENUE and 5 AVENUE",
        "event_borough": "Manhattan",
        "start_date": "2017-09-29T10:00:00.000",
        "end_date": "2017-09-29T14:00:00.000",
        "start_formatted": "September 29, 2017 10:00 AM",
        "end_formatted": "September 29, 2017 02:00 PM",
        "street_closure_type": "Full Street Closure ",
        "community_board": "5, ",
        "police_precinct": "13, "
      }
    },
    {
      "type": "Feature",
      "geometry": {
        "type": "Point",
        "coordinates": [
          -73.86869,
          40.68957
        ]
      },
      "properties": {
        "event_id": "356124",
        "event_name": "Grant Ave Block Party",
        "event_type": "Block Party",
        "event_agency": "Street Activity Permit Office",
        "event_location": " GRANT AVENUE between JAMAICA AVENUE and ETNA STREET",
        "event_borough": "Brooklyn",
        "start_date": "2017-08-20T14:00:00.000",
        "end_date": "2017-08-20T23:00:00.000",
        "start_formatted": "August 20, 2017 02:00 PM",
        "end_formatted": "August 20, 2017 11:00 PM",
        "street_closure_type": "Full Street Closure ",
        "community_board": "5, ",
        "police_precinct": "75, "
      }
    },
    {
      "type": "Feature",
      "geometry": {
        "type": "Point",
        "coordinates": [
          -73.9233035,
          40.635377000000005
        ]
      },
      "properties": {
        "event_id": "348787",
        "event_name": "GLENWOOD COMMUNITY FAIR",
        "event_type": "Block Party",
        "event_agency": "Street Activity Permit Office",
        "event_location": " GLENWOOD ROAD between EAST   56 STREET and EAST   55 STREET",
        "event_borough": "Brooklyn",
        "start_date": "2017-08-20T13:00:00.000",
        "end_date": "2017-08-20T19:00:00.000",
        "start_formatted": "August 20, 2017 01:00 PM",
        "end_formatted": "August 20, 2017 07:00 PM",
        "street_closure_type": "Full Street Closure ",
        "community_board": "18, ",
        "police_precinct": "63, "
      }
    },
    {
      "type": "Feature",
      "geometry": {
        "type": "Point",
        "coordinates": [
          -73.87766400000001,
          40.6672455
        ]
      },
      "properties": {
        "event_id": "355168",
        "event_name": "Berriman Street Annual Back to School Block Party",
        "event_type": "Block Party",
        "event_agency": "Street Activity Permit Office",
        "event_location": " BERRIMAN STREET between NEW LOTS AVENUE and HEGEMAN AVENUE",
        "event_borough": "Brooklyn",
        "start_date": "2017-08-20T12:30:00.000",
        "end_date": "2017-08-20T20:00:00.000",
        "start_formatted": "August 20, 2017 12:30 PM",
        "end_formatted": "August 20, 2017 08:00 PM",
        "street_closure_type": "Full Street Closure ",
        "community_board": "5, ",
        "police_precinct": "75, "
      }
    },
    {
      "type": "Feature",
      "geometry": {
        "type": "Point",
        "coordinates": [
          -73.8738455,
          40.6821
        ]
      },
      "properties": {
        "event_id": "367313",
        "event_name": "Euclid Ave Summer Fair",
        "event_type": "Block Party",
        "event_agency": "Street Activity Permit Office",
        "event_location": " EUCLID AVENUE between FULTON STREET and ATLANTIC AVENUE",
        "event_borough": "Brooklyn",
        "start_date": "2017-08-20T12:00:00.000",
        "end_date": "2017-08-20T21:00:00.000",
        "start_formatted": "August 20, 2017 12:00 PM",
        "end_formatted": "August 20, 2017 09:00 PM",
        "street_closure_type": "Full Street Closure ",
        "community_board": "5, ",
        "police_precinct": "75, "
      }
    },
    {
      "type": "Feature",
      "geometry": {
        "type": "Point",
        "coordinates": [
          -73.8817645,
          40.6654905
        ]
      },
      "properties": {
        "event_id": "358077",
        "event_name": "Cleveland St Block Association",
        "event_type": "Block Party",
        "event_agency": "Street Activity Permit Office",
        "event_location": " CLEVELAND STREET between HEGEMAN AVENUE and NEW LOTS AVENUE",
        "event_borough": "Brooklyn",
        "start_date": "2017-08-20T12:00:00.000",
        "end_date": "2017-08-20T20:00:00.000",
        "start_formatted": "August 20, 2017 12:00 PM",
        "end_formatted": "August 20, 2017 08:00 PM",
        "street_closure_type": "Full Street Closure ",
        "community_board": "5, ",
        "police_precinct": "75, "
      }
    },
    {
      "type": "Feature",
      "geometry": {
        "type": "Point",
        "coordinates": [
          -74.0147405,
          40.6459525
        ]
      },
      "properties": {
        "event_id": "342316",
        "event_name": "52nd street block party",
        "event_type": "Block Party",
        "event_agency": "Street Activity Permit Office",
        "event_location": " 52 STREET between 3 AVENUE and 4 AVENUE",
        "event_borough": "Brooklyn",
        "start_date": "2017-08-20T12:00:00.000",
        "end_date": "2017-08-20T21:00:00.000",
        "start_formatted": "August 20, 2017 12:00 PM",
        "end_formatted": "August 20, 2017 09:00 PM",
        "street_closure_type": "Full Street Closure ",
        "community_board": "7, ",
        "police_precinct": "72, "
      }
    },
    {
      "type": "Feature",
      "geometry": {
        "type": "Point",
        "coordinates": [
          -73.9990315,
          40.7179965
        ]
      },
      "properties": {
        "event_id": "354330",
        "event_name": "128th Feast of St Rocco",
        "event_type": "Block Party",
        "event_agency": "Street Activity Permit Office",
        "event_location": " BAXTER STREET between CANAL STREET and HESTER STREET",
        "event_borough": "Manhattan",
        "start_date": "2017-08-20T12:00:00.000",
        "end_date": "2017-08-20T19:00:00.000",
        "start_formatted": "August 20, 2017 12:00 PM",
        "end_formatted": "August 20, 2017 07:00 PM",
        "street_closure_type": "Full Street Closure ",
        "community_board": "2, ",
        "police_precinct": "5, "
      }
    },
    {
      "type": "Feature",
      "geometry": {
        "type": "Point",
        "coordinates": [
          -74.06302550000001,
          40.6056025
        ]
      },
      "properties": {
        "event_id": "359193",
        "event_name": "Block party",
        "event_type": "Block Party",
        "event_agency": "Street Activity Permit Office",
        "event_location": " WADSWORTH AVENUE between BAY STREET and TOMPKINS AVENUE",
        "event_borough": "Staten Island",
        "start_date": "2017-08-20T11:30:00.000",
        "end_date": "2017-08-20T19:00:00.000",
        "start_formatted": "August 20, 2017 11:30 AM",
        "end_formatted": "August 20, 2017 07:00 PM",
        "street_closure_type": "Full Street Closure ",
        "community_board": "1, ",
        "police_precinct": "120, "
      }
    },
    {
      "type": "Feature",
      "geometry": {
        "type": "Point",
        "coordinates": [
          -73.92885050000001,
          40.642165500000004
        ]
      },
      "properties": {
        "event_id": "353578",
        "event_name": "AVENUE D SPORTS DAY",
        "event_type": "Block Party",
        "event_agency": "Street Activity Permit Office",
        "event_location": " AVENUE D between UTICA AVENUE and EAST   51 STREET",
        "event_borough": "Brooklyn",
        "start_date": "2017-08-20T11:00:00.000",
        "end_date": "2017-08-20T18:00:00.000",
        "start_formatted": "August 20, 2017 11:00 AM",
        "end_formatted": "August 20, 2017 06:00 PM",
        "street_closure_type": "Full Street Closure ",
        "community_board": "17, ",
        "police_precinct": "67, "
      }
    },
    {
      "type": "Feature",
      "geometry": {
        "type": "Point",
        "coordinates": [
          -73.915583,
          40.7008705
        ]
      },
      "properties": {
        "event_id": "358682",
        "event_name": "Block party",
        "event_type": "Block Party",
        "event_agency": "Street Activity Permit Office",
        "event_location": " BLEECKER STREET between IRVING AVENUE and WYCKOFF AVENUE",
        "event_borough": "Brooklyn",
        "start_date": "2017-08-20T11:00:00.000",
        "end_date": "2017-08-20T20:00:00.000",
        "start_formatted": "August 20, 2017 11:00 AM",
        "end_formatted": "August 20, 2017 08:00 PM",
        "street_closure_type": "Full Street Closure ",
        "community_board": "4, ",
        "police_precinct": "83, "
      }
    },
    {
      "type": "Feature",
      "geometry": {
        "type": "Point",
        "coordinates": [
          -74.0306145,
          40.6281525
        ]
      },
      "properties": {
        "event_id": "351744",
        "event_name": "80th Street Block Party",
        "event_type": "Block Party",
        "event_agency": "Street Activity Permit Office",
        "event_location": " 80 STREET between 3 AVENUE and RIDGE BOULEVARD",
        "event_borough": "Brooklyn",
        "start_date": "2017-08-20T11:00:00.000",
        "end_date": "2017-08-20T20:00:00.000",
        "start_formatted": "August 20, 2017 11:00 AM",
        "end_formatted": "August 20, 2017 08:00 PM",
        "street_closure_type": "Full Street Closure ",
        "community_board": "10, ",
        "police_precinct": "68, "
      }
    },
    {
      "type": "Feature",
      "geometry": {
        "type": "Point",
        "coordinates": [
          -73.9633825,
          40.7047765
        ]
      },
      "properties": {
        "event_id": "352699",
        "event_name": "Indepence toweres",
        "event_type": "Block Party",
        "event_agency": "Street Activity Permit Office",
        "event_location": " WILSON STREET between BEDFORD AVENUE and WYTHE PLACE",
        "event_borough": "Brooklyn",
        "start_date": "2017-08-20T11:00:00.000",
        "end_date": "2017-08-20T18:30:00.000",
        "start_formatted": "August 20, 2017 11:00 AM",
        "end_formatted": "August 20, 2017 06:30 PM",
        "street_closure_type": "Full Street Closure ",
        "community_board": "1, ",
        "police_precinct": "90, "
      }
    },
    {
      "type": "Feature",
      "geometry": {
        "type": "Point",
        "coordinates": [
          -73.94924449999999,
          40.643215
        ]
      },
      "properties": {
        "event_id": "353759",
        "event_name": "Kaleidoscope 2017",
        "event_type": "Block Party",
        "event_agency": "Street Activity Permit Office",
        "event_location": " CLARENDON ROAD between NOSTRAND AVENUE and EAST   29 STREET",
        "event_borough": "Brooklyn",
        "start_date": "2017-08-20T10:00:00.000",
        "end_date": "2017-08-20T18:00:00.000",
        "start_formatted": "August 20, 2017 10:00 AM",
        "end_formatted": "August 20, 2017 06:00 PM",
        "street_closure_type": "Sidewalk and Street Closure ",
        "community_board": "17, ",
        "police_precinct": "67, "
      }
    },
    {
      "type": "Feature",
      "geometry": {
        "type": "Point",
        "coordinates": [
          -73.941022,
          40.610507
        ]
      },
      "properties": {
        "event_id": "341593",
        "event_name": "8th Annual Block Party",
        "event_type": "Block Party",
        "event_agency": "Street Activity Permit Office",
        "event_location": " MADISON PLACE between QUENTIN ROAD and AVENUE R",
        "event_borough": "Brooklyn",
        "start_date": "2017-08-20T10:00:00.000",
        "end_date": "2017-08-20T18:00:00.000",
        "start_formatted": "August 20, 2017 10:00 AM",
        "end_formatted": "August 20, 2017 06:00 PM",
        "street_closure_type": "Full Street Closure ",
        "community_board": "18, ",
        "police_precinct": "63, "
      }
    },
    {
      "type": "Feature",
      "geometry": {
        "type": "Point",
        "coordinates": [
          -73.9107455,
          40.6582925
        ]
      },
      "properties": {
        "event_id": "345278",
        "event_name": "Block Party",
        "event_type": "Block Party",
        "event_agency": "Street Activity Permit Office",
        "event_location": " HOPKINSON AVENUE between NEWPORT STREET and LOTT AVENUE",
        "event_borough": "Brooklyn",
        "start_date": "2017-08-20T10:00:00.000",
        "end_date": "2017-08-20T17:00:00.000",
        "start_formatted": "August 20, 2017 10:00 AM",
        "end_formatted": "August 20, 2017 05:00 PM",
        "street_closure_type": "Full Street Closure ",
        "community_board": "16, ",
        "police_precinct": "73, "
      }
    },
    {
      "type": "Feature",
      "geometry": {
        "type": "Point",
        "coordinates": [
          -73.914552,
          40.657934
        ]
      },
      "properties": {
        "event_id": "359905",
        "event_name": "Kids appreciation block party",
        "event_type": "Block Party",
        "event_agency": "Street Activity Permit Office",
        "event_location": " SARATOGA AVENUE between NEWPORT STREET and EAST   98 STREET",
        "event_borough": "Brooklyn",
        "start_date": "2017-08-20T09:00:00.000",
        "end_date": "2017-08-20T17:00:00.000",
        "start_formatted": "August 20, 2017 09:00 AM",
        "end_formatted": "August 20, 2017 05:00 PM",
        "street_closure_type": "Full Street Closure ",
        "community_board": "16, ",
        "police_precinct": "73, "
      }
    },
    {
      "type": "Feature",
      "geometry": {
        "type": "Point",
        "coordinates": [
          -73.744887,
          40.6705945
        ]
      },
      "properties": {
        "event_id": "353331",
        "event_name": "229st block party association",
        "event_type": "Block Party",
        "event_agency": "Street Activity Permit Office",
        "event_location": " 229 STREET between 138 AVENUE and 139 AVENUE",
        "event_borough": "Queens",
        "start_date": "2017-08-19T15:00:00.000",
        "end_date": "2017-08-19T21:00:00.000",
        "start_formatted": "August 19, 2017 03:00 PM",
        "end_formatted": "August 19, 2017 09:00 PM",
        "street_closure_type": "Full Street Closure ",
        "community_board": "13, ",
        "police_precinct": "105, "
      }
    },
    {
      "type": "Feature",
      "geometry": {
        "type": "Point",
        "coordinates": [
          -73.872045,
          40.703657
        ]
      },
      "properties": {
        "event_id": "349115",
        "event_name": "78th street Block Party",
        "event_type": "Block Party",
        "event_agency": "Street Activity Permit Office",
        "event_location": " 78 STREET between MYRTLE AVENUE and 78 AVENUE",
        "event_borough": "Queens",
        "start_date": "2017-08-19T13:00:00.000",
        "end_date": "2017-08-19T21:00:00.000",
        "start_formatted": "August 19, 2017 01:00 PM",
        "end_formatted": "August 19, 2017 09:00 PM",
        "street_closure_type": "Full Street Closure ",
        "community_board": "5, ",
        "police_precinct": "104, "
      }
    },
    {
      "type": "Feature",
      "geometry": {
        "type": "Point",
        "coordinates": [
          -73.818297,
          40.585704
        ]
      },
      "properties": {
        "event_id": "346729",
        "event_name": "Beach 96th street block party",
        "event_type": "Block Party",
        "event_agency": "Street Activity Permit Office",
        "event_location": " BEACH   96 STREET between ROCKAWAY BEACH BOULEVARD and ROCKAWAY FREEWAY",
        "event_borough": "Queens",
        "start_date": "2017-08-19T13:00:00.000",
        "end_date": "2017-08-19T20:00:00.000",
        "start_formatted": "August 19, 2017 01:00 PM",
        "end_formatted": "August 19, 2017 08:00 PM",
        "street_closure_type": "Full Street Closure ",
        "community_board": "14, ",
        "police_precinct": "100, "
      }
    },
    {
      "type": "Feature",
      "geometry": {
        "type": "Point",
        "coordinates": [
          -74.1643565,
          40.638315000000006
        ]
      },
      "properties": {
        "event_id": "352725",
        "event_name": "POST LANE UNITY DAY",
        "event_type": "Block Party",
        "event_agency": "Street Activity Permit Office",
        "event_location": " POST LANE between RICHMOND TERRACE and COWEN PLACE",
        "event_borough": "Staten Island",
        "start_date": "2017-08-19T13:00:00.000",
        "end_date": "2017-08-19T21:00:00.000",
        "start_formatted": "August 19, 2017 01:00 PM",
        "end_formatted": "August 19, 2017 09:00 PM",
        "street_closure_type": "Full Street Closure ",
        "community_board": "1, ",
        "police_precinct": "121, "
      }
    },
    {
      "type": "Feature",
      "geometry": {
        "type": "Point",
        "coordinates": [
          -73.84191799999999,
          40.69852
        ]
      },
      "properties": {
        "event_id": "359554",
        "event_name": "107th Street 2017 Block Party",
        "event_type": "Block Party",
        "event_agency": "Street Activity Permit Office",
        "event_location": " 107 STREET between 85 AVENUE and 86 AVENUE",
        "event_borough": "Queens",
        "start_date": "2017-08-19T13:00:00.000",
        "end_date": "2017-08-19T20:00:00.000",
        "start_formatted": "August 19, 2017 01:00 PM",
        "end_formatted": "August 19, 2017 08:00 PM",
        "street_closure_type": "Full Street Closure ",
        "community_board": "9, ",
        "police_precinct": "102, "
      }
    },
    {
      "type": "Feature",
      "geometry": {
        "type": "Point",
        "coordinates": [
          -73.7782165,
          40.757147
        ]
      },
      "properties": {
        "event_id": "348700",
        "event_name": "45th road Family Day",
        "event_type": "Block Party",
        "event_agency": "Street Activity Permit Office",
        "event_location": " 45 ROAD between 204 STREET and CLEARVIEW EXPRESSWAY",
        "event_borough": "Queens",
        "start_date": "2017-08-19T13:00:00.000",
        "end_date": "2017-08-19T20:00:00.000",
        "start_formatted": "August 19, 2017 01:00 PM",
        "end_formatted": "August 19, 2017 08:00 PM",
        "street_closure_type": "Full Street Closure ",
        "community_board": "11, ",
        "police_precinct": "111, "
      }
    },
    {
      "type": "Feature",
      "geometry": {
        "type": "Point",
        "coordinates": [
          -73.73883699999999,
          40.680932
        ]
      },
      "properties": {
        "event_id": "349531",
        "event_name": "229th Street Tudor Block Assoc. Annual Block Party",
        "event_type": "Block Party",
        "event_agency": "Street Activity Permit Office",
        "event_location": " 229 STREET between 131 AVENUE and 130 AVENUE",
        "event_borough": "Queens",
        "start_date": "2017-08-19T13:00:00.000",
        "end_date": "2017-08-19T20:00:00.000",
        "start_formatted": "August 19, 2017 01:00 PM",
        "end_formatted": "August 19, 2017 08:00 PM",
        "street_closure_type": "Full Street Closure ",
        "community_board": "13, ",
        "police_precinct": "105, "
      }
    },
    {
      "type": "Feature",
      "geometry": {
        "type": "Point",
        "coordinates": [
          -73.8513025,
          40.8357105
        ]
      },
      "properties": {
        "event_id": "358071",
        "event_name": "Lyons Ave 5th block party",
        "event_type": "Block Party",
        "event_agency": "Street Activity Permit Office",
        "event_location": " LYON AVENUE between GLEBE AVENUE and CASTLE HILL AVENUE",
        "event_borough": "Bronx",
        "start_date": "2017-08-19T13:00:00.000",
        "end_date": "2017-08-19T21:00:00.000",
        "start_formatted": "August 19, 2017 01:00 PM",
        "end_formatted": "August 19, 2017 09:00 PM",
        "street_closure_type": "Full Street Closure ",
        "community_board": "10, ",
        "police_precinct": "45, "
      }
    },
    {
      "type": "Feature",
      "geometry": {
        "type": "Point",
        "coordinates": [
          -73.73967250000001,
          40.768007
        ]
      },
      "properties": {
        "event_id": "353843",
        "event_name": "248th Block Party 2017",
        "event_type": "Block Party",
        "event_agency": "Street Activity Permit Office",
        "event_location": " 248 STREET between 43 AVENUE and NORTHERN BOULEVARD",
        "event_borough": "Queens",
        "start_date": "2017-08-19T13:00:00.000",
        "end_date": "2017-08-19T20:00:00.000",
        "start_formatted": "August 19, 2017 01:00 PM",
        "end_formatted": "August 19, 2017 08:00 PM",
        "street_closure_type": "Full Street Closure ",
        "community_board": "11, ",
        "police_precinct": "111, "
      }
    },
    {
      "type": "Feature",
      "geometry": {
        "type": "Point",
        "coordinates": [
          -73.8404235,
          40.6495565
        ]
      },
      "properties": {
        "event_id": "348135",
        "event_name": "90 street block party",
        "event_type": "Block Party",
        "event_agency": "Street Activity Permit Office",
        "event_location": " 90 STREET between 165 AVENUE and 164 AVENUE",
        "event_borough": "Queens",
        "start_date": "2017-08-19T13:00:00.000",
        "end_date": "2017-08-19T21:00:00.000",
        "start_formatted": "August 19, 2017 01:00 PM",
        "end_formatted": "August 19, 2017 09:00 PM",
        "street_closure_type": "Full Street Closure ",
        "community_board": "10, ",
        "police_precinct": "106, "
      }
    },
    {
      "type": "Feature",
      "geometry": {
        "type": "Point",
        "coordinates": [
          -74.19005899999999,
          40.549661
        ]
      },
      "properties": {
        "event_id": "353025",
        "event_name": "Ruxton Ave Block Party",
        "event_type": "Block Party",
        "event_agency": "Street Activity Permit Office",
        "event_location": " RUXTON AVENUE between VESPA AVENUE and WOODROW ROAD",
        "event_borough": "Staten Island",
        "start_date": "2017-08-19T12:30:00.000",
        "end_date": "2017-08-19T21:00:00.000",
        "start_formatted": "August 19, 2017 12:30 PM",
        "end_formatted": "August 19, 2017 09:00 PM",
        "street_closure_type": "Full Street Closure ",
        "community_board": "3, ",
        "police_precinct": "123, "
      }
    },
    {
      "type": "Feature",
      "geometry": {
        "type": "Point",
        "coordinates": [
          -73.7482115,
          40.6646675
        ]
      },
      "properties": {
        "event_id": "348075",
        "event_name": "Crooks Block Party",
        "event_type": "Block Party",
        "event_agency": "Street Activity Permit Office",
        "event_location": " EDGEWOOD AVENUE between 229 STREET and 230 STREET",
        "event_borough": "Queens",
        "start_date": "2017-08-19T12:30:00.000",
        "end_date": "2017-08-19T21:00:00.000",
        "start_formatted": "August 19, 2017 12:30 PM",
        "end_formatted": "August 19, 2017 09:00 PM",
        "street_closure_type": "Full Street Closure ",
        "community_board": "13, ",
        "police_precinct": "105, "
      }
    },
    {
      "type": "Feature",
      "geometry": {
        "type": "Point",
        "coordinates": [
          -73.94596849999999,
          40.8262395
        ]
      },
      "properties": {
        "event_id": "352791",
        "event_name": "147th street annual block party",
        "event_type": "Block Party",
        "event_agency": "Street Activity Permit Office",
        "event_location": " WEST  147 STREET between AMSTERDAM AVENUE and CONVENT AVENUE",
        "event_borough": "Manhattan",
        "start_date": "2017-08-19T12:00:00.000",
        "end_date": "2017-08-19T17:00:00.000",
        "start_formatted": "August 19, 2017 12:00 PM",
        "end_formatted": "August 19, 2017 05:00 PM",
        "street_closure_type": "Sidewalk and Street Closure ",
        "community_board": "9, ",
        "police_precinct": "30, "
      }
    },
    {
      "type": "Feature",
      "geometry": {
        "type": "Point",
        "coordinates": [
          -74.0004935,
          40.573901
        ]
      },
      "properties": {
        "event_id": "349622",
        "event_name": "Site 8 Family and Friends Day",
        "event_type": "Block Party",
        "event_agency": "Street Activity Permit Office",
        "event_location": " WEST   35 STREET between SURF AVENUE and MERMAID AVENUE",
        "event_borough": "Brooklyn",
        "start_date": "2017-08-19T12:00:00.000",
        "end_date": "2017-08-19T18:30:00.000",
        "start_formatted": "August 19, 2017 12:00 PM",
        "end_formatted": "August 19, 2017 06:30 PM",
        "street_closure_type": "Full Street Closure ",
        "community_board": "13, ",
        "police_precinct": "60, "
      }
    },
    {
      "type": "Feature",
      "geometry": {
        "type": "Point",
        "coordinates": [
          -73.9440385,
          40.7863065
        ]
      },
      "properties": {
        "event_id": "349605",
        "event_name": "old timers block party",
        "event_type": "Block Party",
        "event_agency": "Street Activity Permit Office",
        "event_location": " EAST  100 STREET between 1 AVENUE and 2 AVENUE",
        "event_borough": "Manhattan",
        "start_date": "2017-08-19T12:00:00.000",
        "end_date": "2017-08-19T19:00:00.000",
        "start_formatted": "August 19, 2017 12:00 PM",
        "end_formatted": "August 19, 2017 07:00 PM",
        "street_closure_type": "Full Street Closure ",
        "community_board": "11, ",
        "police_precinct": "23, "
      }
    },
    {
      "type": "Feature",
      "geometry": {
        "type": "Point",
        "coordinates": [
          -73.8357575,
          40.6623615
        ]
      },
      "properties": {
        "event_id": "345183",
        "event_name": "98th Street Block Party",
        "event_type": "Block Party",
        "event_agency": "Street Activity Permit Office",
        "event_location": " 98 STREET between 157 AVENUE and 158 AVENUE",
        "event_borough": "Queens",
        "start_date": "2017-08-19T12:00:00.000",
        "end_date": "2017-08-19T21:00:00.000",
        "start_formatted": "August 19, 2017 12:00 PM",
        "end_formatted": "August 19, 2017 09:00 PM",
        "street_closure_type": "Full Street Closure ",
        "community_board": "10, ",
        "police_precinct": "106, "
      }
    },
    {
      "type": "Feature",
      "geometry": {
        "type": "Point",
        "coordinates": [
          -73.92058,
          40.6367585
        ]
      },
      "properties": {
        "event_id": "350690",
        "event_name": "Block Party",
        "event_type": "Block Party",
        "event_agency": "Street Activity Permit Office",
        "event_location": " FARRAGUT ROAD between EAST   58 STREET and EAST   59 STREET",
        "event_borough": "Brooklyn",
        "start_date": "2017-08-19T12:00:00.000",
        "end_date": "2017-08-19T15:00:00.000",
        "start_formatted": "August 19, 2017 12:00 PM",
        "end_formatted": "August 19, 2017 03:00 PM",
        "street_closure_type": "Full Street Closure ",
        "community_board": "18, ",
        "police_precinct": "63, "
      }
    },
    {
      "type": "Feature",
      "geometry": {
        "type": "Point",
        "coordinates": [
          -74.169421,
          40.5539955
        ]
      },
      "properties": {
        "event_id": "352563",
        "event_name": "Stroud Avenue Block Party",
        "event_type": "Block Party",
        "event_agency": "Street Activity Permit Office",
        "event_location": " STROUD AVENUE between RICHMOND AVENUE and WAINWRIGHT AVENUE",
        "event_borough": "Staten Island",
        "start_date": "2017-08-19T12:00:00.000",
        "end_date": "2017-08-19T21:00:00.000",
        "start_formatted": "August 19, 2017 12:00 PM",
        "end_formatted": "August 19, 2017 09:00 PM",
        "street_closure_type": "Sidewalk and Street Closure ",
        "community_board": "3, ",
        "police_precinct": "123, "
      }
    },
    {
      "type": "Feature",
      "geometry": {
        "type": "Point",
        "coordinates": [
          -73.983748,
          40.712261999999996
        ]
      },
      "properties": {
        "event_id": "352819",
        "event_name": "Stick Ball Classic",
        "event_type": "Block Party",
        "event_agency": "Street Activity Permit Office",
        "event_location": " GOUVERNEUR STREET between MADISON STREET and WATER STREET",
        "event_borough": "Manhattan",
        "start_date": "2017-08-19T12:00:00.000",
        "end_date": "2017-08-19T19:00:00.000",
        "start_formatted": "August 19, 2017 12:00 PM",
        "end_formatted": "August 19, 2017 07:00 PM",
        "street_closure_type": "Full Street Closure ",
        "community_board": "3, ",
        "police_precinct": "7, "
      }
    },
    {
      "type": "Feature",
      "geometry": {
        "type": "Point",
        "coordinates": [
          -73.897321,
          40.658749
        ]
      },
      "properties": {
        "event_id": "324571",
        "event_name": "Hinsdale Block Party Neighbors helping Neighbors",
        "event_type": "Block Party",
        "event_agency": "Street Activity Permit Office",
        "event_location": " HINSDALE STREET between NEW LOTS AVENUE and LINDEN BOULEVARD",
        "event_borough": "Brooklyn",
        "start_date": "2017-08-19T12:00:00.000",
        "end_date": "2017-08-19T21:00:00.000",
        "start_formatted": "August 19, 2017 12:00 PM",
        "end_formatted": "August 19, 2017 09:00 PM",
        "street_closure_type": "Full Street Closure ",
        "community_board": "5, ",
        "police_precinct": "75, "
      }
    },
    {
      "type": "Feature",
      "geometry": {
        "type": "Point",
        "coordinates": [
          -73.98175749999999,
          40.6769115
        ]
      },
      "properties": {
        "event_id": "348552",
        "event_name": "Union Street Block Party 2017",
        "event_type": "Block Party",
        "event_agency": "Street Activity Permit Office",
        "event_location": " UNION STREET between 4 AVENUE and 5 AVENUE",
        "event_borough": "Brooklyn",
        "start_date": "2017-08-19T12:00:00.000",
        "end_date": "2017-08-19T18:00:00.000",
        "start_formatted": "August 19, 2017 12:00 PM",
        "end_formatted": "August 19, 2017 06:00 PM",
        "street_closure_type": "Full Street Closure ",
        "community_board": "6, ",
        "police_precinct": "78, "
      }
    },
    {
      "type": "Feature",
      "geometry": {
        "type": "Point",
        "coordinates": [
          -73.87391,
          40.703503999999995
        ]
      },
      "properties": {
        "event_id": "359146",
        "event_name": "75 Street Block Party",
        "event_type": "Block Party",
        "event_agency": "Street Activity Permit Office",
        "event_location": " 75 STREET between MYRTLE AVENUE and 78 AVENUE",
        "event_borough": "Queens",
        "start_date": "2017-08-19T12:00:00.000",
        "end_date": "2017-08-19T21:00:00.000",
        "start_formatted": "August 19, 2017 12:00 PM",
        "end_formatted": "August 19, 2017 09:00 PM",
        "street_closure_type": "Sidewalk and Street Closure ",
        "community_board": "5, ",
        "police_precinct": "104, "
      }
    },
    {
      "type": "Feature",
      "geometry": {
        "type": "Point",
        "coordinates": [
          -74.173915,
          40.5614875
        ]
      },
      "properties": {
        "event_id": "351100",
        "event_name": "Ladd Avenue Block Party",
        "event_type": "Block Party",
        "event_agency": "Street Activity Permit Office",
        "event_location": " LADD AVENUE between CHALLENGER DRIVE and CROSSFIELD AVENUE",
        "event_borough": "Staten Island",
        "start_date": "2017-08-19T12:00:00.000",
        "end_date": "2017-08-19T21:00:00.000",
        "start_formatted": "August 19, 2017 12:00 PM",
        "end_formatted": "August 19, 2017 09:00 PM",
        "street_closure_type": "Full Street Closure ",
        "community_board": "3, ",
        "police_precinct": "123, "
      }
    },
    {
      "type": "Feature",
      "geometry": {
        "type": "Point",
        "coordinates": [
          -73.76308,
          40.670784499999996
        ]
      },
      "properties": {
        "event_id": "358397",
        "event_name": "Springfield Gardens Family  Community Day",
        "event_type": "Block Party",
        "event_agency": "Street Activity Permit Office",
        "event_location": " 141 AVENUE between 180 STREET and 181 STREET",
        "event_borough": "Queens",
        "start_date": "2017-08-19T12:00:00.000",
        "end_date": "2017-08-19T18:00:00.000",
        "start_formatted": "August 19, 2017 12:00 PM",
        "end_formatted": "August 19, 2017 06:00 PM",
        "street_closure_type": "Full Street Closure ",
        "community_board": "12, ",
        "police_precinct": "113, "
      }
    },
    {
      "type": "Feature",
      "geometry": {
        "type": "Point",
        "coordinates": [
          -73.9419,
          40.82032
        ]
      },
      "properties": {
        "event_id": "362106",
        "event_name": "Drew Hamilton Family Day 2017",
        "event_type": "Block Party",
        "event_agency": "Street Activity Permit Office",
        "event_location": " WEST  142 STREET between 7 AVENUE and 8 AVENUE",
        "event_borough": "Manhattan",
        "start_date": "2017-08-19T12:00:00.000",
        "end_date": "2017-08-19T17:00:00.000",
        "start_formatted": "August 19, 2017 12:00 PM",
        "end_formatted": "August 19, 2017 05:00 PM",
        "street_closure_type": "Full Street Closure ",
        "community_board": "10, ",
        "police_precinct": "32, "
      }
    },
    {
      "type": "Feature",
      "geometry": {
        "type": "Point",
        "coordinates": [
          -73.95686699999999,
          40.711361499999995
        ]
      },
      "properties": {
        "event_id": "356814",
        "event_name": "PART 2 SOUTH SECOND KIDS DAY",
        "event_type": "Block Party",
        "event_agency": "Street Activity Permit Office",
        "event_location": " SOUTH SECOND STREET between MARCY AVENUE and HAVEMEYER STREET",
        "event_borough": "Brooklyn",
        "start_date": "2017-08-19T12:00:00.000",
        "end_date": "2017-08-19T20:00:00.000",
        "start_formatted": "August 19, 2017 12:00 PM",
        "end_formatted": "August 19, 2017 08:00 PM",
        "street_closure_type": "Full Street Closure ",
        "community_board": "1, ",
        "police_precinct": "90, "
      }
    },
    {
      "type": "Feature",
      "geometry": {
        "type": "Point",
        "coordinates": [
          -73.8611525,
          40.574870000000004
        ]
      },
      "properties": {
        "event_id": "359735",
        "event_name": "143 block party",
        "event_type": "Block Party",
        "event_agency": "Street Activity Permit Office",
        "event_location": " BEACH 143 STREET between NEWPORT AVENUE and CRONSTON AVENUE",
        "event_borough": "Queens",
        "start_date": "2017-08-19T12:00:00.000",
        "end_date": "2017-08-19T21:00:00.000",
        "start_formatted": "August 19, 2017 12:00 PM",
        "end_formatted": "August 19, 2017 09:00 PM",
        "street_closure_type": "Full Street Closure ",
        "community_board": "14, ",
        "police_precinct": "100, "
      }
    },
    {
      "type": "Feature",
      "geometry": {
        "type": "Point",
        "coordinates": [
          -73.869142,
          40.8660005
        ]
      },
      "properties": {
        "event_id": "355892",
        "event_name": "ACTA Block Party",
        "event_type": "Block Party",
        "event_agency": "Street Activity Permit Office",
        "event_location": " BARKER AVENUE between ALLERTON AVENUE and BRITTON STREET",
        "event_borough": "Bronx",
        "start_date": "2017-08-19T12:00:00.000",
        "end_date": "2017-08-19T20:00:00.000",
        "start_formatted": "August 19, 2017 12:00 PM",
        "end_formatted": "August 19, 2017 08:00 PM",
        "street_closure_type": "Full Street Closure ",
        "community_board": "11, ",
        "police_precinct": "49, "
      }
    },
    {
      "type": "Feature",
      "geometry": {
        "type": "Point",
        "coordinates": [
          -73.71994699999999,
          40.72716
        ]
      },
      "properties": {
        "event_id": "349492",
        "event_name": "Block party",
        "event_type": "Block Party",
        "event_agency": "Street Activity Permit Office",
        "event_location": " 89 AVENUE between 247 STREET and COMMONWEALTH BOULEVARD",
        "event_borough": "Queens",
        "start_date": "2017-08-19T12:00:00.000",
        "end_date": "2017-08-19T21:00:00.000",
        "start_formatted": "August 19, 2017 12:00 PM",
        "end_formatted": "August 19, 2017 09:00 PM",
        "street_closure_type": "Full Street Closure ",
        "community_board": "13, ",
        "police_precinct": "105, "
      }
    },
    {
      "type": "Feature",
      "geometry": {
        "type": "Point",
        "coordinates": [
          -73.8242765,
          40.672114
        ]
      },
      "properties": {
        "event_id": "350230",
        "event_name": "115th Street Block Association",
        "event_type": "Block Party",
        "event_agency": "Street Activity Permit Office",
        "event_location": " 115 STREET between 133 AVENUE and 135 AVENUE",
        "event_borough": "Queens",
        "start_date": "2017-08-19T12:00:00.000",
        "end_date": "2017-08-19T21:00:00.000",
        "start_formatted": "August 19, 2017 12:00 PM",
        "end_formatted": "August 19, 2017 09:00 PM",
        "street_closure_type": "Full Street Closure ",
        "community_board": "10, ",
        "police_precinct": "106, "
      }
    },
    {
      "type": "Feature",
      "geometry": {
        "type": "Point",
        "coordinates": [
          -73.7861445,
          40.593699
        ]
      },
      "properties": {
        "event_id": "357463",
        "event_name": "Oceanside Family Day",
        "event_type": "Block Party",
        "event_agency": "Street Activity Permit Office",
        "event_location": " BEACH   56 STREET between BEACH CHANNEL DRIVE and ARVERNE BOULEVARD",
        "event_borough": "Queens",
        "start_date": "2017-08-19T12:00:00.000",
        "end_date": "2017-08-19T17:00:00.000",
        "start_formatted": "August 19, 2017 12:00 PM",
        "end_formatted": "August 19, 2017 05:00 PM",
        "street_closure_type": "Full Street Closure ",
        "community_board": "14, ",
        "police_precinct": "101, "
      }
    },
    {
      "type": "Feature",
      "geometry": {
        "type": "Point",
        "coordinates": [
          -73.915022,
          40.8238425
        ]
      },
      "properties": {
        "event_id": "351095",
        "event_name": "St. Davids Block Party",
        "event_type": "Block Party",
        "event_agency": "Street Activity Permit Office",
        "event_location": " EAST  160 STREET between MELROSE AVENUE and COURTLANDT AVENUE",
        "event_borough": "Bronx",
        "start_date": "2017-08-19T12:00:00.000",
        "end_date": "2017-08-19T17:00:00.000",
        "start_formatted": "August 19, 2017 12:00 PM",
        "end_formatted": "August 19, 2017 05:00 PM",
        "street_closure_type": "Sidewalk and Street Closure ",
        "community_board": "3, ",
        "police_precinct": "42, "
      }
    },
    {
      "type": "Feature",
      "geometry": {
        "type": "Point",
        "coordinates": [
          -73.7170595,
          40.7343415
        ]
      },
      "properties": {
        "event_id": "358803",
        "event_name": "250th Street Block Party",
        "event_type": "Block Party",
        "event_agency": "Street Activity Permit Office",
        "event_location": " 250 STREET between 85 AVENUE and HILLSIDE AVENUE",
        "event_borough": "Queens",
        "start_date": "2017-08-19T12:00:00.000",
        "end_date": "2017-08-19T19:00:00.000",
        "start_formatted": "August 19, 2017 12:00 PM",
        "end_formatted": "August 19, 2017 07:00 PM",
        "street_closure_type": "Full Street Closure ",
        "community_board": "13, ",
        "police_precinct": "105, "
      }
    },
    {
      "type": "Feature",
      "geometry": {
        "type": "Point",
        "coordinates": [
          -74.0137775,
          40.643547999999996
        ]
      },
      "properties": {
        "event_id": "348753",
        "event_name": "54th Street Block Association Block Party",
        "event_type": "Block Party",
        "event_agency": "Street Activity Permit Office",
        "event_location": " 54 STREET between 4 AVENUE and 5 AVENUE",
        "event_borough": "Brooklyn",
        "start_date": "2017-08-19T12:00:00.000",
        "end_date": "2017-08-19T21:00:00.000",
        "start_formatted": "August 19, 2017 12:00 PM",
        "end_formatted": "August 19, 2017 09:00 PM",
        "street_closure_type": "Full Street Closure ",
        "community_board": "7, ",
        "police_precinct": "72, "
      }
    },
    {
      "type": "Feature",
      "geometry": {
        "type": "Point",
        "coordinates": [
          -74.01575700000001,
          40.648386
        ]
      },
      "properties": {
        "event_id": "349445",
        "event_name": "50th Street Block Party 2017",
        "event_type": "Block Party",
        "event_agency": "Street Activity Permit Office",
        "event_location": " 50 STREET between 2 AVENUE and 3 AVENUE",
        "event_borough": "Brooklyn",
        "start_date": "2017-08-19T12:00:00.000",
        "end_date": "2017-08-19T21:00:00.000",
        "start_formatted": "August 19, 2017 12:00 PM",
        "end_formatted": "August 19, 2017 09:00 PM",
        "street_closure_type": "Full Street Closure ",
        "community_board": "7, ",
        "police_precinct": "72, "
      }
    },
    {
      "type": "Feature",
      "geometry": {
        "type": "Point",
        "coordinates": [
          -74.154541,
          40.538484
        ]
      },
      "properties": {
        "event_id": "354779",
        "event_name": "3rd Block party",
        "event_type": "Block Party",
        "event_agency": "Street Activity Permit Office",
        "event_location": " PACIFIC AVENUE between KING STREET and HILLCREST STREET",
        "event_borough": "Staten Island",
        "start_date": "2017-08-19T12:00:00.000",
        "end_date": "2017-08-19T21:00:00.000",
        "start_formatted": "August 19, 2017 12:00 PM",
        "end_formatted": "August 19, 2017 09:00 PM",
        "street_closure_type": "Full Street Closure ",
        "community_board": "3, ",
        "police_precinct": "122, "
      }
    },
    {
      "type": "Feature",
      "geometry": {
        "type": "Point",
        "coordinates": [
          -73.8334275,
          40.695406
        ]
      },
      "properties": {
        "event_id": "353094",
        "event_name": "FGAQ Carnival 2017",
        "event_type": "Block Party",
        "event_agency": "Street Activity Permit Office",
        "event_location": " 114 STREET between 89 AVENUE and 91 AVENUE",
        "event_borough": "Queens",
        "start_date": "2017-08-19T12:00:00.000",
        "end_date": "2017-08-19T17:00:00.000",
        "start_formatted": "August 19, 2017 12:00 PM",
        "end_formatted": "August 19, 2017 05:00 PM",
        "street_closure_type": "Sidewalk and Street Closure ",
        "community_board": "9, ",
        "police_precinct": "102, "
      }
    },
    {
      "type": "Feature",
      "geometry": {
        "type": "Point",
        "coordinates": [
          -73.968095,
          40.694482
        ]
      },
      "properties": {
        "event_id": "352371",
        "event_name": "WAVERLY AVENUE ASSOCIATION",
        "event_type": "Block Party",
        "event_agency": "Street Activity Permit Office",
        "event_location": " WAVERLY AVENUE between MYRTLE AVENUE and PARK AVENUE",
        "event_borough": "Brooklyn",
        "start_date": "2017-08-19T12:00:00.000",
        "end_date": "2017-08-19T21:00:00.000",
        "start_formatted": "August 19, 2017 12:00 PM",
        "end_formatted": "August 19, 2017 09:00 PM",
        "street_closure_type": "Full Street Closure ",
        "community_board": "2, ",
        "police_precinct": "88, "
      }
    },
    {
      "type": "Feature",
      "geometry": {
        "type": "Point",
        "coordinates": [
          -74.1367275,
          40.611101
        ]
      },
      "properties": {
        "event_id": "350316",
        "event_name": "Carmel-Bass-Caro Block Party",
        "event_type": "Block Party",
        "event_agency": "Street Activity Permit Office",
        "event_location": " CARMEL AVENUE between VICTORY BOULEVARD and PURDY AVENUE",
        "event_borough": "Staten Island",
        "start_date": "2017-08-19T12:00:00.000",
        "end_date": "2017-08-19T21:00:00.000",
        "start_formatted": "August 19, 2017 12:00 PM",
        "end_formatted": "August 19, 2017 09:00 PM",
        "street_closure_type": "Full Street Closure ",
        "community_board": "1, ",
        "police_precinct": "121, "
      }
    },
    {
      "type": "Feature",
      "geometry": {
        "type": "Point",
        "coordinates": [
          -73.9582565,
          40.813194499999994
        ]
      },
      "properties": {
        "event_id": "347903",
        "event_name": "GRANT FAMILY DAY",
        "event_type": "Block Party",
        "event_agency": "Street Activity Permit Office",
        "event_location": " LASALLE STREET between AMSTERDAM AVENUE and BROADWAY",
        "event_borough": "Manhattan",
        "start_date": "2017-08-19T12:00:00.000",
        "end_date": "2017-08-19T19:00:00.000",
        "start_formatted": "August 19, 2017 12:00 PM",
        "end_formatted": "August 19, 2017 07:00 PM",
        "street_closure_type": "Full Street Closure ",
        "community_board": "9, ",
        "police_precinct": "26, "
      }
    },
    {
      "type": "Feature",
      "geometry": {
        "type": "Point",
        "coordinates": [
          -73.9074605,
          40.718095500000004
        ]
      },
      "properties": {
        "event_id": "349411",
        "event_name": "59th RD  Block Party",
        "event_type": "Block Party",
        "event_agency": "Street Activity Permit Office",
        "event_location": " 59 ROAD between 60 STREET and 59 STREET",
        "event_borough": "Queens",
        "start_date": "2017-08-19T12:00:00.000",
        "end_date": "2017-08-19T21:00:00.000",
        "start_formatted": "August 19, 2017 12:00 PM",
        "end_formatted": "August 19, 2017 09:00 PM",
        "street_closure_type": "Full Street Closure ",
        "community_board": "5, ",
        "police_precinct": "104, "
      }
    },
    {
      "type": "Feature",
      "geometry": {
        "type": "Point",
        "coordinates": [
          -73.946257,
          40.670585
        ]
      },
      "properties": {
        "event_id": "355661",
        "event_name": "Block Party",
        "event_type": "Block Party",
        "event_agency": "Street Activity Permit Office",
        "event_location": " LINCOLN PLACE between NEW YORK AVENUE and BROOKLYN AVENUE",
        "event_borough": "Brooklyn",
        "start_date": "2017-08-19T12:00:00.000",
        "end_date": "2017-08-19T19:30:00.000",
        "start_formatted": "August 19, 2017 12:00 PM",
        "end_formatted": "August 19, 2017 07:30 PM",
        "street_closure_type": "Full Street Closure ",
        "community_board": "8, ",
        "police_precinct": "77, "
      }
    },
    {
      "type": "Feature",
      "geometry": {
        "type": "Point",
        "coordinates": [
          -73.9443435,
          40.822599
        ]
      },
      "properties": {
        "event_id": "342571",
        "event_name": "Bring a Chair \"Out with a Bang\"",
        "event_type": "Block Party",
        "event_agency": "Street Activity Permit Office",
        "event_location": " EDGECOMBE AVENUE between WEST  145 STREET and WEST  142 STREET",
        "event_borough": "Manhattan",
        "start_date": "2017-08-19T12:00:00.000",
        "end_date": "2017-08-19T17:00:00.000",
        "start_formatted": "August 19, 2017 12:00 PM",
        "end_formatted": "August 19, 2017 05:00 PM",
        "street_closure_type": "Full Street Closure ",
        "community_board": "9, ",
        "police_precinct": "30, "
      }
    },
    {
      "type": "Feature",
      "geometry": {
        "type": "Point",
        "coordinates": [
          -73.92770150000001,
          40.6836045
        ]
      },
      "properties": {
        "event_id": "312999",
        "event_name": "Macon Street Block Party",
        "event_type": "Block Party",
        "event_agency": "Street Activity Permit Office",
        "event_location": " MACON STREET between PATCHEN AVENUE and MALCOLM X BOULEVARD",
        "event_borough": "Brooklyn",
        "start_date": "2017-08-19T12:00:00.000",
        "end_date": "2017-08-19T20:00:00.000",
        "start_formatted": "August 19, 2017 12:00 PM",
        "end_formatted": "August 19, 2017 08:00 PM",
        "street_closure_type": "Full Street Closure ",
        "community_board": "3, ",
        "police_precinct": "81, "
      }
    },
    {
      "type": "Feature",
      "geometry": {
        "type": "Point",
        "coordinates": [
          -74.1118875,
          40.5758255
        ]
      },
      "properties": {
        "event_id": "359578",
        "event_name": "Otis ave block party",
        "event_type": "Block Party",
        "event_agency": "Street Activity Permit Office",
        "event_location": " OTIS AVENUE between EDISON STREET and S RAILROAD AVENUE",
        "event_borough": "Staten Island",
        "start_date": "2017-08-19T12:00:00.000",
        "end_date": "2017-08-19T21:00:00.000",
        "start_formatted": "August 19, 2017 12:00 PM",
        "end_formatted": "August 19, 2017 09:00 PM",
        "street_closure_type": "Full Street Closure ",
        "community_board": "2, ",
        "police_precinct": "122, "
      }
    },
    {
      "type": "Feature",
      "geometry": {
        "type": "Point",
        "coordinates": [
          -74.0889985,
          40.593658
        ]
      },
      "properties": {
        "event_id": "330125",
        "event_name": "south railroad block party",
        "event_type": "Block Party",
        "event_agency": "Street Activity Permit Office",
        "event_location": " SOUTH RAILROAD AVENUE between COOPER AVENUE and BATH AVENUE",
        "event_borough": "Staten Island",
        "start_date": "2017-08-19T12:00:00.000",
        "end_date": "2017-08-19T21:00:00.000",
        "start_formatted": "August 19, 2017 12:00 PM",
        "end_formatted": "August 19, 2017 09:00 PM",
        "street_closure_type": "Sidewalk and Street Closure ",
        "community_board": "2, ",
        "police_precinct": "122, "
      }
    },
    {
      "type": "Feature",
      "geometry": {
        "type": "Point",
        "coordinates": [
          -73.939347,
          40.7173675
        ]
      },
      "properties": {
        "event_id": "357549",
        "event_name": "Cooper Park Family Day",
        "event_type": "Block Party",
        "event_agency": "Street Activity Permit Office",
        "event_location": " JACKSON STREET between KINGSLAND AVENUE and DEBEVOISE AVE",
        "event_borough": "Brooklyn",
        "start_date": "2017-08-19T12:00:00.000",
        "end_date": "2017-08-19T19:00:00.000",
        "start_formatted": "August 19, 2017 12:00 PM",
        "end_formatted": "August 19, 2017 07:00 PM",
        "street_closure_type": "Full Street Closure ",
        "community_board": "1, ",
        "police_precinct": "94, "
      }
    },
    {
      "type": "Feature",
      "geometry": {
        "type": "Point",
        "coordinates": [
          -73.81614099999999,
          40.685166499999994
        ]
      },
      "properties": {
        "event_id": "354093",
        "event_name": "127th street annual block party",
        "event_type": "Block Party",
        "event_agency": "Street Activity Permit Office",
        "event_location": " 127 STREET between 107 AVENUE and 109 AVENUE",
        "event_borough": "Queens",
        "start_date": "2017-08-19T12:00:00.000",
        "end_date": "2017-08-19T19:00:00.000",
        "start_formatted": "August 19, 2017 12:00 PM",
        "end_formatted": "August 19, 2017 07:00 PM",
        "street_closure_type": "Full Street Closure ",
        "community_board": "10, ",
        "police_precinct": "106, "
      }
    },
    {
      "type": "Feature",
      "geometry": {
        "type": "Point",
        "coordinates": [
          -73.98165900000001,
          40.6816865
        ]
      },
      "properties": {
        "event_id": "358965",
        "event_name": "Family  Friends and Neighbors",
        "event_type": "Block Party",
        "event_agency": "Street Activity Permit Office",
        "event_location": " WARREN STREET between 3 AVENUE and 4 AVENUE",
        "event_borough": "Brooklyn",
        "start_date": "2017-08-19T12:00:00.000",
        "end_date": "2017-08-19T19:00:00.000",
        "start_formatted": "August 19, 2017 12:00 PM",
        "end_formatted": "August 19, 2017 07:00 PM",
        "street_closure_type": "Full Street Closure ",
        "community_board": "2, 6, ",
        "police_precinct": "78, 84, "
      }
    },
    {
      "type": "Feature",
      "geometry": {
        "type": "Point",
        "coordinates": [
          -73.9794245,
          40.649034
        ]
      },
      "properties": {
        "event_id": "356703",
        "event_name": "East 2nd Street Block Party",
        "event_type": "Block Party",
        "event_agency": "Street Activity Permit Office",
        "event_location": " EAST    2 STREET between GREENWOOD AVENUE and FT HAMILTON PARKWAY",
        "event_borough": "Brooklyn",
        "start_date": "2017-08-19T12:00:00.000",
        "end_date": "2017-08-19T21:00:00.000",
        "start_formatted": "August 19, 2017 12:00 PM",
        "end_formatted": "August 19, 2017 09:00 PM",
        "street_closure_type": "Full Street Closure ",
        "community_board": "7, ",
        "police_precinct": "72, "
      }
    },
    {
      "type": "Feature",
      "geometry": {
        "type": "Point",
        "coordinates": [
          -73.887472,
          40.870484000000005
        ]
      },
      "properties": {
        "event_id": "348043",
        "event_name": "St. Samuel Cathedral COGIC Street Fair",
        "event_type": "Block Party",
        "event_agency": "Street Activity Permit Office",
        "event_location": " EAST  199 STREET between BRIGGS AVENUE and VALENTINE AVENUE",
        "event_borough": "Bronx",
        "start_date": "2017-08-19T12:00:00.000",
        "end_date": "2017-08-19T17:00:00.000",
        "start_formatted": "August 19, 2017 12:00 PM",
        "end_formatted": "August 19, 2017 05:00 PM",
        "street_closure_type": "Full Street Closure ",
        "community_board": "7, ",
        "police_precinct": "52, "
      }
    },
    {
      "type": "Feature",
      "geometry": {
        "type": "Point",
        "coordinates": [
          -73.7886885,
          40.69453
        ]
      },
      "properties": {
        "event_id": "345900",
        "event_name": "United Faith Baptist Church Back To School Rally",
        "event_type": "Block Party",
        "event_agency": "Street Activity Permit Office",
        "event_location": " 164 STREET between 110 AVENUE and 109 AVENUE",
        "event_borough": "Queens",
        "start_date": "2017-08-19T12:00:00.000",
        "end_date": "2017-08-19T17:00:00.000",
        "start_formatted": "August 19, 2017 12:00 PM",
        "end_formatted": "August 19, 2017 05:00 PM",
        "street_closure_type": "Full Street Closure ",
        "community_board": "12, ",
        "police_precinct": "103, "
      }
    },
    {
      "type": "Feature",
      "geometry": {
        "type": "Point",
        "coordinates": [
          -73.988864,
          40.672112
        ]
      },
      "properties": {
        "event_id": "341244",
        "event_name": "2017 7th Street Block Party",
        "event_type": "Block Party",
        "event_agency": "Street Activity Permit Office",
        "event_location": " 7 STREET between 3 AVENUE and 4 AVENUE",
        "event_borough": "Brooklyn",
        "start_date": "2017-08-19T12:00:00.000",
        "end_date": "2017-08-19T19:00:00.000",
        "start_formatted": "August 19, 2017 12:00 PM",
        "end_formatted": "August 19, 2017 07:00 PM",
        "street_closure_type": "Full Street Closure ",
        "community_board": "6, ",
        "police_precinct": "78, "
      }
    },
    {
      "type": "Feature",
      "geometry": {
        "type": "Point",
        "coordinates": [
          -73.905434,
          40.616925
        ]
      },
      "properties": {
        "event_id": "332557",
        "event_name": "E 70th Street Block Party",
        "event_type": "Block Party",
        "event_agency": "Street Activity Permit Office",
        "event_location": " EAST   70 STREET between AVENUE V and AVENUE W",
        "event_borough": "Brooklyn",
        "start_date": "2017-08-19T12:00:00.000",
        "end_date": "2017-08-19T20:00:00.000",
        "start_formatted": "August 19, 2017 12:00 PM",
        "end_formatted": "August 19, 2017 08:00 PM",
        "street_closure_type": "Full Street Closure ",
        "community_board": "18, ",
        "police_precinct": "63, "
      }
    },
    {
      "type": "Feature",
      "geometry": {
        "type": "Point",
        "coordinates": [
          -73.95227249999999,
          40.684523999999996
        ]
      },
      "properties": {
        "event_id": "331706",
        "event_name": "Madison St. 3 Annual Block Party",
        "event_type": "Block Party",
        "event_agency": "Street Activity Permit Office",
        "event_location": " MADISON STREET between BEDFORD AVENUE and NOSTRAND AVENUE",
        "event_borough": "Brooklyn",
        "start_date": "2017-08-19T12:00:00.000",
        "end_date": "2017-08-19T20:00:00.000",
        "start_formatted": "August 19, 2017 12:00 PM",
        "end_formatted": "August 19, 2017 08:00 PM",
        "street_closure_type": "Full Street Closure ",
        "community_board": "3, ",
        "police_precinct": "79, "
      }
    },
    {
      "type": "Feature",
      "geometry": {
        "type": "Point",
        "coordinates": [
          -73.900876,
          40.869197
        ]
      },
      "properties": {
        "event_id": "340741",
        "event_name": "Reaching out to the community",
        "event_type": "Block Party",
        "event_agency": "Street Activity Permit Office",
        "event_location": " EAMES PLACE between CLAFLIN AVENUE and UNIVERSITY AVENUE",
        "event_borough": "Bronx",
        "start_date": "2017-08-19T12:00:00.000",
        "end_date": "2017-08-19T17:00:00.000",
        "start_formatted": "August 19, 2017 12:00 PM",
        "end_formatted": "August 19, 2017 05:00 PM",
        "street_closure_type": "Full Street Closure ",
        "community_board": "8, ",
        "police_precinct": "50, "
      }
    },
    {
      "type": "Feature",
      "geometry": {
        "type": "Point",
        "coordinates": [
          -74.1704135,
          40.548012
        ]
      },
      "properties": {
        "event_id": "352348",
        "event_name": "lamoka avenue block party",
        "event_type": "Block Party",
        "event_agency": "Street Activity Permit Office",
        "event_location": " LAMOKA AVENUE between POMPEY AVENUE and WAINWRIGHT AVENUE",
        "event_borough": "Staten Island",
        "start_date": "2017-08-19T12:00:00.000",
        "end_date": "2017-08-19T21:00:00.000",
        "start_formatted": "August 19, 2017 12:00 PM",
        "end_formatted": "August 19, 2017 09:00 PM",
        "street_closure_type": "Full Street Closure ",
        "community_board": "3, ",
        "police_precinct": "123, "
      }
    },
    {
      "type": "Feature",
      "geometry": {
        "type": "Point",
        "coordinates": [
          -74.006204,
          40.6508295
        ]
      },
      "properties": {
        "event_id": "357181",
        "event_name": "41st Block party 2017",
        "event_type": "Block Party",
        "event_agency": "Street Activity Permit Office",
        "event_location": " 41 STREET between 4 AVENUE and 5 AVENUE",
        "event_borough": "Brooklyn",
        "start_date": "2017-08-19T11:30:00.000",
        "end_date": "2017-08-19T19:30:00.000",
        "start_formatted": "August 19, 2017 11:30 AM",
        "end_formatted": "August 19, 2017 07:30 PM",
        "street_closure_type": "Full Street Closure ",
        "community_board": "7, ",
        "police_precinct": "72, "
      }
    },
    {
      "type": "Feature",
      "geometry": {
        "type": "Point",
        "coordinates": [
          -73.9437835,
          40.69
        ]
      },
      "properties": {
        "event_id": "330515",
        "event_name": "Van Buren Annual Block Party",
        "event_type": "Block Party",
        "event_agency": "Street Activity Permit Office",
        "event_location": " VAN BUREN STREET between THROOP AVENUE and TOMPKINS AVENUE",
        "event_borough": "Brooklyn",
        "start_date": "2017-08-19T11:00:00.000",
        "end_date": "2017-08-19T20:00:00.000",
        "start_formatted": "August 19, 2017 11:00 AM",
        "end_formatted": "August 19, 2017 08:00 PM",
        "street_closure_type": "Full Street Closure ",
        "community_board": "3, ",
        "police_precinct": "79, "
      }
    },
    {
      "type": "Feature",
      "geometry": {
        "type": "Point",
        "coordinates": [
          -73.9322355,
          40.5961675
        ]
      },
      "properties": {
        "event_id": "356477",
        "event_name": "block party",
        "event_type": "Block Party",
        "event_agency": "Street Activity Permit Office",
        "event_location": " PLUMB    1 STREET between ALLEN AVENUE and AVENUE W",
        "event_borough": "Brooklyn",
        "start_date": "2017-08-19T11:00:00.000",
        "end_date": "2017-08-19T20:00:00.000",
        "start_formatted": "August 19, 2017 11:00 AM",
        "end_formatted": "August 19, 2017 08:00 PM",
        "street_closure_type": "Full Street Closure ",
        "community_board": "15, ",
        "police_precinct": "61, "
      }
    },
    {
      "type": "Feature",
      "geometry": {
        "type": "Point",
        "coordinates": [
          -73.83292449999999,
          40.883117999999996
        ]
      },
      "properties": {
        "event_id": "351175",
        "event_name": "Boston Secor Family Day",
        "event_type": "Block Party",
        "event_agency": "Street Activity Permit Office",
        "event_location": " BIVONA STREET between BOSTON ROAD and REEDS MILL LANE",
        "event_borough": "Bronx",
        "start_date": "2017-08-19T11:00:00.000",
        "end_date": "2017-08-19T19:00:00.000",
        "start_formatted": "August 19, 2017 11:00 AM",
        "end_formatted": "August 19, 2017 07:00 PM",
        "street_closure_type": "Full Street Closure ",
        "community_board": "12, ",
        "police_precinct": "47, "
      }
    },
    {
      "type": "Feature",
      "geometry": {
        "type": "Point",
        "coordinates": [
          -74.00774799999999,
          40.601324000000005
        ]
      },
      "properties": {
        "event_id": "358939",
        "event_name": "block party 2",
        "event_type": "Block Party",
        "event_agency": "Street Activity Permit Office",
        "event_location": " BAY   19 STREET between CROPSEY AVENUE and SHORE PARKWAY",
        "event_borough": "Brooklyn",
        "start_date": "2017-08-19T11:00:00.000",
        "end_date": "2017-08-19T19:00:00.000",
        "start_formatted": "August 19, 2017 11:00 AM",
        "end_formatted": "August 19, 2017 07:00 PM",
        "street_closure_type": "Sidewalk and Street Closure ",
        "community_board": "11, ",
        "police_precinct": "62, "
      }
    },
    {
      "type": "Feature",
      "geometry": {
        "type": "Point",
        "coordinates": [
          -74.00707750000001,
          40.615468
        ]
      },
      "properties": {
        "event_id": "349818",
        "event_name": "80 street block party",
        "event_type": "Block Party",
        "event_agency": "Street Activity Permit Office",
        "event_location": " 80 STREET between 14 AVENUE and 15 AVENUE",
        "event_borough": "Brooklyn",
        "start_date": "2017-08-19T11:00:00.000",
        "end_date": "2017-08-19T20:00:00.000",
        "start_formatted": "August 19, 2017 11:00 AM",
        "end_formatted": "August 19, 2017 08:00 PM",
        "street_closure_type": "Full Street Closure ",
        "community_board": "11, ",
        "police_precinct": "62, "
      }
    },
    {
      "type": "Feature",
      "geometry": {
        "type": "Point",
        "coordinates": [
          -73.900305,
          40.6396425
        ]
      },
      "properties": {
        "event_id": "354173",
        "event_name": "E. 94th St Block Party",
        "event_type": "Block Party",
        "event_agency": "Street Activity Permit Office",
        "event_location": " EAST   94 STREET between AVENUE J and AVENUE K",
        "event_borough": "Brooklyn",
        "start_date": "2017-08-19T11:00:00.000",
        "end_date": "2017-08-19T20:00:00.000",
        "start_formatted": "August 19, 2017 11:00 AM",
        "end_formatted": "August 19, 2017 08:00 PM",
        "street_closure_type": "Full Street Closure ",
        "community_board": "18, ",
        "police_precinct": "69, "
      }
    },
    {
      "type": "Feature",
      "geometry": {
        "type": "Point",
        "coordinates": [
          -73.9518065,
          40.7106225
        ]
      },
      "properties": {
        "event_id": "350932",
        "event_name": "Street Revival",
        "event_type": "Block Party",
        "event_agency": "Street Activity Permit Office",
        "event_location": " HOOPER STREET between SOUTH    1 STREET and BORINQUEN PLACE",
        "event_borough": "Brooklyn",
        "start_date": "2017-08-19T11:00:00.000",
        "end_date": "2017-08-19T20:00:00.000",
        "start_formatted": "August 19, 2017 11:00 AM",
        "end_formatted": "August 19, 2017 08:00 PM",
        "street_closure_type": "Full Street Closure ",
        "community_board": "1, ",
        "police_precinct": "90, "
      }
    },
    {
      "type": "Feature",
      "geometry": {
        "type": "Point",
        "coordinates": [
          -73.934019,
          40.6313215
        ]
      },
      "properties": {
        "event_id": "342210",
        "event_name": "2nd Annual Troy Avenue H-I Block Party",
        "event_type": "Block Party",
        "event_agency": "Street Activity Permit Office",
        "event_location": " TROY AVENUE between AVENUE H and AVENUE I",
        "event_borough": "Brooklyn",
        "start_date": "2017-08-19T11:00:00.000",
        "end_date": "2017-08-19T18:00:00.000",
        "start_formatted": "August 19, 2017 11:00 AM",
        "end_formatted": "August 19, 2017 06:00 PM",
        "street_closure_type": "Sidewalk and Street Closure ",
        "community_board": "18, ",
        "police_precinct": "63, "
      }
    },
    {
      "type": "Feature",
      "geometry": {
        "type": "Point",
        "coordinates": [
          -73.9796065,
          40.602206499999994
        ]
      },
      "properties": {
        "event_id": "359683",
        "event_name": "summer block party",
        "event_type": "Block Party",
        "event_agency": "Street Activity Permit Office",
        "event_location": " WEST    7 STREET between AVENUE S and HIGHLAWN AVENUE",
        "event_borough": "Brooklyn",
        "start_date": "2017-08-19T11:00:00.000",
        "end_date": "2017-08-19T19:00:00.000",
        "start_formatted": "August 19, 2017 11:00 AM",
        "end_formatted": "August 19, 2017 07:00 PM",
        "street_closure_type": "Full Street Closure ",
        "community_board": "11, ",
        "police_precinct": "62, "
      }
    },
    {
      "type": "Feature",
      "geometry": {
        "type": "Point",
        "coordinates": [
          -73.7551,
          40.696504000000004
        ]
      },
      "properties": {
        "event_id": "360389",
        "event_name": "198 Street Annual Block Party",
        "event_type": "Block Party",
        "event_agency": "Street Activity Permit Office",
        "event_location": " 198 STREET between 115 AVENUE and 116 AVENUE",
        "event_borough": "Queens",
        "start_date": "2017-08-19T11:00:00.000",
        "end_date": "2017-08-19T18:00:00.000",
        "start_formatted": "August 19, 2017 11:00 AM",
        "end_formatted": "August 19, 2017 06:00 PM",
        "street_closure_type": "Full Street Closure ",
        "community_board": "12, ",
        "police_precinct": "113, "
      }
    },
    {
      "type": "Feature",
      "geometry": {
        "type": "Point",
        "coordinates": [
          -73.791923,
          40.6852135
        ]
      },
      "properties": {
        "event_id": "346736",
        "event_name": "Back to School Community Block Party",
        "event_type": "Block Party",
        "event_agency": "Street Activity Permit Office",
        "event_location": " 115 AVENUE between SUTPHIN BOULEVARD and 155 STREET",
        "event_borough": "Queens",
        "start_date": "2017-08-19T11:00:00.000",
        "end_date": "2017-08-19T18:00:00.000",
        "start_formatted": "August 19, 2017 11:00 AM",
        "end_formatted": "August 19, 2017 06:00 PM",
        "street_closure_type": "Full Street Closure ",
        "community_board": "12, ",
        "police_precinct": "113, "
      }
    },
    {
      "type": "Feature",
      "geometry": {
        "type": "Point",
        "coordinates": [
          -73.98933299999999,
          40.614906500000004
        ]
      },
      "properties": {
        "event_id": "351466",
        "event_name": "69 street block party 2017",
        "event_type": "Block Party",
        "event_agency": "Street Activity Permit Office",
        "event_location": " BAY RIDGE AVENUE between 19 AVENUE and 20 AVENUE",
        "event_borough": "Brooklyn",
        "start_date": "2017-08-19T11:00:00.000",
        "end_date": "2017-08-19T18:30:00.000",
        "start_formatted": "August 19, 2017 11:00 AM",
        "end_formatted": "August 19, 2017 06:30 PM",
        "street_closure_type": "Full Street Closure ",
        "community_board": "11, ",
        "police_precinct": "62, "
      }
    },
    {
      "type": "Feature",
      "geometry": {
        "type": "Point",
        "coordinates": [
          -73.908072,
          40.691812
        ]
      },
      "properties": {
        "event_id": "349140",
        "event_name": "Block Party",
        "event_type": "Block Party",
        "event_agency": "Street Activity Permit Office",
        "event_location": " ELDERT STREET between WILSON AVENUE and KNICKERBOCKER AVENUE",
        "event_borough": "Brooklyn",
        "start_date": "2017-08-19T11:00:00.000",
        "end_date": "2017-08-19T20:00:00.000",
        "start_formatted": "August 19, 2017 11:00 AM",
        "end_formatted": "August 19, 2017 08:00 PM",
        "street_closure_type": "Full Street Closure ",
        "community_board": "4, ",
        "police_precinct": "83, "
      }
    },
    {
      "type": "Feature",
      "geometry": {
        "type": "Point",
        "coordinates": [
          -73.85423,
          40.8116585
        ]
      },
      "properties": {
        "event_id": "353226",
        "event_name": "Bringing the Community Together",
        "event_type": "Block Party",
        "event_agency": "Street Activity Permit Office",
        "event_location": " OBRIEN AVENUE between STEPHENS AVENUE and NEWMAN AVENUE",
        "event_borough": "Bronx",
        "start_date": "2017-08-19T11:00:00.000",
        "end_date": "2017-08-19T18:00:00.000",
        "start_formatted": "August 19, 2017 11:00 AM",
        "end_formatted": "August 19, 2017 06:00 PM",
        "street_closure_type": "Full Street Closure ",
        "community_board": "9, ",
        "police_precinct": "43, "
      }
    },
    {
      "type": "Feature",
      "geometry": {
        "type": "Point",
        "coordinates": [
          -73.992348,
          40.643373
        ]
      },
      "properties": {
        "event_id": "356203",
        "event_name": "4O ST BLOCK PARTY",
        "event_type": "Block Party",
        "event_agency": "Street Activity Permit Office",
        "event_location": " 40 STREET between 10 AVENUE and FORT HAMILTON PARKWAY",
        "event_borough": "Brooklyn",
        "start_date": "2017-08-19T11:00:00.000",
        "end_date": "2017-08-19T20:00:00.000",
        "start_formatted": "August 19, 2017 11:00 AM",
        "end_formatted": "August 19, 2017 08:00 PM",
        "street_closure_type": "Full Street Closure ",
        "community_board": "12, ",
        "police_precinct": "66, "
      }
    },
    {
      "type": "Feature",
      "geometry": {
        "type": "Point",
        "coordinates": [
          -73.9400775,
          40.6771255
        ]
      },
      "properties": {
        "event_id": "355533",
        "event_name": "Pacific Street Family and Friends Day",
        "event_type": "Block Party",
        "event_agency": "Street Activity Permit Office",
        "event_location": " PACIFIC STREET between KINGSTON AVENUE and ALBANY AVENUE",
        "event_borough": "Brooklyn",
        "start_date": "2017-08-19T11:00:00.000",
        "end_date": "2017-08-19T18:00:00.000",
        "start_formatted": "August 19, 2017 11:00 AM",
        "end_formatted": "August 19, 2017 06:00 PM",
        "street_closure_type": "Full Street Closure ",
        "community_board": "8, ",
        "police_precinct": "77, "
      }
    },
    {
      "type": "Feature",
      "geometry": {
        "type": "Point",
        "coordinates": [
          -73.89412899999999,
          40.672807500000005
        ]
      },
      "properties": {
        "event_id": "316079",
        "event_name": "Vermont street annual block party",
        "event_type": "Block Party",
        "event_agency": "Street Activity Permit Office",
        "event_location": " VERMONT STREET between PITKIN AVENUE and GLENMORE AVENUE",
        "event_borough": "Brooklyn",
        "start_date": "2017-08-19T11:00:00.000",
        "end_date": "2017-08-19T20:00:00.000",
        "start_formatted": "August 19, 2017 11:00 AM",
        "end_formatted": "August 19, 2017 08:00 PM",
        "street_closure_type": "Full Street Closure ",
        "community_board": "5, ",
        "police_precinct": "75, "
      }
    },
    {
      "type": "Feature",
      "geometry": {
        "type": "Point",
        "coordinates": [
          -73.9888055,
          40.591768
        ]
      },
      "properties": {
        "event_id": "299487",
        "event_name": "Bay 43 street block party",
        "event_type": "Block Party",
        "event_agency": "Street Activity Permit Office",
        "event_location": " BAY   43 STREET between HARWAY AVENUE and BATH AVENUE",
        "event_borough": "Brooklyn",
        "start_date": "2017-08-19T11:00:00.000",
        "end_date": "2017-08-19T20:00:00.000",
        "start_formatted": "August 19, 2017 11:00 AM",
        "end_formatted": "August 19, 2017 08:00 PM",
        "street_closure_type": "Full Street Closure ",
        "community_board": "13, ",
        "police_precinct": "60, "
      }
    },
    {
      "type": "Feature",
      "geometry": {
        "type": "Point",
        "coordinates": [
          -73.9154315,
          40.832807
        ]
      },
      "properties": {
        "event_id": "340887",
        "event_name": "BLOCK PARTY",
        "event_type": "Block Party",
        "event_agency": "Street Activity Permit Office",
        "event_location": " GRANT AVENUE between MCCLELLAN STREET and EAST  167 STREET",
        "event_borough": "Bronx",
        "start_date": "2017-08-19T11:00:00.000",
        "end_date": "2017-08-19T18:00:00.000",
        "start_formatted": "August 19, 2017 11:00 AM",
        "end_formatted": "August 19, 2017 06:00 PM",
        "street_closure_type": "Full Street Closure ",
        "community_board": "4, ",
        "police_precinct": "44, "
      }
    },
    {
      "type": "Feature",
      "geometry": {
        "type": "Point",
        "coordinates": [
          -73.9159075,
          40.809244
        ]
      },
      "properties": {
        "event_id": "354006",
        "event_name": "Thessalonica Annual Street Festival",
        "event_type": "Block Party",
        "event_agency": "Street Activity Permit Office",
        "event_location": " ST ANNS AVENUE between EAST  141 STREET and EAST  142 STREET",
        "event_borough": "Bronx",
        "start_date": "2017-08-19T11:00:00.000",
        "end_date": "2017-08-19T16:00:00.000",
        "start_formatted": "August 19, 2017 11:00 AM",
        "end_formatted": "August 19, 2017 04:00 PM",
        "street_closure_type": "Full Street Closure ",
        "community_board": "1, ",
        "police_precinct": "40, "
      }
    },
    {
      "type": "Feature",
      "geometry": {
        "type": "Point",
        "coordinates": [
          -73.9474065,
          40.824272
        ]
      },
      "properties": {
        "event_id": "328905",
        "event_name": "Community BBQ Block Party",
        "event_type": "Block Party",
        "event_agency": "Street Activity Permit Office",
        "event_location": " WEST  144 STREET between CONVENT AVENUE and AMSTERDAM AVENUE",
        "event_borough": "Manhattan",
        "start_date": "2017-08-19T11:00:00.000",
        "end_date": "2017-08-19T17:00:00.000",
        "start_formatted": "August 19, 2017 11:00 AM",
        "end_formatted": "August 19, 2017 05:00 PM",
        "street_closure_type": "Full Street Closure ",
        "community_board": "9, ",
        "police_precinct": "30, "
      }
    },
    {
      "type": "Feature",
      "geometry": {
        "type": "Point",
        "coordinates": [
          -73.86479650000001,
          40.875867
        ]
      },
      "properties": {
        "event_id": "359068",
        "event_name": "Family Day",
        "event_type": "Block Party",
        "event_agency": "Street Activity Permit Office",
        "event_location": " HOLLAND AVENUE between EAST GUN HILL ROAD and MAGENTA STREET",
        "event_borough": "Bronx",
        "start_date": "2017-08-19T11:00:00.000",
        "end_date": "2017-08-19T18:00:00.000",
        "start_formatted": "August 19, 2017 11:00 AM",
        "end_formatted": "August 19, 2017 06:00 PM",
        "street_closure_type": "Full Street Closure ",
        "community_board": "12, ",
        "police_precinct": "47, "
      }
    },
    {
      "type": "Feature",
      "geometry": {
        "type": "Point",
        "coordinates": [
          -73.954271,
          40.670067
        ]
      },
      "properties": {
        "event_id": "356468",
        "event_name": "EP Top of The Key",
        "event_type": "Block Party",
        "event_agency": "Street Activity Permit Office",
        "event_location": " EASTERN PARKWAY between BEDFORD AVENUE and ROGERS AVENUE",
        "event_borough": "Brooklyn",
        "start_date": "2017-08-19T11:00:00.000",
        "end_date": "2017-08-19T18:30:00.000",
        "start_formatted": "August 19, 2017 11:00 AM",
        "end_formatted": "August 19, 2017 06:30 PM",
        "street_closure_type": "Sidewalk and Street Closure ",
        "community_board": "8, 9, ",
        "police_precinct": "71, 77, "
      }
    },
    {
      "type": "Feature",
      "geometry": {
        "type": "Point",
        "coordinates": [
          -73.913331,
          40.6948055
        ]
      },
      "properties": {
        "event_id": "350315",
        "event_name": "Madison Street Block Party",
        "event_type": "Block Party",
        "event_agency": "Street Activity Permit Office",
        "event_location": " MADISON STREET between WILSON AVENUE and KNICKERBOCKER AVENUE",
        "event_borough": "Brooklyn",
        "start_date": "2017-08-19T11:00:00.000",
        "end_date": "2017-08-19T20:00:00.000",
        "start_formatted": "August 19, 2017 11:00 AM",
        "end_formatted": "August 19, 2017 08:00 PM",
        "street_closure_type": "Full Street Closure ",
        "community_board": "4, ",
        "police_precinct": "83, "
      }
    },
    {
      "type": "Feature",
      "geometry": {
        "type": "Point",
        "coordinates": [
          -73.92683600000001,
          40.5930835
        ]
      },
      "properties": {
        "event_id": "351458",
        "event_name": "Bevy Court Block Party",
        "event_type": "Block Party",
        "event_agency": "Street Activity Permit Office",
        "event_location": " BEVY COURT between EVERETT AVENUE and DEVON AVENUE",
        "event_borough": "Brooklyn",
        "start_date": "2017-08-19T11:00:00.000",
        "end_date": "2017-08-19T20:00:00.000",
        "start_formatted": "August 19, 2017 11:00 AM",
        "end_formatted": "August 19, 2017 08:00 PM",
        "street_closure_type": "Full Street Closure ",
        "community_board": "15, ",
        "police_precinct": "61, "
      }
    },
    {
      "type": "Feature",
      "geometry": {
        "type": "Point",
        "coordinates": [
          -73.89618300000001,
          40.820313999999996
        ]
      },
      "properties": {
        "event_id": "360574",
        "event_name": "Kelly St Block Association Block Party",
        "event_type": "Block Party",
        "event_agency": "Street Activity Permit Office",
        "event_location": " KELLY STREET between INTERVALE AVENUE and EAST  163 STREET",
        "event_borough": "Bronx",
        "start_date": "2017-08-19T11:00:00.000",
        "end_date": "2017-08-19T17:00:00.000",
        "start_formatted": "August 19, 2017 11:00 AM",
        "end_formatted": "August 19, 2017 05:00 PM",
        "street_closure_type": "Full Street Closure ",
        "community_board": "2, ",
        "police_precinct": "41, "
      }
    },
    {
      "type": "Feature",
      "geometry": {
        "type": "Point",
        "coordinates": [
          -73.962857,
          40.6836865
        ]
      },
      "properties": {
        "event_id": "350622",
        "event_name": "Cambridge Place Block Association",
        "event_type": "Block Party",
        "event_agency": "Street Activity Permit Office",
        "event_location": " CAMBRIDGE PLACE between FULTON STREET and GATES AVENUE",
        "event_borough": "Brooklyn",
        "start_date": "2017-08-19T11:00:00.000",
        "end_date": "2017-08-19T20:00:00.000",
        "start_formatted": "August 19, 2017 11:00 AM",
        "end_formatted": "August 19, 2017 08:00 PM",
        "street_closure_type": "Full Street Closure ",
        "community_board": "2, ",
        "police_precinct": "88, "
      }
    },
    {
      "type": "Feature",
      "geometry": {
        "type": "Point",
        "coordinates": [
          -73.89668,
          40.6711165
        ]
      },
      "properties": {
        "event_id": "335427",
        "event_name": "Grace Towers",
        "event_type": "Block Party",
        "event_agency": "Street Activity Permit Office",
        "event_location": " SHEFFIELD AVENUE between PITKIN AVENUE and BELMONT AVENUE",
        "event_borough": "Brooklyn",
        "start_date": "2017-08-19T11:00:00.000",
        "end_date": "2017-08-19T20:00:00.000",
        "start_formatted": "August 19, 2017 11:00 AM",
        "end_formatted": "August 19, 2017 08:00 PM",
        "street_closure_type": "Full Street Closure ",
        "community_board": "5, ",
        "police_precinct": "75, "
      }
    },
    {
      "type": "Feature",
      "geometry": {
        "type": "Point",
        "coordinates": [
          -73.9005095,
          40.8398065
        ]
      },
      "properties": {
        "event_id": "328989",
        "event_name": "Annual Community Give Away and Back to School",
        "event_type": "Block Party",
        "event_agency": "Street Activity Permit Office",
        "event_location": " EAST  172 STREET between THIRD AVENUE and BATHGATE AVENUE",
        "event_borough": "Bronx",
        "start_date": "2017-08-19T11:00:00.000",
        "end_date": "2017-08-19T16:00:00.000",
        "start_formatted": "August 19, 2017 11:00 AM",
        "end_formatted": "August 19, 2017 04:00 PM",
        "street_closure_type": "Full Street Closure ",
        "community_board": "3, ",
        "police_precinct": "42, "
      }
    },
    {
      "type": "Feature",
      "geometry": {
        "type": "Point",
        "coordinates": [
          -73.946095,
          40.672304499999996
        ]
      },
      "properties": {
        "event_id": "356921",
        "event_name": "2nd annual sterling family day summer bounce fest",
        "event_type": "Block Party",
        "event_agency": "Street Activity Permit Office",
        "event_location": " STERLING PLACE between BROOKLYN AVENUE and NEW YORK AVENUE",
        "event_borough": "Brooklyn",
        "start_date": "2017-08-19T11:00:00.000",
        "end_date": "2017-08-19T19:00:00.000",
        "start_formatted": "August 19, 2017 11:00 AM",
        "end_formatted": "August 19, 2017 07:00 PM",
        "street_closure_type": "Sidewalk and Street Closure ",
        "community_board": "8, ",
        "police_precinct": "77, "
      }
    },
    {
      "type": "Feature",
      "geometry": {
        "type": "Point",
        "coordinates": [
          -73.999526,
          40.6118205
        ]
      },
      "properties": {
        "event_id": "353432",
        "event_name": "annual bock party",
        "event_type": "Block Party",
        "event_agency": "Street Activity Permit Office",
        "event_location": " 79 STREET between 17 AVENUE and 18 AVENUE",
        "event_borough": "Brooklyn",
        "start_date": "2017-08-19T11:00:00.000",
        "end_date": "2017-08-19T20:00:00.000",
        "start_formatted": "August 19, 2017 11:00 AM",
        "end_formatted": "August 19, 2017 08:00 PM",
        "street_closure_type": "Sidewalk and Street Closure ",
        "community_board": "11, ",
        "police_precinct": "62, "
      }
    },
    {
      "type": "Feature",
      "geometry": {
        "type": "Point",
        "coordinates": [
          -73.8330685,
          40.6868065
        ]
      },
      "properties": {
        "event_id": "350200",
        "event_name": "110th street block party",
        "event_type": "Block Party",
        "event_agency": "Street Activity Permit Office",
        "event_location": " 110 STREET between 101 AVENUE and 103 AVENUE",
        "event_borough": "Queens",
        "start_date": "2017-08-19T11:00:00.000",
        "end_date": "2017-08-19T20:00:00.000",
        "start_formatted": "August 19, 2017 11:00 AM",
        "end_formatted": "August 19, 2017 08:00 PM",
        "street_closure_type": "Full Street Closure ",
        "community_board": "9, ",
        "police_precinct": "102, "
      }
    },
    {
      "type": "Feature",
      "geometry": {
        "type": "Point",
        "coordinates": [
          -73.764741,
          40.686440000000005
        ]
      },
      "properties": {
        "event_id": "349992",
        "event_name": "179 Street Block Association",
        "event_type": "Block Party",
        "event_agency": "Street Activity Permit Office",
        "event_location": " 179 STREET between 120 AVENUE and 119 ROAD",
        "event_borough": "Queens",
        "start_date": "2017-08-19T10:30:00.000",
        "end_date": "2017-08-19T18:00:00.000",
        "start_formatted": "August 19, 2017 10:30 AM",
        "end_formatted": "August 19, 2017 06:00 PM",
        "street_closure_type": "Sidewalk and Street Closure ",
        "community_board": "12, ",
        "police_precinct": "113, "
      }
    },
    {
      "type": "Feature",
      "geometry": {
        "type": "Point",
        "coordinates": [
          -73.9174345,
          40.636947
        ]
      },
      "properties": {
        "event_id": "352959",
        "event_name": "Block Party",
        "event_type": "Block Party",
        "event_agency": "Street Activity Permit Office",
        "event_location": " EAST   78 STREET between GLENWOOD ROAD and FARRAGUT ROAD",
        "event_borough": "Brooklyn",
        "start_date": "2017-08-19T10:30:00.000",
        "end_date": "2017-08-19T18:00:00.000",
        "start_formatted": "August 19, 2017 10:30 AM",
        "end_formatted": "August 19, 2017 06:00 PM",
        "street_closure_type": "Full Street Closure ",
        "community_board": "18, ",
        "police_precinct": "69, "
      }
    },
    {
      "type": "Feature",
      "geometry": {
        "type": "Point",
        "coordinates": [
          -73.930473,
          40.6825355
        ]
      },
      "properties": {
        "event_id": "332408",
        "event_name": "McDonough Reid Block Party",
        "event_type": "Block Party",
        "event_agency": "Street Activity Permit Office",
        "event_location": " MACDONOUGH STREET between MALCOM X BOULEVARD and STUYVESANT AVENUE",
        "event_borough": "Brooklyn",
        "start_date": "2017-08-19T10:30:00.000",
        "end_date": "2017-08-19T19:00:00.000",
        "start_formatted": "August 19, 2017 10:30 AM",
        "end_formatted": "August 19, 2017 07:00 PM",
        "street_closure_type": "Sidewalk and Street Closure ",
        "community_board": "3, ",
        "police_precinct": "81, "
      }
    },
    {
      "type": "Feature",
      "geometry": {
        "type": "Point",
        "coordinates": [
          -73.94658050000001,
          40.6968045
        ]
      },
      "properties": {
        "event_id": "354036",
        "event_name": "TOMPKINS HOUSES FAMILY AND COMMUNITY DAY",
        "event_type": "Block Party",
        "event_agency": "Street Activity Permit Office",
        "event_location": " TOMPKINS AVENUE between PARK AVENUE and MYRTLE AVENUE",
        "event_borough": "Brooklyn",
        "start_date": "2017-08-19T10:30:00.000",
        "end_date": "2017-08-19T18:00:00.000",
        "start_formatted": "August 19, 2017 10:30 AM",
        "end_formatted": "August 19, 2017 06:00 PM",
        "street_closure_type": "Full Street Closure ",
        "community_board": "3, ",
        "police_precinct": "79, "
      }
    },
    {
      "type": "Feature",
      "geometry": {
        "type": "Point",
        "coordinates": [
          -73.9653155,
          40.68826850000001
        ]
      },
      "properties": {
        "event_id": "355985",
        "event_name": "YOUTH DAY",
        "event_type": "Block Party",
        "event_agency": "Street Activity Permit Office",
        "event_location": " LAFAYETTE AVENUE between WASHINGTON AVENUE and ST JAMES PLACE",
        "event_borough": "Brooklyn",
        "start_date": "2017-08-19T10:00:00.000",
        "end_date": "2017-08-19T17:00:00.000",
        "start_formatted": "August 19, 2017 10:00 AM",
        "end_formatted": "August 19, 2017 05:00 PM",
        "street_closure_type": "Full Street Closure ",
        "community_board": "2, ",
        "police_precinct": "88, "
      }
    },
    {
      "type": "Feature",
      "geometry": {
        "type": "Point",
        "coordinates": [
          -73.90702350000001,
          40.8528455
        ]
      },
      "properties": {
        "event_id": "350867",
        "event_name": "3RD ANNUAL BACK TO SCHOOL",
        "event_type": "Block Party",
        "event_agency": "Street Activity Permit Office",
        "event_location": " WALTON AVENUE between EAST BURNSIDE AVENUE and EAST  179 STREET",
        "event_borough": "Bronx",
        "start_date": "2017-08-19T10:00:00.000",
        "end_date": "2017-08-19T18:00:00.000",
        "start_formatted": "August 19, 2017 10:00 AM",
        "end_formatted": "August 19, 2017 06:00 PM",
        "street_closure_type": "Full Street Closure ",
        "community_board": "5, ",
        "police_precinct": "46, "
      }
    },
    {
      "type": "Feature",
      "geometry": {
        "type": "Point",
        "coordinates": [
          -73.92657249999999,
          40.834485
        ]
      },
      "properties": {
        "event_id": "351479",
        "event_name": "Community Block Party",
        "event_type": "Block Party",
        "event_agency": "Street Activity Permit Office",
        "event_location": " WOODYCREST AVENUE between WEST  165 STREET and WEST  166 STREET",
        "event_borough": "Bronx",
        "start_date": "2017-08-19T10:00:00.000",
        "end_date": "2017-08-19T17:00:00.000",
        "start_formatted": "August 19, 2017 10:00 AM",
        "end_formatted": "August 19, 2017 05:00 PM",
        "street_closure_type": "Full Street Closure ",
        "community_board": "4, ",
        "police_precinct": "44, "
      }
    },
    {
      "type": "Feature",
      "geometry": {
        "type": "Point",
        "coordinates": [
          -73.733033,
          40.6564555
        ]
      },
      "properties": {
        "event_id": "361299",
        "event_name": "Meet Your Neighbor Day",
        "event_type": "Block Party",
        "event_agency": "Street Activity Permit Office",
        "event_location": " 147 ROAD between 257 STREET and WELLER LANE",
        "event_borough": "Queens",
        "start_date": "2017-08-19T10:00:00.000",
        "end_date": "2017-08-19T18:00:00.000",
        "start_formatted": "August 19, 2017 10:00 AM",
        "end_formatted": "August 19, 2017 06:00 PM",
        "street_closure_type": "Full Street Closure ",
        "community_board": "13, ",
        "police_precinct": "105, "
      }
    },
    {
      "type": "Feature",
      "geometry": {
        "type": "Point",
        "coordinates": [
          -73.932066,
          40.612089999999995
        ]
      },
      "properties": {
        "event_id": "316376",
        "event_name": "fillmore ave block party",
        "event_type": "Block Party",
        "event_agency": "Street Activity Permit Office",
        "event_location": " FILLMORE AVENUE between EAST   37 STREET and EAST   38 STREET",
        "event_borough": "Brooklyn",
        "start_date": "2017-08-19T10:00:00.000",
        "end_date": "2017-08-19T18:00:00.000",
        "start_formatted": "August 19, 2017 10:00 AM",
        "end_formatted": "August 19, 2017 06:00 PM",
        "street_closure_type": "Full Street Closure ",
        "community_board": "18, ",
        "police_precinct": "63, "
      }
    },
    {
      "type": "Feature",
      "geometry": {
        "type": "Point",
        "coordinates": [
          -73.915305,
          40.674206
        ]
      },
      "properties": {
        "event_id": "335808",
        "event_name": "Family and Friends Fun Day",
        "event_type": "Block Party",
        "event_agency": "Street Activity Permit Office",
        "event_location": " BERGEN STREET between THOMAS S BOYLAND STREET and SARATOGA AVENUE",
        "event_borough": "Brooklyn",
        "start_date": "2017-08-19T10:00:00.000",
        "end_date": "2017-08-19T18:00:00.000",
        "start_formatted": "August 19, 2017 10:00 AM",
        "end_formatted": "August 19, 2017 06:00 PM",
        "street_closure_type": "Full Street Closure ",
        "community_board": "16, ",
        "police_precinct": "73, "
      }
    },
    {
      "type": "Feature",
      "geometry": {
        "type": "Point",
        "coordinates": [
          -73.793306,
          40.6834855
        ]
      },
      "properties": {
        "event_id": "359948",
        "event_name": "149th Street Block Party",
        "event_type": "Block Party",
        "event_agency": "Street Activity Permit Office",
        "event_location": " 149 STREET between 115 AVENUE and 116 AVENUE",
        "event_borough": "Queens",
        "start_date": "2017-08-19T10:00:00.000",
        "end_date": "2017-08-19T18:00:00.000",
        "start_formatted": "August 19, 2017 10:00 AM",
        "end_formatted": "August 19, 2017 06:00 PM",
        "street_closure_type": "Full Street Closure ",
        "community_board": "12, ",
        "police_precinct": "113, "
      }
    },
    {
      "type": "Feature",
      "geometry": {
        "type": "Point",
        "coordinates": [
          -73.8897765,
          40.6408375
        ]
      },
      "properties": {
        "event_id": "352297",
        "event_name": "East 103 Street Block Party",
        "event_type": "Block Party",
        "event_agency": "Street Activity Permit Office",
        "event_location": " EAST  103 STREET between AVENUE L and AVENUE M",
        "event_borough": "Brooklyn",
        "start_date": "2017-08-19T10:00:00.000",
        "end_date": "2017-08-19T19:00:00.000",
        "start_formatted": "August 19, 2017 10:00 AM",
        "end_formatted": "August 19, 2017 07:00 PM",
        "street_closure_type": "Full Street Closure ",
        "community_board": "18, ",
        "police_precinct": "69, "
      }
    },
    {
      "type": "Feature",
      "geometry": {
        "type": "Point",
        "coordinates": [
          -73.8514485,
          40.900639
        ]
      },
      "properties": {
        "event_id": "351784",
        "event_name": "Friends  family Street Festival",
        "event_type": "Block Party",
        "event_agency": "Street Activity Permit Office",
        "event_location": " FURMAN AVENUE between EAST  239 STREET and EAST  240 STREET",
        "event_borough": "Bronx",
        "start_date": "2017-08-19T10:00:00.000",
        "end_date": "2017-08-19T16:00:00.000",
        "start_formatted": "August 19, 2017 10:00 AM",
        "end_formatted": "August 19, 2017 04:00 PM",
        "street_closure_type": "Full Street Closure ",
        "community_board": "12, ",
        "police_precinct": "47, "
      }
    },
    {
      "type": "Feature",
      "geometry": {
        "type": "Point",
        "coordinates": [
          -73.9429375,
          40.829851
        ]
      },
      "properties": {
        "event_id": "347865",
        "event_name": "West 153rd Street Block Party",
        "event_type": "Block Party",
        "event_agency": "Street Activity Permit Office",
        "event_location": " WEST  153 STREET between AMSTERDAM AVENUE and ST NICHOLAS AVENUE",
        "event_borough": "Manhattan",
        "start_date": "2017-08-19T10:00:00.000",
        "end_date": "2017-08-19T17:00:00.000",
        "start_formatted": "August 19, 2017 10:00 AM",
        "end_formatted": "August 19, 2017 05:00 PM",
        "street_closure_type": "Full Street Closure ",
        "community_board": "9, ",
        "police_precinct": "30, "
      }
    },
    {
      "type": "Feature",
      "geometry": {
        "type": "Point",
        "coordinates": [
          -73.91579300000001,
          40.682722
        ]
      },
      "properties": {
        "event_id": "331380",
        "event_name": "500 Block Association Block Party",
        "event_type": "Block Party",
        "event_agency": "Street Activity Permit Office",
        "event_location": " BAINBRIDGE STREET between SARATOGA AVENUE and THOMAS S BOYLAND STREET",
        "event_borough": "Brooklyn",
        "start_date": "2017-08-19T10:00:00.000",
        "end_date": "2017-08-19T18:00:00.000",
        "start_formatted": "August 19, 2017 10:00 AM",
        "end_formatted": "August 19, 2017 06:00 PM",
        "street_closure_type": "Full Street Closure ",
        "community_board": "16, ",
        "police_precinct": "73, "
      }
    },
    {
      "type": "Feature",
      "geometry": {
        "type": "Point",
        "coordinates": [
          -73.951836,
          40.6823265
        ]
      },
      "properties": {
        "event_id": "320782",
        "event_name": "Hancock Street Neighborhood Association Block Party",
        "event_type": "Block Party",
        "event_agency": "Street Activity Permit Office",
        "event_location": " HANCOCK STREET between NOSTRAND AVENUE and BEDFORD AVENUE",
        "event_borough": "Brooklyn",
        "start_date": "2017-08-19T10:00:00.000",
        "end_date": "2017-08-19T19:00:00.000",
        "start_formatted": "August 19, 2017 10:00 AM",
        "end_formatted": "August 19, 2017 07:00 PM",
        "street_closure_type": "Full Street Closure ",
        "community_board": "3, ",
        "police_precinct": "79, "
      }
    },
    {
      "type": "Feature",
      "geometry": {
        "type": "Point",
        "coordinates": [
          -73.937341,
          40.686993
        ]
      },
      "properties": {
        "event_id": "334056",
        "event_name": "The Annual Monroe Street Block Party",
        "event_type": "Block Party",
        "event_agency": "Street Activity Permit Office",
        "event_location": " MONROE STREET between LEWIS AVENUE and MARCUS GARVEY BOULEVARD",
        "event_borough": "Brooklyn",
        "start_date": "2017-08-19T10:00:00.000",
        "end_date": "2017-08-19T18:00:00.000",
        "start_formatted": "August 19, 2017 10:00 AM",
        "end_formatted": "August 19, 2017 06:00 PM",
        "street_closure_type": "Full Street Closure ",
        "community_board": "3, ",
        "police_precinct": "81, "
      }
    },
    {
      "type": "Feature",
      "geometry": {
        "type": "Point",
        "coordinates": [
          -73.94121150000001,
          40.6606985
        ]
      },
      "properties": {
        "event_id": "342726",
        "event_name": "Lets Do it Again",
        "event_type": "Block Party",
        "event_agency": "Street Activity Permit Office",
        "event_location": " MIDWOOD STREET between KINGSTON AVENUE and ALBANY AVENUE",
        "event_borough": "Brooklyn",
        "start_date": "2017-08-19T10:00:00.000",
        "end_date": "2017-08-19T18:00:00.000",
        "start_formatted": "August 19, 2017 10:00 AM",
        "end_formatted": "August 19, 2017 06:00 PM",
        "street_closure_type": "Full Street Closure ",
        "community_board": "9, ",
        "police_precinct": "71, "
      }
    },
    {
      "type": "Feature",
      "geometry": {
        "type": "Point",
        "coordinates": [
          -73.944257,
          40.6462545
        ]
      },
      "properties": {
        "event_id": "338893",
        "event_name": "E 35th Street Block Party",
        "event_type": "Block Party",
        "event_agency": "Street Activity Permit Office",
        "event_location": " EAST   35 STREET between TILDEN AVENUE and BEVERLY ROAD",
        "event_borough": "Brooklyn",
        "start_date": "2017-08-19T10:00:00.000",
        "end_date": "2017-08-19T18:00:00.000",
        "start_formatted": "August 19, 2017 10:00 AM",
        "end_formatted": "August 19, 2017 06:00 PM",
        "street_closure_type": "Full Street Closure ",
        "community_board": "17, ",
        "police_precinct": "67, "
      }
    },
    {
      "type": "Feature",
      "geometry": {
        "type": "Point",
        "coordinates": [
          -73.9133055,
          40.617206
        ]
      },
      "properties": {
        "event_id": "357717",
        "event_name": "E 64th Street 2017 Block Party",
        "event_type": "Block Party",
        "event_agency": "Street Activity Permit Office",
        "event_location": " EAST   64 STREET between AVENUE U and AVENUE T",
        "event_borough": "Brooklyn",
        "start_date": "2017-08-19T10:00:00.000",
        "end_date": "2017-08-19T18:00:00.000",
        "start_formatted": "August 19, 2017 10:00 AM",
        "end_formatted": "August 19, 2017 06:00 PM",
        "street_closure_type": "Full Street Closure ",
        "community_board": "18, ",
        "police_precinct": "63, "
      }
    },
    {
      "type": "Feature",
      "geometry": {
        "type": "Point",
        "coordinates": [
          -73.750039,
          40.7027225
        ]
      },
      "properties": {
        "event_id": "346761",
        "event_name": "CELEBRATING COMMUNITY AND CIVIC ENGAGEMENT",
        "event_type": "Block Party",
        "event_agency": "Street Activity Permit Office",
        "event_location": " 113 AVENUE between FRANCIS LEWIS BOULEVARD and 205 STREET",
        "event_borough": "Queens",
        "start_date": "2017-08-19T10:00:00.000",
        "end_date": "2017-08-19T18:00:00.000",
        "start_formatted": "August 19, 2017 10:00 AM",
        "end_formatted": "August 19, 2017 06:00 PM",
        "street_closure_type": "Full Street Closure ",
        "community_board": "12, ",
        "police_precinct": "113, "
      }
    },
    {
      "type": "Feature",
      "geometry": {
        "type": "Point",
        "coordinates": [
          -73.942328,
          40.682671
        ]
      },
      "properties": {
        "event_id": "308026",
        "event_name": "Halsey TNT Block Association",
        "event_type": "Block Party",
        "event_agency": "Street Activity Permit Office",
        "event_location": " HALSEY STREET between THROOP AVENUE and TOMPKINS AVENUE",
        "event_borough": "Brooklyn",
        "start_date": "2017-08-19T10:00:00.000",
        "end_date": "2017-08-19T19:00:00.000",
        "start_formatted": "August 19, 2017 10:00 AM",
        "end_formatted": "August 19, 2017 07:00 PM",
        "street_closure_type": "Full Sidewalk Closure ",
        "community_board": "3, ",
        "police_precinct": "79, "
      }
    },
    {
      "type": "Feature",
      "geometry": {
        "type": "Point",
        "coordinates": [
          -73.9437115,
          40.8269205
        ]
      },
      "properties": {
        "event_id": "293515",
        "event_name": "149th street block assocation",
        "event_type": "Block Party",
        "event_agency": "Street Activity Permit Office",
        "event_location": " WEST  149 STREET between ST NICHLAS AVENUE and CONVENT AVENUE",
        "event_borough": "Manhattan",
        "start_date": "2017-08-19T10:00:00.000",
        "end_date": "2017-08-19T17:00:00.000",
        "start_formatted": "August 19, 2017 10:00 AM",
        "end_formatted": "August 19, 2017 05:00 PM",
        "street_closure_type": "Full Street Closure ",
        "community_board": "9, ",
        "police_precinct": "30, "
      }
    },
    {
      "type": "Feature",
      "geometry": {
        "type": "Point",
        "coordinates": [
          -73.935441,
          40.692455
        ]
      },
      "properties": {
        "event_id": "331068",
        "event_name": "Together We Stand Block Party",
        "event_type": "Block Party",
        "event_agency": "Street Activity Permit Office",
        "event_location": " KOSCIUSKO STREET between LEWIS AVENUE and STUYVESANT AVENUE",
        "event_borough": "Brooklyn",
        "start_date": "2017-08-19T10:00:00.000",
        "end_date": "2017-08-19T19:00:00.000",
        "start_formatted": "August 19, 2017 10:00 AM",
        "end_formatted": "August 19, 2017 07:00 PM",
        "street_closure_type": "Full Street Closure ",
        "community_board": "3, ",
        "police_precinct": "81, "
      }
    },
    {
      "type": "Feature",
      "geometry": {
        "type": "Point",
        "coordinates": [
          -73.924018,
          40.669355
        ]
      },
      "properties": {
        "event_id": "333744",
        "event_name": "Lincoln Ralph Block Association Block Party",
        "event_type": "Block Party",
        "event_agency": "Street Activity Permit Office",
        "event_location": " LINCOLN PLACE between BUFFALO AVENUE and RALPH AVENUE",
        "event_borough": "Brooklyn",
        "start_date": "2017-08-19T10:00:00.000",
        "end_date": "2017-08-19T18:00:00.000",
        "start_formatted": "August 19, 2017 10:00 AM",
        "end_formatted": "August 19, 2017 06:00 PM",
        "street_closure_type": "Full Street Closure ",
        "community_board": "8, ",
        "police_precinct": "77, "
      }
    },
    {
      "type": "Feature",
      "geometry": {
        "type": "Point",
        "coordinates": [
          -73.7766105,
          40.59611700000001
        ]
      },
      "properties": {
        "event_id": "348984",
        "event_name": "Blanche Community Progress Day Care Community Day",
        "event_type": "Block Party",
        "event_agency": "Street Activity Permit Office",
        "event_location": " BEACH   45 STREET between BEACH CHANNEL DRIVE and HANTZ ROAD",
        "event_borough": "Queens",
        "start_date": "2017-08-19T10:00:00.000",
        "end_date": "2017-08-19T16:00:00.000",
        "start_formatted": "August 19, 2017 10:00 AM",
        "end_formatted": "August 19, 2017 04:00 PM",
        "street_closure_type": "Sidewalk and Street Closure ",
        "community_board": "14, ",
        "police_precinct": "101, "
      }
    },
    {
      "type": "Feature",
      "geometry": {
        "type": "Point",
        "coordinates": [
          -73.72815800000001,
          40.729219
        ]
      },
      "properties": {
        "event_id": "360406",
        "event_name": "239 Street",
        "event_type": "Block Party",
        "event_agency": "Street Activity Permit Office",
        "event_location": " 239 STREET between 88 AVENUE and 89 AVENUE",
        "event_borough": "Queens",
        "start_date": "2017-08-19T10:00:00.000",
        "end_date": "2017-08-19T19:00:00.000",
        "start_formatted": "August 19, 2017 10:00 AM",
        "end_formatted": "August 19, 2017 07:00 PM",
        "street_closure_type": "Full Street Closure ",
        "community_board": "13, ",
        "police_precinct": "105, "
      }
    },
    {
      "type": "Feature",
      "geometry": {
        "type": "Point",
        "coordinates": [
          -73.91095,
          40.831781
        ]
      },
      "properties": {
        "event_id": "355590",
        "event_name": "14th annual emergency disaster day",
        "event_type": "Block Party",
        "event_agency": "Street Activity Permit Office",
        "event_location": " CLAY AVENUE between EAST  168 STREET and EAST  167 STREET",
        "event_borough": "Bronx",
        "start_date": "2017-08-19T10:00:00.000",
        "end_date": "2017-08-19T18:00:00.000",
        "start_formatted": "August 19, 2017 10:00 AM",
        "end_formatted": "August 19, 2017 06:00 PM",
        "street_closure_type": "Full Street Closure ",
        "community_board": "4, ",
        "police_precinct": "44, "
      }
    },
    {
      "type": "Feature",
      "geometry": {
        "type": "Point",
        "coordinates": [
          -73.953002,
          40.688188999999994
        ]
      },
      "properties": {
        "event_id": "311362",
        "event_name": "Greene Ave Annual Reunion",
        "event_type": "Block Party",
        "event_agency": "Street Activity Permit Office",
        "event_location": " GREENE AVENUE between BEDFORD AVENUE and NOSTRAND AVENUE",
        "event_borough": "Brooklyn",
        "start_date": "2017-08-19T10:00:00.000",
        "end_date": "2017-08-19T19:00:00.000",
        "start_formatted": "August 19, 2017 10:00 AM",
        "end_formatted": "August 19, 2017 07:00 PM",
        "street_closure_type": "Full Street Closure ",
        "community_board": "3, ",
        "police_precinct": "79, "
      }
    },
    {
      "type": "Feature",
      "geometry": {
        "type": "Point",
        "coordinates": [
          -73.94574850000001,
          40.642275
        ]
      },
      "properties": {
        "event_id": "344371",
        "event_name": "BLOCK PARTY",
        "event_type": "Block Party",
        "event_agency": "Street Activity Permit Office",
        "event_location": " NEW YORK AVENUE between D AVENUE and CLARENDON ROAD",
        "event_borough": "Brooklyn",
        "start_date": "2017-08-19T10:00:00.000",
        "end_date": "2017-08-19T18:00:00.000",
        "start_formatted": "August 19, 2017 10:00 AM",
        "end_formatted": "August 19, 2017 06:00 PM",
        "street_closure_type": "Full Street Closure ",
        "community_board": "17, ",
        "police_precinct": "67, "
      }
    },
    {
      "type": "Feature",
      "geometry": {
        "type": "Point",
        "coordinates": [
          -73.84480099999999,
          40.6762775
        ]
      },
      "properties": {
        "event_id": "349731",
        "event_name": "Chicot Road Block Party",
        "event_type": "Block Party",
        "event_agency": "Street Activity Permit Office",
        "event_location": " CHICOT ROAD between CROSSBAY BOULEVARD and SUTTER AVENUE",
        "event_borough": "Queens",
        "start_date": "2017-08-19T09:00:00.000",
        "end_date": "2017-08-19T18:00:00.000",
        "start_formatted": "August 19, 2017 09:00 AM",
        "end_formatted": "August 19, 2017 06:00 PM",
        "street_closure_type": "Full Street Closure ",
        "community_board": "10, ",
        "police_precinct": "106, "
      }
    },
    {
      "type": "Feature",
      "geometry": {
        "type": "Point",
        "coordinates": [
          -74.00397799999999,
          40.6764905
        ]
      },
      "properties": {
        "event_id": "359816",
        "event_name": "Red Hook Initiative Block Party",
        "event_type": "Block Party",
        "event_agency": "Street Activity Permit Office",
        "event_location": " WEST    9 STREET between HENRY STREET and HICKS STREET",
        "event_borough": "Brooklyn",
        "start_date": "2017-08-18T14:00:00.000",
        "end_date": "2017-08-18T18:00:00.000",
        "start_formatted": "August 18, 2017 02:00 PM",
        "end_formatted": "August 18, 2017 06:00 PM",
        "street_closure_type": "Full Street Closure ",
        "community_board": "6, ",
        "police_precinct": "76, "
      }
    },
    {
      "type": "Feature",
      "geometry": {
        "type": "Point",
        "coordinates": [
          -73.7999725,
          40.675489
        ]
      },
      "properties": {
        "event_id": "358659",
        "event_name": "Success Academy South Jamaica",
        "event_type": "Block Party",
        "event_agency": "Street Activity Permit Office",
        "event_location": " 141 STREET between 120 AVENUE and 123 AVENUE",
        "event_borough": "Queens",
        "start_date": "2017-08-18T12:30:00.000",
        "end_date": "2017-08-18T15:00:00.000",
        "start_formatted": "August 18, 2017 12:30 PM",
        "end_formatted": "August 18, 2017 03:00 PM",
        "street_closure_type": "Full Street Closure ",
        "community_board": "12, ",
        "police_precinct": "113, "
      }
    },
    {
      "type": "Feature",
      "geometry": {
        "type": "Point",
        "coordinates": [
          -73.93119200000001,
          40.849002999999996
        ]
      },
      "properties": {
        "event_id": "351383",
        "event_name": "Summer Camp Popular Games",
        "event_type": "Block Party",
        "event_agency": "Street Activity Permit Office",
        "event_location": " WEST  182 STREET between AMSTERDAM AVENUE and AUDUBON AVENUE",
        "event_borough": "Manhattan",
        "start_date": "2017-08-18T10:00:00.000",
        "end_date": "2017-08-18T17:00:00.000",
        "start_formatted": "August 18, 2017 10:00 AM",
        "end_formatted": "August 18, 2017 05:00 PM",
        "street_closure_type": "Full Street Closure ",
        "community_board": "12, ",
        "police_precinct": "34, "
      }
    },
    {
      "type": "Feature",
      "geometry": {
        "type": "Point",
        "coordinates": [
          -73.9119895,
          40.678595
        ]
      },
      "properties": {
        "event_id": "349969",
        "event_name": "Fun Day 2017",
        "event_type": "Block Party",
        "event_agency": "Street Activity Permit Office",
        "event_location": " SOMERS STREET between FULTON STREET and ROCKAWAY AVENUE",
        "event_borough": "Brooklyn",
        "start_date": "2017-08-18T09:00:00.000",
        "end_date": "2017-08-18T18:00:00.000",
        "start_formatted": "August 18, 2017 09:00 AM",
        "end_formatted": "August 18, 2017 06:00 PM",
        "street_closure_type": "Sidewalk and Street Closure ",
        "community_board": "16, ",
        "police_precinct": "73, "
      }
    },
    {
      "type": "Feature",
      "geometry": {
        "type": "Point",
        "coordinates": [
          -73.895384,
          40.630134
        ]
      },
      "properties": {
        "event_id": "368789",
        "event_name": "Senator Persauds Family Fun Day",
        "event_type": "Block Party",
        "event_agency": "Street Activity Permit Office",
        "event_location": " SEAVIEW AVENUE between EAST   89 STREET and REMSEN AVENUE",
        "event_borough": "Brooklyn",
        "start_date": "2017-08-17T12:00:00.000",
        "end_date": "2017-08-17T18:00:00.000",
        "start_formatted": "August 17, 2017 12:00 PM",
        "end_formatted": "August 17, 2017 06:00 PM",
        "street_closure_type": "Full Sidewalk Closure ",
        "community_board": "18, ",
        "police_precinct": "69, "
      }
    },
    {
      "type": "Feature",
      "geometry": {
        "type": "Point",
        "coordinates": [
          -73.869708,
          40.685266
        ]
      },
      "properties": {
        "event_id": "359570",
        "event_name": "Lincoln Block Party",
        "event_type": "Block Party",
        "event_agency": "Street Activity Permit Office",
        "event_location": " LINCOLN AVENUE between RIDGEWOOD AVENUE and FULTON STREET",
        "event_borough": "Brooklyn",
        "start_date": "2017-08-17T10:30:00.000",
        "end_date": "2017-08-17T19:00:00.000",
        "start_formatted": "August 17, 2017 10:30 AM",
        "end_formatted": "August 17, 2017 07:00 PM",
        "street_closure_type": "Full Street Closure ",
        "community_board": "5, ",
        "police_precinct": "75, "
      }
    },
    {
      "type": "Feature",
      "geometry": {
        "type": "Point",
        "coordinates": [
          -73.94543350000001,
          40.6794115
        ]
      },
      "properties": {
        "event_id": "361169",
        "event_name": "Little Sun People Summers End Party",
        "event_type": "Block Party",
        "event_agency": "Street Activity Permit Office",
        "event_location": " HERKIMER STREET between NEW YORK AVENUE and BROOKLYN AVENUE",
        "event_borough": "Brooklyn",
        "start_date": "2017-08-17T10:00:00.000",
        "end_date": "2017-08-17T17:00:00.000",
        "start_formatted": "August 17, 2017 10:00 AM",
        "end_formatted": "August 17, 2017 05:00 PM",
        "street_closure_type": "Full Street Closure ",
        "community_board": "3, ",
        "police_precinct": "79, "
      }
    },
    {
      "type": "Feature",
      "geometry": {
        "type": "Point",
        "coordinates": [
          -73.9278465,
          40.684336
        ]
      },
      "properties": {
        "event_id": "355306",
        "event_name": "Halsey Street Block Party",
        "event_type": "Block Party",
        "event_agency": "Street Activity Permit Office",
        "event_location": " HALSEY STREET between MALCOLM X BOULEVARD and PATCHEN AVENUE",
        "event_borough": "Brooklyn",
        "start_date": "2017-08-13T12:00:00.000",
        "end_date": "2017-08-13T20:00:00.000",
        "start_formatted": "August 13, 2017 12:00 PM",
        "end_formatted": "August 13, 2017 08:00 PM",
        "street_closure_type": "Full Street Closure ",
        "community_board": "3, ",
        "police_precinct": "81, "
      }
    },
    {
      "type": "Feature",
      "geometry": {
        "type": "Point",
        "coordinates": [
          -74.011448,
          40.645787999999996
        ]
      },
      "properties": {
        "event_id": "344171",
        "event_name": "Residents of 50th Street",
        "event_type": "Block Party",
        "event_agency": "Street Activity Permit Office",
        "event_location": " 50 STREET between 4 AVENUE and 5 AVENUE",
        "event_borough": "Brooklyn",
        "start_date": "2017-08-13T12:00:00.000",
        "end_date": "2017-08-13T21:00:00.000",
        "start_formatted": "August 13, 2017 12:00 PM",
        "end_formatted": "August 13, 2017 09:00 PM",
        "street_closure_type": "Full Street Closure ",
        "community_board": "7, ",
        "police_precinct": "72, "
      }
    },
    {
      "type": "Feature",
      "geometry": {
        "type": "Point",
        "coordinates": [
          -74.021612,
          40.623340999999996
        ]
      },
      "properties": {
        "event_id": "353057",
        "event_name": "81st Street Kids Play Day",
        "event_type": "Block Party",
        "event_agency": "Street Activity Permit Office",
        "event_location": " 81 STREET between 6 AVENUE and 7 AVENUE",
        "event_borough": "Brooklyn",
        "start_date": "2017-08-13T11:00:00.000",
        "end_date": "2017-08-13T19:30:00.000",
        "start_formatted": "August 13, 2017 11:00 AM",
        "end_formatted": "August 13, 2017 07:30 PM",
        "street_closure_type": "Full Street Closure ",
        "community_board": "10, ",
        "police_precinct": "68, "
      }
    },
    {
      "type": "Feature",
      "geometry": {
        "type": "Point",
        "coordinates": [
          -73.9482005,
          40.679561
        ]
      },
      "properties": {
        "event_id": "338688",
        "event_name": "2017 Block Party",
        "event_type": "Block Party",
        "event_agency": "Street Activity Permit Office",
        "event_location": " HERKIMER STREET between NOSTRAND AVENUE and NEW YORK AVENUE",
        "event_borough": "Brooklyn",
        "start_date": "2017-08-13T11:00:00.000",
        "end_date": "2017-08-13T20:00:00.000",
        "start_formatted": "August 13, 2017 11:00 AM",
        "end_formatted": "August 13, 2017 08:00 PM",
        "street_closure_type": "Full Street Closure ",
        "community_board": "3, ",
        "police_precinct": "79, "
      }
    },
    {
      "type": "Feature",
      "geometry": {
        "type": "Point",
        "coordinates": [
          -73.946913,
          40.6911365
        ]
      },
      "properties": {
        "event_id": "353151",
        "event_name": "Shoot for hoops.",
        "event_type": "Block Party",
        "event_agency": "Street Activity Permit Office",
        "event_location": " KOSCIUSZKO STREET between MARCY AVENUE and TOMPKINS AVENUE",
        "event_borough": "Brooklyn",
        "start_date": "2017-08-13T11:00:00.000",
        "end_date": "2017-08-13T19:00:00.000",
        "start_formatted": "August 13, 2017 11:00 AM",
        "end_formatted": "August 13, 2017 07:00 PM",
        "street_closure_type": "Full Street Closure ",
        "community_board": "3, ",
        "police_precinct": "79, "
      }
    },
    {
      "type": "Feature",
      "geometry": {
        "type": "Point",
        "coordinates": [
          -73.90204,
          40.6138775
        ]
      },
      "properties": {
        "event_id": "346357",
        "event_name": "East 70th street block party",
        "event_type": "Block Party",
        "event_agency": "Street Activity Permit Office",
        "event_location": " EAST   70 STREET between AVENUE X and AVENUE Y",
        "event_borough": "Brooklyn",
        "start_date": "2017-08-13T11:00:00.000",
        "end_date": "2017-08-13T20:00:00.000",
        "start_formatted": "August 13, 2017 11:00 AM",
        "end_formatted": "August 13, 2017 08:00 PM",
        "street_closure_type": "Full Street Closure ",
        "community_board": "18, ",
        "police_precinct": "63, "
      }
    },
    {
      "type": "Feature",
      "geometry": {
        "type": "Point",
        "coordinates": [
          -73.9867825,
          40.690633500000004
        ]
      },
      "properties": {
        "event_id": "355257",
        "event_name": "Fellowship on Gallatin Place",
        "event_type": "Block Party",
        "event_agency": "Street Activity Permit Office",
        "event_location": " GALLATIN PLACE between FULTON STREET and LIVINGSTON STREET",
        "event_borough": "Brooklyn",
        "start_date": "2017-08-13T10:30:00.000",
        "end_date": "2017-08-13T16:00:00.000",
        "start_formatted": "August 13, 2017 10:30 AM",
        "end_formatted": "August 13, 2017 04:00 PM",
        "street_closure_type": "Full Street Closure ",
        "community_board": "2, ",
        "police_precinct": "84, "
      }
    },
    {
      "type": "Feature",
      "geometry": {
        "type": "Point",
        "coordinates": [
          -73.9216925,
          40.6515675
        ]
      },
      "properties": {
        "event_id": "335838",
        "event_name": "Block Party",
        "event_type": "Block Party",
        "event_agency": "Street Activity Permit Office",
        "event_location": " EAST   59 STREET between SNYDER AVENUE and CHURCH AVENUE",
        "event_borough": "Brooklyn",
        "start_date": "2017-08-13T10:00:00.000",
        "end_date": "2017-08-13T18:00:00.000",
        "start_formatted": "August 13, 2017 10:00 AM",
        "end_formatted": "August 13, 2017 06:00 PM",
        "street_closure_type": "Full Street Closure ",
        "community_board": "17, ",
        "police_precinct": "67, "
      }
    },
    {
      "type": "Feature",
      "geometry": {
        "type": "Point",
        "coordinates": [
          -73.92915550000001,
          40.690931
        ]
      },
      "properties": {
        "event_id": "338331",
        "event_name": "Block Party",
        "event_type": "Block Party",
        "event_agency": "Street Activity Permit Office",
        "event_location": " GREENE AVENUE between PATCHEN AVENUE and MALCOLM X BOULEVARD",
        "event_borough": "Brooklyn",
        "start_date": "2017-08-13T10:00:00.000",
        "end_date": "2017-08-13T19:00:00.000",
        "start_formatted": "August 13, 2017 10:00 AM",
        "end_formatted": "August 13, 2017 07:00 PM",
        "street_closure_type": "Full Street Closure ",
        "community_board": "3, ",
        "police_precinct": "81, "
      }
    },
    {
      "type": "Feature",
      "geometry": {
        "type": "Point",
        "coordinates": [
          -73.743752,
          40.673286000000004
        ]
      },
      "properties": {
        "event_id": "350596",
        "event_name": "Back To School Event",
        "event_type": "Block Party",
        "event_agency": "Street Activity Permit Office",
        "event_location": " 137 AVENUE between 228 STREET and 229 STREET",
        "event_borough": "Queens",
        "start_date": "2017-08-13T09:30:00.000",
        "end_date": "2017-08-13T17:00:00.000",
        "start_formatted": "August 13, 2017 09:30 AM",
        "end_formatted": "August 13, 2017 05:00 PM",
        "street_closure_type": "Full Street Closure ",
        "community_board": "13, ",
        "police_precinct": "105, "
      }
    },
    {
      "type": "Feature",
      "geometry": {
        "type": "Point",
        "coordinates": [
          -73.7283425,
          40.694464999999994
        ]
      },
      "properties": {
        "event_id": "305202",
        "event_name": "CrossMan Championship",
        "event_type": "Block Party",
        "event_agency": "Street Activity Permit Office",
        "event_location": " 232 STREET between 115 ROAD and 116 AVENUE",
        "event_borough": "Queens",
        "start_date": "2017-08-12T13:00:00.000",
        "end_date": "2017-08-12T19:00:00.000",
        "start_formatted": "August 12, 2017 01:00 PM",
        "end_formatted": "August 12, 2017 07:00 PM",
        "street_closure_type": "Full Street Closure ",
        "community_board": "13, ",
        "police_precinct": "105, "
      }
    },
    {
      "type": "Feature",
      "geometry": {
        "type": "Point",
        "coordinates": [
          -73.8577155,
          40.751963
        ]
      },
      "properties": {
        "event_id": "347058",
        "event_name": "Oye Corona Community Cultural Celebration",
        "event_type": "Block Party",
        "event_agency": "Street Activity Permit Office",
        "event_location": " 39 AVENUE between 108 STREET and 111 STREET",
        "event_borough": "Queens",
        "start_date": "2017-08-12T13:00:00.000",
        "end_date": "2017-08-12T19:00:00.000",
        "start_formatted": "August 12, 2017 01:00 PM",
        "end_formatted": "August 12, 2017 07:00 PM",
        "street_closure_type": "Full Street Closure ",
        "community_board": "3, ",
        "police_precinct": "115, "
      }
    },
    {
      "type": "Feature",
      "geometry": {
        "type": "Point",
        "coordinates": [
          -73.98683600000001,
          40.7122215
        ]
      },
      "properties": {
        "event_id": "355302",
        "event_name": "FAMILY DAY",
        "event_type": "Block Party",
        "event_agency": "Street Activity Permit Office",
        "event_location": " CLINTON STREET between MADISON STREET and CHERRY STREET",
        "event_borough": "Manhattan",
        "start_date": "2017-08-12T13:00:00.000",
        "end_date": "2017-08-12T19:00:00.000",
        "start_formatted": "August 12, 2017 01:00 PM",
        "end_formatted": "August 12, 2017 07:00 PM",
        "street_closure_type": "Sidewalk and Street Closure ",
        "community_board": "3, ",
        "police_precinct": "7, "
      }
    },
    {
      "type": "Feature",
      "geometry": {
        "type": "Point",
        "coordinates": [
          -74.0622005,
          40.610839
        ]
      },
      "properties": {
        "event_id": "358117",
        "event_name": "Block party",
        "event_type": "Block Party",
        "event_agency": "Street Activity Permit Office",
        "event_location": " NAUTILUS STREET between BAY STREET and CLIFF STREET",
        "event_borough": "Staten Island",
        "start_date": "2017-08-12T13:00:00.000",
        "end_date": "2017-08-12T20:00:00.000",
        "start_formatted": "August 12, 2017 01:00 PM",
        "end_formatted": "August 12, 2017 08:00 PM",
        "street_closure_type": "Full Street Closure ",
        "community_board": "1, ",
        "police_precinct": "120, "
      }
    },
    {
      "type": "Feature",
      "geometry": {
        "type": "Point",
        "coordinates": [
          -73.7422705,
          40.669644500000004
        ]
      },
      "properties": {
        "event_id": "347852",
        "event_name": "5th Annual First Blocks Full Circle",
        "event_type": "Block Party",
        "event_agency": "Street Activity Permit Office",
        "event_location": " 231 STREET between FRANCIS LEWIS BOULEVARD and 139 AVENUE",
        "event_borough": "Queens",
        "start_date": "2017-08-12T13:00:00.000",
        "end_date": "2017-08-12T20:00:00.000",
        "start_formatted": "August 12, 2017 01:00 PM",
        "end_formatted": "August 12, 2017 08:00 PM",
        "street_closure_type": "Full Street Closure ",
        "community_board": "13, ",
        "police_precinct": "105, "
      }
    },
    {
      "type": "Feature",
      "geometry": {
        "type": "Point",
        "coordinates": [
          -73.7326635,
          40.698757
        ]
      },
      "properties": {
        "event_id": "350950",
        "event_name": "Prince of Peace Block Party",
        "event_type": "Block Party",
        "event_agency": "Street Activity Permit Office",
        "event_location": " 115 AVENUE between 225 STREET and 226 STREET",
        "event_borough": "Queens",
        "start_date": "2017-08-12T13:00:00.000",
        "end_date": "2017-08-12T19:00:00.000",
        "start_formatted": "August 12, 2017 01:00 PM",
        "end_formatted": "August 12, 2017 07:00 PM",
        "street_closure_type": "Sidewalk and Street Closure ",
        "community_board": "13, ",
        "police_precinct": "105, "
      }
    },
    {
      "type": "Feature",
      "geometry": {
        "type": "Point",
        "coordinates": [
          -74.1618625,
          40.5535125
        ]
      },
      "properties": {
        "event_id": "346768",
        "event_name": "Block party",
        "event_type": "Block Party",
        "event_agency": "Street Activity Permit Office",
        "event_location": " STANLEY CIRCLE between GENESEE AVENUE and GENESEE AVENUE",
        "event_borough": "Staten Island",
        "start_date": "2017-08-12T13:00:00.000",
        "end_date": "2017-08-12T21:00:00.000",
        "start_formatted": "August 12, 2017 01:00 PM",
        "end_formatted": "August 12, 2017 09:00 PM",
        "street_closure_type": "Full Street Closure ",
        "community_board": "3, ",
        "police_precinct": "122, "
      }
    },
    {
      "type": "Feature",
      "geometry": {
        "type": "Point",
        "coordinates": [
          -74.1313265,
          40.5566545
        ]
      },
      "properties": {
        "event_id": "354648",
        "event_name": "2017-08-12T00:00:00",
        "event_type": "Block Party",
        "event_agency": "Street Activity Permit Office",
        "event_location": " DURANT AVENUE between HOPKINS AVENUE and SPRATT AVENUE",
        "event_borough": "Staten Island",
        "start_date": "2017-08-12T13:00:00.000",
        "end_date": "2017-08-12T21:00:00.000",
        "start_formatted": "August 12, 2017 01:00 PM",
        "end_formatted": "August 12, 2017 09:00 PM",
        "street_closure_type": "Full Street Closure ",
        "community_board": "3, ",
        "police_precinct": "122, "
      }
    },
    {
      "type": "Feature",
      "geometry": {
        "type": "Point",
        "coordinates": [
          -74.1937835,
          40.544936500000006
        ]
      },
      "properties": {
        "event_id": "360129",
        "event_name": "6th Annual Jeffrey Capretta and 3rd Annual Robert Fazio Memorial Block Party",
        "event_type": "Block Party",
        "event_agency": "Street Activity Permit Office",
        "event_location": " CROWN AVENUE between DELMAR AVENUE and NIPPON AVENUE",
        "event_borough": "Staten Island",
        "start_date": "2017-08-12T12:30:00.000",
        "end_date": "2017-08-12T20:30:00.000",
        "start_formatted": "August 12, 2017 12:30 PM",
        "end_formatted": "August 12, 2017 08:30 PM",
        "street_closure_type": "Full Street Closure ",
        "community_board": "3, ",
        "police_precinct": "123, "
      }
    },
    {
      "type": "Feature",
      "geometry": {
        "type": "Point",
        "coordinates": [
          -73.766645,
          40.6631955
        ]
      },
      "properties": {
        "event_id": "347271",
        "event_name": "179th Street Family and Friends Block Party",
        "event_type": "Block Party",
        "event_agency": "Street Activity Permit Office",
        "event_location": " 179 STREET between 146 ROAD and DEAD END",
        "event_borough": "Queens",
        "start_date": "2017-08-12T12:30:00.000",
        "end_date": "2017-08-12T21:00:00.000",
        "start_formatted": "August 12, 2017 12:30 PM",
        "end_formatted": "August 12, 2017 09:00 PM",
        "street_closure_type": "Full Street Closure ",
        "community_board": "13, ",
        "police_precinct": "105, "
      }
    },
    {
      "type": "Feature",
      "geometry": {
        "type": "Point",
        "coordinates": [
          -73.921206,
          40.682094500000005
        ]
      },
      "properties": {
        "event_id": "334452",
        "event_name": "Annual Bainbridge R H Block Party",
        "event_type": "Block Party",
        "event_agency": "Street Activity Permit Office",
        "event_location": " BAINBRIDGE STREET between RALPH AVENUE and HOWARD AVENUE",
        "event_borough": "Brooklyn",
        "start_date": "2017-08-12T12:30:00.000",
        "end_date": "2017-08-12T20:00:00.000",
        "start_formatted": "August 12, 2017 12:30 PM",
        "end_formatted": "August 12, 2017 08:00 PM",
        "street_closure_type": "Full Street Closure ",
        "community_board": "3, ",
        "police_precinct": "81, "
      }
    },
    {
      "type": "Feature",
      "geometry": {
        "type": "Point",
        "coordinates": [
          -73.811428,
          40.6890155
        ]
      },
      "properties": {
        "event_id": "326255",
        "event_name": "134th Streets Annual Block Party",
        "event_type": "Block Party",
        "event_agency": "Street Activity Permit Office",
        "event_location": " 134 STREET between 105 AVENUE and 107 AVENUE",
        "event_borough": "Queens",
        "start_date": "2017-08-12T12:00:00.000",
        "end_date": "2017-08-12T21:00:00.000",
        "start_formatted": "August 12, 2017 12:00 PM",
        "end_formatted": "August 12, 2017 09:00 PM",
        "street_closure_type": "Full Street Closure ",
        "community_board": "10, ",
        "police_precinct": "106, "
      }
    },
    {
      "type": "Feature",
      "geometry": {
        "type": "Point",
        "coordinates": [
          -73.9560395,
          40.6829665
        ]
      },
      "properties": {
        "event_id": "331493",
        "event_name": "Franklin Ave Block Party",
        "event_type": "Block Party",
        "event_agency": "Street Activity Permit Office",
        "event_location": " FRANKLIN AVENUE between PUTNAM AVENUE and JEFFERSON AVENUE",
        "event_borough": "Brooklyn",
        "start_date": "2017-08-12T12:00:00.000",
        "end_date": "2017-08-12T19:30:00.000",
        "start_formatted": "August 12, 2017 12:00 PM",
        "end_formatted": "August 12, 2017 07:30 PM",
        "street_closure_type": "Full Street Closure ",
        "community_board": "3, ",
        "police_precinct": "79, "
      }
    },
    {
      "type": "Feature",
      "geometry": {
        "type": "Point",
        "coordinates": [
          -74.1305735,
          40.621759
        ]
      },
      "properties": {
        "event_id": "354788",
        "event_name": "Kingsley Ave Block Party",
        "event_type": "Block Party",
        "event_agency": "Street Activity Permit Office",
        "event_location": " KINGSLEY AVENUE between NEW YORK PLACE and JEWETT AVENUE",
        "event_borough": "Staten Island",
        "start_date": "2017-08-12T12:00:00.000",
        "end_date": "2017-08-12T21:00:00.000",
        "start_formatted": "August 12, 2017 12:00 PM",
        "end_formatted": "August 12, 2017 09:00 PM",
        "street_closure_type": "Full Street Closure ",
        "community_board": "1, ",
        "police_precinct": "120, "
      }
    },
    {
      "type": "Feature",
      "geometry": {
        "type": "Point",
        "coordinates": [
          -73.85035,
          40.8350755
        ]
      },
      "properties": {
        "event_id": "339974",
        "event_name": "Glebe Ave Block Party",
        "event_type": "Block Party",
        "event_agency": "Street Activity Permit Office",
        "event_location": " GLEBE AVENUE between WESTCHESTER AVENUE and LYON AVENUE",
        "event_borough": "Bronx",
        "start_date": "2017-08-12T12:00:00.000",
        "end_date": "2017-08-12T20:00:00.000",
        "start_formatted": "August 12, 2017 12:00 PM",
        "end_formatted": "August 12, 2017 08:00 PM",
        "street_closure_type": "Full Street Closure ",
        "community_board": "10, ",
        "police_precinct": "45, "
      }
    },
    {
      "type": "Feature",
      "geometry": {
        "type": "Point",
        "coordinates": [
          -73.7324845,
          40.670727
        ]
      },
      "properties": {
        "event_id": "352729",
        "event_name": "Annual block Party",
        "event_type": "Block Party",
        "event_agency": "Street Activity Permit Office",
        "event_location": " 243 STREET between 135 AVENUE and 136 AVENUE",
        "event_borough": "Queens",
        "start_date": "2017-08-12T12:00:00.000",
        "end_date": "2017-08-12T19:30:00.000",
        "start_formatted": "August 12, 2017 12:00 PM",
        "end_formatted": "August 12, 2017 07:30 PM",
        "street_closure_type": "Full Street Closure ",
        "community_board": "13, ",
        "police_precinct": "105, "
      }
    },
    {
      "type": "Feature",
      "geometry": {
        "type": "Point",
        "coordinates": [
          -73.8045015,
          40.673455000000004
        ]
      },
      "properties": {
        "event_id": "344522",
        "event_name": "Sutter Rock Block Association",
        "event_type": "Block Party",
        "event_agency": "Street Activity Permit Office",
        "event_location": " 134 STREET between ROCKAWAY BOULEVARD and SUTTER AVENUE",
        "event_borough": "Queens",
        "start_date": "2017-08-12T12:00:00.000",
        "end_date": "2017-08-12T21:00:00.000",
        "start_formatted": "August 12, 2017 12:00 PM",
        "end_formatted": "August 12, 2017 09:00 PM",
        "street_closure_type": "Full Street Closure ",
        "community_board": "10, ",
        "police_precinct": "106, "
      }
    },
    {
      "type": "Feature",
      "geometry": {
        "type": "Point",
        "coordinates": [
          -73.9435915,
          40.704391
        ]
      },
      "properties": {
        "event_id": "354318",
        "event_name": "Borinquen Houses Family Day",
        "event_type": "Block Party",
        "event_agency": "Street Activity Permit Office",
        "event_location": " SEIGEL STREET between GRAHAM AVENUE and MANHATTAN AVENUE",
        "event_borough": "Brooklyn",
        "start_date": "2017-08-12T12:00:00.000",
        "end_date": "2017-08-12T19:00:00.000",
        "start_formatted": "August 12, 2017 12:00 PM",
        "end_formatted": "August 12, 2017 07:00 PM",
        "street_closure_type": "Full Street Closure ",
        "community_board": "1, ",
        "police_precinct": "90, "
      }
    },
    {
      "type": "Feature",
      "geometry": {
        "type": "Point",
        "coordinates": [
          -73.94402099999999,
          40.6440675
        ]
      },
      "properties": {
        "event_id": "344710",
        "event_name": "East 35th block party",
        "event_type": "Block Party",
        "event_agency": "Street Activity Permit Office",
        "event_location": " EAST   35 STREET between CLARENDON ROAD and CORTELYOU ROAD",
        "event_borough": "Brooklyn",
        "start_date": "2017-08-12T12:00:00.000",
        "end_date": "2017-08-12T20:00:00.000",
        "start_formatted": "August 12, 2017 12:00 PM",
        "end_formatted": "August 12, 2017 08:00 PM",
        "street_closure_type": "Full Street Closure ",
        "community_board": "17, ",
        "police_precinct": "67, "
      }
    },
    {
      "type": "Feature",
      "geometry": {
        "type": "Point",
        "coordinates": [
          -74.170577,
          40.5487415
        ]
      },
      "properties": {
        "event_id": "353074",
        "event_name": "Memphis Avenue Block Party",
        "event_type": "Block Party",
        "event_agency": "Street Activity Permit Office",
        "event_location": " MEMPHIS AVENUE between POMPEY AVENUE and WAINWRIGHT AVENUE",
        "event_borough": "Staten Island",
        "start_date": "2017-08-12T12:00:00.000",
        "end_date": "2017-08-12T21:00:00.000",
        "start_formatted": "August 12, 2017 12:00 PM",
        "end_formatted": "August 12, 2017 09:00 PM",
        "street_closure_type": "Full Street Closure ",
        "community_board": "3, ",
        "police_precinct": "123, "
      }
    },
    {
      "type": "Feature",
      "geometry": {
        "type": "Point",
        "coordinates": [
          -73.990353,
          40.688283
        ]
      },
      "properties": {
        "event_id": "349435",
        "event_name": "P.S.B.A. 19th Annual Block Party",
        "event_type": "Block Party",
        "event_agency": "Street Activity Permit Office",
        "event_location": " PACIFIC STREET between SMITH STREET and BOERUM PLACE",
        "event_borough": "Brooklyn",
        "start_date": "2017-08-12T12:00:00.000",
        "end_date": "2017-08-12T20:00:00.000",
        "start_formatted": "August 12, 2017 12:00 PM",
        "end_formatted": "August 12, 2017 08:00 PM",
        "street_closure_type": "Full Street Closure ",
        "community_board": "2, ",
        "police_precinct": "84, "
      }
    },
    {
      "type": "Feature",
      "geometry": {
        "type": "Point",
        "coordinates": [
          -73.737446,
          40.6758685
        ]
      },
      "properties": {
        "event_id": "353039",
        "event_name": "St. Luke Family  Friends Day",
        "event_type": "Block Party",
        "event_agency": "Street Activity Permit Office",
        "event_location": " 232 STREET between 133 AVENUE and MERRICK BOULEVARD",
        "event_borough": "Queens",
        "start_date": "2017-08-12T12:00:00.000",
        "end_date": "2017-08-12T18:00:00.000",
        "start_formatted": "August 12, 2017 12:00 PM",
        "end_formatted": "August 12, 2017 06:00 PM",
        "street_closure_type": "Full Street Closure ",
        "community_board": "13, ",
        "police_precinct": "105, "
      }
    },
    {
      "type": "Feature",
      "geometry": {
        "type": "Point",
        "coordinates": [
          -73.918837,
          40.8065
        ]
      },
      "properties": {
        "event_id": "354538",
        "event_name": "NYCHA Family Day",
        "event_type": "Block Party",
        "event_agency": "Street Activity Permit Office",
        "event_location": " EAST  137 STREET between ST ANNS AVENUE and BROOK AVENUE",
        "event_borough": "Bronx",
        "start_date": "2017-08-12T12:00:00.000",
        "end_date": "2017-08-12T19:00:00.000",
        "start_formatted": "August 12, 2017 12:00 PM",
        "end_formatted": "August 12, 2017 07:00 PM",
        "street_closure_type": "Full Street Closure ",
        "community_board": "1, ",
        "police_precinct": "40, "
      }
    },
    {
      "type": "Feature",
      "geometry": {
        "type": "Point",
        "coordinates": [
          -74.143449,
          40.558818
        ]
      },
      "properties": {
        "event_id": "348660",
        "event_name": "Summer Gathering",
        "event_type": "Block Party",
        "event_agency": "Street Activity Permit Office",
        "event_location": " SANDALWOOD DRIVE between WILLOWWOOD LANE and REDWOOD AVENUE",
        "event_borough": "Staten Island",
        "start_date": "2017-08-12T12:00:00.000",
        "end_date": "2017-08-12T21:00:00.000",
        "start_formatted": "August 12, 2017 12:00 PM",
        "end_formatted": "August 12, 2017 09:00 PM",
        "street_closure_type": "Full Street Closure ",
        "community_board": "3, ",
        "police_precinct": "122, "
      }
    },
    {
      "type": "Feature",
      "geometry": {
        "type": "Point",
        "coordinates": [
          -73.9860255,
          40.585401000000005
        ]
      },
      "properties": {
        "event_id": "357839",
        "event_name": "Block Party",
        "event_type": "Block Party",
        "event_agency": "Street Activity Permit Office",
        "event_location": " WEST   17 STREET between BAY   50 STREET and AVENUE Z",
        "event_borough": "Brooklyn",
        "start_date": "2017-08-12T12:00:00.000",
        "end_date": "2017-08-12T20:00:00.000",
        "start_formatted": "August 12, 2017 12:00 PM",
        "end_formatted": "August 12, 2017 08:00 PM",
        "street_closure_type": "Full Street Closure ",
        "community_board": "13, ",
        "police_precinct": "60, "
      }
    },
    {
      "type": "Feature",
      "geometry": {
        "type": "Point",
        "coordinates": [
          -74.157451,
          40.537433
        ]
      },
      "properties": {
        "event_id": "356511",
        "event_name": "ridgecrest annual block party",
        "event_type": "Block Party",
        "event_agency": "Street Activity Permit Office",
        "event_location": " RIDGECREST AVENUE between HILLTOP ROAD and PARK ROAD",
        "event_borough": "Staten Island",
        "start_date": "2017-08-12T12:00:00.000",
        "end_date": "2017-08-12T20:00:00.000",
        "start_formatted": "August 12, 2017 12:00 PM",
        "end_formatted": "August 12, 2017 08:00 PM",
        "street_closure_type": "Full Street Closure ",
        "community_board": "3, ",
        "police_precinct": "122, "
      }
    },
    {
      "type": "Feature",
      "geometry": {
        "type": "Point",
        "coordinates": [
          -73.84550250000001,
          40.6753025
        ]
      },
      "properties": {
        "event_id": "344790",
        "event_name": "Block Party",
        "event_type": "Block Party",
        "event_agency": "Street Activity Permit Office",
        "event_location": " SILVER ROAD between 133 AVENUE and RICO PLACE",
        "event_borough": "Queens",
        "start_date": "2017-08-12T12:00:00.000",
        "end_date": "2017-08-12T21:00:00.000",
        "start_formatted": "August 12, 2017 12:00 PM",
        "end_formatted": "August 12, 2017 09:00 PM",
        "street_closure_type": "Full Street Closure ",
        "community_board": "10, ",
        "police_precinct": "106, "
      }
    },
    {
      "type": "Feature",
      "geometry": {
        "type": "Point",
        "coordinates": [
          -73.9774605,
          40.697251
        ]
      },
      "properties": {
        "event_id": "350832",
        "event_name": "Navy Yard Block Association",
        "event_type": "Block Party",
        "event_agency": "Street Activity Permit Office",
        "event_location": " NORTH ELLIOT PLACE between PARK AVENUE and FLUSHING AVENUE",
        "event_borough": "Brooklyn",
        "start_date": "2017-08-12T12:00:00.000",
        "end_date": "2017-08-12T19:00:00.000",
        "start_formatted": "August 12, 2017 12:00 PM",
        "end_formatted": "August 12, 2017 07:00 PM",
        "street_closure_type": "Full Street Closure ",
        "community_board": "2, ",
        "police_precinct": "88, "
      }
    },
    {
      "type": "Feature",
      "geometry": {
        "type": "Point",
        "coordinates": [
          -74.158731,
          40.542462
        ]
      },
      "properties": {
        "event_id": "354679",
        "event_name": "Pacific Ave",
        "event_type": "Block Party",
        "event_agency": "Street Activity Permit Office",
        "event_location": " PACIFIC AVENUE between OAKDALE STREET and SYCAMORE STREET",
        "event_borough": "Staten Island",
        "start_date": "2017-08-12T12:00:00.000",
        "end_date": "2017-08-12T21:00:00.000",
        "start_formatted": "August 12, 2017 12:00 PM",
        "end_formatted": "August 12, 2017 09:00 PM",
        "street_closure_type": "Full Street Closure ",
        "community_board": "3, ",
        "police_precinct": "122, "
      }
    },
    {
      "type": "Feature",
      "geometry": {
        "type": "Point",
        "coordinates": [
          -74.17168,
          40.5537025
        ]
      },
      "properties": {
        "event_id": "339231",
        "event_name": "Stroud Avenue Block Party",
        "event_type": "Block Party",
        "event_agency": "Street Activity Permit Office",
        "event_location": " STROUD AVENUE between WAINWRIGHT AVENUE and POMPEY AVENUE",
        "event_borough": "Staten Island",
        "start_date": "2017-08-12T12:00:00.000",
        "end_date": "2017-08-12T21:00:00.000",
        "start_formatted": "August 12, 2017 12:00 PM",
        "end_formatted": "August 12, 2017 09:00 PM",
        "street_closure_type": "Full Street Closure ",
        "community_board": "3, ",
        "police_precinct": "123, "
      }
    },
    {
      "type": "Feature",
      "geometry": {
        "type": "Point",
        "coordinates": [
          -73.955393,
          40.727433000000005
        ]
      },
      "properties": {
        "event_id": "340276",
        "event_name": "Calyer Street Block Party",
        "event_type": "Block Party",
        "event_agency": "Street Activity Permit Office",
        "event_location": " CALYER STREET between GUERNSEY STREET and CLIFFORD PLACE",
        "event_borough": "Brooklyn",
        "start_date": "2017-08-12T12:00:00.000",
        "end_date": "2017-08-12T19:00:00.000",
        "start_formatted": "August 12, 2017 12:00 PM",
        "end_formatted": "August 12, 2017 07:00 PM",
        "street_closure_type": "Full Street Closure ",
        "community_board": "1, ",
        "police_precinct": "94, "
      }
    },
    {
      "type": "Feature",
      "geometry": {
        "type": "Point",
        "coordinates": [
          -74.1640045,
          40.605794
        ]
      },
      "properties": {
        "event_id": "347723",
        "event_name": "Annual Forest Street Block Party",
        "event_type": "Block Party",
        "event_agency": "Street Activity Permit Office",
        "event_location": " FOREST STREET between ARLENE STREET and RICHMOND AVENUE",
        "event_borough": "Staten Island",
        "start_date": "2017-08-12T12:00:00.000",
        "end_date": "2017-08-12T21:00:00.000",
        "start_formatted": "August 12, 2017 12:00 PM",
        "end_formatted": "August 12, 2017 09:00 PM",
        "street_closure_type": "Full Street Closure ",
        "community_board": "2, ",
        "police_precinct": "121, "
      }
    },
    {
      "type": "Feature",
      "geometry": {
        "type": "Point",
        "coordinates": [
          -74.1052575,
          40.6334205
        ]
      },
      "properties": {
        "event_id": "356434",
        "event_name": "Hoyt avenue Block Party",
        "event_type": "Block Party",
        "event_agency": "Street Activity Permit Office",
        "event_location": " HOYT AVENUE between CASTLETON AVENUE and DELAFIELD AVENUE",
        "event_borough": "Staten Island",
        "start_date": "2017-08-12T12:00:00.000",
        "end_date": "2017-08-12T21:00:00.000",
        "start_formatted": "August 12, 2017 12:00 PM",
        "end_formatted": "August 12, 2017 09:00 PM",
        "street_closure_type": "Full Street Closure ",
        "community_board": "1, ",
        "police_precinct": "120, "
      }
    },
    {
      "type": "Feature",
      "geometry": {
        "type": "Point",
        "coordinates": [
          -73.939747,
          40.703991
        ]
      },
      "properties": {
        "event_id": "364430",
        "event_name": "Hylan Houses Resident Association Family Day",
        "event_type": "Block Party",
        "event_agency": "Street Activity Permit Office",
        "event_location": " MOORE STREET between HUMBOLDT STREET and BUSHWICK AVENUE",
        "event_borough": "Brooklyn",
        "start_date": "2017-08-12T12:00:00.000",
        "end_date": "2017-08-12T19:00:00.000",
        "start_formatted": "August 12, 2017 12:00 PM",
        "end_formatted": "August 12, 2017 07:00 PM",
        "street_closure_type": "Full Street Closure ",
        "community_board": "1, ",
        "police_precinct": "90, "
      }
    },
    {
      "type": "Feature",
      "geometry": {
        "type": "Point",
        "coordinates": [
          -73.9065335,
          40.638448
        ]
      },
      "properties": {
        "event_id": "348564",
        "event_name": "EAST 88TH STREET FAMILY AFFAIR",
        "event_type": "Block Party",
        "event_agency": "Street Activity Permit Office",
        "event_location": " EAST   88 STREET between FLATLANDS AVENUE and AVENUE J",
        "event_borough": "Brooklyn",
        "start_date": "2017-08-12T12:00:00.000",
        "end_date": "2017-08-12T20:00:00.000",
        "start_formatted": "August 12, 2017 12:00 PM",
        "end_formatted": "August 12, 2017 08:00 PM",
        "street_closure_type": "Full Street Closure ",
        "community_board": "18, ",
        "police_precinct": "69, "
      }
    },
    {
      "type": "Feature",
      "geometry": {
        "type": "Point",
        "coordinates": [
          -73.85693549999999,
          40.8850235
        ]
      },
      "properties": {
        "event_id": "329623",
        "event_name": "GSS/BRAG Peace Circle",
        "event_type": "Block Party",
        "event_agency": "Street Activity Permit Office",
        "event_location": " EAST  223 STREET between BARNES AVENUE and BRONXWOOD AVENUE",
        "event_borough": "Bronx",
        "start_date": "2017-08-12T12:00:00.000",
        "end_date": "2017-08-12T17:00:00.000",
        "start_formatted": "August 12, 2017 12:00 PM",
        "end_formatted": "August 12, 2017 05:00 PM",
        "street_closure_type": "Full Street Closure ",
        "community_board": "12, ",
        "police_precinct": "47, "
      }
    },
    {
      "type": "Feature",
      "geometry": {
        "type": "Point",
        "coordinates": [
          -73.954159,
          40.673193
        ]
      },
      "properties": {
        "event_id": "350606",
        "event_name": "New Life Street Life",
        "event_type": "Block Party",
        "event_agency": "Street Activity Permit Office",
        "event_location": " BEDFORD AVENUE between STERLING PLACE and PARK PLACE",
        "event_borough": "Brooklyn",
        "start_date": "2017-08-12T12:00:00.000",
        "end_date": "2017-08-12T18:00:00.000",
        "start_formatted": "August 12, 2017 12:00 PM",
        "end_formatted": "August 12, 2017 06:00 PM",
        "street_closure_type": "Full Street Closure ",
        "community_board": "8, ",
        "police_precinct": "77, "
      }
    },
    {
      "type": "Feature",
      "geometry": {
        "type": "Point",
        "coordinates": [
          -73.945162,
          40.6823445
        ]
      },
      "properties": {
        "event_id": "353147",
        "event_name": "Halsey Marcy Tompkins Block Association",
        "event_type": "Block Party",
        "event_agency": "Street Activity Permit Office",
        "event_location": " HALSEY STREET between MARCY AVENUE and TOMPKINS AVENUE",
        "event_borough": "Brooklyn",
        "start_date": "2017-08-12T12:00:00.000",
        "end_date": "2017-08-12T19:00:00.000",
        "start_formatted": "August 12, 2017 12:00 PM",
        "end_formatted": "August 12, 2017 07:00 PM",
        "street_closure_type": "Full Street Closure ",
        "community_board": "3, ",
        "police_precinct": "79, "
      }
    },
    {
      "type": "Feature",
      "geometry": {
        "type": "Point",
        "coordinates": [
          -74.107187,
          40.565094
        ]
      },
      "properties": {
        "event_id": "306860",
        "event_name": "cuba ave block party 2017",
        "event_type": "Block Party",
        "event_agency": "Street Activity Permit Office",
        "event_location": " CUBA AVENUE between CLAYBOARD STREET and CELTIC PLACE",
        "event_borough": "Staten Island",
        "start_date": "2017-08-12T12:00:00.000",
        "end_date": "2017-08-12T21:00:00.000",
        "start_formatted": "August 12, 2017 12:00 PM",
        "end_formatted": "August 12, 2017 09:00 PM",
        "street_closure_type": "Full Street Closure ",
        "community_board": "2, ",
        "police_precinct": "122, "
      }
    },
    {
      "type": "Feature",
      "geometry": {
        "type": "Point",
        "coordinates": [
          -73.7837925,
          40.751819499999996
        ]
      },
      "properties": {
        "event_id": "355278",
        "event_name": "196th Place Block Party",
        "event_type": "Block Party",
        "event_agency": "Street Activity Permit Office",
        "event_location": " 196 PLACE between 47 AVENUE and 48 AVENUE",
        "event_borough": "Queens",
        "start_date": "2017-08-12T12:00:00.000",
        "end_date": "2017-08-12T21:00:00.000",
        "start_formatted": "August 12, 2017 12:00 PM",
        "end_formatted": "August 12, 2017 09:00 PM",
        "street_closure_type": "Full Street Closure ",
        "community_board": "11, ",
        "police_precinct": "111, "
      }
    },
    {
      "type": "Feature",
      "geometry": {
        "type": "Point",
        "coordinates": [
          -74.1472965,
          40.542426500000005
        ]
      },
      "properties": {
        "event_id": "349172",
        "event_name": "Block Party",
        "event_type": "Block Party",
        "event_agency": "Street Activity Permit Office",
        "event_location": " PRESLEY STREET between WIMAN AVENUE and NELSON AVENUE",
        "event_borough": "Staten Island",
        "start_date": "2017-08-12T12:00:00.000",
        "end_date": "2017-08-12T20:30:00.000",
        "start_formatted": "August 12, 2017 12:00 PM",
        "end_formatted": "August 12, 2017 08:30 PM",
        "street_closure_type": "Full Street Closure ",
        "community_board": "3, ",
        "police_precinct": "122, "
      }
    },
    {
      "type": "Feature",
      "geometry": {
        "type": "Point",
        "coordinates": [
          -73.87825699999999,
          40.844241
        ]
      },
      "properties": {
        "event_id": "347795",
        "event_name": "Community Outreach Day",
        "event_type": "Block Party",
        "event_agency": "Street Activity Permit Office",
        "event_location": " BRYANT AVENUE between EAST 181 STREET and BRONX PARK SOUTH",
        "event_borough": "Bronx",
        "start_date": "2017-08-12T12:00:00.000",
        "end_date": "2017-08-12T17:00:00.000",
        "start_formatted": "August 12, 2017 12:00 PM",
        "end_formatted": "August 12, 2017 05:00 PM",
        "street_closure_type": "Full Street Closure ",
        "community_board": "6, ",
        "police_precinct": "48, "
      }
    },
    {
      "type": "Feature",
      "geometry": {
        "type": "Point",
        "coordinates": [
          -73.953799,
          40.8046445
        ]
      },
      "properties": {
        "event_id": "351062",
        "event_name": "117th Street Block Assocation Family Day BBQ",
        "event_type": "Block Party",
        "event_agency": "Street Activity Permit Office",
        "event_location": " WEST  117 STREET between ST NICHOLAS AVENUE and 8 AVENUE",
        "event_borough": "Manhattan",
        "start_date": "2017-08-12T12:00:00.000",
        "end_date": "2017-08-12T16:00:00.000",
        "start_formatted": "August 12, 2017 12:00 PM",
        "end_formatted": "August 12, 2017 04:00 PM",
        "street_closure_type": "Full Street Closure ",
        "community_board": "10, ",
        "police_precinct": "28, "
      }
    },
    {
      "type": "Feature",
      "geometry": {
        "type": "Point",
        "coordinates": [
          -73.9804645,
          40.678812
        ]
      },
      "properties": {
        "event_id": "352445",
        "event_name": "DouglaSS ST BLOCK PARTY",
        "event_type": "Block Party",
        "event_agency": "Street Activity Permit Office",
        "event_location": " DOUGLASS STREET between 4 AVENUE and 5 AVENUE",
        "event_borough": "Brooklyn",
        "start_date": "2017-08-12T12:00:00.000",
        "end_date": "2017-08-12T19:00:00.000",
        "start_formatted": "August 12, 2017 12:00 PM",
        "end_formatted": "August 12, 2017 07:00 PM",
        "street_closure_type": "Full Street Closure ",
        "community_board": "6, ",
        "police_precinct": "78, "
      }
    },
    {
      "type": "Feature",
      "geometry": {
        "type": "Point",
        "coordinates": [
          -74.1334035,
          40.557987499999996
        ]
      },
      "properties": {
        "event_id": "352615",
        "event_name": "Twombly Ave Block Party",
        "event_type": "Block Party",
        "event_agency": "Street Activity Permit Office",
        "event_location": " TWOMBLY AVENUE between HOPKINS AVENUE and SPRATT AVENUE",
        "event_borough": "Staten Island",
        "start_date": "2017-08-12T12:00:00.000",
        "end_date": "2017-08-12T21:00:00.000",
        "start_formatted": "August 12, 2017 12:00 PM",
        "end_formatted": "August 12, 2017 09:00 PM",
        "street_closure_type": "Full Street Closure ",
        "community_board": "3, ",
        "police_precinct": "122, "
      }
    },
    {
      "type": "Feature",
      "geometry": {
        "type": "Point",
        "coordinates": [
          -74.10986199999999,
          40.6247605
        ]
      },
      "properties": {
        "event_id": "356279",
        "event_name": "Hartford Avenue Block Party",
        "event_type": "Block Party",
        "event_agency": "Street Activity Permit Office",
        "event_location": " HARTFORD AVENUE between WHITEWOOD AVENUE and MATHEWS AVENUE",
        "event_borough": "Staten Island",
        "start_date": "2017-08-12T12:00:00.000",
        "end_date": "2017-08-12T21:00:00.000",
        "start_formatted": "August 12, 2017 12:00 PM",
        "end_formatted": "August 12, 2017 09:00 PM",
        "street_closure_type": "Full Street Closure ",
        "community_board": "1, ",
        "police_precinct": "120, "
      }
    },
    {
      "type": "Feature",
      "geometry": {
        "type": "Point",
        "coordinates": [
          -73.72724550000001,
          40.7290605
        ]
      },
      "properties": {
        "event_id": "357827",
        "event_name": "240 street annual block party",
        "event_type": "Block Party",
        "event_agency": "Street Activity Permit Office",
        "event_location": " 240 STREET between 89 AVENUE and 88 AVENUE",
        "event_borough": "Queens",
        "start_date": "2017-08-12T11:30:00.000",
        "end_date": "2017-08-12T19:00:00.000",
        "start_formatted": "August 12, 2017 11:30 AM",
        "end_formatted": "August 12, 2017 07:00 PM",
        "street_closure_type": "Full Street Closure ",
        "community_board": "13, ",
        "police_precinct": "105, "
      }
    },
    {
      "type": "Feature",
      "geometry": {
        "type": "Point",
        "coordinates": [
          -73.927623,
          40.590925
        ]
      },
      "properties": {
        "event_id": "357967",
        "event_name": "beach block party",
        "event_type": "Block Party",
        "event_agency": "Street Activity Permit Office",
        "event_location": " GARLAND COURT between EVERETT AVENUE and FLORENCE AVENUE",
        "event_borough": "Brooklyn",
        "start_date": "2017-08-12T11:00:00.000",
        "end_date": "2017-08-12T19:00:00.000",
        "start_formatted": "August 12, 2017 11:00 AM",
        "end_formatted": "August 12, 2017 07:00 PM",
        "street_closure_type": "Full Street Closure ",
        "community_board": "15, ",
        "police_precinct": "61, "
      }
    },
    {
      "type": "Feature",
      "geometry": {
        "type": "Point",
        "coordinates": [
          -73.7917165,
          40.6694235
        ]
      },
      "properties": {
        "event_id": "351346",
        "event_name": "Block Party",
        "event_type": "Block Party",
        "event_agency": "Street Activity Permit Office",
        "event_location": " 147 STREET between 130 AVENUE and 133 AVENUE",
        "event_borough": "Queens",
        "start_date": "2017-08-12T11:00:00.000",
        "end_date": "2017-08-12T17:00:00.000",
        "start_formatted": "August 12, 2017 11:00 AM",
        "end_formatted": "August 12, 2017 05:00 PM",
        "street_closure_type": "Full Street Closure ",
        "community_board": "12, ",
        "police_precinct": "113, "
      }
    },
    {
      "type": "Feature",
      "geometry": {
        "type": "Point",
        "coordinates": [
          -73.7969025,
          40.69521
        ]
      },
      "properties": {
        "event_id": "348478",
        "event_name": "whos watching the kids 156th street block party",
        "event_type": "Block Party",
        "event_agency": "Street Activity Permit Office",
        "event_location": " 156 STREET between 107 AVENUE and 108 AVENUE",
        "event_borough": "Queens",
        "start_date": "2017-08-12T11:00:00.000",
        "end_date": "2017-08-12T18:00:00.000",
        "start_formatted": "August 12, 2017 11:00 AM",
        "end_formatted": "August 12, 2017 06:00 PM",
        "street_closure_type": "Full Street Closure ",
        "community_board": "12, ",
        "police_precinct": "103, "
      }
    },
    {
      "type": "Feature",
      "geometry": {
        "type": "Point",
        "coordinates": [
          -73.84555399999999,
          40.8430645
        ]
      },
      "properties": {
        "event_id": "326862",
        "event_name": "Community Health Day/Block Party",
        "event_type": "Block Party",
        "event_agency": "Street Activity Permit Office",
        "event_location": " ST RAYMONDS AVENUE between EAST TREMONT AVENUE and WILLIAMSBRIDGE ROAD",
        "event_borough": "Bronx",
        "start_date": "2017-08-12T11:00:00.000",
        "end_date": "2017-08-12T16:00:00.000",
        "start_formatted": "August 12, 2017 11:00 AM",
        "end_formatted": "August 12, 2017 04:00 PM",
        "street_closure_type": "Full Street Closure ",
        "community_board": "10, ",
        "police_precinct": "45, "
      }
    },
    {
      "type": "Feature",
      "geometry": {
        "type": "Point",
        "coordinates": [
          -73.932152,
          40.5949885
        ]
      },
      "properties": {
        "event_id": "354651",
        "event_name": "Garland Court Blockparty",
        "event_type": "Block Party",
        "event_agency": "Street Activity Permit Office",
        "event_location": " GARLAND COURT between ALLEN AVENUE and DEAD END",
        "event_borough": "Brooklyn",
        "start_date": "2017-08-12T11:00:00.000",
        "end_date": "2017-08-12T20:00:00.000",
        "start_formatted": "August 12, 2017 11:00 AM",
        "end_formatted": "August 12, 2017 08:00 PM",
        "street_closure_type": "Full Street Closure ",
        "community_board": "15, ",
        "police_precinct": "61, "
      }
    },
    {
      "type": "Feature",
      "geometry": {
        "type": "Point",
        "coordinates": [
          -73.9923885,
          40.681849
        ]
      },
      "properties": {
        "event_id": "357219",
        "event_name": "Annual Pot Luck Dinner",
        "event_type": "Block Party",
        "event_agency": "Street Activity Permit Office",
        "event_location": " SACKETT STREET between SMITH STREET and HOYT STREET",
        "event_borough": "Brooklyn",
        "start_date": "2017-08-12T11:00:00.000",
        "end_date": "2017-08-12T20:00:00.000",
        "start_formatted": "August 12, 2017 11:00 AM",
        "end_formatted": "August 12, 2017 08:00 PM",
        "street_closure_type": "Sidewalk and Street Closure ",
        "community_board": "6, ",
        "police_precinct": "76, "
      }
    },
    {
      "type": "Feature",
      "geometry": {
        "type": "Point",
        "coordinates": [
          -73.94861449999999,
          40.6751285
        ]
      },
      "properties": {
        "event_id": "357461",
        "event_name": "St Marks Ave Historical Improvement celebration",
        "event_type": "Block Party",
        "event_agency": "Street Activity Permit Office",
        "event_location": " ST MARKS AVENUE between NEW YORK AVENUE and NOSTRAND AVENUE",
        "event_borough": "Brooklyn",
        "start_date": "2017-08-12T11:00:00.000",
        "end_date": "2017-08-12T19:30:00.000",
        "start_formatted": "August 12, 2017 11:00 AM",
        "end_formatted": "August 12, 2017 07:30 PM",
        "street_closure_type": "Full Street Closure ",
        "community_board": "8, ",
        "police_precinct": "77, "
      }
    },
    {
      "type": "Feature",
      "geometry": {
        "type": "Point",
        "coordinates": [
          -73.93160950000001,
          40.5976135
        ]
      },
      "properties": {
        "event_id": "356583",
        "event_name": "Plumb 2nd Block Party",
        "event_type": "Block Party",
        "event_agency": "Street Activity Permit Office",
        "event_location": " PLUMB    2 STREET between AVENUE W and WHITNEY AVENUE",
        "event_borough": "Brooklyn",
        "start_date": "2017-08-12T11:00:00.000",
        "end_date": "2017-08-12T20:00:00.000",
        "start_formatted": "August 12, 2017 11:00 AM",
        "end_formatted": "August 12, 2017 08:00 PM",
        "street_closure_type": "Full Street Closure ",
        "community_board": "15, ",
        "police_precinct": "61, "
      }
    },
    {
      "type": "Feature",
      "geometry": {
        "type": "Point",
        "coordinates": [
          -73.9839135,
          40.662110999999996
        ]
      },
      "properties": {
        "event_id": "351436",
        "event_name": "Annual Block Party",
        "event_type": "Block Party",
        "event_agency": "Street Activity Permit Office",
        "event_location": " 16 STREET between 7 AVENUE and 8 AVENUE",
        "event_borough": "Brooklyn",
        "start_date": "2017-08-12T11:00:00.000",
        "end_date": "2017-08-12T20:00:00.000",
        "start_formatted": "August 12, 2017 11:00 AM",
        "end_formatted": "August 12, 2017 08:00 PM",
        "street_closure_type": "Full Street Closure ",
        "community_board": "7, ",
        "police_precinct": "72, "
      }
    },
    {
      "type": "Feature",
      "geometry": {
        "type": "Point",
        "coordinates": [
          -73.961311,
          40.6760805
        ]
      },
      "properties": {
        "event_id": "348636",
        "event_name": "Community Outreach Day",
        "event_type": "Block Party",
        "event_agency": "Street Activity Permit Office",
        "event_location": " PROSPECT PLACE between CLASSON AVENUE and GRAND AVENUE",
        "event_borough": "Brooklyn",
        "start_date": "2017-08-12T11:00:00.000",
        "end_date": "2017-08-12T18:00:00.000",
        "start_formatted": "August 12, 2017 11:00 AM",
        "end_formatted": "August 12, 2017 06:00 PM",
        "street_closure_type": "Full Street Closure ",
        "community_board": "8, ",
        "police_precinct": "77, "
      }
    },
    {
      "type": "Feature",
      "geometry": {
        "type": "Point",
        "coordinates": [
          -73.999216,
          40.657547
        ]
      },
      "properties": {
        "event_id": "351645",
        "event_name": "29 th street block party",
        "event_type": "Block Party",
        "event_agency": "Street Activity Permit Office",
        "event_location": " 29 STREET between 4 AVENUE and 5 AVENUE",
        "event_borough": "Brooklyn",
        "start_date": "2017-08-12T11:00:00.000",
        "end_date": "2017-08-12T20:00:00.000",
        "start_formatted": "August 12, 2017 11:00 AM",
        "end_formatted": "August 12, 2017 08:00 PM",
        "street_closure_type": "Full Street Closure ",
        "community_board": "7, ",
        "police_precinct": "72, "
      }
    },
    {
      "type": "Feature",
      "geometry": {
        "type": "Point",
        "coordinates": [
          -73.9528565,
          40.6874575
        ]
      },
      "properties": {
        "event_id": "314949",
        "event_name": "200 Lexington Block Party",
        "event_type": "Block Party",
        "event_agency": "Street Activity Permit Office",
        "event_location": " LEXINGTON AVENUE between BEDFORD AVENUE and NOSTRAND AVENUE",
        "event_borough": "Brooklyn",
        "start_date": "2017-08-12T11:00:00.000",
        "end_date": "2017-08-12T19:00:00.000",
        "start_formatted": "August 12, 2017 11:00 AM",
        "end_formatted": "August 12, 2017 07:00 PM",
        "street_closure_type": "Full Street Closure ",
        "community_board": "3, ",
        "police_precinct": "79, "
      }
    },
    {
      "type": "Feature",
      "geometry": {
        "type": "Point",
        "coordinates": [
          -73.761729,
          40.6772565
        ]
      },
      "properties": {
        "event_id": "352574",
        "event_name": "Community Outreach",
        "event_type": "Block Party",
        "event_agency": "Street Activity Permit Office",
        "event_location": " DENNIS STREET between FARMERS BOULEVARD and CRANDELL AVENUE",
        "event_borough": "Queens",
        "start_date": "2017-08-12T11:00:00.000",
        "end_date": "2017-08-12T17:00:00.000",
        "start_formatted": "August 12, 2017 11:00 AM",
        "end_formatted": "August 12, 2017 05:00 PM",
        "street_closure_type": "Full Street Closure ",
        "community_board": "12, ",
        "police_precinct": "113, "
      }
    },
    {
      "type": "Feature",
      "geometry": {
        "type": "Point",
        "coordinates": [
          -73.94904650000001,
          40.659496000000004
        ]
      },
      "properties": {
        "event_id": "325560",
        "event_name": "300 Rutland Block Party",
        "event_type": "Block Party",
        "event_agency": "Street Activity Permit Office",
        "event_location": " RUTLAND ROAD between NOSTRAND AVENUE and NEW YORK AVENUE",
        "event_borough": "Brooklyn",
        "start_date": "2017-08-12T11:00:00.000",
        "end_date": "2017-08-12T18:00:00.000",
        "start_formatted": "August 12, 2017 11:00 AM",
        "end_formatted": "August 12, 2017 06:00 PM",
        "street_closure_type": "Full Street Closure ",
        "community_board": "9, ",
        "police_precinct": "71, "
      }
    },
    {
      "type": "Feature",
      "geometry": {
        "type": "Point",
        "coordinates": [
          -73.930767,
          40.595493000000005
        ]
      },
      "properties": {
        "event_id": "357799",
        "event_name": "Dictum Ct Block party",
        "event_type": "Block Party",
        "event_agency": "Street Activity Permit Office",
        "event_location": " DICTUM COURT between BIJOU AVENUE and ALLEN AVENUE",
        "event_borough": "Brooklyn",
        "start_date": "2017-08-12T11:00:00.000",
        "end_date": "2017-08-12T19:00:00.000",
        "start_formatted": "August 12, 2017 11:00 AM",
        "end_formatted": "August 12, 2017 07:00 PM",
        "street_closure_type": "Full Street Closure ",
        "community_board": "15, ",
        "police_precinct": "61, "
      }
    },
    {
      "type": "Feature",
      "geometry": {
        "type": "Point",
        "coordinates": [
          -74.0342165,
          40.633745000000005
        ]
      },
      "properties": {
        "event_id": "340954",
        "event_name": "74th Street Block Party",
        "event_type": "Block Party",
        "event_agency": "Street Activity Permit Office",
        "event_location": " 74 STREET between COLONIAL ROAD and NARROWS AVENUE",
        "event_borough": "Brooklyn",
        "start_date": "2017-08-12T11:00:00.000",
        "end_date": "2017-08-12T20:00:00.000",
        "start_formatted": "August 12, 2017 11:00 AM",
        "end_formatted": "August 12, 2017 08:00 PM",
        "street_closure_type": "Full Street Closure ",
        "community_board": "10, ",
        "police_precinct": "68, "
      }
    },
    {
      "type": "Feature",
      "geometry": {
        "type": "Point",
        "coordinates": [
          -73.950638,
          40.827391500000004
        ]
      },
      "properties": {
        "event_id": "350485",
        "event_name": "w 146th street 10th annual block party",
        "event_type": "Block Party",
        "event_agency": "Street Activity Permit Office",
        "event_location": " WEST  146 STREET between RIVERSIDE DRIVE and BROADWAY",
        "event_borough": "Manhattan",
        "start_date": "2017-08-12T11:00:00.000",
        "end_date": "2017-08-12T19:00:00.000",
        "start_formatted": "August 12, 2017 11:00 AM",
        "end_formatted": "August 12, 2017 07:00 PM",
        "street_closure_type": "Full Street Closure ",
        "community_board": "9, ",
        "police_precinct": "30, "
      }
    },
    {
      "type": "Feature",
      "geometry": {
        "type": "Point",
        "coordinates": [
          -73.9469945,
          40.8133455
        ]
      },
      "properties": {
        "event_id": "334637",
        "event_name": "131st Street Block Association Founders Day Celebration",
        "event_type": "Block Party",
        "event_agency": "Street Activity Permit Office",
        "event_location": " WEST  131 STREET between ADAM CLAYTON POWELL BOULEVARD and FREDERICK DOUGLAS BOULEVARD",
        "event_borough": "Manhattan",
        "start_date": "2017-08-12T11:00:00.000",
        "end_date": "2017-08-12T17:00:00.000",
        "start_formatted": "August 12, 2017 11:00 AM",
        "end_formatted": "August 12, 2017 05:00 PM",
        "street_closure_type": "Full Street Closure ",
        "community_board": "10, ",
        "police_precinct": "32, "
      }
    },
    {
      "type": "Feature",
      "geometry": {
        "type": "Point",
        "coordinates": [
          -73.9837615,
          40.6434945
        ]
      },
      "properties": {
        "event_id": "356423",
        "event_name": "Chester Ave Block Party 2017",
        "event_type": "Block Party",
        "event_agency": "Street Activity Permit Office",
        "event_location": " CHESTER AVENUE between CLARA STREET and TEHAMA STREET",
        "event_borough": "Brooklyn",
        "start_date": "2017-08-12T11:00:00.000",
        "end_date": "2017-08-12T20:00:00.000",
        "start_formatted": "August 12, 2017 11:00 AM",
        "end_formatted": "August 12, 2017 08:00 PM",
        "street_closure_type": "Full Street Closure ",
        "community_board": "12, ",
        "police_precinct": "66, "
      }
    },
    {
      "type": "Feature",
      "geometry": {
        "type": "Point",
        "coordinates": [
          -74.008634,
          40.645002
        ]
      },
      "properties": {
        "event_id": "350522",
        "event_name": "Block Party",
        "event_type": "Block Party",
        "event_agency": "Street Activity Permit Office",
        "event_location": " 49 STREET between 6 AVENUE and 5 AVENUE",
        "event_borough": "Brooklyn",
        "start_date": "2017-08-12T11:00:00.000",
        "end_date": "2017-08-12T20:00:00.000",
        "start_formatted": "August 12, 2017 11:00 AM",
        "end_formatted": "August 12, 2017 08:00 PM",
        "street_closure_type": "Full Street Closure ",
        "community_board": "7, ",
        "police_precinct": "72, "
      }
    },
    {
      "type": "Feature",
      "geometry": {
        "type": "Point",
        "coordinates": [
          -73.974167,
          40.602989
        ]
      },
      "properties": {
        "event_id": "358020",
        "event_name": "Block Party 2017",
        "event_type": "Block Party",
        "event_agency": "Street Activity Permit Office",
        "event_location": " VAN SICKLEN STREET between KINGS HIGHWAY and AVENUE S",
        "event_borough": "Brooklyn",
        "start_date": "2017-08-12T11:00:00.000",
        "end_date": "2017-08-12T19:00:00.000",
        "start_formatted": "August 12, 2017 11:00 AM",
        "end_formatted": "August 12, 2017 07:00 PM",
        "street_closure_type": "Full Street Closure ",
        "community_board": "11, ",
        "police_precinct": "62, "
      }
    },
    {
      "type": "Feature",
      "geometry": {
        "type": "Point",
        "coordinates": [
          -73.9013835,
          40.659683
        ]
      },
      "properties": {
        "event_id": "335487",
        "event_name": "family day",
        "event_type": "Block Party",
        "event_agency": "Street Activity Permit Office",
        "event_location": " POWELL STREET between LOTT AVENUE and NEWPORT STREET",
        "event_borough": "Brooklyn",
        "start_date": "2017-08-12T10:30:00.000",
        "end_date": "2017-08-12T18:00:00.000",
        "start_formatted": "August 12, 2017 10:30 AM",
        "end_formatted": "August 12, 2017 06:00 PM",
        "street_closure_type": "Full Street Closure ",
        "community_board": "16, ",
        "police_precinct": "73, "
      }
    },
    {
      "type": "Feature",
      "geometry": {
        "type": "Point",
        "coordinates": [
          -73.923338,
          40.649565
        ]
      },
      "properties": {
        "event_id": "340270",
        "event_name": "East 57th Street Block Association",
        "event_type": "Block Party",
        "event_agency": "Street Activity Permit Office",
        "event_location": " EAST   57 STREET between TILDEN AVENUE and SNYDER AVENUE",
        "event_borough": "Brooklyn",
        "start_date": "2017-08-12T10:00:00.000",
        "end_date": "2017-08-12T18:00:00.000",
        "start_formatted": "August 12, 2017 10:00 AM",
        "end_formatted": "August 12, 2017 06:00 PM",
        "street_closure_type": "Full Street Closure ",
        "community_board": "17, ",
        "police_precinct": "67, "
      }
    },
    {
      "type": "Feature",
      "geometry": {
        "type": "Point",
        "coordinates": [
          -73.927943,
          40.6133515
        ]
      },
      "properties": {
        "event_id": "352803",
        "event_name": "Hendrickson Street Block Party",
        "event_type": "Block Party",
        "event_agency": "Street Activity Permit Office",
        "event_location": " HENDRICKSON STREET between AVENUE S and FILLMORE AVENUE",
        "event_borough": "Brooklyn",
        "start_date": "2017-08-12T10:00:00.000",
        "end_date": "2017-08-12T18:00:00.000",
        "start_formatted": "August 12, 2017 10:00 AM",
        "end_formatted": "August 12, 2017 06:00 PM",
        "street_closure_type": "Full Street Closure ",
        "community_board": "18, ",
        "police_precinct": "63, "
      }
    },
    {
      "type": "Feature",
      "geometry": {
        "type": "Point",
        "coordinates": [
          -73.93214,
          40.6407825
        ]
      },
      "properties": {
        "event_id": "341675",
        "event_name": "Summer Celebration with Schenectady Avenue Block Association 2017",
        "event_type": "Block Party",
        "event_agency": "Street Activity Permit Office",
        "event_location": " SCHENECTADY AVENUE between AVENUE D and FOSTER AVENUE",
        "event_borough": "Brooklyn",
        "start_date": "2017-08-12T10:00:00.000",
        "end_date": "2017-08-12T18:00:00.000",
        "start_formatted": "August 12, 2017 10:00 AM",
        "end_formatted": "August 12, 2017 06:00 PM",
        "street_closure_type": "Full Street Closure ",
        "community_board": "17, ",
        "police_precinct": "67, "
      }
    },
    {
      "type": "Feature",
      "geometry": {
        "type": "Point",
        "coordinates": [
          -73.9065825,
          40.657249
        ]
      },
      "properties": {
        "event_id": "335539",
        "event_name": "Thatford avenue annual block party",
        "event_type": "Block Party",
        "event_agency": "Street Activity Permit Office",
        "event_location": " THATFORD AVENUE between HEGEMAN AVENUE and LOTT AVENUE",
        "event_borough": "Brooklyn",
        "start_date": "2017-08-12T10:00:00.000",
        "end_date": "2017-08-12T18:00:00.000",
        "start_formatted": "August 12, 2017 10:00 AM",
        "end_formatted": "August 12, 2017 06:00 PM",
        "street_closure_type": "Full Street Closure ",
        "community_board": "16, ",
        "police_precinct": "73, "
      }
    },
    {
      "type": "Feature",
      "geometry": {
        "type": "Point",
        "coordinates": [
          -73.9245305,
          40.6514855
        ]
      },
      "properties": {
        "event_id": "348457",
        "event_name": "SNYDER CHURCH BLOCK ASSOCIATION OF EAST 56TH STREET",
        "event_type": "Block Party",
        "event_agency": "Street Activity Permit Office",
        "event_location": " EAST   56 STREET between CHURCH AVENUE and SNYDER AVENUE",
        "event_borough": "Brooklyn",
        "start_date": "2017-08-12T10:00:00.000",
        "end_date": "2017-08-12T18:00:00.000",
        "start_formatted": "August 12, 2017 10:00 AM",
        "end_formatted": "August 12, 2017 06:00 PM",
        "street_closure_type": "Full Street Closure ",
        "community_board": "17, ",
        "police_precinct": "67, "
      }
    },
    {
      "type": "Feature",
      "geometry": {
        "type": "Point",
        "coordinates": [
          -73.921632,
          40.6842985
        ]
      },
      "properties": {
        "event_id": "331859",
        "event_name": "Macon Street Ralph and Howard Block Party",
        "event_type": "Block Party",
        "event_agency": "Street Activity Permit Office",
        "event_location": " MACON STREET between RALPH AVENUE and HOWARD AVENUE",
        "event_borough": "Brooklyn",
        "start_date": "2017-08-12T10:00:00.000",
        "end_date": "2017-08-12T19:00:00.000",
        "start_formatted": "August 12, 2017 10:00 AM",
        "end_formatted": "August 12, 2017 07:00 PM",
        "street_closure_type": "Full Street Closure ",
        "community_board": "3, ",
        "police_precinct": "81, "
      }
    },
    {
      "type": "Feature",
      "geometry": {
        "type": "Point",
        "coordinates": [
          -73.9473525,
          40.6480015
        ]
      },
      "properties": {
        "event_id": "336063",
        "event_name": "Tilder Celebrates Summer  2017",
        "event_type": "Block Party",
        "event_agency": "Street Activity Permit Office",
        "event_location": " E  32  STREET between SNYDER  AVENUE and TILDEN  AVENUE",
        "event_borough": "Brooklyn",
        "start_date": "2017-08-12T10:00:00.000",
        "end_date": "2017-08-12T18:00:00.000",
        "start_formatted": "August 12, 2017 10:00 AM",
        "end_formatted": "August 12, 2017 06:00 PM",
        "street_closure_type": "Full Street Closure ",
        "community_board": "17, ",
        "police_precinct": "67, "
      }
    },
    {
      "type": "Feature",
      "geometry": {
        "type": "Point",
        "coordinates": [
          -73.93849900000001,
          40.660866
        ]
      },
      "properties": {
        "event_id": "352479",
        "event_name": "Midwood/Troy family day",
        "event_type": "Block Party",
        "event_agency": "Street Activity Permit Office",
        "event_location": " MIDWOOD STREET between TROY AVENUE and ALBANY AVENUE",
        "event_borough": "Brooklyn",
        "start_date": "2017-08-12T10:00:00.000",
        "end_date": "2017-08-12T19:00:00.000",
        "start_formatted": "August 12, 2017 10:00 AM",
        "end_formatted": "August 12, 2017 07:00 PM",
        "street_closure_type": "Full Street Closure ",
        "community_board": "9, ",
        "police_precinct": "71, "
      }
    },
    {
      "type": "Feature",
      "geometry": {
        "type": "Point",
        "coordinates": [
          -73.937997,
          40.636891000000006
        ]
      },
      "properties": {
        "event_id": "342005",
        "event_name": "Citizens For A Better Community",
        "event_type": "Block Party",
        "event_agency": "Street Activity Permit Office",
        "event_location": " FARRAGUT ROAD between EAST   40 STREET and ALBANY AVENUE",
        "event_borough": "Brooklyn",
        "start_date": "2017-08-12T10:00:00.000",
        "end_date": "2017-08-12T18:00:00.000",
        "start_formatted": "August 12, 2017 10:00 AM",
        "end_formatted": "August 12, 2017 06:00 PM",
        "street_closure_type": "Full Street Closure ",
        "community_board": "17, ",
        "police_precinct": "67, "
      }
    },
    {
      "type": "Feature",
      "geometry": {
        "type": "Point",
        "coordinates": [
          -73.93379300000001,
          40.6383275
        ]
      },
      "properties": {
        "event_id": "341198",
        "event_name": "Meet Your Neighbors",
        "event_type": "Block Party",
        "event_agency": "Street Activity Permit Office",
        "event_location": " EAST   45 STREET between FOSTER AVENUE and FARRAGUT ROAD",
        "event_borough": "Brooklyn",
        "start_date": "2017-08-12T10:00:00.000",
        "end_date": "2017-08-12T18:00:00.000",
        "start_formatted": "August 12, 2017 10:00 AM",
        "end_formatted": "August 12, 2017 06:00 PM",
        "street_closure_type": "Full Street Closure ",
        "community_board": "17, ",
        "police_precinct": "67, "
      }
    },
    {
      "type": "Feature",
      "geometry": {
        "type": "Point",
        "coordinates": [
          -73.9321315,
          40.6316165
        ]
      },
      "properties": {
        "event_id": "331442",
        "event_name": "3rd Annual Block Party",
        "event_type": "Block Party",
        "event_agency": "Street Activity Permit Office",
        "event_location": " EAST   46 STREET between AVENUE H and KINGS HIGHWAY",
        "event_borough": "Brooklyn",
        "start_date": "2017-08-12T10:00:00.000",
        "end_date": "2017-08-12T18:00:00.000",
        "start_formatted": "August 12, 2017 10:00 AM",
        "end_formatted": "August 12, 2017 06:00 PM",
        "street_closure_type": "Full Street Closure ",
        "community_board": "18, ",
        "police_precinct": "63, "
      }
    },
    {
      "type": "Feature",
      "geometry": {
        "type": "Point",
        "coordinates": [
          -73.9350135,
          40.640611500000006
        ]
      },
      "properties": {
        "event_id": "353035",
        "event_name": "Troy Ave. Block Association Block Party",
        "event_type": "Block Party",
        "event_agency": "Street Activity Permit Office",
        "event_location": " TROY AVENUE between AVENUE D and FOSTER AVENUE",
        "event_borough": "Brooklyn",
        "start_date": "2017-08-12T10:00:00.000",
        "end_date": "2017-08-12T18:00:00.000",
        "start_formatted": "August 12, 2017 10:00 AM",
        "end_formatted": "August 12, 2017 06:00 PM",
        "street_closure_type": "Full Street Closure ",
        "community_board": "17, ",
        "police_precinct": "67, "
      }
    },
    {
      "type": "Feature",
      "geometry": {
        "type": "Point",
        "coordinates": [
          -73.938364,
          40.692118
        ]
      },
      "properties": {
        "event_id": "284092",
        "event_name": "Kosciuszko Street Annual Block Party",
        "event_type": "Block Party",
        "event_agency": "Street Activity Permit Office",
        "event_location": " KOSCIUSZKO STREET between MARCUS GARVEY BOULEVARD and LEWIS AVENUE",
        "event_borough": "Brooklyn",
        "start_date": "2017-08-12T10:00:00.000",
        "end_date": "2017-08-12T19:00:00.000",
        "start_formatted": "August 12, 2017 10:00 AM",
        "end_formatted": "August 12, 2017 07:00 PM",
        "street_closure_type": "Full Street Closure ",
        "community_board": "3, ",
        "police_precinct": "81, "
      }
    },
    {
      "type": "Feature",
      "geometry": {
        "type": "Point",
        "coordinates": [
          -73.950898,
          40.822886499999996
        ]
      },
      "properties": {
        "event_id": "349777",
        "event_name": "Hamilton Place Block Party",
        "event_type": "Block Party",
        "event_agency": "Street Activity Permit Office",
        "event_location": " HAMILTON PLACE between WEST  140 STREET and WEST  141 STREET",
        "event_borough": "Manhattan",
        "start_date": "2017-08-12T10:00:00.000",
        "end_date": "2017-08-12T17:00:00.000",
        "start_formatted": "August 12, 2017 10:00 AM",
        "end_formatted": "August 12, 2017 05:00 PM",
        "street_closure_type": "Full Street Closure ",
        "community_board": "9, ",
        "police_precinct": "30, "
      }
    },
    {
      "type": "Feature",
      "geometry": {
        "type": "Point",
        "coordinates": [
          -74.01786100000001,
          40.6206175
        ]
      },
      "properties": {
        "event_id": "344533",
        "event_name": "10th Aves Block Party",
        "event_type": "Block Party",
        "event_agency": "Street Activity Permit Office",
        "event_location": " 10 AVENUE between 81 STREET and 82 STREET",
        "event_borough": "Brooklyn",
        "start_date": "2017-08-12T10:00:00.000",
        "end_date": "2017-08-12T18:00:00.000",
        "start_formatted": "August 12, 2017 10:00 AM",
        "end_formatted": "August 12, 2017 06:00 PM",
        "street_closure_type": "Full Street Closure ",
        "community_board": "10, ",
        "police_precinct": "68, "
      }
    },
    {
      "type": "Feature",
      "geometry": {
        "type": "Point",
        "coordinates": [
          -73.93539799999999,
          40.843254
        ]
      },
      "properties": {
        "event_id": "351057",
        "event_name": "EVANGELISTIC FAIR",
        "event_type": "Block Party",
        "event_agency": "Street Activity Permit Office",
        "event_location": " WEST  173 STREET between AMSTERDAM AVENUE and AUDUBON AVENUE",
        "event_borough": "Manhattan",
        "start_date": "2017-08-12T10:00:00.000",
        "end_date": "2017-08-12T18:00:00.000",
        "start_formatted": "August 12, 2017 10:00 AM",
        "end_formatted": "August 12, 2017 06:00 PM",
        "street_closure_type": "Full Street Closure ",
        "community_board": "12, ",
        "police_precinct": "33, "
      }
    },
    {
      "type": "Feature",
      "geometry": {
        "type": "Point",
        "coordinates": [
          -73.93339850000001,
          40.6182515
        ]
      },
      "properties": {
        "event_id": "358050",
        "event_name": "Hendrickson street block party",
        "event_type": "Block Party",
        "event_agency": "Street Activity Permit Office",
        "event_location": " HENDRICKSON STREET between AVENUE P and QUENTIN ROAD",
        "event_borough": "Brooklyn",
        "start_date": "2017-08-12T10:00:00.000",
        "end_date": "2017-08-12T18:00:00.000",
        "start_formatted": "August 12, 2017 10:00 AM",
        "end_formatted": "August 12, 2017 06:00 PM",
        "street_closure_type": "Sidewalk and Street Closure ",
        "community_board": "18, ",
        "police_precinct": "63, "
      }
    },
    {
      "type": "Feature",
      "geometry": {
        "type": "Point",
        "coordinates": [
          -73.8395955,
          40.8897215
        ]
      },
      "properties": {
        "event_id": "327787",
        "event_name": "Wake Eden Communuity Baptist Church Block Party",
        "event_type": "Block Party",
        "event_agency": "Street Activity Permit Office",
        "event_location": " MURDOCK AVENUE between 233 STREET and STRANG AVENUE",
        "event_borough": "Bronx",
        "start_date": "2017-08-12T10:00:00.000",
        "end_date": "2017-08-12T19:00:00.000",
        "start_formatted": "August 12, 2017 10:00 AM",
        "end_formatted": "August 12, 2017 07:00 PM",
        "street_closure_type": "Full Street Closure ",
        "community_board": "12, ",
        "police_precinct": "47, "
      }
    },
    {
      "type": "Feature",
      "geometry": {
        "type": "Point",
        "coordinates": [
          -73.93544,
          40.667242
        ]
      },
      "properties": {
        "event_id": "350946",
        "event_name": "Family day",
        "event_type": "Block Party",
        "event_agency": "Street Activity Permit Office",
        "event_location": " PRESIDENT STREET between SCHNECTADY AVENUE and TROY AVENUE",
        "event_borough": "Brooklyn",
        "start_date": "2017-08-12T10:00:00.000",
        "end_date": "2017-08-12T19:00:00.000",
        "start_formatted": "August 12, 2017 10:00 AM",
        "end_formatted": "August 12, 2017 07:00 PM",
        "street_closure_type": "Full Street Closure ",
        "community_board": "9, ",
        "police_precinct": "71, "
      }
    },
    {
      "type": "Feature",
      "geometry": {
        "type": "Point",
        "coordinates": [
          -73.927371,
          40.655547
        ]
      },
      "properties": {
        "event_id": "332363",
        "event_name": "Summer Block Party",
        "event_type": "Block Party",
        "event_agency": "Street Activity Permit Office",
        "event_location": " LENOX ROAD between EAST   53 STREET and EAST   54 STREET",
        "event_borough": "Brooklyn",
        "start_date": "2017-08-12T10:00:00.000",
        "end_date": "2017-08-12T17:00:00.000",
        "start_formatted": "August 12, 2017 10:00 AM",
        "end_formatted": "August 12, 2017 05:00 PM",
        "street_closure_type": "Full Street Closure ",
        "community_board": "17, ",
        "police_precinct": "67, "
      }
    },
    {
      "type": "Feature",
      "geometry": {
        "type": "Point",
        "coordinates": [
          -73.73569,
          40.668670500000005
        ]
      },
      "properties": {
        "event_id": "365184",
        "event_name": "St. Clare Church Community Awareness Celebration",
        "event_type": "Block Party",
        "event_agency": "Street Activity Permit Office",
        "event_location": " 241 STREET between 138 AVENUE and 137 AVENUE",
        "event_borough": "Queens",
        "start_date": "2017-08-12T10:00:00.000",
        "end_date": "2017-08-12T19:00:00.000",
        "start_formatted": "August 12, 2017 10:00 AM",
        "end_formatted": "August 12, 2017 07:00 PM",
        "street_closure_type": "Full Street Closure ",
        "community_board": "13, ",
        "police_precinct": "105, "
      }
    },
    {
      "type": "Feature",
      "geometry": {
        "type": "Point",
        "coordinates": [
          -73.85198199999999,
          40.7082195
        ]
      },
      "properties": {
        "event_id": "349141",
        "event_name": "kids back to school 2017",
        "event_type": "Block Party",
        "event_agency": "Street Activity Permit Office",
        "event_location": " WALNUT STREET between 71 AVENUE and 70 DRIVE",
        "event_borough": "Queens",
        "start_date": "2017-08-12T09:00:00.000",
        "end_date": "2017-08-12T17:00:00.000",
        "start_formatted": "August 12, 2017 09:00 AM",
        "end_formatted": "August 12, 2017 05:00 PM",
        "street_closure_type": "Full Street Closure ",
        "community_board": "6, ",
        "police_precinct": "112, "
      }
    },
    {
      "type": "Feature",
      "geometry": {
        "type": "Point",
        "coordinates": [
          -73.791706,
          40.696372999999994
        ]
      },
      "properties": {
        "event_id": "350874",
        "event_name": "Back To School Event",
        "event_type": "Block Party",
        "event_agency": "Street Activity Permit Office",
        "event_location": " 108 AVENUE between GUY R BREWER BOULEVARD and UNION HALL STREET",
        "event_borough": "Queens",
        "start_date": "2017-08-12T09:00:00.000",
        "end_date": "2017-08-12T18:00:00.000",
        "start_formatted": "August 12, 2017 09:00 AM",
        "end_formatted": "August 12, 2017 06:00 PM",
        "street_closure_type": "Full Street Closure ",
        "community_board": "12, ",
        "police_precinct": "103, "
      }
    },
    {
      "type": "Feature",
      "geometry": {
        "type": "Point",
        "coordinates": [
          -73.7370085,
          40.687529999999995
        ]
      },
      "properties": {
        "event_id": "352209",
        "event_name": "120th Ave  227th St. Block Association",
        "event_type": "Block Party",
        "event_agency": "Street Activity Permit Office",
        "event_location": " 227 STREET between 120 AVENUE and FRANCIS LEWIS BOULEVARD",
        "event_borough": "Queens",
        "start_date": "2017-08-12T09:00:00.000",
        "end_date": "2017-08-12T15:00:00.000",
        "start_formatted": "August 12, 2017 09:00 AM",
        "end_formatted": "August 12, 2017 03:00 PM",
        "street_closure_type": "Full Street Closure ",
        "community_board": "13, ",
        "police_precinct": "105, "
      }
    },
    {
      "type": "Feature",
      "geometry": {
        "type": "Point",
        "coordinates": [
          -73.919529,
          40.658682999999996
        ]
      },
      "properties": {
        "event_id": "358002",
        "event_name": "Lenox rd block party",
        "event_type": "Block Party",
        "event_agency": "Street Activity Permit Office",
        "event_location": " LENOX ROAD between EAST   95 STREET and EAST   96 STREET",
        "event_borough": "Brooklyn",
        "start_date": "2017-08-12T09:00:00.000",
        "end_date": "2017-08-12T17:00:00.000",
        "start_formatted": "August 12, 2017 09:00 AM",
        "end_formatted": "August 12, 2017 05:00 PM",
        "street_closure_type": "Full Street Closure ",
        "community_board": "17, ",
        "police_precinct": "67, "
      }
    },
    {
      "type": "Feature",
      "geometry": {
        "type": "Point",
        "coordinates": [
          -73.7750075,
          40.689904
        ]
      },
      "properties": {
        "event_id": "349218",
        "event_name": "174th Street 4th Annual Block Association",
        "event_type": "Block Party",
        "event_agency": "Street Activity Permit Office",
        "event_location": " 174 STREET between 116 AVENUE and 115 AVENUE",
        "event_borough": "Queens",
        "start_date": "2017-08-12T09:00:00.000",
        "end_date": "2017-08-12T18:00:00.000",
        "start_formatted": "August 12, 2017 09:00 AM",
        "end_formatted": "August 12, 2017 06:00 PM",
        "street_closure_type": "Full Street Closure ",
        "community_board": "12, ",
        "police_precinct": "113, "
      }
    },
    {
      "type": "Feature",
      "geometry": {
        "type": "Point",
        "coordinates": [
          -73.94935100000001,
          40.823459
        ]
      },
      "properties": {
        "event_id": "344300",
        "event_name": "WHGA 2nd Annual Block Party",
        "event_type": "Block Party",
        "event_agency": "Street Activity Permit Office",
        "event_location": " WEST  142 STREET between AMSTERDAM AVENUE and HAMILTON PLACE",
        "event_borough": "Manhattan",
        "start_date": "2017-08-11T12:00:00.000",
        "end_date": "2017-08-11T15:30:00.000",
        "start_formatted": "August 11, 2017 12:00 PM",
        "end_formatted": "August 11, 2017 03:30 PM",
        "street_closure_type": "Full Street Closure ",
        "community_board": "9, ",
        "police_precinct": "30, "
      }
    },
    {
      "type": "Feature",
      "geometry": {
        "type": "Point",
        "coordinates": [
          -73.94357550000001,
          40.7869335
        ]
      },
      "properties": {
        "event_id": "357122",
        "event_name": "DREAM Championship Day",
        "event_type": "Block Party",
        "event_agency": "Street Activity Permit Office",
        "event_location": " EAST  101 STREET between 1 AVENUE and 2 AVENUE",
        "event_borough": "Manhattan",
        "start_date": "2017-08-11T10:00:00.000",
        "end_date": "2017-08-11T15:00:00.000",
        "start_formatted": "August 11, 2017 10:00 AM",
        "end_formatted": "August 11, 2017 03:00 PM",
        "street_closure_type": "Full Street Closure ",
        "community_board": "11, ",
        "police_precinct": "23, "
      }
    },
    {
      "type": "Feature",
      "geometry": {
        "type": "Point",
        "coordinates": [
          -73.952968,
          40.6904425
        ]
      },
      "properties": {
        "event_id": "348747",
        "event_name": "Family Day",
        "event_type": "Block Party",
        "event_agency": "Street Activity Permit Office",
        "event_location": " KOSCIUSZKO STREET between SPENCER COURT and NOSTRAND AVENUE",
        "event_borough": "Brooklyn",
        "start_date": "2017-08-11T09:00:00.000",
        "end_date": "2017-08-11T17:00:00.000",
        "start_formatted": "August 11, 2017 09:00 AM",
        "end_formatted": "August 11, 2017 05:00 PM",
        "street_closure_type": "Sidewalk and Street Closure ",
        "community_board": "3, ",
        "police_precinct": "79, "
      }
    },
    {
      "type": "Feature",
      "geometry": {
        "type": "Point",
        "coordinates": [
          -73.845561,
          40.721095000000005
        ]
      },
      "properties": {
        "event_id": "335738",
        "event_name": "Jazz Thursdays Free Outdoor Concert",
        "event_type": "Block Party",
        "event_agency": "Street Activity Permit Office",
        "event_location": " 70 ROAD between QUEENS BOULEVARD and AUSTIN STREET",
        "event_borough": "Queens",
        "start_date": "2017-08-10T18:00:00.000",
        "end_date": "2017-08-10T21:00:00.000",
        "start_formatted": "August 10, 2017 06:00 PM",
        "end_formatted": "August 10, 2017 09:00 PM",
        "street_closure_type": "Full Street Closure ",
        "community_board": "6, ",
        "police_precinct": "112, "
      }
    },
    {
      "type": "Feature",
      "geometry": {
        "type": "Point",
        "coordinates": [
          -73.8826445,
          40.667248
        ]
      },
      "properties": {
        "event_id": "361679",
        "event_name": "block party",
        "event_type": "Block Party",
        "event_agency": "Street Activity Permit Office",
        "event_location": " CLEVELAND STREET between NEW LOTS AVENUE and DUMONT AVENUE",
        "event_borough": "Brooklyn",
        "start_date": "2017-08-06T12:00:00.000",
        "end_date": "2017-08-06T18:00:00.000",
        "start_formatted": "August 06, 2017 12:00 PM",
        "end_formatted": "August 06, 2017 06:00 PM",
        "street_closure_type": "Full Street Closure ",
        "community_board": "5, ",
        "police_precinct": "75, "
      }
    },
    {
      "type": "Feature",
      "geometry": {
        "type": "Point",
        "coordinates": [
          -73.98946799999999,
          40.695049
        ]
      },
      "properties": {
        "event_id": "358118",
        "event_name": "4th Annual International Day of Friendship",
        "event_type": "Block Party",
        "event_agency": "Street Activity Permit Office",
        "event_location": " JOHNSON STREET between ADAMS STREET and CADMAN PLAZA EAST",
        "event_borough": "Brooklyn",
        "start_date": "2017-08-06T12:00:00.000",
        "end_date": "2017-08-06T17:00:00.000",
        "start_formatted": "August 06, 2017 12:00 PM",
        "end_formatted": "August 06, 2017 05:00 PM",
        "street_closure_type": "Full Street Closure ",
        "community_board": "2, ",
        "police_precinct": "84, "
      }
    },
    {
      "type": "Feature",
      "geometry": {
        "type": "Point",
        "coordinates": [
          -73.9951395,
          40.6614655
        ]
      },
      "properties": {
        "event_id": "353688",
        "event_name": "22nd St Block Party 2017 1",
        "event_type": "Block Party",
        "event_agency": "Street Activity Permit Office",
        "event_location": " 22 STREET between 4 AVENUE and 5 AVENUE",
        "event_borough": "Brooklyn",
        "start_date": "2017-08-06T12:00:00.000",
        "end_date": "2017-08-06T19:00:00.000",
        "start_formatted": "August 06, 2017 12:00 PM",
        "end_formatted": "August 06, 2017 07:00 PM",
        "street_closure_type": "Full Street Closure ",
        "community_board": "7, ",
        "police_precinct": "72, "
      }
    },
    {
      "type": "Feature",
      "geometry": {
        "type": "Point",
        "coordinates": [
          -73.8798235,
          40.684468499999994
        ]
      },
      "properties": {
        "event_id": "348670",
        "event_name": "Community Day",
        "event_type": "Block Party",
        "event_agency": "Street Activity Permit Office",
        "event_location": " NORWOOD AVENUE between ETNA STREET and RIDGEWOOD AVENUE",
        "event_borough": "Brooklyn",
        "start_date": "2017-08-06T11:30:00.000",
        "end_date": "2017-08-06T19:00:00.000",
        "start_formatted": "August 06, 2017 11:30 AM",
        "end_formatted": "August 06, 2017 07:00 PM",
        "street_closure_type": "Full Street Closure ",
        "community_board": "5, ",
        "police_precinct": "75, "
      }
    },
    {
      "type": "Feature",
      "geometry": {
        "type": "Point",
        "coordinates": [
          -73.894036,
          40.6687505
        ]
      },
      "properties": {
        "event_id": "350719",
        "event_name": "New Jersey Avenue Block Party",
        "event_type": "Block Party",
        "event_agency": "Street Activity Permit Office",
        "event_location": " NEW JERSEY AVENUE between BLAKE AVENUE and SUTTER AVENUE",
        "event_borough": "Brooklyn",
        "start_date": "2017-08-06T11:00:00.000",
        "end_date": "2017-08-06T18:00:00.000",
        "start_formatted": "August 06, 2017 11:00 AM",
        "end_formatted": "August 06, 2017 06:00 PM",
        "street_closure_type": "Full Street Closure ",
        "community_board": "5, ",
        "police_precinct": "75, "
      }
    },
    {
      "type": "Feature",
      "geometry": {
        "type": "Point",
        "coordinates": [
          -74.0166965,
          40.621734000000004
        ]
      },
      "properties": {
        "event_id": "356037",
        "event_name": "10th ave block party",
        "event_type": "Block Party",
        "event_agency": "Street Activity Permit Office",
        "event_location": " 10 AVENUE between 79 STREET and 80 STREET",
        "event_borough": "Brooklyn",
        "start_date": "2017-08-06T11:00:00.000",
        "end_date": "2017-08-06T20:00:00.000",
        "start_formatted": "August 06, 2017 11:00 AM",
        "end_formatted": "August 06, 2017 08:00 PM",
        "street_closure_type": "Full Street Closure ",
        "community_board": "10, ",
        "police_precinct": "68, "
      }
    },
    {
      "type": "Feature",
      "geometry": {
        "type": "Point",
        "coordinates": [
          -74.129842,
          40.6309485
        ]
      },
      "properties": {
        "event_id": "349952",
        "event_name": "2017 Annual Community Day",
        "event_type": "Block Party",
        "event_agency": "Street Activity Permit Office",
        "event_location": " POST AVENUE between JEWETT AVENUE and DUBOIS AVENUE",
        "event_borough": "Staten Island",
        "start_date": "2017-08-06T11:00:00.000",
        "end_date": "2017-08-06T14:30:00.000",
        "start_formatted": "August 06, 2017 11:00 AM",
        "end_formatted": "August 06, 2017 02:30 PM",
        "street_closure_type": "Full Street Closure ",
        "community_board": "1, ",
        "police_precinct": "120, "
      }
    },
    {
      "type": "Feature",
      "geometry": {
        "type": "Point",
        "coordinates": [
          -73.908762,
          40.6410015
        ]
      },
      "properties": {
        "event_id": "356893",
        "event_name": "Block Party",
        "event_type": "Block Party",
        "event_agency": "Street Activity Permit Office",
        "event_location": " GLENWOOD ROAD between EAST   88 STREET and EAST   89 STREET",
        "event_borough": "Brooklyn",
        "start_date": "2017-08-06T11:00:00.000",
        "end_date": "2017-08-06T19:00:00.000",
        "start_formatted": "August 06, 2017 11:00 AM",
        "end_formatted": "August 06, 2017 07:00 PM",
        "street_closure_type": "Full Street Closure ",
        "community_board": "18, ",
        "police_precinct": "69, "
      }
    },
    {
      "type": "Feature",
      "geometry": {
        "type": "Point",
        "coordinates": [
          -73.892877,
          40.681262000000004
        ]
      },
      "properties": {
        "event_id": "351039",
        "event_name": "Sunnyside Avenue and Friends Cultural event",
        "event_type": "Block Party",
        "event_agency": "Street Activity Permit Office",
        "event_location": " SUNNYSIDE AVENUE between MILLER AVENUE and HENDRIX STREET",
        "event_borough": "Brooklyn",
        "start_date": "2017-08-06T11:00:00.000",
        "end_date": "2017-08-06T20:00:00.000",
        "start_formatted": "August 06, 2017 11:00 AM",
        "end_formatted": "August 06, 2017 08:00 PM",
        "street_closure_type": "Sidewalk and Street Closure ",
        "community_board": "5, ",
        "police_precinct": "75, "
      }
    },
    {
      "type": "Feature",
      "geometry": {
        "type": "Point",
        "coordinates": [
          -73.9914535,
          40.611146500000004
        ]
      },
      "properties": {
        "event_id": "364675",
        "event_name": "St. Dominic Block Party",
        "event_type": "Block Party",
        "event_agency": "Street Activity Permit Office",
        "event_location": " 20 AVENUE between 74 STREET and BAY RIDGE PARKWAY",
        "event_borough": "Brooklyn",
        "start_date": "2017-08-06T11:00:00.000",
        "end_date": "2017-08-06T20:00:00.000",
        "start_formatted": "August 06, 2017 11:00 AM",
        "end_formatted": "August 06, 2017 08:00 PM",
        "street_closure_type": "Sidewalk and Street Closure ",
        "community_board": "11, ",
        "police_precinct": "62, "
      }
    },
    {
      "type": "Feature",
      "geometry": {
        "type": "Point",
        "coordinates": [
          -73.88689,
          40.673882
        ]
      },
      "properties": {
        "event_id": "351388",
        "event_name": "our lady charity day",
        "event_type": "Block Party",
        "event_agency": "Street Activity Permit Office",
        "event_location": " JEROME STREET between GLENMORE AVENUE and PITKIN AVENUE",
        "event_borough": "Brooklyn",
        "start_date": "2017-08-06T09:30:00.000",
        "end_date": "2017-08-06T17:00:00.000",
        "start_formatted": "August 06, 2017 09:30 AM",
        "end_formatted": "August 06, 2017 05:00 PM",
        "street_closure_type": "Full Street Closure ",
        "community_board": "5, ",
        "police_precinct": "75, "
      }
    },
    {
      "type": "Feature",
      "geometry": {
        "type": "Point",
        "coordinates": [
          -73.970961,
          40.6837265
        ]
      },
      "properties": {
        "event_id": "354090",
        "event_name": "Atlantic Terminal Tenants Association FAMILY DAY",
        "event_type": "Block Party",
        "event_agency": "Street Activity Permit Office",
        "event_location": " CARLTON AVENUE between ATLANTIC AVENUE and FULTON STREET",
        "event_borough": "Brooklyn",
        "start_date": "2017-08-05T14:00:00.000",
        "end_date": "2017-08-05T19:00:00.000",
        "start_formatted": "August 05, 2017 02:00 PM",
        "end_formatted": "August 05, 2017 07:00 PM",
        "street_closure_type": "Full Street Closure ",
        "community_board": "2, ",
        "police_precinct": "88, "
      }
    },
    {
      "type": "Feature",
      "geometry": {
        "type": "Point",
        "coordinates": [
          -73.883009,
          40.72423
        ]
      },
      "properties": {
        "event_id": "353475",
        "event_name": "77th St Block party",
        "event_type": "Block Party",
        "event_agency": "Street Activity Permit Office",
        "event_location": " 77 STREET between CALDWELL AVENUE and ELIOT AVENUE",
        "event_borough": "Queens",
        "start_date": "2017-08-05T14:00:00.000",
        "end_date": "2017-08-05T21:00:00.000",
        "start_formatted": "August 05, 2017 02:00 PM",
        "end_formatted": "August 05, 2017 09:00 PM",
        "street_closure_type": "Full Street Closure ",
        "community_board": "5, ",
        "police_precinct": "104, "
      }
    },
    {
      "type": "Feature",
      "geometry": {
        "type": "Point",
        "coordinates": [
          -73.98562,
          40.729273
        ]
      },
      "properties": {
        "event_id": "318279",
        "event_name": "Street Theater Performance",
        "event_type": "Block Party",
        "event_agency": "Street Activity Permit Office",
        "event_location": " EAST   10 STREET between 1 AVENUE and 2 AVENUE",
        "event_borough": "Manhattan",
        "start_date": "2017-08-05T14:00:00.000",
        "end_date": "2017-08-05T15:30:00.000",
        "start_formatted": "August 05, 2017 02:00 PM",
        "end_formatted": "August 05, 2017 03:30 PM",
        "street_closure_type": "Full Street Closure ",
        "community_board": "3, ",
        "police_precinct": "9, "
      }
    },
    {
      "type": "Feature",
      "geometry": {
        "type": "Point",
        "coordinates": [
          -73.91801749999999,
          40.817747
        ]
      },
      "properties": {
        "event_id": "358438",
        "event_name": "Africa in Melrose",
        "event_type": "Block Party",
        "event_agency": "Street Activity Permit Office",
        "event_location": " EAST  151 STREET between MELROSE AVENUE and COURTLANDT AVENUE",
        "event_borough": "Bronx",
        "start_date": "2017-08-05T14:00:00.000",
        "end_date": "2017-08-05T16:00:00.000",
        "start_formatted": "August 05, 2017 02:00 PM",
        "end_formatted": "August 05, 2017 04:00 PM",
        "street_closure_type": "Full Street Closure ",
        "community_board": "1, ",
        "police_precinct": "40, "
      }
    },
    {
      "type": "Feature",
      "geometry": {
        "type": "Point",
        "coordinates": [
          -73.8515395,
          40.856731499999995
        ]
      },
      "properties": {
        "event_id": "342321",
        "event_name": "Narragansett Ave Block Party",
        "event_type": "Block Party",
        "event_agency": "Street Activity Permit Office",
        "event_location": " NARRAGANSETT AVENUE between LYDIG AVENUE and PELHAM PARKWAY SOUTH",
        "event_borough": "Bronx",
        "start_date": "2017-08-05T13:00:00.000",
        "end_date": "2017-08-05T20:00:00.000",
        "start_formatted": "August 05, 2017 01:00 PM",
        "end_formatted": "August 05, 2017 08:00 PM",
        "street_closure_type": "Full Street Closure ",
        "community_board": "11, ",
        "police_precinct": "49, "
      }
    },
    {
      "type": "Feature",
      "geometry": {
        "type": "Point",
        "coordinates": [
          -73.9449995,
          40.8250135
        ]
      },
      "properties": {
        "event_id": "349683",
        "event_name": "Fourth Annual 420-424 West 146 street",
        "event_type": "Block Party",
        "event_agency": "Street Activity Permit Office",
        "event_location": " WEST  146 STREET between CONVENT AVENUE and SAINT NICHOLAS AVENUE",
        "event_borough": "Manhattan",
        "start_date": "2017-08-05T13:00:00.000",
        "end_date": "2017-08-05T17:00:00.000",
        "start_formatted": "August 05, 2017 01:00 PM",
        "end_formatted": "August 05, 2017 05:00 PM",
        "street_closure_type": "Full Street Closure ",
        "community_board": "9, ",
        "police_precinct": "30, "
      }
    },
    {
      "type": "Feature",
      "geometry": {
        "type": "Point",
        "coordinates": [
          -73.8474035,
          40.8412815
        ]
      },
      "properties": {
        "event_id": "356196",
        "event_name": "St. Raymonds Block Party",
        "event_type": "Block Party",
        "event_agency": "Street Activity Permit Office",
        "event_location": " ST RAYMOND AVENUE between ST PETERS AVENUE and OVERING STREET",
        "event_borough": "Bronx",
        "start_date": "2017-08-05T13:00:00.000",
        "end_date": "2017-08-05T19:00:00.000",
        "start_formatted": "August 05, 2017 01:00 PM",
        "end_formatted": "August 05, 2017 07:00 PM",
        "street_closure_type": "Full Street Closure ",
        "community_board": "10, ",
        "police_precinct": "45, "
      }
    },
    {
      "type": "Feature",
      "geometry": {
        "type": "Point",
        "coordinates": [
          -73.904379,
          40.697393000000005
        ]
      },
      "properties": {
        "event_id": "349308",
        "event_name": "TLC Supply The Future Block Party",
        "event_type": "Block Party",
        "event_agency": "Street Activity Permit Office",
        "event_location": " CENTRE STREET between WYCKOFF AVENUE and CYPRESS AVENUE",
        "event_borough": "Queens",
        "start_date": "2017-08-05T13:00:00.000",
        "end_date": "2017-08-05T16:00:00.000",
        "start_formatted": "August 05, 2017 01:00 PM",
        "end_formatted": "August 05, 2017 04:00 PM",
        "street_closure_type": "Full Street Closure ",
        "community_board": "5, ",
        "police_precinct": "104, "
      }
    },
    {
      "type": "Feature",
      "geometry": {
        "type": "Point",
        "coordinates": [
          -73.81008800000001,
          40.7202775
        ]
      },
      "properties": {
        "event_id": "348405",
        "event_name": "154th street block party",
        "event_type": "Block Party",
        "event_agency": "Street Activity Permit Office",
        "event_location": " 154 STREET between UNION TURNPIKE and 79 AVENUE",
        "event_borough": "Queens",
        "start_date": "2017-08-05T13:00:00.000",
        "end_date": "2017-08-05T20:30:00.000",
        "start_formatted": "August 05, 2017 01:00 PM",
        "end_formatted": "August 05, 2017 08:30 PM",
        "street_closure_type": "Full Street Closure ",
        "community_board": "8, ",
        "police_precinct": "107, "
      }
    },
    {
      "type": "Feature",
      "geometry": {
        "type": "Point",
        "coordinates": [
          -74.2049825,
          40.53957
        ]
      },
      "properties": {
        "event_id": "342676",
        "event_name": "2017 Sinclair Ave Block Party",
        "event_type": "Block Party",
        "event_agency": "Street Activity Permit Office",
        "event_location": " SINCLAIR AVENUE between FOSTER ROAD and VERNON AVENUE",
        "event_borough": "Staten Island",
        "start_date": "2017-08-05T13:00:00.000",
        "end_date": "2017-08-05T21:00:00.000",
        "start_formatted": "August 05, 2017 01:00 PM",
        "end_formatted": "August 05, 2017 09:00 PM",
        "street_closure_type": "Full Street Closure ",
        "community_board": "3, ",
        "police_precinct": "123, "
      }
    },
    {
      "type": "Feature",
      "geometry": {
        "type": "Point",
        "coordinates": [
          -73.852818,
          40.6563485
        ]
      },
      "properties": {
        "event_id": "333311",
        "event_name": "79TH ST BLOCK PARTY",
        "event_type": "Block Party",
        "event_agency": "Street Activity Permit Office",
        "event_location": " 79 STREET between 160 AVENUE and 159 AVENUE",
        "event_borough": "Queens",
        "start_date": "2017-08-05T13:00:00.000",
        "end_date": "2017-08-05T20:00:00.000",
        "start_formatted": "August 05, 2017 01:00 PM",
        "end_formatted": "August 05, 2017 08:00 PM",
        "street_closure_type": "Full Street Closure ",
        "community_board": "10, ",
        "police_precinct": "106, "
      }
    },
    {
      "type": "Feature",
      "geometry": {
        "type": "Point",
        "coordinates": [
          -73.83833849999999,
          40.578216499999996
        ]
      },
      "properties": {
        "event_id": "349620",
        "event_name": "Block Party",
        "event_type": "Block Party",
        "event_agency": "Street Activity Permit Office",
        "event_location": " BEACH  118 STREET between ROCKAWAY BEACH BOULEVARD and OCEAN PROMENADE",
        "event_borough": "Queens",
        "start_date": "2017-08-05T13:00:00.000",
        "end_date": "2017-08-05T20:00:00.000",
        "start_formatted": "August 05, 2017 01:00 PM",
        "end_formatted": "August 05, 2017 08:00 PM",
        "street_closure_type": "Full Street Closure ",
        "community_board": "14, ",
        "police_precinct": "100, "
      }
    },
    {
      "type": "Feature",
      "geometry": {
        "type": "Point",
        "coordinates": [
          -74.157466,
          40.540040000000005
        ]
      },
      "properties": {
        "event_id": "359107",
        "event_name": "Block Party for Thornycroft",
        "event_type": "Block Party",
        "event_agency": "Street Activity Permit Office",
        "event_location": " THORNYCROFT AVENUE between SYCAMORE STREET and HILLCREST STREET",
        "event_borough": "Staten Island",
        "start_date": "2017-08-05T12:30:00.000",
        "end_date": "2017-08-05T20:30:00.000",
        "start_formatted": "August 05, 2017 12:30 PM",
        "end_formatted": "August 05, 2017 08:30 PM",
        "street_closure_type": "Full Street Closure ",
        "community_board": "3, ",
        "police_precinct": "122, "
      }
    },
    {
      "type": "Feature",
      "geometry": {
        "type": "Point",
        "coordinates": [
          -74.12323599999999,
          40.557506000000004
        ]
      },
      "properties": {
        "event_id": "350415",
        "event_name": "Montreal Block Party 2017",
        "event_type": "Block Party",
        "event_agency": "Street Activity Permit Office",
        "event_location": " MONTREAL AVENUE between GRAYSON STREET and PENDALE STREET",
        "event_borough": "Staten Island",
        "start_date": "2017-08-05T12:00:00.000",
        "end_date": "2017-08-05T21:00:00.000",
        "start_formatted": "August 05, 2017 12:00 PM",
        "end_formatted": "August 05, 2017 09:00 PM",
        "street_closure_type": "Full Street Closure ",
        "community_board": "3, ",
        "police_precinct": "122, "
      }
    },
    {
      "type": "Feature",
      "geometry": {
        "type": "Point",
        "coordinates": [
          -73.8830715,
          40.851281
        ]
      },
      "properties": {
        "event_id": "337718",
        "event_name": "Twin Parks Family and Friend Day",
        "event_type": "Block Party",
        "event_agency": "Street Activity Permit Office",
        "event_location": " EAST  183 STREET between SOUTHERN BOULEVARD and PROSPECT AVENUE",
        "event_borough": "Bronx",
        "start_date": "2017-08-05T12:00:00.000",
        "end_date": "2017-08-05T17:00:00.000",
        "start_formatted": "August 05, 2017 12:00 PM",
        "end_formatted": "August 05, 2017 05:00 PM",
        "street_closure_type": "Full Street Closure ",
        "community_board": "6, ",
        "police_precinct": "48, "
      }
    },
    {
      "type": "Feature",
      "geometry": {
        "type": "Point",
        "coordinates": [
          -73.816855,
          40.6849615
        ]
      },
      "properties": {
        "event_id": "348605",
        "event_name": "block party",
        "event_type": "Block Party",
        "event_agency": "Street Activity Permit Office",
        "event_location": " 126 STREET between 107 AVENUE and 109 AVENUE",
        "event_borough": "Queens",
        "start_date": "2017-08-05T12:00:00.000",
        "end_date": "2017-08-05T20:00:00.000",
        "start_formatted": "August 05, 2017 12:00 PM",
        "end_formatted": "August 05, 2017 08:00 PM",
        "street_closure_type": "Full Street Closure ",
        "community_board": "10, ",
        "police_precinct": "106, "
      }
    },
    {
      "type": "Feature",
      "geometry": {
        "type": "Point",
        "coordinates": [
          -74.136528,
          40.6224895
        ]
      },
      "properties": {
        "event_id": "353808",
        "event_name": "block party",
        "event_type": "Block Party",
        "event_agency": "Street Activity Permit Office",
        "event_location": " DICKIE AVENUE between NORTH AVENUE and COLLEGE AVENUE",
        "event_borough": "Staten Island",
        "start_date": "2017-08-05T12:00:00.000",
        "end_date": "2017-08-05T21:00:00.000",
        "start_formatted": "August 05, 2017 12:00 PM",
        "end_formatted": "August 05, 2017 09:00 PM",
        "street_closure_type": "Full Street Closure ",
        "community_board": "1, ",
        "police_precinct": "121, "
      }
    },
    {
      "type": "Feature",
      "geometry": {
        "type": "Point",
        "coordinates": [
          -73.9076695,
          40.705158
        ]
      },
      "properties": {
        "event_id": "348442",
        "event_name": "linden street block party",
        "event_type": "Block Party",
        "event_agency": "Street Activity Permit Office",
        "event_location": " LINDEN STREET between ONDERDONK AVENUE and WOODWARD AVENUE",
        "event_borough": "Queens",
        "start_date": "2017-08-05T12:00:00.000",
        "end_date": "2017-08-05T21:00:00.000",
        "start_formatted": "August 05, 2017 12:00 PM",
        "end_formatted": "August 05, 2017 09:00 PM",
        "street_closure_type": "Full Street Closure ",
        "community_board": "5, ",
        "police_precinct": "104, "
      }
    },
    {
      "type": "Feature",
      "geometry": {
        "type": "Point",
        "coordinates": [
          -73.931389,
          40.596475999999996
        ]
      },
      "properties": {
        "event_id": "349663",
        "event_name": "11th Annual Plumb 2nd St. Block Party",
        "event_type": "Block Party",
        "event_agency": "Street Activity Permit Office",
        "event_location": " PLUMB    2 STREET between ALLEN AVENUE and AVENUE W",
        "event_borough": "Brooklyn",
        "start_date": "2017-08-05T12:00:00.000",
        "end_date": "2017-08-05T21:00:00.000",
        "start_formatted": "August 05, 2017 12:00 PM",
        "end_formatted": "August 05, 2017 09:00 PM",
        "street_closure_type": "Full Street Closure ",
        "community_board": "15, ",
        "police_precinct": "61, "
      }
    },
    {
      "type": "Feature",
      "geometry": {
        "type": "Point",
        "coordinates": [
          -74.193176,
          40.537511
        ]
      },
      "properties": {
        "event_id": "327285",
        "event_name": "Edgegrove Block Party",
        "event_type": "Block Party",
        "event_agency": "Street Activity Permit Office",
        "event_location": " EDGEGROVE AVENUE between HUGUENOT AVENUE and NIPPON AVENUE",
        "event_borough": "Staten Island",
        "start_date": "2017-08-05T12:00:00.000",
        "end_date": "2017-08-05T21:00:00.000",
        "start_formatted": "August 05, 2017 12:00 PM",
        "end_formatted": "August 05, 2017 09:00 PM",
        "street_closure_type": "Full Street Closure ",
        "community_board": "3, ",
        "police_precinct": "123, "
      }
    },
    {
      "type": "Feature",
      "geometry": {
        "type": "Point",
        "coordinates": [
          -73.9866265,
          40.5961925
        ]
      },
      "properties": {
        "event_id": "356142",
        "event_name": "Bay 41st 4th Annual Block Party",
        "event_type": "Block Party",
        "event_agency": "Street Activity Permit Office",
        "event_location": " BAY   41 STREET between 86 STREET and BENSON AVENUE",
        "event_borough": "Brooklyn",
        "start_date": "2017-08-05T12:00:00.000",
        "end_date": "2017-08-05T20:00:00.000",
        "start_formatted": "August 05, 2017 12:00 PM",
        "end_formatted": "August 05, 2017 08:00 PM",
        "street_closure_type": "Full Street Closure ",
        "community_board": "11, ",
        "police_precinct": "62, "
      }
    },
    {
      "type": "Feature",
      "geometry": {
        "type": "Point",
        "coordinates": [
          -73.722105,
          40.7374305
        ]
      },
      "properties": {
        "event_id": "349151",
        "event_name": "246th Street Block Party",
        "event_type": "Block Party",
        "event_agency": "Street Activity Permit Office",
        "event_location": " 246 STREET between 82 AVENUE and 83 AVENUE",
        "event_borough": "Queens",
        "start_date": "2017-08-05T12:00:00.000",
        "end_date": "2017-08-05T21:00:00.000",
        "start_formatted": "August 05, 2017 12:00 PM",
        "end_formatted": "August 05, 2017 09:00 PM",
        "street_closure_type": "Full Street Closure ",
        "community_board": "13, ",
        "police_precinct": "105, "
      }
    },
    {
      "type": "Feature",
      "geometry": {
        "type": "Point",
        "coordinates": [
          -74.1801655,
          40.5376105
        ]
      },
      "properties": {
        "event_id": "354358",
        "event_name": "2017 Tenafly Estates Summer Festival",
        "event_type": "Block Party",
        "event_agency": "Street Activity Permit Office",
        "event_location": " TENAFLY PLACE between HODA PLACE and ELY COURT",
        "event_borough": "Staten Island",
        "start_date": "2017-08-05T12:00:00.000",
        "end_date": "2017-08-05T19:30:00.000",
        "start_formatted": "August 05, 2017 12:00 PM",
        "end_formatted": "August 05, 2017 07:30 PM",
        "street_closure_type": "Full Street Closure ",
        "community_board": "3, ",
        "police_precinct": "123, "
      }
    },
    {
      "type": "Feature",
      "geometry": {
        "type": "Point",
        "coordinates": [
          -73.8541525,
          40.884136
        ]
      },
      "properties": {
        "event_id": "353097",
        "event_name": "900 East 223rd Street Block Association",
        "event_type": "Block Party",
        "event_agency": "Street Activity Permit Office",
        "event_location": " EAST  223 STREET between BRONXWOOD AVENUE and PAULDING AVENUE",
        "event_borough": "Bronx",
        "start_date": "2017-08-05T12:00:00.000",
        "end_date": "2017-08-05T19:00:00.000",
        "start_formatted": "August 05, 2017 12:00 PM",
        "end_formatted": "August 05, 2017 07:00 PM",
        "street_closure_type": "Full Street Closure ",
        "community_board": "12, ",
        "police_precinct": "47, "
      }
    },
    {
      "type": "Feature",
      "geometry": {
        "type": "Point",
        "coordinates": [
          -74.0032975,
          40.682187
        ]
      },
      "properties": {
        "event_id": "351077",
        "event_name": "Summit Street Block Party",
        "event_type": "Block Party",
        "event_agency": "Street Activity Permit Office",
        "event_location": " SUMMIT STREET between COLUMBIA STREET and HICKS STREET",
        "event_borough": "Brooklyn",
        "start_date": "2017-08-05T12:00:00.000",
        "end_date": "2017-08-05T21:00:00.000",
        "start_formatted": "August 05, 2017 12:00 PM",
        "end_formatted": "August 05, 2017 09:00 PM",
        "street_closure_type": "Full Street Closure ",
        "community_board": "6, ",
        "police_precinct": "76, "
      }
    },
    {
      "type": "Feature",
      "geometry": {
        "type": "Point",
        "coordinates": [
          -73.98675349999999,
          40.774133
        ]
      },
      "properties": {
        "event_id": "355932",
        "event_name": "Family Day",
        "event_type": "Block Party",
        "event_agency": "Street Activity Permit Office",
        "event_location": " WEST   64 STREET between WEST END AVENUE and AMSTERDAM AVENUE",
        "event_borough": "Manhattan",
        "start_date": "2017-08-05T12:00:00.000",
        "end_date": "2017-08-05T18:00:00.000",
        "start_formatted": "August 05, 2017 12:00 PM",
        "end_formatted": "August 05, 2017 06:00 PM",
        "street_closure_type": "Full Street Closure ",
        "community_board": "7, ",
        "police_precinct": "20, "
      }
    },
    {
      "type": "Feature",
      "geometry": {
        "type": "Point",
        "coordinates": [
          -73.940413,
          40.6285675
        ]
      },
      "properties": {
        "event_id": "354554",
        "event_name": "East 37th Street block party",
        "event_type": "Block Party",
        "event_agency": "Street Activity Permit Office",
        "event_location": " EAST   37 STREET between AVENUE I and AVENUE J",
        "event_borough": "Brooklyn",
        "start_date": "2017-08-05T12:00:00.000",
        "end_date": "2017-08-05T19:30:00.000",
        "start_formatted": "August 05, 2017 12:00 PM",
        "end_formatted": "August 05, 2017 07:30 PM",
        "street_closure_type": "Full Street Closure ",
        "community_board": "18, ",
        "police_precinct": "63, "
      }
    },
    {
      "type": "Feature",
      "geometry": {
        "type": "Point",
        "coordinates": [
          -74.105998,
          40.583530499999995
        ]
      },
      "properties": {
        "event_id": "348132",
        "event_name": "Barton Avenue Block Party",
        "event_type": "Block Party",
        "event_agency": "Street Activity Permit Office",
        "event_location": " BARTON AVENUE between RICHMOND ROAD and N RAILROAD AVENUE",
        "event_borough": "Staten Island",
        "start_date": "2017-08-05T12:00:00.000",
        "end_date": "2017-08-05T21:00:00.000",
        "start_formatted": "August 05, 2017 12:00 PM",
        "end_formatted": "August 05, 2017 09:00 PM",
        "street_closure_type": "Full Street Closure ",
        "community_board": "2, ",
        "police_precinct": "122, "
      }
    },
    {
      "type": "Feature",
      "geometry": {
        "type": "Point",
        "coordinates": [
          -73.8885315,
          40.830659499999996
        ]
      },
      "properties": {
        "event_id": "353825",
        "event_name": "Carnival for Christ",
        "event_type": "Block Party",
        "event_agency": "Street Activity Permit Office",
        "event_location": " BRYANT AVENUE between JENNINGS STREET and FREEMAN STREET",
        "event_borough": "Bronx",
        "start_date": "2017-08-05T12:00:00.000",
        "end_date": "2017-08-05T17:00:00.000",
        "start_formatted": "August 05, 2017 12:00 PM",
        "end_formatted": "August 05, 2017 05:00 PM",
        "street_closure_type": "Full Street Closure ",
        "community_board": "3, ",
        "police_precinct": "42, "
      }
    },
    {
      "type": "Feature",
      "geometry": {
        "type": "Point",
        "coordinates": [
          -73.880578,
          40.7009025
        ]
      },
      "properties": {
        "event_id": "348129",
        "event_name": "Summer fun day",
        "event_type": "Block Party",
        "event_agency": "Street Activity Permit Office",
        "event_location": " 70 STREET between COOPER AVENUE and DEAD END",
        "event_borough": "Queens",
        "start_date": "2017-08-05T12:00:00.000",
        "end_date": "2017-08-05T21:00:00.000",
        "start_formatted": "August 05, 2017 12:00 PM",
        "end_formatted": "August 05, 2017 09:00 PM",
        "street_closure_type": "Full Street Closure ",
        "community_board": "5, ",
        "police_precinct": "104, "
      }
    },
    {
      "type": "Feature",
      "geometry": {
        "type": "Point",
        "coordinates": [
          -74.00688650000001,
          40.646682
        ]
      },
      "properties": {
        "event_id": "354542",
        "event_name": "block party",
        "event_type": "Block Party",
        "event_agency": "Street Activity Permit Office",
        "event_location": " 46 STREET between 5 AVENUE and 6 AVENUE",
        "event_borough": "Brooklyn",
        "start_date": "2017-08-05T12:00:00.000",
        "end_date": "2017-08-05T20:00:00.000",
        "start_formatted": "August 05, 2017 12:00 PM",
        "end_formatted": "August 05, 2017 08:00 PM",
        "street_closure_type": "Full Street Closure ",
        "community_board": "7, ",
        "police_precinct": "72, "
      }
    },
    {
      "type": "Feature",
      "geometry": {
        "type": "Point",
        "coordinates": [
          -74.1715235,
          40.553003000000004
        ]
      },
      "properties": {
        "event_id": "335934",
        "event_name": "Block party",
        "event_type": "Block Party",
        "event_agency": "Street Activity Permit Office",
        "event_location": " SCRANTON AVENUE between POMPEY AVENUE and WAINWRIGHT AVENUE",
        "event_borough": "Staten Island",
        "start_date": "2017-08-05T12:00:00.000",
        "end_date": "2017-08-05T21:00:00.000",
        "start_formatted": "August 05, 2017 12:00 PM",
        "end_formatted": "August 05, 2017 09:00 PM",
        "street_closure_type": "Full Street Closure ",
        "community_board": "3, ",
        "police_precinct": "123, "
      }
    },
    {
      "type": "Feature",
      "geometry": {
        "type": "Point",
        "coordinates": [
          -73.9257655,
          40.689818
        ]
      },
      "properties": {
        "event_id": "321219",
        "event_name": "Quincy Street Annual Block Party",
        "event_type": "Block Party",
        "event_agency": "Street Activity Permit Office",
        "event_location": " QUINCY STREET between PATCHEN AVENUE and RALPH AVENUE",
        "event_borough": "Brooklyn",
        "start_date": "2017-08-05T12:00:00.000",
        "end_date": "2017-08-05T20:00:00.000",
        "start_formatted": "August 05, 2017 12:00 PM",
        "end_formatted": "August 05, 2017 08:00 PM",
        "street_closure_type": "Full Street Closure ",
        "community_board": "3, ",
        "police_precinct": "81, "
      }
    },
    {
      "type": "Feature",
      "geometry": {
        "type": "Point",
        "coordinates": [
          -73.90695149999999,
          40.698876
        ]
      },
      "properties": {
        "event_id": "350286",
        "event_name": "Block Party",
        "event_type": "Block Party",
        "event_agency": "Street Activity Permit Office",
        "event_location": " CORNELIA STREET between WYCKOFF AVENUE and CYPRESS AVENUE",
        "event_borough": "Queens",
        "start_date": "2017-08-05T12:00:00.000",
        "end_date": "2017-08-05T21:00:00.000",
        "start_formatted": "August 05, 2017 12:00 PM",
        "end_formatted": "August 05, 2017 09:00 PM",
        "street_closure_type": "Full Street Closure ",
        "community_board": "4, 5, ",
        "police_precinct": "104, 83, "
      }
    },
    {
      "type": "Feature",
      "geometry": {
        "type": "Point",
        "coordinates": [
          -73.93905950000001,
          40.680800000000005
        ]
      },
      "properties": {
        "event_id": "329825",
        "event_name": "Family Day",
        "event_type": "Block Party",
        "event_agency": "Street Activity Permit Office",
        "event_location": " DECATUR STREET between THROOP AVENUE and MARCUS GARVEY AVENUE",
        "event_borough": "Brooklyn",
        "start_date": "2017-08-05T12:00:00.000",
        "end_date": "2017-08-05T21:00:00.000",
        "start_formatted": "August 05, 2017 12:00 PM",
        "end_formatted": "August 05, 2017 09:00 PM",
        "street_closure_type": "Full Street Closure ",
        "community_board": "3, ",
        "police_precinct": "79, "
      }
    },
    {
      "type": "Feature",
      "geometry": {
        "type": "Point",
        "coordinates": [
          -73.8194095,
          40.6110475
        ]
      },
      "properties": {
        "event_id": "354553",
        "event_name": "summer block party",
        "event_type": "Block Party",
        "event_agency": "Street Activity Permit Office",
        "event_location": " CROSSBAY BOULEVARD between EAST    6 ROAD and EAST    4 ROAD",
        "event_borough": "Queens",
        "start_date": "2017-08-05T12:00:00.000",
        "end_date": "2017-08-05T21:00:00.000",
        "start_formatted": "August 05, 2017 12:00 PM",
        "end_formatted": "August 05, 2017 09:00 PM",
        "street_closure_type": "Sidewalk and Street Closure ",
        "community_board": "14, ",
        "police_precinct": "100, "
      }
    },
    {
      "type": "Feature",
      "geometry": {
        "type": "Point",
        "coordinates": [
          -73.7724635,
          40.596455000000006
        ]
      },
      "properties": {
        "event_id": "355910",
        "event_name": "Family Day",
        "event_type": "Block Party",
        "event_agency": "Street Activity Permit Office",
        "event_location": " BEACH   40 STREET between BEACH CHANNEL DRIVE and DEAD END",
        "event_borough": "Queens",
        "start_date": "2017-08-05T12:00:00.000",
        "end_date": "2017-08-05T19:00:00.000",
        "start_formatted": "August 05, 2017 12:00 PM",
        "end_formatted": "August 05, 2017 07:00 PM",
        "street_closure_type": "Sidewalk and Street Closure ",
        "community_board": "14, ",
        "police_precinct": "101, "
      }
    },
    {
      "type": "Feature",
      "geometry": {
        "type": "Point",
        "coordinates": [
          -73.9996,
          40.660517
        ]
      },
      "properties": {
        "event_id": "352068",
        "event_name": "26th street Block Party",
        "event_type": "Block Party",
        "event_agency": "Street Activity Permit Office",
        "event_location": " 26 STREET between 3 AVENUE and 4 AVENUE",
        "event_borough": "Brooklyn",
        "start_date": "2017-08-05T12:00:00.000",
        "end_date": "2017-08-05T21:00:00.000",
        "start_formatted": "August 05, 2017 12:00 PM",
        "end_formatted": "August 05, 2017 09:00 PM",
        "street_closure_type": "Full Street Closure ",
        "community_board": "7, ",
        "police_precinct": "72, "
      }
    },
    {
      "type": "Feature",
      "geometry": {
        "type": "Point",
        "coordinates": [
          -73.94092850000001,
          40.697447
        ]
      },
      "properties": {
        "event_id": "352954",
        "event_name": "Sumner Houses Faamily Day Festival",
        "event_type": "Block Party",
        "event_agency": "Street Activity Permit Office",
        "event_location": " MARCUS GARVEY BOULEVARD between MYRTLE AVENUE and PARK AVENUE",
        "event_borough": "Brooklyn",
        "start_date": "2017-08-05T12:00:00.000",
        "end_date": "2017-08-05T20:00:00.000",
        "start_formatted": "August 05, 2017 12:00 PM",
        "end_formatted": "August 05, 2017 08:00 PM",
        "street_closure_type": "Full Street Closure ",
        "community_board": "3, ",
        "police_precinct": "79, "
      }
    },
    {
      "type": "Feature",
      "geometry": {
        "type": "Point",
        "coordinates": [
          -73.946718,
          40.828999499999995
        ]
      },
      "properties": {
        "event_id": "337599",
        "event_name": "W 150th St Block Party",
        "event_type": "Block Party",
        "event_agency": "Street Activity Permit Office",
        "event_location": " WEST  150 STREET between BROADWAY and AMSTERDAM AVENUE",
        "event_borough": "Manhattan",
        "start_date": "2017-08-05T12:00:00.000",
        "end_date": "2017-08-05T18:00:00.000",
        "start_formatted": "August 05, 2017 12:00 PM",
        "end_formatted": "August 05, 2017 06:00 PM",
        "street_closure_type": "Full Street Closure ",
        "community_board": "9, ",
        "police_precinct": "30, "
      }
    },
    {
      "type": "Feature",
      "geometry": {
        "type": "Point",
        "coordinates": [
          -73.840138,
          40.675433999999996
        ]
      },
      "properties": {
        "event_id": "340717",
        "event_name": "Annual Block Party",
        "event_type": "Block Party",
        "event_agency": "Street Activity Permit Office",
        "event_location": " 134 AVENUE between 96 STREET and 97 STREET",
        "event_borough": "Queens",
        "start_date": "2017-08-05T12:00:00.000",
        "end_date": "2017-08-05T21:00:00.000",
        "start_formatted": "August 05, 2017 12:00 PM",
        "end_formatted": "August 05, 2017 09:00 PM",
        "street_closure_type": "Sidewalk and Street Closure ",
        "community_board": "10, ",
        "police_precinct": "106, "
      }
    },
    {
      "type": "Feature",
      "geometry": {
        "type": "Point",
        "coordinates": [
          -73.7308875,
          40.6835835
        ]
      },
      "properties": {
        "event_id": "349417",
        "event_name": "235 Block Party",
        "event_type": "Block Party",
        "event_agency": "Street Activity Permit Office",
        "event_location": " 235 STREET between 121 AVENUE and 128 AVENUE",
        "event_borough": "Queens",
        "start_date": "2017-08-05T12:00:00.000",
        "end_date": "2017-08-05T21:00:00.000",
        "start_formatted": "August 05, 2017 12:00 PM",
        "end_formatted": "August 05, 2017 09:00 PM",
        "street_closure_type": "Full Street Closure ",
        "community_board": "13, ",
        "police_precinct": "105, "
      }
    },
    {
      "type": "Feature",
      "geometry": {
        "type": "Point",
        "coordinates": [
          -74.197324,
          40.515508499999996
        ]
      },
      "properties": {
        "event_id": "354531",
        "event_name": "Hank Place 2017",
        "event_type": "Block Party",
        "event_agency": "Street Activity Permit Office",
        "event_location": " HANK PLACE between SEGUINE AVENUE and TRENTON COURT",
        "event_borough": "Staten Island",
        "start_date": "2017-08-05T12:00:00.000",
        "end_date": "2017-08-05T21:00:00.000",
        "start_formatted": "August 05, 2017 12:00 PM",
        "end_formatted": "August 05, 2017 09:00 PM",
        "street_closure_type": "Full Street Closure ",
        "community_board": "3, ",
        "police_precinct": "123, "
      }
    },
    {
      "type": "Feature",
      "geometry": {
        "type": "Point",
        "coordinates": [
          -73.823605,
          40.6773075
        ]
      },
      "properties": {
        "event_id": "348514",
        "event_name": "Gilbert Perez 2017",
        "event_type": "Block Party",
        "event_agency": "Street Activity Permit Office",
        "event_location": " 115 STREET between ROCKAWAY BOULEVARD and LINDEN BOULEVARD",
        "event_borough": "Queens",
        "start_date": "2017-08-05T12:00:00.000",
        "end_date": "2017-08-05T21:00:00.000",
        "start_formatted": "August 05, 2017 12:00 PM",
        "end_formatted": "August 05, 2017 09:00 PM",
        "street_closure_type": "Full Street Closure ",
        "community_board": "10, ",
        "police_precinct": "106, "
      }
    },
    {
      "type": "Feature",
      "geometry": {
        "type": "Point",
        "coordinates": [
          -73.88767200000001,
          40.669692999999995
        ]
      },
      "properties": {
        "event_id": "354805",
        "event_name": "Schenck Ave block party",
        "event_type": "Block Party",
        "event_agency": "Street Activity Permit Office",
        "event_location": " SCHENCK AVENUE between BLAKE AVENUE and SUTTER AVENUE",
        "event_borough": "Brooklyn",
        "start_date": "2017-08-05T12:00:00.000",
        "end_date": "2017-08-05T20:00:00.000",
        "start_formatted": "August 05, 2017 12:00 PM",
        "end_formatted": "August 05, 2017 08:00 PM",
        "street_closure_type": "Full Street Closure ",
        "community_board": "5, ",
        "police_precinct": "75, "
      }
    },
    {
      "type": "Feature",
      "geometry": {
        "type": "Point",
        "coordinates": [
          -73.7127155,
          40.728786
        ]
      },
      "properties": {
        "event_id": "356361",
        "event_name": "August Block Party",
        "event_type": "Block Party",
        "event_agency": "Street Activity Permit Office",
        "event_location": " 253 STREET between 87 DRIVE and 87 ROAD",
        "event_borough": "Queens",
        "start_date": "2017-08-05T12:00:00.000",
        "end_date": "2017-08-05T21:00:00.000",
        "start_formatted": "August 05, 2017 12:00 PM",
        "end_formatted": "August 05, 2017 09:00 PM",
        "street_closure_type": "Full Street Closure ",
        "community_board": "13, ",
        "police_precinct": "105, "
      }
    },
    {
      "type": "Feature",
      "geometry": {
        "type": "Point",
        "coordinates": [
          -74.13208900000001,
          40.5564955
        ]
      },
      "properties": {
        "event_id": "340094",
        "event_name": "block party",
        "event_type": "Block Party",
        "event_agency": "Street Activity Permit Office",
        "event_location": " SPRATT AVENUE between DURANT AVENUE and HOOPER AVENUE",
        "event_borough": "Staten Island",
        "start_date": "2017-08-05T12:00:00.000",
        "end_date": "2017-08-05T21:00:00.000",
        "start_formatted": "August 05, 2017 12:00 PM",
        "end_formatted": "August 05, 2017 09:00 PM",
        "street_closure_type": "Sidewalk and Street Closure ",
        "community_board": "3, ",
        "police_precinct": "122, "
      }
    },
    {
      "type": "Feature",
      "geometry": {
        "type": "Point",
        "coordinates": [
          -73.74895649999999,
          40.696169999999995
        ]
      },
      "properties": {
        "event_id": "350817",
        "event_name": "Veterans Family and Friends Day",
        "event_type": "Block Party",
        "event_agency": "Street Activity Permit Office",
        "event_location": " 204 STREET between LINDEN BOULEVARD and 116 AVENUE",
        "event_borough": "Queens",
        "start_date": "2017-08-05T11:30:00.000",
        "end_date": "2017-08-05T18:00:00.000",
        "start_formatted": "August 05, 2017 11:30 AM",
        "end_formatted": "August 05, 2017 06:00 PM",
        "street_closure_type": "Full Street Closure ",
        "community_board": "12, ",
        "police_precinct": "113, "
      }
    },
    {
      "type": "Feature",
      "geometry": {
        "type": "Point",
        "coordinates": [
          -73.976287,
          40.6054435
        ]
      },
      "properties": {
        "event_id": "355245",
        "event_name": "West 3rd Street Block Party",
        "event_type": "Block Party",
        "event_agency": "Street Activity Permit Office",
        "event_location": " WEST    3 STREET between KINGS HIGHWAY and QUENTIN ROAD",
        "event_borough": "Brooklyn",
        "start_date": "2017-08-05T11:00:00.000",
        "end_date": "2017-08-05T20:00:00.000",
        "start_formatted": "August 05, 2017 11:00 AM",
        "end_formatted": "August 05, 2017 08:00 PM",
        "street_closure_type": "Full Street Closure ",
        "community_board": "11, ",
        "police_precinct": "62, "
      }
    },
    {
      "type": "Feature",
      "geometry": {
        "type": "Point",
        "coordinates": [
          -73.965199,
          40.6945925
        ]
      },
      "properties": {
        "event_id": "350221",
        "event_name": "Ryerson Street Block party",
        "event_type": "Block Party",
        "event_agency": "Street Activity Permit Office",
        "event_location": " RYERSON STREET between PARK AVENUE and MYRTLE AVENUE",
        "event_borough": "Brooklyn",
        "start_date": "2017-08-05T11:00:00.000",
        "end_date": "2017-08-05T20:00:00.000",
        "start_formatted": "August 05, 2017 11:00 AM",
        "end_formatted": "August 05, 2017 08:00 PM",
        "street_closure_type": "Full Street Closure ",
        "community_board": "2, ",
        "police_precinct": "88, "
      }
    },
    {
      "type": "Feature",
      "geometry": {
        "type": "Point",
        "coordinates": [
          -73.95070000000001,
          40.6944515
        ]
      },
      "properties": {
        "event_id": "350902",
        "event_name": "Vernon Avenue Block Party",
        "event_type": "Block Party",
        "event_agency": "Street Activity Permit Office",
        "event_location": " VERNON AVENUE between MARCY AVENUE and NOSTRAND AVENUE",
        "event_borough": "Brooklyn",
        "start_date": "2017-08-05T11:00:00.000",
        "end_date": "2017-08-05T20:00:00.000",
        "start_formatted": "August 05, 2017 11:00 AM",
        "end_formatted": "August 05, 2017 08:00 PM",
        "street_closure_type": "Full Street Closure ",
        "community_board": "3, ",
        "police_precinct": "79, "
      }
    },
    {
      "type": "Feature",
      "geometry": {
        "type": "Point",
        "coordinates": [
          -73.9106605,
          40.697529
        ]
      },
      "properties": {
        "event_id": "351761",
        "event_name": "Madison Street Block Association Block Party 2017",
        "event_type": "Block Party",
        "event_agency": "Street Activity Permit Office",
        "event_location": " MADISON STREET between RIDGEWOOD PLACE and IRVING AVENUE",
        "event_borough": "Brooklyn",
        "start_date": "2017-08-05T11:00:00.000",
        "end_date": "2017-08-05T20:00:00.000",
        "start_formatted": "August 05, 2017 11:00 AM",
        "end_formatted": "August 05, 2017 08:00 PM",
        "street_closure_type": "Full Street Closure ",
        "community_board": "4, ",
        "police_precinct": "83, "
      }
    },
    {
      "type": "Feature",
      "geometry": {
        "type": "Point",
        "coordinates": [
          -73.84895549999999,
          40.6843855
        ]
      },
      "properties": {
        "event_id": "356348",
        "event_name": "Community Life Summer Event",
        "event_type": "Block Party",
        "event_agency": "Street Activity Permit Office",
        "event_location": " 92 STREET between 97 AVENUE and 101 AVENUE",
        "event_borough": "Queens",
        "start_date": "2017-08-05T11:00:00.000",
        "end_date": "2017-08-05T17:30:00.000",
        "start_formatted": "August 05, 2017 11:00 AM",
        "end_formatted": "August 05, 2017 05:30 PM",
        "street_closure_type": "Full Street Closure ",
        "community_board": "9, ",
        "police_precinct": "102, "
      }
    },
    {
      "type": "Feature",
      "geometry": {
        "type": "Point",
        "coordinates": [
          -73.902295,
          40.819860500000004
        ]
      },
      "properties": {
        "event_id": "332333",
        "event_name": "Evangelistic Church Ministry Searching for Souls for the Kingdom of God Inc.",
        "event_type": "Block Party",
        "event_agency": "Street Activity Permit Office",
        "event_location": " EAST  160 STREET between UNION AVENUE and PROSPECT AVENUE",
        "event_borough": "Bronx",
        "start_date": "2017-08-05T11:00:00.000",
        "end_date": "2017-08-05T18:00:00.000",
        "start_formatted": "August 05, 2017 11:00 AM",
        "end_formatted": "August 05, 2017 06:00 PM",
        "street_closure_type": "Full Street Closure ",
        "community_board": "1, ",
        "police_precinct": "40, "
      }
    },
    {
      "type": "Feature",
      "geometry": {
        "type": "Point",
        "coordinates": [
          -74.00533250000001,
          40.617148
        ]
      },
      "properties": {
        "event_id": "343064",
        "event_name": "Block Party",
        "event_type": "Block Party",
        "event_agency": "Street Activity Permit Office",
        "event_location": " 77 STREET between 14 AVENUE and 15 AVENUE",
        "event_borough": "Brooklyn",
        "start_date": "2017-08-05T11:00:00.000",
        "end_date": "2017-08-05T20:00:00.000",
        "start_formatted": "August 05, 2017 11:00 AM",
        "end_formatted": "August 05, 2017 08:00 PM",
        "street_closure_type": "Full Street Closure ",
        "community_board": "11, ",
        "police_precinct": "62, "
      }
    },
    {
      "type": "Feature",
      "geometry": {
        "type": "Point",
        "coordinates": [
          -73.776835,
          40.754162
        ]
      },
      "properties": {
        "event_id": "349463",
        "event_name": "204 st neighbors",
        "event_type": "Block Party",
        "event_agency": "Street Activity Permit Office",
        "event_location": " 204 STREET between 47 AVENUE and CLEARVIEW EXWY",
        "event_borough": "Queens",
        "start_date": "2017-08-05T11:00:00.000",
        "end_date": "2017-08-05T19:00:00.000",
        "start_formatted": "August 05, 2017 11:00 AM",
        "end_formatted": "August 05, 2017 07:00 PM",
        "street_closure_type": "Full Street Closure ",
        "community_board": "11, ",
        "police_precinct": "111, "
      }
    },
    {
      "type": "Feature",
      "geometry": {
        "type": "Point",
        "coordinates": [
          -73.87932599999999,
          40.6665305
        ]
      },
      "properties": {
        "event_id": "304340",
        "event_name": "Residents of Essex St Block Party",
        "event_type": "Block Party",
        "event_agency": "Street Activity Permit Office",
        "event_location": " ESSEX STREET between NEW LOTS AVENUE and HEGEMAN AVENUE",
        "event_borough": "Brooklyn",
        "start_date": "2017-08-05T11:00:00.000",
        "end_date": "2017-08-05T20:00:00.000",
        "start_formatted": "August 05, 2017 11:00 AM",
        "end_formatted": "August 05, 2017 08:00 PM",
        "street_closure_type": "Full Street Closure ",
        "community_board": "5, ",
        "police_precinct": "75, "
      }
    },
    {
      "type": "Feature",
      "geometry": {
        "type": "Point",
        "coordinates": [
          -73.9246,
          40.683959
        ]
      },
      "properties": {
        "event_id": "335913",
        "event_name": "Macon St between Ralph  Patchen Annual Block Party",
        "event_type": "Block Party",
        "event_agency": "Street Activity Permit Office",
        "event_location": " MACON STREET between PATCHEN AVENUE and RALPH AVENUE",
        "event_borough": "Brooklyn",
        "start_date": "2017-08-05T11:00:00.000",
        "end_date": "2017-08-05T19:00:00.000",
        "start_formatted": "August 05, 2017 11:00 AM",
        "end_formatted": "August 05, 2017 07:00 PM",
        "street_closure_type": "Full Street Closure ",
        "community_board": "3, ",
        "police_precinct": "81, "
      }
    },
    {
      "type": "Feature",
      "geometry": {
        "type": "Point",
        "coordinates": [
          -73.8645695,
          40.87718
        ]
      },
      "properties": {
        "event_id": "339760",
        "event_name": "Sonny Jacksons Children Day",
        "event_type": "Block Party",
        "event_agency": "Street Activity Permit Office",
        "event_location": " HOLLAND AVENUE between EAST GUN HILL ROAD and EAST  211 STREET",
        "event_borough": "Bronx",
        "start_date": "2017-08-05T11:00:00.000",
        "end_date": "2017-08-05T18:00:00.000",
        "start_formatted": "August 05, 2017 11:00 AM",
        "end_formatted": "August 05, 2017 06:00 PM",
        "street_closure_type": "Full Street Closure ",
        "community_board": "12, ",
        "police_precinct": "47, "
      }
    },
    {
      "type": "Feature",
      "geometry": {
        "type": "Point",
        "coordinates": [
          -73.8754315,
          40.675554500000004
        ]
      },
      "properties": {
        "event_id": "305307",
        "event_name": "Fountain Avenue Block Association",
        "event_type": "Block Party",
        "event_agency": "Street Activity Permit Office",
        "event_location": " FOUNTAIN AVENUE between GLENMORE AVENUE and PITKIN AVENUE",
        "event_borough": "Brooklyn",
        "start_date": "2017-08-05T11:00:00.000",
        "end_date": "2017-08-05T20:00:00.000",
        "start_formatted": "August 05, 2017 11:00 AM",
        "end_formatted": "August 05, 2017 08:00 PM",
        "street_closure_type": "Full Street Closure ",
        "community_board": "5, ",
        "police_precinct": "75, "
      }
    },
    {
      "type": "Feature",
      "geometry": {
        "type": "Point",
        "coordinates": [
          -73.98371900000001,
          40.6455145
        ]
      },
      "properties": {
        "event_id": "349014",
        "event_name": "Minna Street Block Party",
        "event_type": "Block Party",
        "event_agency": "Street Activity Permit Office",
        "event_location": " MINNA STREET between CHESTER AVENUE and BILLS PLACE",
        "event_borough": "Brooklyn",
        "start_date": "2017-08-05T11:00:00.000",
        "end_date": "2017-08-05T20:00:00.000",
        "start_formatted": "August 05, 2017 11:00 AM",
        "end_formatted": "August 05, 2017 08:00 PM",
        "street_closure_type": "Full Street Closure ",
        "community_board": "12, ",
        "police_precinct": "66, "
      }
    },
    {
      "type": "Feature",
      "geometry": {
        "type": "Point",
        "coordinates": [
          -73.9609215,
          40.7136235
        ]
      },
      "properties": {
        "event_id": "336324",
        "event_name": "Knowing our community",
        "event_type": "Block Party",
        "event_agency": "Street Activity Permit Office",
        "event_location": " SOUTH    1 STREET between BEDFORD AVENUE and DRIGGS AVENUE",
        "event_borough": "Brooklyn",
        "start_date": "2017-08-05T11:00:00.000",
        "end_date": "2017-08-05T18:00:00.000",
        "start_formatted": "August 05, 2017 11:00 AM",
        "end_formatted": "August 05, 2017 06:00 PM",
        "street_closure_type": "Full Street Closure ",
        "community_board": "1, ",
        "police_precinct": "90, "
      }
    },
    {
      "type": "Feature",
      "geometry": {
        "type": "Point",
        "coordinates": [
          -73.898093,
          40.661767499999996
        ]
      },
      "properties": {
        "event_id": "325893",
        "event_name": "Hinsdales Annual Block Party",
        "event_type": "Block Party",
        "event_agency": "Street Activity Permit Office",
        "event_location": " HINSDALE STREET between RIVERDALE AVENUE and NEWPORT STREET",
        "event_borough": "Brooklyn",
        "start_date": "2017-08-05T11:00:00.000",
        "end_date": "2017-08-05T19:00:00.000",
        "start_formatted": "August 05, 2017 11:00 AM",
        "end_formatted": "August 05, 2017 07:00 PM",
        "street_closure_type": "Full Street Closure ",
        "community_board": "5, ",
        "police_precinct": "75, "
      }
    },
    {
      "type": "Feature",
      "geometry": {
        "type": "Point",
        "coordinates": [
          -73.91703799999999,
          40.6946145
        ]
      },
      "properties": {
        "event_id": "351212",
        "event_name": "Gates Avenue Block Party",
        "event_type": "Block Party",
        "event_agency": "Street Activity Permit Office",
        "event_location": " GATES AVENUE between CENTRAL AVENUE and WILSON AVENUE",
        "event_borough": "Brooklyn",
        "start_date": "2017-08-05T11:00:00.000",
        "end_date": "2017-08-05T20:00:00.000",
        "start_formatted": "August 05, 2017 11:00 AM",
        "end_formatted": "August 05, 2017 08:00 PM",
        "street_closure_type": "Full Street Closure ",
        "community_board": "4, ",
        "police_precinct": "83, "
      }
    },
    {
      "type": "Feature",
      "geometry": {
        "type": "Point",
        "coordinates": [
          -74.0147245,
          40.6219095
        ]
      },
      "properties": {
        "event_id": "355151",
        "event_name": "78th Street Block Party",
        "event_type": "Block Party",
        "event_agency": "Street Activity Permit Office",
        "event_location": " 78 STREET between 10 AVENUE and 11 AVENUE",
        "event_borough": "Brooklyn",
        "start_date": "2017-08-05T11:00:00.000",
        "end_date": "2017-08-05T20:00:00.000",
        "start_formatted": "August 05, 2017 11:00 AM",
        "end_formatted": "August 05, 2017 08:00 PM",
        "street_closure_type": "Full Street Closure ",
        "community_board": "10, ",
        "police_precinct": "68, "
      }
    },
    {
      "type": "Feature",
      "geometry": {
        "type": "Point",
        "coordinates": [
          -73.907907,
          40.6848225
        ]
      },
      "properties": {
        "event_id": "349021",
        "event_name": "Chauncey Street Block Party",
        "event_type": "Block Party",
        "event_agency": "Street Activity Permit Office",
        "event_location": " CHAUNCEY STREET between BUSHWICK AVENUE and EVERGREEN AVENUE",
        "event_borough": "Brooklyn",
        "start_date": "2017-08-05T11:00:00.000",
        "end_date": "2017-08-05T19:30:00.000",
        "start_formatted": "August 05, 2017 11:00 AM",
        "end_formatted": "August 05, 2017 07:30 PM",
        "street_closure_type": "Full Street Closure ",
        "community_board": "4, ",
        "police_precinct": "83, "
      }
    },
    {
      "type": "Feature",
      "geometry": {
        "type": "Point",
        "coordinates": [
          -73.8782925,
          40.660804
        ]
      },
      "properties": {
        "event_id": "335491",
        "event_name": "Cleveland Wortman and Ashford Family Get Together",
        "event_type": "Block Party",
        "event_agency": "Street Activity Permit Office",
        "event_location": " CLEVELAND STREET between WORTMAN AVENUE and STANLEY AVENUE",
        "event_borough": "Brooklyn",
        "start_date": "2017-08-05T11:00:00.000",
        "end_date": "2017-08-05T19:00:00.000",
        "start_formatted": "August 05, 2017 11:00 AM",
        "end_formatted": "August 05, 2017 07:00 PM",
        "street_closure_type": "Full Street Closure ",
        "community_board": "5, ",
        "police_precinct": "75, "
      }
    },
    {
      "type": "Feature",
      "geometry": {
        "type": "Point",
        "coordinates": [
          -73.954411,
          40.676531
        ]
      },
      "properties": {
        "event_id": "346155",
        "event_name": "Bergen Street Block Party",
        "event_type": "Block Party",
        "event_agency": "Street Activity Permit Office",
        "event_location": " BERGEN STREET between BEDFORD AVENUE and FRANKLIN AVENUE",
        "event_borough": "Brooklyn",
        "start_date": "2017-08-05T11:00:00.000",
        "end_date": "2017-08-05T20:00:00.000",
        "start_formatted": "August 05, 2017 11:00 AM",
        "end_formatted": "August 05, 2017 08:00 PM",
        "street_closure_type": "Full Street Closure ",
        "community_board": "8, ",
        "police_precinct": "77, "
      }
    },
    {
      "type": "Feature",
      "geometry": {
        "type": "Point",
        "coordinates": [
          -74.002792,
          40.623037499999995
        ]
      },
      "properties": {
        "event_id": "355485",
        "event_name": "Bay Ridge Ave Block Party",
        "event_type": "Block Party",
        "event_agency": "Street Activity Permit Office",
        "event_location": " BAY RIDGE AVENUE between 14 AVENUE and 13 AVENUE",
        "event_borough": "Brooklyn",
        "start_date": "2017-08-05T10:30:00.000",
        "end_date": "2017-08-05T19:00:00.000",
        "start_formatted": "August 05, 2017 10:30 AM",
        "end_formatted": "August 05, 2017 07:00 PM",
        "street_closure_type": "Full Street Closure ",
        "community_board": "10, ",
        "police_precinct": "68, "
      }
    },
    {
      "type": "Feature",
      "geometry": {
        "type": "Point",
        "coordinates": [
          -73.921926,
          40.6857645
        ]
      },
      "properties": {
        "event_id": "279810",
        "event_name": "HANCOCK STREET BLOCK PARTY",
        "event_type": "Block Party",
        "event_agency": "Street Activity Permit Office",
        "event_location": " HANCOCK STREET between RALPH AVENUE and HOWARD AVENUE",
        "event_borough": "Brooklyn",
        "start_date": "2017-08-05T10:00:00.000",
        "end_date": "2017-08-05T18:00:00.000",
        "start_formatted": "August 05, 2017 10:00 AM",
        "end_formatted": "August 05, 2017 06:00 PM",
        "street_closure_type": "Full Street Closure ",
        "community_board": "3, ",
        "police_precinct": "81, "
      }
    },
    {
      "type": "Feature",
      "geometry": {
        "type": "Point",
        "coordinates": [
          -73.90781999999999,
          40.682517000000004
        ]
      },
      "properties": {
        "event_id": "342515",
        "event_name": "Granite Street Block Party",
        "event_type": "Block Party",
        "event_agency": "Street Activity Permit Office",
        "event_location": " GRANITE STREET between BUSHWICK AVENUE and BROADWAY",
        "event_borough": "Brooklyn",
        "start_date": "2017-08-05T10:00:00.000",
        "end_date": "2017-08-05T19:00:00.000",
        "start_formatted": "August 05, 2017 10:00 AM",
        "end_formatted": "August 05, 2017 07:00 PM",
        "street_closure_type": "Full Street Closure ",
        "community_board": "4, ",
        "police_precinct": "83, "
      }
    },
    {
      "type": "Feature",
      "geometry": {
        "type": "Point",
        "coordinates": [
          -73.926657,
          40.6610935
        ]
      },
      "properties": {
        "event_id": "351380",
        "event_name": "E 92nd Street Block Party",
        "event_type": "Block Party",
        "event_agency": "Street Activity Permit Office",
        "event_location": " EAST   92 STREET between RUTLAND ROAD and WINTHROP STREET",
        "event_borough": "Brooklyn",
        "start_date": "2017-08-05T10:00:00.000",
        "end_date": "2017-08-05T18:00:00.000",
        "start_formatted": "August 05, 2017 10:00 AM",
        "end_formatted": "August 05, 2017 06:00 PM",
        "street_closure_type": "Full Street Closure ",
        "community_board": "17, ",
        "police_precinct": "67, "
      }
    },
    {
      "type": "Feature",
      "geometry": {
        "type": "Point",
        "coordinates": [
          -73.8381095,
          40.6904835
        ]
      },
      "properties": {
        "event_id": "355318",
        "event_name": "Block Party",
        "event_type": "Block Party",
        "event_agency": "Street Activity Permit Office",
        "event_location": " 107 STREET between ATLANTIC AVENUE and 95 AVENUE",
        "event_borough": "Queens",
        "start_date": "2017-08-05T10:00:00.000",
        "end_date": "2017-08-05T18:00:00.000",
        "start_formatted": "August 05, 2017 10:00 AM",
        "end_formatted": "August 05, 2017 06:00 PM",
        "street_closure_type": "Full Street Closure ",
        "community_board": "9, ",
        "police_precinct": "102, "
      }
    },
    {
      "type": "Feature",
      "geometry": {
        "type": "Point",
        "coordinates": [
          -73.91270750000001,
          40.846394000000004
        ]
      },
      "properties": {
        "event_id": "349685",
        "event_name": "CHARITY ANNUAL COMMUNITY OUTREACH",
        "event_type": "Block Party",
        "event_agency": "Street Activity Permit Office",
        "event_location": " CLIFFORD PLACE between JEROME AVENUE and TOWNSEND AVENUE",
        "event_borough": "Bronx",
        "start_date": "2017-08-05T10:00:00.000",
        "end_date": "2017-08-05T18:00:00.000",
        "start_formatted": "August 05, 2017 10:00 AM",
        "end_formatted": "August 05, 2017 06:00 PM",
        "street_closure_type": "Full Street Closure ",
        "community_board": "5, ",
        "police_precinct": "46, "
      }
    },
    {
      "type": "Feature",
      "geometry": {
        "type": "Point",
        "coordinates": [
          -73.918639,
          40.683144999999996
        ]
      },
      "properties": {
        "event_id": "324701",
        "event_name": "DHS Annual Block Party",
        "event_type": "Block Party",
        "event_agency": "Street Activity Permit Office",
        "event_location": " DECATUR STREET between HOWARD AVENUE and SARATOGA AVENUE",
        "event_borough": "Brooklyn",
        "start_date": "2017-08-05T10:00:00.000",
        "end_date": "2017-08-05T19:00:00.000",
        "start_formatted": "August 05, 2017 10:00 AM",
        "end_formatted": "August 05, 2017 07:00 PM",
        "street_closure_type": "Full Street Closure ",
        "community_board": "3, ",
        "police_precinct": "81, "
      }
    },
    {
      "type": "Feature",
      "geometry": {
        "type": "Point",
        "coordinates": [
          -73.934762,
          40.6382685
        ]
      },
      "properties": {
        "event_id": "331927",
        "event_name": "Family Day",
        "event_type": "Block Party",
        "event_agency": "Street Activity Permit Office",
        "event_location": " TROY AVENUE between FOSTER AVENUE and FARRAGUT ROAD",
        "event_borough": "Brooklyn",
        "start_date": "2017-08-05T10:00:00.000",
        "end_date": "2017-08-05T19:00:00.000",
        "start_formatted": "August 05, 2017 10:00 AM",
        "end_formatted": "August 05, 2017 07:00 PM",
        "street_closure_type": "Full Street Closure ",
        "community_board": "17, ",
        "police_precinct": "67, "
      }
    },
    {
      "type": "Feature",
      "geometry": {
        "type": "Point",
        "coordinates": [
          -73.924308,
          40.682494000000005
        ]
      },
      "properties": {
        "event_id": "331181",
        "event_name": "decatur St Block association",
        "event_type": "Block Party",
        "event_agency": "Street Activity Permit Office",
        "event_location": " DECATUR STREET between PATCHEN AVENUE and RALPH AVENUE",
        "event_borough": "Brooklyn",
        "start_date": "2017-08-05T10:00:00.000",
        "end_date": "2017-08-05T19:00:00.000",
        "start_formatted": "August 05, 2017 10:00 AM",
        "end_formatted": "August 05, 2017 07:00 PM",
        "street_closure_type": "Full Street Closure ",
        "community_board": "3, ",
        "police_precinct": "81, "
      }
    },
    {
      "type": "Feature",
      "geometry": {
        "type": "Point",
        "coordinates": [
          -73.937986,
          40.6505055
        ]
      },
      "properties": {
        "event_id": "359864",
        "event_name": "Annual Family and Friends Day",
        "event_type": "Block Party",
        "event_agency": "Street Activity Permit Office",
        "event_location": " EAST   42 STREET between CHURCH AVENUE and SNYDER AVENUE",
        "event_borough": "Brooklyn",
        "start_date": "2017-08-05T10:00:00.000",
        "end_date": "2017-08-05T19:00:00.000",
        "start_formatted": "August 05, 2017 10:00 AM",
        "end_formatted": "August 05, 2017 07:00 PM",
        "street_closure_type": "Full Street Closure ",
        "community_board": "17, ",
        "police_precinct": "67, "
      }
    },
    {
      "type": "Feature",
      "geometry": {
        "type": "Point",
        "coordinates": [
          -73.9315795,
          40.616617500000004
        ]
      },
      "properties": {
        "event_id": "351559",
        "event_name": "Hendrickson block party",
        "event_type": "Block Party",
        "event_agency": "Street Activity Permit Office",
        "event_location": " HENDRICKSON STREET between AVENUE R and QUENTIN ROAD",
        "event_borough": "Brooklyn",
        "start_date": "2017-08-05T10:00:00.000",
        "end_date": "2017-08-05T18:00:00.000",
        "start_formatted": "August 05, 2017 10:00 AM",
        "end_formatted": "August 05, 2017 06:00 PM",
        "street_closure_type": "Full Street Closure ",
        "community_board": "18, ",
        "police_precinct": "63, "
      }
    },
    {
      "type": "Feature",
      "geometry": {
        "type": "Point",
        "coordinates": [
          -73.9304345,
          40.608932499999995
        ]
      },
      "properties": {
        "event_id": "328758",
        "event_name": "East 36 street block party",
        "event_type": "Block Party",
        "event_agency": "Street Activity Permit Office",
        "event_location": " EAST   36 STREET between AVENUE S and AVENUE T",
        "event_borough": "Brooklyn",
        "start_date": "2017-08-05T10:00:00.000",
        "end_date": "2017-08-05T18:00:00.000",
        "start_formatted": "August 05, 2017 10:00 AM",
        "end_formatted": "August 05, 2017 06:00 PM",
        "street_closure_type": "Full Street Closure ",
        "community_board": "18, ",
        "police_precinct": "63, "
      }
    },
    {
      "type": "Feature",
      "geometry": {
        "type": "Point",
        "coordinates": [
          -73.926165,
          40.657670499999995
        ]
      },
      "properties": {
        "event_id": "350266",
        "event_name": "Mixup",
        "event_type": "Block Party",
        "event_agency": "Street Activity Permit Office",
        "event_location": " EAST   55 STREET between REMSEN AVENUE and CLARKSON AVENUE",
        "event_borough": "Brooklyn",
        "start_date": "2017-08-05T10:00:00.000",
        "end_date": "2017-08-05T18:00:00.000",
        "start_formatted": "August 05, 2017 10:00 AM",
        "end_formatted": "August 05, 2017 06:00 PM",
        "street_closure_type": "Full Street Closure ",
        "community_board": "17, ",
        "police_precinct": "67, "
      }
    },
    {
      "type": "Feature",
      "geometry": {
        "type": "Point",
        "coordinates": [
          -73.754697,
          40.702261500000006
        ]
      },
      "properties": {
        "event_id": "348987",
        "event_name": "201st Block Party",
        "event_type": "Block Party",
        "event_agency": "Street Activity Permit Office",
        "event_location": " 201 STREET between 112 AVENUE and 113 AVENUE",
        "event_borough": "Queens",
        "start_date": "2017-08-05T09:00:00.000",
        "end_date": "2017-08-05T18:00:00.000",
        "start_formatted": "August 05, 2017 09:00 AM",
        "end_formatted": "August 05, 2017 06:00 PM",
        "street_closure_type": "Full Street Closure ",
        "community_board": "12, ",
        "police_precinct": "113, "
      }
    },
    {
      "type": "Feature",
      "geometry": {
        "type": "Point",
        "coordinates": [
          -73.8104195,
          40.676635
        ]
      },
      "properties": {
        "event_id": "330105",
        "event_name": "Block Party",
        "event_type": "Block Party",
        "event_agency": "Street Activity Permit Office",
        "event_location": " 128 STREET between 116 AVENUE and FOCH BLVD",
        "event_borough": "Queens",
        "start_date": "2017-08-05T09:00:00.000",
        "end_date": "2017-08-05T18:00:00.000",
        "start_formatted": "August 05, 2017 09:00 AM",
        "end_formatted": "August 05, 2017 06:00 PM",
        "street_closure_type": "Full Street Closure ",
        "community_board": "10, ",
        "police_precinct": "106, "
      }
    },
    {
      "type": "Feature",
      "geometry": {
        "type": "Point",
        "coordinates": [
          -73.91469000000001,
          40.669829
        ]
      },
      "properties": {
        "event_id": "336805",
        "event_name": "Marcus Garvey Park Houses Annual Family Day",
        "event_type": "Block Party",
        "event_agency": "Street Activity Permit Office",
        "event_location": " AMBOY STREET between PITKIN AVENUE and EAST NEW YORK AVENUE",
        "event_borough": "Brooklyn",
        "start_date": "2017-08-05T09:00:00.000",
        "end_date": "2017-08-05T17:00:00.000",
        "start_formatted": "August 05, 2017 09:00 AM",
        "end_formatted": "August 05, 2017 05:00 PM",
        "street_closure_type": "Full Street Closure ",
        "community_board": "16, ",
        "police_precinct": "73, "
      }
    },
    {
      "type": "Feature",
      "geometry": {
        "type": "Point",
        "coordinates": [
          -73.93567100000001,
          40.805333
        ]
      },
      "properties": {
        "event_id": "335490",
        "event_name": "Family Day",
        "event_type": "Block Party",
        "event_agency": "Street Activity Permit Office",
        "event_location": " EAST  127 STREET between THIRD AVENUE and LEXINGTON AVENUE",
        "event_borough": "Manhattan",
        "start_date": "2017-08-04T10:00:00.000",
        "end_date": "2017-08-04T14:30:00.000",
        "start_formatted": "August 04, 2017 10:00 AM",
        "end_formatted": "August 04, 2017 02:30 PM",
        "street_closure_type": "Full Street Closure ",
        "community_board": "11, ",
        "police_precinct": "25, "
      }
    },
    {
      "type": "Feature",
      "geometry": {
        "type": "Point",
        "coordinates": [
          -73.9242075,
          40.770892
        ]
      },
      "properties": {
        "event_id": "333026",
        "event_name": "Catholic Chrarities Brooklyn  Queens Kids Fun Day",
        "event_type": "Block Party",
        "event_agency": "Street Activity Permit Office",
        "event_location": " NEWTOWN AVENUE between CRESCENT STREET and 23 STREET",
        "event_borough": "Queens",
        "start_date": "2017-08-04T09:30:00.000",
        "end_date": "2017-08-04T15:30:00.000",
        "start_formatted": "August 04, 2017 09:30 AM",
        "end_formatted": "August 04, 2017 03:30 PM",
        "street_closure_type": "Full Street Closure ",
        "community_board": "1, ",
        "police_precinct": "114, "
      }
    },
    {
      "type": "Feature",
      "geometry": {
        "type": "Point",
        "coordinates": [
          -73.9602805,
          40.7116975
        ]
      },
      "properties": {
        "event_id": "353756",
        "event_name": "El Puente Beacon Block Party",
        "event_type": "Block Party",
        "event_agency": "Street Activity Permit Office",
        "event_location": " SOUTH    3 STREET between ROEBLING STREET and DRIGGS AVENUE",
        "event_borough": "Brooklyn",
        "start_date": "2017-08-03T12:00:00.000",
        "end_date": "2017-08-03T17:00:00.000",
        "start_formatted": "August 03, 2017 12:00 PM",
        "end_formatted": "August 03, 2017 05:00 PM",
        "street_closure_type": "Full Street Closure ",
        "community_board": "1, ",
        "police_precinct": "90, "
      }
    },
    {
      "type": "Feature",
      "geometry": {
        "type": "Point",
        "coordinates": [
          -73.937637,
          40.638090500000004
        ]
      },
      "properties": {
        "event_id": "330496",
        "event_name": "YOUTH HAPPENN",
        "event_type": "Block Party",
        "event_agency": "Street Activity Permit Office",
        "event_location": " ALBANY AVENUE between FOSTER AVENUE and FARRAGUT ROAD",
        "event_borough": "Brooklyn",
        "start_date": "2017-08-03T10:00:00.000",
        "end_date": "2017-08-03T15:00:00.000",
        "start_formatted": "August 03, 2017 10:00 AM",
        "end_formatted": "August 03, 2017 03:00 PM",
        "street_closure_type": "Full Street Closure ",
        "community_board": "17, ",
        "police_precinct": "67, "
      }
    },
    {
      "type": "Feature",
      "geometry": {
        "type": "Point",
        "coordinates": [
          -73.93903900000001,
          40.590729499999995
        ]
      },
      "properties": {
        "event_id": "351169",
        "event_name": "P 811K  Fourth Annual Summer Carnival",
        "event_type": "Block Party",
        "event_agency": "Street Activity Permit Office",
        "event_location": " HARING STREET between AVENUE Y and AVENUE Z",
        "event_borough": "Brooklyn",
        "start_date": "2017-08-02T09:00:00.000",
        "end_date": "2017-08-02T13:00:00.000",
        "start_formatted": "August 02, 2017 09:00 AM",
        "end_formatted": "August 02, 2017 01:00 PM",
        "street_closure_type": "Full Street Closure ",
        "community_board": "15, ",
        "police_precinct": "61, "
      }
    },
    {
      "type": "Feature",
      "geometry": {
        "type": "Point",
        "coordinates": [
          -73.8269085,
          40.7007325
        ]
      },
      "properties": {
        "event_id": "349521",
        "event_name": "Night Out Against Crime",
        "event_type": "Block Party",
        "event_agency": "Street Activity Permit Office",
        "event_location": " JAMAICA AVENUE between 123 STREET and 124 STREET",
        "event_borough": "Queens",
        "start_date": "2017-08-01T17:00:00.000",
        "end_date": "2017-08-01T21:00:00.000",
        "start_formatted": "August 01, 2017 05:00 PM",
        "end_formatted": "August 01, 2017 09:00 PM",
        "street_closure_type": "Full Street Closure ",
        "community_board": "9, ",
        "police_precinct": "102, "
      }
    },
    {
      "type": "Feature",
      "geometry": {
        "type": "Point",
        "coordinates": [
          -73.945123,
          40.815903500000005
        ]
      },
      "properties": {
        "event_id": "367997",
        "event_name": "34th Annual National Night Out Against Crime",
        "event_type": "Block Party",
        "event_agency": "Street Activity Permit Office",
        "event_location": " WEST  135 STREET between 8 AVENUE and 7 AVENUE",
        "event_borough": "Manhattan",
        "start_date": "2017-08-01T16:00:00.000",
        "end_date": "2017-08-01T20:00:00.000",
        "start_formatted": "August 01, 2017 04:00 PM",
        "end_formatted": "August 01, 2017 08:00 PM",
        "street_closure_type": "Full Street Closure ",
        "community_board": "10, ",
        "police_precinct": "32, "
      }
    },
    {
      "type": "Feature",
      "geometry": {
        "type": "Point",
        "coordinates": [
          -73.997352,
          40.715948999999995
        ]
      },
      "properties": {
        "event_id": "360086",
        "event_name": "National Night Out Against Crime 2017",
        "event_type": "Block Party",
        "event_agency": "Street Activity Permit Office",
        "event_location": " ELIZABETH STREET between BAYARD STREET and CANAL STREET",
        "event_borough": "Manhattan",
        "start_date": "2017-08-01T16:00:00.000",
        "end_date": "2017-08-01T19:00:00.000",
        "start_formatted": "August 01, 2017 04:00 PM",
        "end_formatted": "August 01, 2017 07:00 PM",
        "street_closure_type": "Full Street Closure ",
        "community_board": "3, ",
        "police_precinct": "5, "
      }
    },
    {
      "type": "Feature",
      "geometry": {
        "type": "Point",
        "coordinates": [
          -73.953776,
          40.811710500000004
        ]
      },
      "properties": {
        "event_id": "337976",
        "event_name": "34th Annual National Night Out Against Crime",
        "event_type": "Block Party",
        "event_agency": "Street Activity Permit Office",
        "event_location": " MORNINGSIDE AVENUE between WEST  125 STREET and WEST  126 STREET",
        "event_borough": "Manhattan",
        "start_date": "2017-08-01T16:00:00.000",
        "end_date": "2017-08-01T20:00:00.000",
        "start_formatted": "August 01, 2017 04:00 PM",
        "end_formatted": "August 01, 2017 08:00 PM",
        "street_closure_type": "Full Street Closure ",
        "community_board": "9, ",
        "police_precinct": "26, "
      }
    },
    {
      "type": "Feature",
      "geometry": {
        "type": "Point",
        "coordinates": [
          -73.918532,
          40.837415
        ]
      },
      "properties": {
        "event_id": "353315",
        "event_name": "34th Annual National Night Out",
        "event_type": "Block Party",
        "event_agency": "Street Activity Permit Office",
        "event_location": " EAST  169 STREET between GERARD AVENUE and WALTON AVENUE",
        "event_borough": "Bronx",
        "start_date": "2017-08-01T15:00:00.000",
        "end_date": "2017-08-01T19:00:00.000",
        "start_formatted": "August 01, 2017 03:00 PM",
        "end_formatted": "August 01, 2017 07:00 PM",
        "street_closure_type": "Full Street Closure ",
        "community_board": "4, ",
        "police_precinct": "44, "
      }
    },
    {
      "type": "Feature",
      "geometry": {
        "type": "Point",
        "coordinates": [
          -73.981383,
          40.7793955
        ]
      },
      "properties": {
        "event_id": "362215",
        "event_name": "National Night Out",
        "event_type": "Block Party",
        "event_agency": "Street Activity Permit Office",
        "event_location": " WEST   73 STREET between BROADWAY and AMSTERDAM AVENUE",
        "event_borough": "Manhattan",
        "start_date": "2017-08-01T12:00:00.000",
        "end_date": "2017-08-01T20:00:00.000",
        "start_formatted": "August 01, 2017 12:00 PM",
        "end_formatted": "August 01, 2017 08:00 PM",
        "street_closure_type": "Full Street Closure ",
        "community_board": "7, ",
        "police_precinct": "20, "
      }
    },
    {
      "type": "Feature",
      "geometry": {
        "type": "Point",
        "coordinates": [
          -73.851091,
          40.892354
        ]
      },
      "properties": {
        "event_id": "354389",
        "event_name": "PHILLY COMMUNITY FUN DAY",
        "event_type": "Block Party",
        "event_agency": "Street Activity Permit Office",
        "event_location": " DIGNEY AVENUE between EAST  233 STREET and BUSSING AVENUE",
        "event_borough": "Bronx",
        "start_date": "2017-07-30T13:00:00.000",
        "end_date": "2017-07-30T20:00:00.000",
        "start_formatted": "July 30, 2017 01:00 PM",
        "end_formatted": "July 30, 2017 08:00 PM",
        "street_closure_type": "Sidewalk and Street Closure ",
        "community_board": "12, ",
        "police_precinct": "47, "
      }
    },
    {
      "type": "Feature",
      "geometry": {
        "type": "Point",
        "coordinates": [
          -73.868887,
          40.6854845
        ]
      },
      "properties": {
        "event_id": "354511",
        "event_name": "BLOCK PARTY",
        "event_type": "Block Party",
        "event_agency": "Street Activity Permit Office",
        "event_location": " NICHOLS AVENUE between RIDGEWOOD AVENUE and FULTON STREET",
        "event_borough": "Brooklyn",
        "start_date": "2017-07-30T12:30:00.000",
        "end_date": "2017-07-30T20:30:00.000",
        "start_formatted": "July 30, 2017 12:30 PM",
        "end_formatted": "July 30, 2017 08:30 PM",
        "street_closure_type": "Full Street Closure ",
        "community_board": "5, ",
        "police_precinct": "75, "
      }
    },
    {
      "type": "Feature",
      "geometry": {
        "type": "Point",
        "coordinates": [
          -73.98700450000001,
          40.670373
        ]
      },
      "properties": {
        "event_id": "354540",
        "event_name": "8th Street Block Party",
        "event_type": "Block Party",
        "event_agency": "Street Activity Permit Office",
        "event_location": " 8 STREET between 4 AVENUE and 5 AVENUE",
        "event_borough": "Brooklyn",
        "start_date": "2017-07-30T12:30:00.000",
        "end_date": "2017-07-30T18:00:00.000",
        "start_formatted": "July 30, 2017 12:30 PM",
        "end_formatted": "July 30, 2017 06:00 PM",
        "street_closure_type": "Full Street Closure ",
        "community_board": "6, ",
        "police_precinct": "78, "
      }
    },
    {
      "type": "Feature",
      "geometry": {
        "type": "Point",
        "coordinates": [
          -73.73956949999999,
          40.5954135
        ]
      },
      "properties": {
        "event_id": "353962",
        "event_name": "BEACH BLOCK PARTY 2017",
        "event_type": "Block Party",
        "event_agency": "Street Activity Permit Office",
        "event_location": " BEACH    4 STREET between SEAGIRT AVENUE and DEAD END",
        "event_borough": "Queens",
        "start_date": "2017-07-30T12:00:00.000",
        "end_date": "2017-07-30T21:00:00.000",
        "start_formatted": "July 30, 2017 12:00 PM",
        "end_formatted": "July 30, 2017 09:00 PM",
        "street_closure_type": "Full Street Closure ",
        "community_board": "14, ",
        "police_precinct": "101, "
      }
    },
    {
      "type": "Feature",
      "geometry": {
        "type": "Point",
        "coordinates": [
          -73.8833705,
          40.6703325
        ]
      },
      "properties": {
        "event_id": "345244",
        "event_name": "Cleveland Block Association",
        "event_type": "Block Party",
        "event_agency": "Street Activity Permit Office",
        "event_location": " CLEVELAND STREET between SUTTER AVENUE and BLAKE AVENUE",
        "event_borough": "Brooklyn",
        "start_date": "2017-07-30T12:00:00.000",
        "end_date": "2017-07-30T20:00:00.000",
        "start_formatted": "July 30, 2017 12:00 PM",
        "end_formatted": "July 30, 2017 08:00 PM",
        "street_closure_type": "Sidewalk and Street Closure ",
        "community_board": "5, ",
        "police_precinct": "75, "
      }
    },
    {
      "type": "Feature",
      "geometry": {
        "type": "Point",
        "coordinates": [
          -73.9325145,
          40.692792
        ]
      },
      "properties": {
        "event_id": "349736",
        "event_name": "Kosciuszko st block party",
        "event_type": "Block Party",
        "event_agency": "Street Activity Permit Office",
        "event_location": " KOSCIUSZKO STREET between MALCOLM X BOULEVARD and STUYVESANT AVENUE",
        "event_borough": "Brooklyn",
        "start_date": "2017-07-30T11:00:00.000",
        "end_date": "2017-07-30T20:00:00.000",
        "start_formatted": "July 30, 2017 11:00 AM",
        "end_formatted": "July 30, 2017 08:00 PM",
        "street_closure_type": "Full Street Closure ",
        "community_board": "3, ",
        "police_precinct": "81, "
      }
    },
    {
      "type": "Feature",
      "geometry": {
        "type": "Point",
        "coordinates": [
          -73.8668075,
          40.68605
        ]
      },
      "properties": {
        "event_id": "351766",
        "event_name": "Block Party",
        "event_type": "Block Party",
        "event_agency": "Street Activity Permit Office",
        "event_location": " ELDERT LANE between RIDGEWOOD AVENUE and FULTON STREET",
        "event_borough": "Brooklyn",
        "start_date": "2017-07-30T10:00:00.000",
        "end_date": "2017-07-30T18:00:00.000",
        "start_formatted": "July 30, 2017 10:00 AM",
        "end_formatted": "July 30, 2017 06:00 PM",
        "street_closure_type": "Full Street Closure ",
        "community_board": "5, ",
        "police_precinct": "75, "
      }
    },
    {
      "type": "Feature",
      "geometry": {
        "type": "Point",
        "coordinates": [
          -73.91033,
          40.695479500000005
        ]
      },
      "properties": {
        "event_id": "353008",
        "event_name": "Cornelia St Block Association",
        "event_type": "Block Party",
        "event_agency": "Street Activity Permit Office",
        "event_location": " CORNELIA STREET between KNICKERBOCKER AVENUE and IRVING AVENUE",
        "event_borough": "Brooklyn",
        "start_date": "2017-07-30T09:00:00.000",
        "end_date": "2017-07-30T17:00:00.000",
        "start_formatted": "July 30, 2017 09:00 AM",
        "end_formatted": "July 30, 2017 05:00 PM",
        "street_closure_type": "Full Street Closure ",
        "community_board": "4, ",
        "police_precinct": "83, "
      }
    },
    {
      "type": "Feature",
      "geometry": {
        "type": "Point",
        "coordinates": [
          -73.84860499999999,
          40.65533
        ]
      },
      "properties": {
        "event_id": "346511",
        "event_name": "83rd Street Block Party",
        "event_type": "Block Party",
        "event_agency": "Street Activity Permit Office",
        "event_location": " 83 STREET between 160 AVENUE and 161 AVENUE",
        "event_borough": "Queens",
        "start_date": "2017-07-29T15:00:00.000",
        "end_date": "2017-07-29T20:30:00.000",
        "start_formatted": "July 29, 2017 03:00 PM",
        "end_formatted": "July 29, 2017 08:30 PM",
        "street_closure_type": "Sidewalk and Street Closure ",
        "community_board": "10, ",
        "police_precinct": "106, "
      }
    },
    {
      "type": "Feature",
      "geometry": {
        "type": "Point",
        "coordinates": [
          -73.92937950000001,
          40.7060315
        ]
      },
      "properties": {
        "event_id": "342253",
        "event_name": "Summer Day at Grattan",
        "event_type": "Block Party",
        "event_agency": "Street Activity Permit Office",
        "event_location": " GRATTAN STREET between KNICKERBOCKER AVENUE and PORTER AVENUE",
        "event_borough": "Brooklyn",
        "start_date": "2017-07-29T14:00:00.000",
        "end_date": "2017-07-29T20:00:00.000",
        "start_formatted": "July 29, 2017 02:00 PM",
        "end_formatted": "July 29, 2017 08:00 PM",
        "street_closure_type": "Full Street Closure ",
        "community_board": "1, ",
        "police_precinct": "90, "
      }
    },
    {
      "type": "Feature",
      "geometry": {
        "type": "Point",
        "coordinates": [
          -73.953147,
          40.688923
        ]
      },
      "properties": {
        "event_id": "319692",
        "event_name": "Clifton Place Block Association Annual Block Party",
        "event_type": "Block Party",
        "event_agency": "Street Activity Permit Office",
        "event_location": " CLIFTON PLACE between NOSTRAND AVENUE and BEDFORD AVENUE",
        "event_borough": "Brooklyn",
        "start_date": "2017-07-29T13:00:00.000",
        "end_date": "2017-07-29T20:00:00.000",
        "start_formatted": "July 29, 2017 01:00 PM",
        "end_formatted": "July 29, 2017 08:00 PM",
        "street_closure_type": "Full Sidewalk Closure ",
        "community_board": "3, ",
        "police_precinct": "79, "
      }
    },
    {
      "type": "Feature",
      "geometry": {
        "type": "Point",
        "coordinates": [
          -74.149205,
          40.6132525
        ]
      },
      "properties": {
        "event_id": "344557",
        "event_name": "WOODBINE AVENUE BLOCK PARTY",
        "event_type": "Block Party",
        "event_agency": "Street Activity Permit Office",
        "event_location": " WOODBINE AVENUE between THURSTON STREET and AUBURN AVENUE",
        "event_borough": "Staten Island",
        "start_date": "2017-07-29T13:00:00.000",
        "end_date": "2017-07-29T20:00:00.000",
        "start_formatted": "July 29, 2017 01:00 PM",
        "end_formatted": "July 29, 2017 08:00 PM",
        "street_closure_type": "Full Street Closure ",
        "community_board": "1, ",
        "police_precinct": "121, "
      }
    },
    {
      "type": "Feature",
      "geometry": {
        "type": "Point",
        "coordinates": [
          -73.90150700000001,
          40.695717
        ]
      },
      "properties": {
        "event_id": "342767",
        "event_name": "Summerfield  friends",
        "event_type": "Block Party",
        "event_agency": "Street Activity Permit Office",
        "event_location": " SUMMERFIELD STREET between CYPRESS AVENUE and WYCKOFF AVENUE",
        "event_borough": "Queens",
        "start_date": "2017-07-29T13:00:00.000",
        "end_date": "2017-07-29T21:00:00.000",
        "start_formatted": "July 29, 2017 01:00 PM",
        "end_formatted": "July 29, 2017 09:00 PM",
        "street_closure_type": "Sidewalk and Street Closure ",
        "community_board": "5, ",
        "police_precinct": "104, "
      }
    },
    {
      "type": "Feature",
      "geometry": {
        "type": "Point",
        "coordinates": [
          -73.7391695,
          40.67851
        ]
      },
      "properties": {
        "event_id": "353646",
        "event_name": "Bring your Grills from the Back to the Front",
        "event_type": "Block Party",
        "event_agency": "Street Activity Permit Office",
        "event_location": " 230 STREET between 131 AVENUE and 133 AVENUE",
        "event_borough": "Queens",
        "start_date": "2017-07-29T13:00:00.000",
        "end_date": "2017-07-29T20:00:00.000",
        "start_formatted": "July 29, 2017 01:00 PM",
        "end_formatted": "July 29, 2017 08:00 PM",
        "street_closure_type": "Full Street Closure ",
        "community_board": "13, ",
        "police_precinct": "105, "
      }
    },
    {
      "type": "Feature",
      "geometry": {
        "type": "Point",
        "coordinates": [
          -74.11259050000001,
          40.640543
        ]
      },
      "properties": {
        "event_id": "351446",
        "event_name": "Harrison Place Block Party 2014",
        "event_type": "Block Party",
        "event_agency": "Street Activity Permit Office",
        "event_location": " HARRISON PLACE between BEMENT AVENUE and DEAD END",
        "event_borough": "Staten Island",
        "start_date": "2017-07-29T13:00:00.000",
        "end_date": "2017-07-29T21:00:00.000",
        "start_formatted": "July 29, 2017 01:00 PM",
        "end_formatted": "July 29, 2017 09:00 PM",
        "street_closure_type": "Full Street Closure ",
        "community_board": "1, ",
        "police_precinct": "120, "
      }
    },
    {
      "type": "Feature",
      "geometry": {
        "type": "Point",
        "coordinates": [
          -73.8245885,
          40.844275999999994
        ]
      },
      "properties": {
        "event_id": "343674",
        "event_name": "7th Annual Griswold Avenue Block Party",
        "event_type": "Block Party",
        "event_agency": "Street Activity Permit Office",
        "event_location": " GRISWOLD AVENUE between MACDONOUGH PLACE and DWIGHT PLACE",
        "event_borough": "Bronx",
        "start_date": "2017-07-29T13:00:00.000",
        "end_date": "2017-07-29T20:00:00.000",
        "start_formatted": "July 29, 2017 01:00 PM",
        "end_formatted": "July 29, 2017 08:00 PM",
        "street_closure_type": "Full Street Closure ",
        "community_board": "10, ",
        "police_precinct": "45, "
      }
    },
    {
      "type": "Feature",
      "geometry": {
        "type": "Point",
        "coordinates": [
          -74.1216055,
          40.5711235
        ]
      },
      "properties": {
        "event_id": "345481",
        "event_name": "Behan Court Block Party",
        "event_type": "Block Party",
        "event_agency": "Street Activity Permit Office",
        "event_location": " BEHAN COURT between BEACH AVENUE and AMBOY ROAD",
        "event_borough": "Staten Island",
        "start_date": "2017-07-29T13:00:00.000",
        "end_date": "2017-07-29T20:00:00.000",
        "start_formatted": "July 29, 2017 01:00 PM",
        "end_formatted": "July 29, 2017 08:00 PM",
        "street_closure_type": "Full Street Closure ",
        "community_board": "2, ",
        "police_precinct": "122, "
      }
    },
    {
      "type": "Feature",
      "geometry": {
        "type": "Point",
        "coordinates": [
          -73.8919475,
          40.723006
        ]
      },
      "properties": {
        "event_id": "353429",
        "event_name": "Block Party",
        "event_type": "Block Party",
        "event_agency": "Street Activity Permit Office",
        "event_location": " 69 PLACE between CALDWELL AVENUE and 60 AVENUE",
        "event_borough": "Queens",
        "start_date": "2017-07-29T12:30:00.000",
        "end_date": "2017-07-29T20:30:00.000",
        "start_formatted": "July 29, 2017 12:30 PM",
        "end_formatted": "July 29, 2017 08:30 PM",
        "street_closure_type": "Full Street Closure ",
        "community_board": "5, ",
        "police_precinct": "104, "
      }
    },
    {
      "type": "Feature",
      "geometry": {
        "type": "Point",
        "coordinates": [
          -73.945975,
          40.824988
        ]
      },
      "properties": {
        "event_id": "349461",
        "event_name": "Mt. Zion Anniversary Celebration",
        "event_type": "Block Party",
        "event_agency": "Street Activity Permit Office",
        "event_location": " CONVENT AVENUE between WEST  145 STREET and WEST  146 STREET",
        "event_borough": "Manhattan",
        "start_date": "2017-07-29T12:00:00.000",
        "end_date": "2017-07-29T16:00:00.000",
        "start_formatted": "July 29, 2017 12:00 PM",
        "end_formatted": "July 29, 2017 04:00 PM",
        "street_closure_type": "Full Street Closure ",
        "community_board": "9, ",
        "police_precinct": "30, "
      }
    },
    {
      "type": "Feature",
      "geometry": {
        "type": "Point",
        "coordinates": [
          -74.00746799999999,
          40.6461235
        ]
      },
      "properties": {
        "event_id": "346320",
        "event_name": "47st blockparty",
        "event_type": "Block Party",
        "event_agency": "Street Activity Permit Office",
        "event_location": " 47 STREET between 5 AVENUE and 6 AVENUE",
        "event_borough": "Brooklyn",
        "start_date": "2017-07-29T12:00:00.000",
        "end_date": "2017-07-29T21:00:00.000",
        "start_formatted": "July 29, 2017 12:00 PM",
        "end_formatted": "July 29, 2017 09:00 PM",
        "street_closure_type": "Full Street Closure ",
        "community_board": "7, ",
        "police_precinct": "72, "
      }
    },
    {
      "type": "Feature",
      "geometry": {
        "type": "Point",
        "coordinates": [
          -74.1956555,
          40.553070500000004
        ]
      },
      "properties": {
        "event_id": "350759",
        "event_name": "Block party",
        "event_type": "Block Party",
        "event_agency": "Street Activity Permit Office",
        "event_location": " REGENT CIRCLE between HAMPTON GREEN and DEAD END",
        "event_borough": "Staten Island",
        "start_date": "2017-07-29T12:00:00.000",
        "end_date": "2017-07-29T21:00:00.000",
        "start_formatted": "July 29, 2017 12:00 PM",
        "end_formatted": "July 29, 2017 09:00 PM",
        "street_closure_type": "Full Street Closure ",
        "community_board": "3, ",
        "police_precinct": "123, "
      }
    },
    {
      "type": "Feature",
      "geometry": {
        "type": "Point",
        "coordinates": [
          -73.984241,
          40.677878
        ]
      },
      "properties": {
        "event_id": "352117",
        "event_name": "Block Party 2017",
        "event_type": "Block Party",
        "event_agency": "Street Activity Permit Office",
        "event_location": " UNION STREET between 3 AVENUE and 4 AVENUE",
        "event_borough": "Brooklyn",
        "start_date": "2017-07-29T12:00:00.000",
        "end_date": "2017-07-29T20:00:00.000",
        "start_formatted": "July 29, 2017 12:00 PM",
        "end_formatted": "July 29, 2017 08:00 PM",
        "street_closure_type": "Full Street Closure ",
        "community_board": "6, ",
        "police_precinct": "78, "
      }
    },
    {
      "type": "Feature",
      "geometry": {
        "type": "Point",
        "coordinates": [
          -74.0147405,
          40.6459525
        ]
      },
      "properties": {
        "event_id": "342306",
        "event_name": "52ND Street Block Party",
        "event_type": "Block Party",
        "event_agency": "Street Activity Permit Office",
        "event_location": " 52 STREET between 3 AVENUE and 4 AVENUE",
        "event_borough": "Brooklyn",
        "start_date": "2017-07-29T12:00:00.000",
        "end_date": "2017-07-29T21:00:00.000",
        "start_formatted": "July 29, 2017 12:00 PM",
        "end_formatted": "July 29, 2017 09:00 PM",
        "street_closure_type": "Full Street Closure ",
        "community_board": "7, ",
        "police_precinct": "72, "
      }
    },
    {
      "type": "Feature",
      "geometry": {
        "type": "Point",
        "coordinates": [
          -74.12445399999999,
          40.619237999999996
        ]
      },
      "properties": {
        "event_id": "352992",
        "event_name": "Constant Ave Block Party",
        "event_type": "Block Party",
        "event_agency": "Street Activity Permit Office",
        "event_location": " CONSTANT AVENUE between MANOR ROAD and SOUTH GREENLEAF AVENUE",
        "event_borough": "Staten Island",
        "start_date": "2017-07-29T12:00:00.000",
        "end_date": "2017-07-29T21:00:00.000",
        "start_formatted": "July 29, 2017 12:00 PM",
        "end_formatted": "July 29, 2017 09:00 PM",
        "street_closure_type": "Full Street Closure ",
        "community_board": "1, ",
        "police_precinct": "120, "
      }
    },
    {
      "type": "Feature",
      "geometry": {
        "type": "Point",
        "coordinates": [
          -73.74673,
          40.682286
        ]
      },
      "properties": {
        "event_id": "329941",
        "event_name": "Tehillah Word Ministries Inc. Annual Block Party",
        "event_type": "Block Party",
        "event_agency": "Street Activity Permit Office",
        "event_location": " 131 AVENUE between 220 STREET and 221 STREET",
        "event_borough": "Queens",
        "start_date": "2017-07-29T12:00:00.000",
        "end_date": "2017-07-29T18:00:00.000",
        "start_formatted": "July 29, 2017 12:00 PM",
        "end_formatted": "July 29, 2017 06:00 PM",
        "street_closure_type": "Full Street Closure ",
        "community_board": "13, ",
        "police_precinct": "105, "
      }
    },
    {
      "type": "Feature",
      "geometry": {
        "type": "Point",
        "coordinates": [
          -74.004683,
          40.6453535
        ]
      },
      "properties": {
        "event_id": "352713",
        "event_name": "46 St Block Party",
        "event_type": "Block Party",
        "event_agency": "Street Activity Permit Office",
        "event_location": " 46 STREET between 6 AVENUE and 7 AVENUE",
        "event_borough": "Brooklyn",
        "start_date": "2017-07-29T12:00:00.000",
        "end_date": "2017-07-29T21:00:00.000",
        "start_formatted": "July 29, 2017 12:00 PM",
        "end_formatted": "July 29, 2017 09:00 PM",
        "street_closure_type": "Full Street Closure ",
        "community_board": "7, ",
        "police_precinct": "72, "
      }
    },
    {
      "type": "Feature",
      "geometry": {
        "type": "Point",
        "coordinates": [
          -73.9299855,
          40.657522
        ]
      },
      "properties": {
        "event_id": "328372",
        "event_name": "E 51st Winclark Block  Assaction",
        "event_type": "Block Party",
        "event_agency": "Street Activity Permit Office",
        "event_location": " EAST   51 STREET between WINTHROP AVENUE and CLARKSON AVENUE",
        "event_borough": "Brooklyn",
        "start_date": "2017-07-29T12:00:00.000",
        "end_date": "2017-07-29T18:00:00.000",
        "start_formatted": "July 29, 2017 12:00 PM",
        "end_formatted": "July 29, 2017 06:00 PM",
        "street_closure_type": "Full Street Closure ",
        "community_board": "17, ",
        "police_precinct": "67, "
      }
    },
    {
      "type": "Feature",
      "geometry": {
        "type": "Point",
        "coordinates": [
          -74.10988850000001,
          40.5774145
        ]
      },
      "properties": {
        "event_id": "344879",
        "event_name": "Prescott Avenue Block Party",
        "event_type": "Block Party",
        "event_agency": "Street Activity Permit Office",
        "event_location": " PRESCOTT AVENUE between SOUTH RAILROAD AVENUE and EDISON STREET",
        "event_borough": "Staten Island",
        "start_date": "2017-07-29T12:00:00.000",
        "end_date": "2017-07-29T21:00:00.000",
        "start_formatted": "July 29, 2017 12:00 PM",
        "end_formatted": "July 29, 2017 09:00 PM",
        "street_closure_type": "Full Street Closure ",
        "community_board": "2, ",
        "police_precinct": "122, "
      }
    },
    {
      "type": "Feature",
      "geometry": {
        "type": "Point",
        "coordinates": [
          -73.98675349999999,
          40.774133
        ]
      },
      "properties": {
        "event_id": "365581",
        "event_name": "Amsterdam Reunion 70th Anniversay",
        "event_type": "Block Party",
        "event_agency": "Street Activity Permit Office",
        "event_location": " WEST   64 STREET between AMSTERDAM AVENUE and WEST END AVENUE",
        "event_borough": "Manhattan",
        "start_date": "2017-07-29T12:00:00.000",
        "end_date": "2017-07-29T19:00:00.000",
        "start_formatted": "July 29, 2017 12:00 PM",
        "end_formatted": "July 29, 2017 07:00 PM",
        "street_closure_type": "Full Street Closure ",
        "community_board": "7, ",
        "police_precinct": "20, "
      }
    },
    {
      "type": "Feature",
      "geometry": {
        "type": "Point",
        "coordinates": [
          -74.1393525,
          40.552052
        ]
      },
      "properties": {
        "event_id": "346154",
        "event_name": "Cranford st. Block Party",
        "event_type": "Block Party",
        "event_agency": "Street Activity Permit Office",
        "event_location": " CRANFORD STREET between DURANT AVENUE and OGORMAN AVENUE",
        "event_borough": "Staten Island",
        "start_date": "2017-07-29T12:00:00.000",
        "end_date": "2017-07-29T21:00:00.000",
        "start_formatted": "July 29, 2017 12:00 PM",
        "end_formatted": "July 29, 2017 09:00 PM",
        "street_closure_type": "Sidewalk and Street Closure ",
        "community_board": "3, ",
        "police_precinct": "122, "
      }
    },
    {
      "type": "Feature",
      "geometry": {
        "type": "Point",
        "coordinates": [
          -73.9331105,
          40.6807335
        ]
      },
      "properties": {
        "event_id": "342063",
        "event_name": "Block Party",
        "event_type": "Block Party",
        "event_agency": "Street Activity Permit Office",
        "event_location": " BAINBRIDGE STREET between STUYVESANT AVENUE and LEWIS AVENUE",
        "event_borough": "Brooklyn",
        "start_date": "2017-07-29T12:00:00.000",
        "end_date": "2017-07-29T19:30:00.000",
        "start_formatted": "July 29, 2017 12:00 PM",
        "end_formatted": "July 29, 2017 07:30 PM",
        "street_closure_type": "Full Street Closure ",
        "community_board": "3, ",
        "police_precinct": "81, "
      }
    },
    {
      "type": "Feature",
      "geometry": {
        "type": "Point",
        "coordinates": [
          -73.94505050000001,
          40.810914
        ]
      },
      "properties": {
        "event_id": "332409",
        "event_name": "129United Family Day",
        "event_type": "Block Party",
        "event_agency": "Street Activity Permit Office",
        "event_location": " WEST  129 STREET between LENOX AVENUE and ADAM CLAYTON POWELL BOULEVARD",
        "event_borough": "Manhattan",
        "start_date": "2017-07-29T12:00:00.000",
        "end_date": "2017-07-29T17:00:00.000",
        "start_formatted": "July 29, 2017 12:00 PM",
        "end_formatted": "July 29, 2017 05:00 PM",
        "street_closure_type": "Full Street Closure ",
        "community_board": "10, ",
        "police_precinct": "32, "
      }
    },
    {
      "type": "Feature",
      "geometry": {
        "type": "Point",
        "coordinates": [
          -73.899384,
          40.720943500000004
        ]
      },
      "properties": {
        "event_id": "348717",
        "event_name": "Block Party 2017",
        "event_type": "Block Party",
        "event_agency": "Street Activity Permit Office",
        "event_location": " 58 ROAD between 64 STREET and 66 STREET",
        "event_borough": "Queens",
        "start_date": "2017-07-29T12:00:00.000",
        "end_date": "2017-07-29T21:00:00.000",
        "start_formatted": "July 29, 2017 12:00 PM",
        "end_formatted": "July 29, 2017 09:00 PM",
        "street_closure_type": "Full Street Closure ",
        "community_board": "5, ",
        "police_precinct": "104, "
      }
    },
    {
      "type": "Feature",
      "geometry": {
        "type": "Point",
        "coordinates": [
          -73.8484945,
          40.844431
        ]
      },
      "properties": {
        "event_id": "328974",
        "event_name": "Block Party",
        "event_type": "Block Party",
        "event_agency": "Street Activity Permit Office",
        "event_location": " POPLAR STREET between LURTING AVENUE and WILLIAMSBDG ROAD",
        "event_borough": "Bronx",
        "start_date": "2017-07-29T12:00:00.000",
        "end_date": "2017-07-29T20:00:00.000",
        "start_formatted": "July 29, 2017 12:00 PM",
        "end_formatted": "July 29, 2017 08:00 PM",
        "street_closure_type": "Full Street Closure ",
        "community_board": "11, ",
        "police_precinct": "49, "
      }
    },
    {
      "type": "Feature",
      "geometry": {
        "type": "Point",
        "coordinates": [
          -74.157576,
          40.5510235
        ]
      },
      "properties": {
        "event_id": "354556",
        "event_name": "Notre Dame Ave Block Party",
        "event_type": "Block Party",
        "event_agency": "Street Activity Permit Office",
        "event_location": " NOTRE DAME AVENUE between KATAN AVENUE and LAMOKA AVENUE",
        "event_borough": "Staten Island",
        "start_date": "2017-07-29T12:00:00.000",
        "end_date": "2017-07-29T21:00:00.000",
        "start_formatted": "July 29, 2017 12:00 PM",
        "end_formatted": "July 29, 2017 09:00 PM",
        "street_closure_type": "Full Street Closure ",
        "community_board": "3, ",
        "police_precinct": "122, "
      }
    },
    {
      "type": "Feature",
      "geometry": {
        "type": "Point",
        "coordinates": [
          -73.947626,
          40.827751000000006
        ]
      },
      "properties": {
        "event_id": "347707",
        "event_name": "Children Day Block Event",
        "event_type": "Block Party",
        "event_agency": "Street Activity Permit Office",
        "event_location": " WEST  148 STREET between BROADWAY and AMSTERDAM AVENUE",
        "event_borough": "Manhattan",
        "start_date": "2017-07-29T12:00:00.000",
        "end_date": "2017-07-29T18:00:00.000",
        "start_formatted": "July 29, 2017 12:00 PM",
        "end_formatted": "July 29, 2017 06:00 PM",
        "street_closure_type": "Full Street Closure ",
        "community_board": "9, ",
        "police_precinct": "30, "
      }
    },
    {
      "type": "Feature",
      "geometry": {
        "type": "Point",
        "coordinates": [
          -73.896936,
          40.7086735
        ]
      },
      "properties": {
        "event_id": "354710",
        "event_name": "palmetto street",
        "event_type": "Block Party",
        "event_agency": "Street Activity Permit Office",
        "event_location": " PALMETTO STREET between FRESH POND ROAD and 64 STREET",
        "event_borough": "Queens",
        "start_date": "2017-07-29T12:00:00.000",
        "end_date": "2017-07-29T19:30:00.000",
        "start_formatted": "July 29, 2017 12:00 PM",
        "end_formatted": "July 29, 2017 07:30 PM",
        "street_closure_type": "Full Street Closure ",
        "community_board": "5, ",
        "police_precinct": "104, "
      }
    },
    {
      "type": "Feature",
      "geometry": {
        "type": "Point",
        "coordinates": [
          -73.9154315,
          40.832807
        ]
      },
      "properties": {
        "event_id": "328290",
        "event_name": "Grant Ave. Block Party",
        "event_type": "Block Party",
        "event_agency": "Street Activity Permit Office",
        "event_location": " GRANT AVENUE between EAST  167 STREET and MCCLELLAN STREET",
        "event_borough": "Bronx",
        "start_date": "2017-07-29T12:00:00.000",
        "end_date": "2017-07-29T18:00:00.000",
        "start_formatted": "July 29, 2017 12:00 PM",
        "end_formatted": "July 29, 2017 06:00 PM",
        "street_closure_type": "Full Street Closure ",
        "community_board": "4, ",
        "police_precinct": "44, "
      }
    },
    {
      "type": "Feature",
      "geometry": {
        "type": "Point",
        "coordinates": [
          -73.740532,
          40.6924485
        ]
      },
      "properties": {
        "event_id": "347593",
        "event_name": "221st and 222nd Street Block Party",
        "event_type": "Block Party",
        "event_agency": "Street Activity Permit Office",
        "event_location": " 221 STREET between 118 AVENUE and 119 AVENUE",
        "event_borough": "Queens",
        "start_date": "2017-07-29T12:00:00.000",
        "end_date": "2017-07-29T18:00:00.000",
        "start_formatted": "July 29, 2017 12:00 PM",
        "end_formatted": "July 29, 2017 06:00 PM",
        "street_closure_type": "Full Street Closure ",
        "community_board": "13, ",
        "police_precinct": "105, "
      }
    },
    {
      "type": "Feature",
      "geometry": {
        "type": "Point",
        "coordinates": [
          -73.729394,
          40.724129000000005
        ]
      },
      "properties": {
        "event_id": "352395",
        "event_name": "93 Ave block association",
        "event_type": "Block Party",
        "event_agency": "Street Activity Permit Office",
        "event_location": " 93 AVENUE between GETTYSBURG STREET and 239 STREET",
        "event_borough": "Queens",
        "start_date": "2017-07-29T12:00:00.000",
        "end_date": "2017-07-29T21:00:00.000",
        "start_formatted": "July 29, 2017 12:00 PM",
        "end_formatted": "July 29, 2017 09:00 PM",
        "street_closure_type": "Full Street Closure ",
        "community_board": "13, ",
        "police_precinct": "105, "
      }
    },
    {
      "type": "Feature",
      "geometry": {
        "type": "Point",
        "coordinates": [
          -73.866499,
          40.687844999999996
        ]
      },
      "properties": {
        "event_id": "352114",
        "event_name": "74 pl party",
        "event_type": "Block Party",
        "event_agency": "Street Activity Permit Office",
        "event_location": " 74 PLACE between 90 AVENUE and 88 ROAD",
        "event_borough": "Queens",
        "start_date": "2017-07-29T12:00:00.000",
        "end_date": "2017-07-29T21:00:00.000",
        "start_formatted": "July 29, 2017 12:00 PM",
        "end_formatted": "July 29, 2017 09:00 PM",
        "street_closure_type": "Full Street Closure ",
        "community_board": "9, ",
        "police_precinct": "102, "
      }
    },
    {
      "type": "Feature",
      "geometry": {
        "type": "Point",
        "coordinates": [
          -73.7299535,
          40.708185
        ]
      },
      "properties": {
        "event_id": "351381",
        "event_name": "Meet Your Neighbor",
        "event_type": "Block Party",
        "event_agency": "Street Activity Permit Office",
        "event_location": " 107 AVENUE between 225 STREET and 227 STREET",
        "event_borough": "Queens",
        "start_date": "2017-07-29T12:00:00.000",
        "end_date": "2017-07-29T19:00:00.000",
        "start_formatted": "July 29, 2017 12:00 PM",
        "end_formatted": "July 29, 2017 07:00 PM",
        "street_closure_type": "Full Street Closure ",
        "community_board": "13, ",
        "police_precinct": "105, "
      }
    },
    {
      "type": "Feature",
      "geometry": {
        "type": "Point",
        "coordinates": [
          -74.0021285,
          40.654749
        ]
      },
      "properties": {
        "event_id": "352067",
        "event_name": "34th Street Block Party 2017",
        "event_type": "Block Party",
        "event_agency": "Street Activity Permit Office",
        "event_location": " 34 STREET between 4 AVENUE and 5 AVENUE",
        "event_borough": "Brooklyn",
        "start_date": "2017-07-29T11:30:00.000",
        "end_date": "2017-07-29T19:30:00.000",
        "start_formatted": "July 29, 2017 11:30 AM",
        "end_formatted": "July 29, 2017 07:30 PM",
        "street_closure_type": "Full Street Closure ",
        "community_board": "7, ",
        "police_precinct": "72, "
      }
    },
    {
      "type": "Feature",
      "geometry": {
        "type": "Point",
        "coordinates": [
          -73.8507635,
          40.6602065
        ]
      },
      "properties": {
        "event_id": "339938",
        "event_name": "82nd street Block Party",
        "event_type": "Block Party",
        "event_agency": "Street Activity Permit Office",
        "event_location": " 82 STREET between 157 AVENUE and 158 AVENUE",
        "event_borough": "Queens",
        "start_date": "2017-07-29T11:30:00.000",
        "end_date": "2017-07-29T20:00:00.000",
        "start_formatted": "July 29, 2017 11:30 AM",
        "end_formatted": "July 29, 2017 08:00 PM",
        "street_closure_type": "Full Street Closure ",
        "community_board": "10, ",
        "police_precinct": "106, "
      }
    },
    {
      "type": "Feature",
      "geometry": {
        "type": "Point",
        "coordinates": [
          -73.932338,
          40.6706585
        ]
      },
      "properties": {
        "event_id": "341596",
        "event_name": "Bible Faith Tabernacle Annual Community Day",
        "event_type": "Block Party",
        "event_agency": "Street Activity Permit Office",
        "event_location": " ST JOHNS PLACE between UTICA AVENUE and SCHENECTADY AVENUE",
        "event_borough": "Brooklyn",
        "start_date": "2017-07-29T11:30:00.000",
        "end_date": "2017-07-29T18:00:00.000",
        "start_formatted": "July 29, 2017 11:30 AM",
        "end_formatted": "July 29, 2017 06:00 PM",
        "street_closure_type": "Full Street Closure ",
        "community_board": "8, ",
        "police_precinct": "77, "
      }
    },
    {
      "type": "Feature",
      "geometry": {
        "type": "Point",
        "coordinates": [
          -73.9380715,
          40.690653499999996
        ]
      },
      "properties": {
        "event_id": "329873",
        "event_name": "Van Buren Day",
        "event_type": "Block Party",
        "event_agency": "Street Activity Permit Office",
        "event_location": " VAN BUREN STREET between LEWIS AVENUE and MARCUS GARVEY BOULEVARD",
        "event_borough": "Brooklyn",
        "start_date": "2017-07-29T11:00:00.000",
        "end_date": "2017-07-29T20:00:00.000",
        "start_formatted": "July 29, 2017 11:00 AM",
        "end_formatted": "July 29, 2017 08:00 PM",
        "street_closure_type": "Full Street Closure ",
        "community_board": "3, ",
        "police_precinct": "81, "
      }
    },
    {
      "type": "Feature",
      "geometry": {
        "type": "Point",
        "coordinates": [
          -73.873998,
          40.666632500000006
        ]
      },
      "properties": {
        "event_id": "304550",
        "event_name": "Milford St Block Association",
        "event_type": "Block Party",
        "event_agency": "Street Activity Permit Office",
        "event_location": " MILFORD STREET between HEGEMAN AVENUE and LINDEN BOULEVARD",
        "event_borough": "Brooklyn",
        "start_date": "2017-07-29T11:00:00.000",
        "end_date": "2017-07-29T20:00:00.000",
        "start_formatted": "July 29, 2017 11:00 AM",
        "end_formatted": "July 29, 2017 08:00 PM",
        "street_closure_type": "Full Street Closure ",
        "community_board": "5, ",
        "police_precinct": "75, "
      }
    },
    {
      "type": "Feature",
      "geometry": {
        "type": "Point",
        "coordinates": [
          -73.90803650000001,
          40.696622000000005
        ]
      },
      "properties": {
        "event_id": "345918",
        "event_name": "Jefferson Avenue Block Party",
        "event_type": "Block Party",
        "event_agency": "Street Activity Permit Office",
        "event_location": " JEFFERSON AVENUE between IRVING AVENUE and WYCKOFF AVENUE",
        "event_borough": "Brooklyn",
        "start_date": "2017-07-29T11:00:00.000",
        "end_date": "2017-07-29T20:00:00.000",
        "start_formatted": "July 29, 2017 11:00 AM",
        "end_formatted": "July 29, 2017 08:00 PM",
        "street_closure_type": "Full Street Closure ",
        "community_board": "4, ",
        "police_precinct": "83, "
      }
    },
    {
      "type": "Feature",
      "geometry": {
        "type": "Point",
        "coordinates": [
          -73.9065305,
          40.695769
        ]
      },
      "properties": {
        "event_id": "354004",
        "event_name": "Weirfield Street Block Party",
        "event_type": "Block Party",
        "event_agency": "Street Activity Permit Office",
        "event_location": " WEIRFIELD STREET between IRVING AVENUE and WYCKOFF AVENUE",
        "event_borough": "Brooklyn",
        "start_date": "2017-07-29T11:00:00.000",
        "end_date": "2017-07-29T20:00:00.000",
        "start_formatted": "July 29, 2017 11:00 AM",
        "end_formatted": "July 29, 2017 08:00 PM",
        "street_closure_type": "Full Street Closure ",
        "community_board": "4, ",
        "police_precinct": "83, "
      }
    },
    {
      "type": "Feature",
      "geometry": {
        "type": "Point",
        "coordinates": [
          -73.954808,
          40.656814
        ]
      },
      "properties": {
        "event_id": "326251",
        "event_name": "Family Day Celebration at Parkside Playground Hosted by Councilmember Mathieu Eugene",
        "event_type": "Block Party",
        "event_agency": "Street Activity Permit Office",
        "event_location": " WINTHROP STREET between ROGERS AVENUE and BEDFORD AVENUE",
        "event_borough": "Brooklyn",
        "start_date": "2017-07-29T11:00:00.000",
        "end_date": "2017-07-29T17:00:00.000",
        "start_formatted": "July 29, 2017 11:00 AM",
        "end_formatted": "July 29, 2017 05:00 PM",
        "street_closure_type": "Sidewalk and Street Closure ",
        "community_board": "9, ",
        "police_precinct": "71, "
      }
    },
    {
      "type": "Feature",
      "geometry": {
        "type": "Point",
        "coordinates": [
          -73.9265155,
          40.5916475
        ]
      },
      "properties": {
        "event_id": "345320",
        "event_name": "block party",
        "event_type": "Block Party",
        "event_agency": "Street Activity Permit Office",
        "event_location": " DICTUM COURT between FLORENCE AVENUE and EVERETT AVENUE",
        "event_borough": "Brooklyn",
        "start_date": "2017-07-29T11:00:00.000",
        "end_date": "2017-07-29T20:00:00.000",
        "start_formatted": "July 29, 2017 11:00 AM",
        "end_formatted": "July 29, 2017 08:00 PM",
        "street_closure_type": "Full Street Closure ",
        "community_board": "15, ",
        "police_precinct": "61, "
      }
    },
    {
      "type": "Feature",
      "geometry": {
        "type": "Point",
        "coordinates": [
          -73.933908,
          40.6618955
        ]
      },
      "properties": {
        "event_id": "337256",
        "event_name": "MUST BLOCK ASSOCIATION FUN DAY",
        "event_type": "Block Party",
        "event_agency": "Street Activity Permit Office",
        "event_location": " MAPLE STREET between EAST   48 STREET and SCHENECTADY AVENUE",
        "event_borough": "Brooklyn",
        "start_date": "2017-07-29T11:00:00.000",
        "end_date": "2017-07-29T20:00:00.000",
        "start_formatted": "July 29, 2017 11:00 AM",
        "end_formatted": "July 29, 2017 08:00 PM",
        "street_closure_type": "Full Street Closure ",
        "community_board": "9, ",
        "police_precinct": "71, "
      }
    },
    {
      "type": "Feature",
      "geometry": {
        "type": "Point",
        "coordinates": [
          -73.8578205,
          40.8339365
        ]
      },
      "properties": {
        "event_id": "352191",
        "event_name": "Living Christ Out Loud Bronx Family Festival",
        "event_type": "Block Party",
        "event_agency": "Street Activity Permit Office",
        "event_location": " PUGSLEY AVENUE between WESTCHESTER AVENUE and BENEDICT AVENUE",
        "event_borough": "Bronx",
        "start_date": "2017-07-29T11:00:00.000",
        "end_date": "2017-07-29T18:30:00.000",
        "start_formatted": "July 29, 2017 11:00 AM",
        "end_formatted": "July 29, 2017 06:30 PM",
        "street_closure_type": "Full Street Closure ",
        "community_board": "9, ",
        "police_precinct": "43, "
      }
    },
    {
      "type": "Feature",
      "geometry": {
        "type": "Point",
        "coordinates": [
          -73.8809385,
          40.843378
        ]
      },
      "properties": {
        "event_id": "325818",
        "event_name": "vyse organization",
        "event_type": "Block Party",
        "event_agency": "Street Activity Permit Office",
        "event_location": " VYSE AVENUE between EAST  179 STREET and EAST  180 STREET",
        "event_borough": "Bronx",
        "start_date": "2017-07-29T11:00:00.000",
        "end_date": "2017-07-29T18:00:00.000",
        "start_formatted": "July 29, 2017 11:00 AM",
        "end_formatted": "July 29, 2017 06:00 PM",
        "street_closure_type": "Full Street Closure ",
        "community_board": "6, ",
        "police_precinct": "48, "
      }
    },
    {
      "type": "Feature",
      "geometry": {
        "type": "Point",
        "coordinates": [
          -73.92055149999999,
          40.632118500000004
        ]
      },
      "properties": {
        "event_id": "309174",
        "event_name": "E58 STREET 4th Annual Back In Time Block Party",
        "event_type": "Block Party",
        "event_agency": "Street Activity Permit Office",
        "event_location": " EAST   58 STREET between AVENUE H and AVENUE I",
        "event_borough": "Brooklyn",
        "start_date": "2017-07-29T11:00:00.000",
        "end_date": "2017-07-29T20:00:00.000",
        "start_formatted": "July 29, 2017 11:00 AM",
        "end_formatted": "July 29, 2017 08:00 PM",
        "street_closure_type": "Full Street Closure ",
        "community_board": "18, ",
        "police_precinct": "63, "
      }
    },
    {
      "type": "Feature",
      "geometry": {
        "type": "Point",
        "coordinates": [
          -73.948373,
          40.6984765
        ]
      },
      "properties": {
        "event_id": "336011",
        "event_name": "Ellery Street Blowout",
        "event_type": "Block Party",
        "event_agency": "Street Activity Permit Office",
        "event_location": " ELLERY STREET between MARCY AVENUE and TOMPKINS AVENUE",
        "event_borough": "Brooklyn",
        "start_date": "2017-07-29T11:00:00.000",
        "end_date": "2017-07-29T20:00:00.000",
        "start_formatted": "July 29, 2017 11:00 AM",
        "end_formatted": "July 29, 2017 08:00 PM",
        "street_closure_type": "Full Street Closure ",
        "community_board": "3, ",
        "police_precinct": "79, "
      }
    },
    {
      "type": "Feature",
      "geometry": {
        "type": "Point",
        "coordinates": [
          -73.9323765,
          40.661273
        ]
      },
      "properties": {
        "event_id": "350219",
        "event_name": "Must BLOCK ASSOCIATION",
        "event_type": "Block Party",
        "event_agency": "Street Activity Permit Office",
        "event_location": " MIDWOOD STREET between UTICA AVENUE and EAST   48 STREET",
        "event_borough": "Brooklyn",
        "start_date": "2017-07-29T11:00:00.000",
        "end_date": "2017-07-29T20:00:00.000",
        "start_formatted": "July 29, 2017 11:00 AM",
        "end_formatted": "July 29, 2017 08:00 PM",
        "street_closure_type": "Full Street Closure ",
        "community_board": "9, ",
        "police_precinct": "71, "
      }
    },
    {
      "type": "Feature",
      "geometry": {
        "type": "Point",
        "coordinates": [
          -73.914837,
          40.6956615
        ]
      },
      "properties": {
        "event_id": "349559",
        "event_name": "Palmetto street block party",
        "event_type": "Block Party",
        "event_agency": "Street Activity Permit Office",
        "event_location": " PALMETTO STREET between WILSON AVENUE and KNICKERBOCKER AVENUE",
        "event_borough": "Brooklyn",
        "start_date": "2017-07-29T11:00:00.000",
        "end_date": "2017-07-29T20:00:00.000",
        "start_formatted": "July 29, 2017 11:00 AM",
        "end_formatted": "July 29, 2017 08:00 PM",
        "street_closure_type": "Full Street Closure ",
        "community_board": "4, ",
        "police_precinct": "83, "
      }
    },
    {
      "type": "Feature",
      "geometry": {
        "type": "Point",
        "coordinates": [
          -73.95590849999999,
          40.6878535
        ]
      },
      "properties": {
        "event_id": "306948",
        "event_name": "Greene Avenue Block Party",
        "event_type": "Block Party",
        "event_agency": "Street Activity Permit Office",
        "event_location": " GREENE AVENUE between FRANKLIN AVENUE and BEDFORD AVENUE",
        "event_borough": "Brooklyn",
        "start_date": "2017-07-29T11:00:00.000",
        "end_date": "2017-07-29T20:00:00.000",
        "start_formatted": "July 29, 2017 11:00 AM",
        "end_formatted": "July 29, 2017 08:00 PM",
        "street_closure_type": "Full Street Closure ",
        "community_board": "3, ",
        "police_precinct": "79, "
      }
    },
    {
      "type": "Feature",
      "geometry": {
        "type": "Point",
        "coordinates": [
          -74.07914099999999,
          40.627596499999996
        ]
      },
      "properties": {
        "event_id": "355542",
        "event_name": "Community Church Cook Out",
        "event_type": "Block Party",
        "event_agency": "Street Activity Permit Office",
        "event_location": " WRIGHT STREET between WATER STREET and VAN DUZER STREET",
        "event_borough": "Staten Island",
        "start_date": "2017-07-29T11:00:00.000",
        "end_date": "2017-07-29T18:00:00.000",
        "start_formatted": "July 29, 2017 11:00 AM",
        "end_formatted": "July 29, 2017 06:00 PM",
        "street_closure_type": "Full Street Closure ",
        "community_board": "1, ",
        "police_precinct": "120, "
      }
    },
    {
      "type": "Feature",
      "geometry": {
        "type": "Point",
        "coordinates": [
          -74.02078750000001,
          40.6304215
        ]
      },
      "properties": {
        "event_id": "353765",
        "event_name": "73 block party",
        "event_type": "Block Party",
        "event_agency": "Street Activity Permit Office",
        "event_location": " 73 STREET between 6 AVENUE and 5 AVENUE",
        "event_borough": "Brooklyn",
        "start_date": "2017-07-29T11:00:00.000",
        "end_date": "2017-07-29T20:00:00.000",
        "start_formatted": "July 29, 2017 11:00 AM",
        "end_formatted": "July 29, 2017 08:00 PM",
        "street_closure_type": "Full Street Closure ",
        "community_board": "10, ",
        "police_precinct": "68, "
      }
    },
    {
      "type": "Feature",
      "geometry": {
        "type": "Point",
        "coordinates": [
          -73.913973,
          40.606935500000006
        ]
      },
      "properties": {
        "event_id": "348065",
        "event_name": "East 63rd street annual block party",
        "event_type": "Block Party",
        "event_agency": "Street Activity Permit Office",
        "event_location": " EAST   63 STREET between 56 DRIVE and NATIONAL DRIVE",
        "event_borough": "Brooklyn",
        "start_date": "2017-07-29T10:00:00.000",
        "end_date": "2017-07-29T18:00:00.000",
        "start_formatted": "July 29, 2017 10:00 AM",
        "end_formatted": "July 29, 2017 06:00 PM",
        "street_closure_type": "Full Street Closure ",
        "community_board": "18, ",
        "police_precinct": "63, "
      }
    },
    {
      "type": "Feature",
      "geometry": {
        "type": "Point",
        "coordinates": [
          -73.9842645,
          40.665662499999996
        ]
      },
      "properties": {
        "event_id": "351510",
        "event_name": "12th St block party",
        "event_type": "Block Party",
        "event_agency": "Street Activity Permit Office",
        "event_location": " 12 STREET between 6 AVENUE and 7 AVENUE",
        "event_borough": "Brooklyn",
        "start_date": "2017-07-29T10:00:00.000",
        "end_date": "2017-07-29T19:00:00.000",
        "start_formatted": "July 29, 2017 10:00 AM",
        "end_formatted": "July 29, 2017 07:00 PM",
        "street_closure_type": "Full Street Closure ",
        "community_board": "6, ",
        "police_precinct": "78, "
      }
    },
    {
      "type": "Feature",
      "geometry": {
        "type": "Point",
        "coordinates": [
          -73.93189000000001,
          40.6384465
        ]
      },
      "properties": {
        "event_id": "354418",
        "event_name": "Summer Bash",
        "event_type": "Block Party",
        "event_agency": "Street Activity Permit Office",
        "event_location": " SCHENECTADY AVENUE between FOSTER AVENUE and FARRAGUT ROAD",
        "event_borough": "Brooklyn",
        "start_date": "2017-07-29T10:00:00.000",
        "end_date": "2017-07-29T18:00:00.000",
        "start_formatted": "July 29, 2017 10:00 AM",
        "end_formatted": "July 29, 2017 06:00 PM",
        "street_closure_type": "Full Street Closure ",
        "community_board": "17, ",
        "police_precinct": "67, "
      }
    },
    {
      "type": "Feature",
      "geometry": {
        "type": "Point",
        "coordinates": [
          -73.85856799999999,
          40.885130000000004
        ]
      },
      "properties": {
        "event_id": "347953",
        "event_name": "International Day Festival",
        "event_type": "Block Party",
        "event_agency": "Street Activity Permit Office",
        "event_location": " BARNES AVENUE between EAST  222 STREET and EAST  223 STREET",
        "event_borough": "Bronx",
        "start_date": "2017-07-29T10:00:00.000",
        "end_date": "2017-07-29T16:00:00.000",
        "start_formatted": "July 29, 2017 10:00 AM",
        "end_formatted": "July 29, 2017 04:00 PM",
        "street_closure_type": "Full Street Closure ",
        "community_board": "12, ",
        "police_precinct": "47, "
      }
    },
    {
      "type": "Feature",
      "geometry": {
        "type": "Point",
        "coordinates": [
          -73.9016365,
          40.813295999999994
        ]
      },
      "properties": {
        "event_id": "340508",
        "event_name": "Dabar Gives Back",
        "event_type": "Block Party",
        "event_agency": "Street Activity Permit Office",
        "event_location": " AVENUE ST JOHN between FOX STREET and SOUTHERN BOULEVARD",
        "event_borough": "Bronx",
        "start_date": "2017-07-29T10:00:00.000",
        "end_date": "2017-07-29T17:30:00.000",
        "start_formatted": "July 29, 2017 10:00 AM",
        "end_formatted": "July 29, 2017 05:30 PM",
        "street_closure_type": "Full Street Closure ",
        "community_board": "2, ",
        "police_precinct": "41, "
      }
    },
    {
      "type": "Feature",
      "geometry": {
        "type": "Point",
        "coordinates": [
          -73.9267895,
          40.645557
        ]
      },
      "properties": {
        "event_id": "336101",
        "event_name": "East 53rd street block association",
        "event_type": "Block Party",
        "event_agency": "Street Activity Permit Office",
        "event_location": " EAST   53 STREET between CLARENDON ROAD and BEVERLY ROAD",
        "event_borough": "Brooklyn",
        "start_date": "2017-07-29T10:00:00.000",
        "end_date": "2017-07-29T18:00:00.000",
        "start_formatted": "July 29, 2017 10:00 AM",
        "end_formatted": "July 29, 2017 06:00 PM",
        "street_closure_type": "Full Street Closure ",
        "community_board": "17, ",
        "police_precinct": "67, "
      }
    },
    {
      "type": "Feature",
      "geometry": {
        "type": "Point",
        "coordinates": [
          -73.955274,
          40.665634499999996
        ]
      },
      "properties": {
        "event_id": "345558",
        "event_name": "Montgomery Street Block Party",
        "event_type": "Block Party",
        "event_agency": "Street Activity Permit Office",
        "event_location": " MONTGOMERY STREET between BEDFORD AVENUE and ROGERS AVENUE",
        "event_borough": "Brooklyn",
        "start_date": "2017-07-29T10:00:00.000",
        "end_date": "2017-07-29T17:00:00.000",
        "start_formatted": "July 29, 2017 10:00 AM",
        "end_formatted": "July 29, 2017 05:00 PM",
        "street_closure_type": "Full Street Closure ",
        "community_board": "9, ",
        "police_precinct": "71, "
      }
    },
    {
      "type": "Feature",
      "geometry": {
        "type": "Point",
        "coordinates": [
          -73.939892,
          40.679109999999994
        ]
      },
      "properties": {
        "event_id": "312111",
        "event_name": "HerKingAlaganticBlockAssociation",
        "event_type": "Block Party",
        "event_agency": "Street Activity Permit Office",
        "event_location": " HERKIMER STREET between KINGSTON AVENUE and ALBANY AVENUE",
        "event_borough": "Brooklyn",
        "start_date": "2017-07-29T10:00:00.000",
        "end_date": "2017-07-29T18:00:00.000",
        "start_formatted": "July 29, 2017 10:00 AM",
        "end_formatted": "July 29, 2017 06:00 PM",
        "street_closure_type": "Full Street Closure ",
        "community_board": "3, ",
        "police_precinct": "79, "
      }
    },
    {
      "type": "Feature",
      "geometry": {
        "type": "Point",
        "coordinates": [
          -73.7482685,
          40.693458
        ]
      },
      "properties": {
        "event_id": "338535",
        "event_name": "118th Ave and 203rd Street Block Association",
        "event_type": "Block Party",
        "event_agency": "Street Activity Permit Office",
        "event_location": " 203 STREET between 118 AVENUE and 119 AVENUE",
        "event_borough": "Queens",
        "start_date": "2017-07-29T10:00:00.000",
        "end_date": "2017-07-29T17:00:00.000",
        "start_formatted": "July 29, 2017 10:00 AM",
        "end_formatted": "July 29, 2017 05:00 PM",
        "street_closure_type": "Full Street Closure ",
        "community_board": "12, ",
        "police_precinct": "113, "
      }
    },
    {
      "type": "Feature",
      "geometry": {
        "type": "Point",
        "coordinates": [
          -73.9419705,
          40.695453
        ]
      },
      "properties": {
        "event_id": "339359",
        "event_name": "Block Party",
        "event_type": "Block Party",
        "event_agency": "Street Activity Permit Office",
        "event_location": " VERNON AVENUE between MARCUS GARVEY BOULEVARD and THROOP AVENUE",
        "event_borough": "Brooklyn",
        "start_date": "2017-07-29T10:00:00.000",
        "end_date": "2017-07-29T19:00:00.000",
        "start_formatted": "July 29, 2017 10:00 AM",
        "end_formatted": "July 29, 2017 07:00 PM",
        "street_closure_type": "Full Street Closure ",
        "community_board": "3, ",
        "police_precinct": "79, "
      }
    },
    {
      "type": "Feature",
      "geometry": {
        "type": "Point",
        "coordinates": [
          -73.867966,
          40.760204
        ]
      },
      "properties": {
        "event_id": "343902",
        "event_name": "International Fair",
        "event_type": "Block Party",
        "event_agency": "Street Activity Permit Office",
        "event_location": " 101 STREET between 32 AVENUE and 31 AVENUE",
        "event_borough": "Queens",
        "start_date": "2017-07-29T10:00:00.000",
        "end_date": "2017-07-29T17:00:00.000",
        "start_formatted": "July 29, 2017 10:00 AM",
        "end_formatted": "July 29, 2017 05:00 PM",
        "street_closure_type": "Full Street Closure ",
        "community_board": "3, ",
        "police_precinct": "115, "
      }
    },
    {
      "type": "Feature",
      "geometry": {
        "type": "Point",
        "coordinates": [
          -73.9304935,
          40.652769500000005
        ]
      },
      "properties": {
        "event_id": "312098",
        "event_name": "Unity Walk",
        "event_type": "Block Party",
        "event_agency": "Street Activity Permit Office",
        "event_location": " UTICA AVENUE between LINDEN BOULEVARD and CHURCH AVENUE",
        "event_borough": "Brooklyn",
        "start_date": "2017-07-29T10:00:00.000",
        "end_date": "2017-07-29T18:00:00.000",
        "start_formatted": "July 29, 2017 10:00 AM",
        "end_formatted": "July 29, 2017 06:00 PM",
        "street_closure_type": "Full Street Closure ",
        "community_board": "17, ",
        "police_precinct": "67, "
      }
    },
    {
      "type": "Feature",
      "geometry": {
        "type": "Point",
        "coordinates": [
          -73.8833965,
          40.664779499999995
        ]
      },
      "properties": {
        "event_id": "311555",
        "event_name": "Warwick St.  Unified Block Association Block Party",
        "event_type": "Block Party",
        "event_agency": "Street Activity Permit Office",
        "event_location": " WARWICK STREET between NEW LOTS AVENUE and HEGEMAN AVENUE",
        "event_borough": "Brooklyn",
        "start_date": "2017-07-29T10:00:00.000",
        "end_date": "2017-07-29T20:00:00.000",
        "start_formatted": "July 29, 2017 10:00 AM",
        "end_formatted": "July 29, 2017 08:00 PM",
        "street_closure_type": "Full Street Closure ",
        "community_board": "5, ",
        "police_precinct": "75, "
      }
    },
    {
      "type": "Feature",
      "geometry": {
        "type": "Point",
        "coordinates": [
          -73.91949,
          40.648880000000005
        ]
      },
      "properties": {
        "event_id": "349137",
        "event_name": "Family and Friends Day",
        "event_type": "Block Party",
        "event_agency": "Street Activity Permit Office",
        "event_location": " EAST   87 STREET between AVENUE A and AVENUE B",
        "event_borough": "Brooklyn",
        "start_date": "2017-07-29T10:00:00.000",
        "end_date": "2017-07-29T18:00:00.000",
        "start_formatted": "July 29, 2017 10:00 AM",
        "end_formatted": "July 29, 2017 06:00 PM",
        "street_closure_type": "Full Street Closure ",
        "community_board": "17, ",
        "police_precinct": "67, "
      }
    },
    {
      "type": "Feature",
      "geometry": {
        "type": "Point",
        "coordinates": [
          -73.833441,
          40.6994435
        ]
      },
      "properties": {
        "event_id": "354306",
        "event_name": "Revelation of Living Word Deliverance Ministries",
        "event_type": "Block Party",
        "event_agency": "Street Activity Permit Office",
        "event_location": " 116 STREET between JAMAICA AVENUE and DEAD END",
        "event_borough": "Queens",
        "start_date": "2017-07-29T10:00:00.000",
        "end_date": "2017-07-29T18:00:00.000",
        "start_formatted": "July 29, 2017 10:00 AM",
        "end_formatted": "July 29, 2017 06:00 PM",
        "street_closure_type": "Sidewalk and Curb Lane Closure ",
        "community_board": "9, ",
        "police_precinct": "102, "
      }
    },
    {
      "type": "Feature",
      "geometry": {
        "type": "Point",
        "coordinates": [
          -73.97358249999999,
          40.6004625
        ]
      },
      "properties": {
        "event_id": "354658",
        "event_name": "annual block party",
        "event_type": "Block Party",
        "event_agency": "Street Activity Permit Office",
        "event_location": " LAKE STREET between AVENUE S and AVENUE T",
        "event_borough": "Brooklyn",
        "start_date": "2017-07-29T10:00:00.000",
        "end_date": "2017-07-29T18:00:00.000",
        "start_formatted": "July 29, 2017 10:00 AM",
        "end_formatted": "July 29, 2017 06:00 PM",
        "street_closure_type": "Full Street Closure ",
        "community_board": "11, ",
        "police_precinct": "62, "
      }
    },
    {
      "type": "Feature",
      "geometry": {
        "type": "Point",
        "coordinates": [
          -73.95472000000001,
          40.655978
        ]
      },
      "properties": {
        "event_id": "335300",
        "event_name": "Block Party",
        "event_type": "Block Party",
        "event_agency": "Street Activity Permit Office",
        "event_location": " PARKSIDE AVENUE between ROGERS AVENUE and BEDFORD AVENUE",
        "event_borough": "Brooklyn",
        "start_date": "2017-07-29T10:00:00.000",
        "end_date": "2017-07-29T19:00:00.000",
        "start_formatted": "July 29, 2017 10:00 AM",
        "end_formatted": "July 29, 2017 07:00 PM",
        "street_closure_type": "Full Street Closure ",
        "community_board": "9, ",
        "police_precinct": "71, "
      }
    },
    {
      "type": "Feature",
      "geometry": {
        "type": "Point",
        "coordinates": [
          -73.918859,
          40.6671695
        ]
      },
      "properties": {
        "event_id": "353009",
        "event_name": "Howard Ave. Rehabs. Family Day",
        "event_type": "Block Party",
        "event_agency": "Street Activity Permit Office",
        "event_location": " GRAFTON STREET between PITKIN AVENUE and SUTTER AVENUE",
        "event_borough": "Brooklyn",
        "start_date": "2017-07-29T10:00:00.000",
        "end_date": "2017-07-29T18:00:00.000",
        "start_formatted": "July 29, 2017 10:00 AM",
        "end_formatted": "July 29, 2017 06:00 PM",
        "street_closure_type": "Sidewalk and Street Closure ",
        "community_board": "16, ",
        "police_precinct": "73, "
      }
    },
    {
      "type": "Feature",
      "geometry": {
        "type": "Point",
        "coordinates": [
          -73.930919,
          40.638506500000005
        ]
      },
      "properties": {
        "event_id": "354146",
        "event_name": "E 48th Block Party",
        "event_type": "Block Party",
        "event_agency": "Street Activity Permit Office",
        "event_location": " EAST   48 STREET between FOSTER AVENUE and FARRAGUT ROAD",
        "event_borough": "Brooklyn",
        "start_date": "2017-07-29T10:00:00.000",
        "end_date": "2017-07-29T18:00:00.000",
        "start_formatted": "July 29, 2017 10:00 AM",
        "end_formatted": "July 29, 2017 06:00 PM",
        "street_closure_type": "Full Street Closure ",
        "community_board": "17, ",
        "police_precinct": "67, "
      }
    },
    {
      "type": "Feature",
      "geometry": {
        "type": "Point",
        "coordinates": [
          -73.99222,
          40.664272
        ]
      },
      "properties": {
        "event_id": "351759",
        "event_name": "17th Street Block Party",
        "event_type": "Block Party",
        "event_agency": "Street Activity Permit Office",
        "event_location": " 17 STREET between 4 AVENUE and 5 AVENUE",
        "event_borough": "Brooklyn",
        "start_date": "2017-07-29T10:00:00.000",
        "end_date": "2017-07-29T19:00:00.000",
        "start_formatted": "July 29, 2017 10:00 AM",
        "end_formatted": "July 29, 2017 07:00 PM",
        "street_closure_type": "Full Street Closure ",
        "community_board": "7, ",
        "police_precinct": "72, "
      }
    },
    {
      "type": "Feature",
      "geometry": {
        "type": "Point",
        "coordinates": [
          -73.7838575,
          40.709110499999994
        ]
      },
      "properties": {
        "event_id": "339301",
        "event_name": "178th Street Annual Block Pary",
        "event_type": "Block Party",
        "event_agency": "Street Activity Permit Office",
        "event_location": " 178 STREET between JAMAICA AVENUE and 90 AVENUE",
        "event_borough": "Queens",
        "start_date": "2017-07-29T09:30:00.000",
        "end_date": "2017-07-29T17:30:00.000",
        "start_formatted": "July 29, 2017 09:30 AM",
        "end_formatted": "July 29, 2017 05:30 PM",
        "street_closure_type": "Full Street Closure ",
        "community_board": "12, ",
        "police_precinct": "103, "
      }
    },
    {
      "type": "Feature",
      "geometry": {
        "type": "Point",
        "coordinates": [
          -73.896052,
          40.834885
        ]
      },
      "properties": {
        "event_id": "341366",
        "event_name": "Children Block Party",
        "event_type": "Block Party",
        "event_agency": "Street Activity Permit Office",
        "event_location": " CROTONA PARK EAST between CLAREMONT PARKWAY and PROSPECT AVENUE",
        "event_borough": "Bronx",
        "start_date": "2017-07-29T09:00:00.000",
        "end_date": "2017-07-29T17:00:00.000",
        "start_formatted": "July 29, 2017 09:00 AM",
        "end_formatted": "July 29, 2017 05:00 PM",
        "street_closure_type": "Full Street Closure ",
        "community_board": "3, ",
        "police_precinct": "42, "
      }
    },
    {
      "type": "Feature",
      "geometry": {
        "type": "Point",
        "coordinates": [
          -73.977891,
          40.68262300000001
        ]
      },
      "properties": {
        "event_id": "342469",
        "event_name": "Dean Sttreet Block Party",
        "event_type": "Block Party",
        "event_agency": "Street Activity Permit Office",
        "event_location": " DEAN STREET between 4 AVENUE and 5 AVENUE",
        "event_borough": "Brooklyn",
        "start_date": "2017-07-29T09:00:00.000",
        "end_date": "2017-07-29T18:00:00.000",
        "start_formatted": "July 29, 2017 09:00 AM",
        "end_formatted": "July 29, 2017 06:00 PM",
        "street_closure_type": "Full Street Closure ",
        "community_board": "6, ",
        "police_precinct": "78, "
      }
    },
    {
      "type": "Feature",
      "geometry": {
        "type": "Point",
        "coordinates": [
          -74.0049395,
          40.638213
        ]
      },
      "properties": {
        "event_id": "345149",
        "event_name": "Light and Love Home",
        "event_type": "Block Party",
        "event_agency": "Street Activity Permit Office",
        "event_location": " 54 STREET between 8 AVENUE and 9 AVENUE",
        "event_borough": "Brooklyn",
        "start_date": "2017-07-29T09:00:00.000",
        "end_date": "2017-07-29T17:00:00.000",
        "start_formatted": "July 29, 2017 09:00 AM",
        "end_formatted": "July 29, 2017 05:00 PM",
        "street_closure_type": "Full Street Closure ",
        "community_board": "12, ",
        "police_precinct": "66, "
      }
    },
    {
      "type": "Feature",
      "geometry": {
        "type": "Point",
        "coordinates": [
          -73.92799,
          40.6850705
        ]
      },
      "properties": {
        "event_id": "329382",
        "event_name": "Hancock Street Community Block Party",
        "event_type": "Block Party",
        "event_agency": "Street Activity Permit Office",
        "event_location": " HANCOCK STREET between MALCOLM X BOULEVARD and PATCHEN AVENUE",
        "event_borough": "Brooklyn",
        "start_date": "2017-07-29T09:00:00.000",
        "end_date": "2017-07-29T18:00:00.000",
        "start_formatted": "July 29, 2017 09:00 AM",
        "end_formatted": "July 29, 2017 06:00 PM",
        "street_closure_type": "Full Street Closure ",
        "community_board": "3, ",
        "police_precinct": "81, "
      }
    },
    {
      "type": "Feature",
      "geometry": {
        "type": "Point",
        "coordinates": [
          -73.8880235,
          40.8178525
        ]
      },
      "properties": {
        "event_id": "348386",
        "event_name": "Healthy Livable Hunts Point Summer Street",
        "event_type": "Block Party",
        "event_agency": "Street Activity Permit Office",
        "event_location": " GILBERT PLACE between HUNTS POINT AVENUE and FAILE STREET",
        "event_borough": "Bronx",
        "start_date": "2017-07-28T12:00:00.000",
        "end_date": "2017-07-28T16:00:00.000",
        "start_formatted": "July 28, 2017 12:00 PM",
        "end_formatted": "July 28, 2017 04:00 PM",
        "street_closure_type": "Full Street Closure ",
        "community_board": "2, ",
        "police_precinct": "41, "
      }
    },
    {
      "type": "Feature",
      "geometry": {
        "type": "Point",
        "coordinates": [
          -73.891962,
          40.671814999999995
        ]
      },
      "properties": {
        "event_id": "354494",
        "event_name": "latima",
        "event_type": "Block Party",
        "event_agency": "Street Activity Permit Office",
        "event_location": " BRADFORD STREET between PITKIN AVENUE and BELMONT AVENUE",
        "event_borough": "Brooklyn",
        "start_date": "2017-07-28T12:00:00.000",
        "end_date": "2017-07-28T21:00:00.000",
        "start_formatted": "July 28, 2017 12:00 PM",
        "end_formatted": "July 28, 2017 09:00 PM",
        "street_closure_type": "Full Street Closure ",
        "community_board": "5, ",
        "police_precinct": "75, "
      }
    },
    {
      "type": "Feature",
      "geometry": {
        "type": "Point",
        "coordinates": [
          -73.950242,
          40.808893499999996
        ]
      },
      "properties": {
        "event_id": "349997",
        "event_name": "TouroCOM SGA Welcome Block Party",
        "event_type": "Block Party",
        "event_agency": "Street Activity Permit Office",
        "event_location": " WEST  124 STREET between FREDERICK DOUGLASS BOULEVARD and ADAM CLAYTON POWELL JR BOULEVARD",
        "event_borough": "Manhattan",
        "start_date": "2017-07-27T10:00:00.000",
        "end_date": "2017-07-27T17:00:00.000",
        "start_formatted": "July 27, 2017 10:00 AM",
        "end_formatted": "July 27, 2017 05:00 PM",
        "street_closure_type": "Full Street Closure ",
        "community_board": "10, ",
        "police_precinct": "28, "
      }
    },
    {
      "type": "Feature",
      "geometry": {
        "type": "Point",
        "coordinates": [
          -73.987876,
          40.6356555
        ]
      },
      "properties": {
        "event_id": "340392",
        "event_name": "Outdoor Carnival",
        "event_type": "Block Party",
        "event_agency": "Street Activity Permit Office",
        "event_location": " 14 AVENUE between 45 STREET and 46 STREET",
        "event_borough": "Brooklyn",
        "start_date": "2017-07-27T09:30:00.000",
        "end_date": "2017-07-27T15:30:00.000",
        "start_formatted": "July 27, 2017 09:30 AM",
        "end_formatted": "July 27, 2017 03:30 PM",
        "street_closure_type": "Full Street Closure ",
        "community_board": "12, ",
        "police_precinct": "66, "
      }
    },
    {
      "type": "Feature",
      "geometry": {
        "type": "Point",
        "coordinates": [
          -73.998885,
          40.6423055
        ]
      },
      "properties": {
        "event_id": "354585",
        "event_name": "School Carnival",
        "event_type": "Block Party",
        "event_agency": "Street Activity Permit Office",
        "event_location": " 9 AVENUE between 45 STREET and 46 STREET",
        "event_borough": "Brooklyn",
        "start_date": "2017-07-27T09:30:00.000",
        "end_date": "2017-07-27T16:00:00.000",
        "start_formatted": "July 27, 2017 09:30 AM",
        "end_formatted": "July 27, 2017 04:00 PM",
        "street_closure_type": "Full Street Closure ",
        "community_board": "12, ",
        "police_precinct": "66, "
      }
    },
    {
      "type": "Feature",
      "geometry": {
        "type": "Point",
        "coordinates": [
          -73.9361615,
          40.817496500000004
        ]
      },
      "properties": {
        "event_id": "346327",
        "event_name": "Remembering Those we lost",
        "event_type": "Block Party",
        "event_agency": "Street Activity Permit Office",
        "event_location": " CHISUM PLACE between WEST  142 STREET and WEST  141 STREET",
        "event_borough": "Manhattan",
        "start_date": "2017-07-23T13:00:00.000",
        "end_date": "2017-07-23T17:00:00.000",
        "start_formatted": "July 23, 2017 01:00 PM",
        "end_formatted": "July 23, 2017 05:00 PM",
        "street_closure_type": "Full Street Closure ",
        "community_board": "10, ",
        "police_precinct": "32, "
      }
    },
    {
      "type": "Feature",
      "geometry": {
        "type": "Point",
        "coordinates": [
          -73.8853565,
          40.671486
        ]
      },
      "properties": {
        "event_id": "343469",
        "event_name": "Warwick Street Block party",
        "event_type": "Block Party",
        "event_agency": "Street Activity Permit Office",
        "event_location": " WARWICK STREET between BELMONT AVENUE and SUTTER AVENUE",
        "event_borough": "Brooklyn",
        "start_date": "2017-07-23T12:00:00.000",
        "end_date": "2017-07-23T21:00:00.000",
        "start_formatted": "July 23, 2017 12:00 PM",
        "end_formatted": "July 23, 2017 09:00 PM",
        "street_closure_type": "Full Street Closure ",
        "community_board": "5, ",
        "police_precinct": "75, "
      }
    },
    {
      "type": "Feature",
      "geometry": {
        "type": "Point",
        "coordinates": [
          -73.93539799999999,
          40.843254
        ]
      },
      "properties": {
        "event_id": "349093",
        "event_name": "COMMUNITY FATHERS DAY HOMENAGE",
        "event_type": "Block Party",
        "event_agency": "Street Activity Permit Office",
        "event_location": " WEST  173 STREET between AMSTERDAM AVENUE and AUDUBON AVENUE",
        "event_borough": "Manhattan",
        "start_date": "2017-07-23T12:00:00.000",
        "end_date": "2017-07-23T18:30:00.000",
        "start_formatted": "July 23, 2017 12:00 PM",
        "end_formatted": "July 23, 2017 06:30 PM",
        "street_closure_type": "Full Street Closure ",
        "community_board": "12, ",
        "police_precinct": "33, "
      }
    },
    {
      "type": "Feature",
      "geometry": {
        "type": "Point",
        "coordinates": [
          -73.93398450000001,
          40.6851315
        ]
      },
      "properties": {
        "event_id": "353457",
        "event_name": "2017",
        "event_type": "Block Party",
        "event_agency": "Street Activity Permit Office",
        "event_location": " JEFFERSON AVENUE between LEWIS AVENUE and STUYVESANT AVENUE",
        "event_borough": "Brooklyn",
        "start_date": "2017-07-23T12:00:00.000",
        "end_date": "2017-07-23T19:30:00.000",
        "start_formatted": "July 23, 2017 12:00 PM",
        "end_formatted": "July 23, 2017 07:30 PM",
        "street_closure_type": "Full Street Closure ",
        "community_board": "3, ",
        "police_precinct": "81, "
      }
    },
    {
      "type": "Feature",
      "geometry": {
        "type": "Point",
        "coordinates": [
          -73.995218,
          40.668429
        ]
      },
      "properties": {
        "event_id": "345704",
        "event_name": "69ers MC Block Party",
        "event_type": "Block Party",
        "event_agency": "Street Activity Permit Office",
        "event_location": " 15 STREET between 2 AVENUE and 3 AVENUE",
        "event_borough": "Brooklyn",
        "start_date": "2017-07-23T11:00:00.000",
        "end_date": "2017-07-23T18:00:00.000",
        "start_formatted": "July 23, 2017 11:00 AM",
        "end_formatted": "July 23, 2017 06:00 PM",
        "street_closure_type": "Full Street Closure ",
        "community_board": "6, 7, ",
        "police_precinct": "72, 78, "
      }
    },
    {
      "type": "Feature",
      "geometry": {
        "type": "Point",
        "coordinates": [
          -73.9153885,
          40.6733155
        ]
      },
      "properties": {
        "event_id": "353572",
        "event_name": "2017 Saint Marks Avenue block party",
        "event_type": "Block Party",
        "event_agency": "Street Activity Permit Office",
        "event_location": " SAINT MARKS AVENUE between SARATOGA AVENUE and THOMAS BOYLAND STREET",
        "event_borough": "Brooklyn",
        "start_date": "2017-07-23T10:00:00.000",
        "end_date": "2017-07-23T18:00:00.000",
        "start_formatted": "July 23, 2017 10:00 AM",
        "end_formatted": "July 23, 2017 06:00 PM",
        "street_closure_type": "Full Street Closure ",
        "community_board": "16, ",
        "police_precinct": "73, "
      }
    },
    {
      "type": "Feature",
      "geometry": {
        "type": "Point",
        "coordinates": [
          -73.8550545,
          40.661308500000004
        ]
      },
      "properties": {
        "event_id": "344108",
        "event_name": "Beginning of the summer Block Party",
        "event_type": "Block Party",
        "event_agency": "Street Activity Permit Office",
        "event_location": " 78 STREET between 156 AVENUE and 157 AVENUE",
        "event_borough": "Queens",
        "start_date": "2017-07-22T13:00:00.000",
        "end_date": "2017-07-22T21:00:00.000",
        "start_formatted": "July 22, 2017 01:00 PM",
        "end_formatted": "July 22, 2017 09:00 PM",
        "street_closure_type": "Full Street Closure ",
        "community_board": "10, ",
        "police_precinct": "106, "
      }
    },
    {
      "type": "Feature",
      "geometry": {
        "type": "Point",
        "coordinates": [
          -74.22378599999999,
          40.5066755
        ]
      },
      "properties": {
        "event_id": "348743",
        "event_name": "Richard Avenue Block Party",
        "event_type": "Block Party",
        "event_agency": "Street Activity Permit Office",
        "event_location": " RICHARD AVENUE between HYLAN BOULEVARD and DEAD END",
        "event_borough": "Staten Island",
        "start_date": "2017-07-22T13:00:00.000",
        "end_date": "2017-07-22T21:00:00.000",
        "start_formatted": "July 22, 2017 01:00 PM",
        "end_formatted": "July 22, 2017 09:00 PM",
        "street_closure_type": "Full Street Closure ",
        "community_board": "3, ",
        "police_precinct": "123, "
      }
    },
    {
      "type": "Feature",
      "geometry": {
        "type": "Point",
        "coordinates": [
          -73.9488465,
          40.727380999999994
        ]
      },
      "properties": {
        "event_id": "301647",
        "event_name": "Newel St. Block Party",
        "event_type": "Block Party",
        "event_agency": "Street Activity Permit Office",
        "event_location": " NEWEL STREET between NORMAN AVENUE and MESEROLE AVENUE",
        "event_borough": "Brooklyn",
        "start_date": "2017-07-22T13:00:00.000",
        "end_date": "2017-07-22T23:30:00.000",
        "start_formatted": "July 22, 2017 01:00 PM",
        "end_formatted": "July 22, 2017 11:30 PM",
        "street_closure_type": "Sidewalk and Street Closure ",
        "community_board": "1, ",
        "police_precinct": "94, "
      }
    },
    {
      "type": "Feature",
      "geometry": {
        "type": "Point",
        "coordinates": [
          -73.932288,
          40.771755999999996
        ]
      },
      "properties": {
        "event_id": "345623",
        "event_name": "Annual Block Party",
        "event_type": "Block Party",
        "event_agency": "Street Activity Permit Office",
        "event_location": " WELLING COURT between 30 AVENUE and MAIN AVENUE",
        "event_borough": "Queens",
        "start_date": "2017-07-22T13:00:00.000",
        "end_date": "2017-07-22T21:00:00.000",
        "start_formatted": "July 22, 2017 01:00 PM",
        "end_formatted": "July 22, 2017 09:00 PM",
        "street_closure_type": "Full Street Closure ",
        "community_board": "1, ",
        "police_precinct": "114, "
      }
    },
    {
      "type": "Feature",
      "geometry": {
        "type": "Point",
        "coordinates": [
          -73.80812,
          40.775236500000005
        ]
      },
      "properties": {
        "event_id": "349823",
        "event_name": "Block Party",
        "event_type": "Block Party",
        "event_agency": "Street Activity Permit Office",
        "event_location": " 25 AVENUE between 154 STREET and 157 STREET",
        "event_borough": "Queens",
        "start_date": "2017-07-22T12:30:00.000",
        "end_date": "2017-07-22T21:00:00.000",
        "start_formatted": "July 22, 2017 12:30 PM",
        "end_formatted": "July 22, 2017 09:00 PM",
        "street_closure_type": "Full Street Closure ",
        "community_board": "7, ",
        "police_precinct": "109, "
      }
    },
    {
      "type": "Feature",
      "geometry": {
        "type": "Point",
        "coordinates": [
          -73.88297850000001,
          40.668795
        ]
      },
      "properties": {
        "event_id": "329056",
        "event_name": "Cleveland Street 2017",
        "event_type": "Block Party",
        "event_agency": "Street Activity Permit Office",
        "event_location": " CLEVELAND STREET between BLAKE AVENUE and DUMONT AVENUE",
        "event_borough": "Brooklyn",
        "start_date": "2017-07-22T12:00:00.000",
        "end_date": "2017-07-22T21:00:00.000",
        "start_formatted": "July 22, 2017 12:00 PM",
        "end_formatted": "July 22, 2017 09:00 PM",
        "street_closure_type": "Full Street Closure ",
        "community_board": "5, ",
        "police_precinct": "75, "
      }
    },
    {
      "type": "Feature",
      "geometry": {
        "type": "Point",
        "coordinates": [
          -74.1111935,
          40.57637
        ]
      },
      "properties": {
        "event_id": "349864",
        "event_name": "Bryant Avenue block party",
        "event_type": "Block Party",
        "event_agency": "Street Activity Permit Office",
        "event_location": " BRYANT AVENUE between SOUTH RAILROAD AVENUE and EDISON STREET",
        "event_borough": "Staten Island",
        "start_date": "2017-07-22T12:00:00.000",
        "end_date": "2017-07-22T21:00:00.000",
        "start_formatted": "July 22, 2017 12:00 PM",
        "end_formatted": "July 22, 2017 09:00 PM",
        "street_closure_type": "Full Street Closure ",
        "community_board": "2, ",
        "police_precinct": "122, "
      }
    },
    {
      "type": "Feature",
      "geometry": {
        "type": "Point",
        "coordinates": [
          -74.013294,
          40.640520499999994
        ]
      },
      "properties": {
        "event_id": "350104",
        "event_name": "Annual Block Party",
        "event_type": "Block Party",
        "event_agency": "Street Activity Permit Office",
        "event_location": " 57 STREET between 5 AVENUE and 6 AVENUE",
        "event_borough": "Brooklyn",
        "start_date": "2017-07-22T12:00:00.000",
        "end_date": "2017-07-22T19:00:00.000",
        "start_formatted": "July 22, 2017 12:00 PM",
        "end_formatted": "July 22, 2017 07:00 PM",
        "street_closure_type": "Full Street Closure ",
        "community_board": "7, ",
        "police_precinct": "72, "
      }
    },
    {
      "type": "Feature",
      "geometry": {
        "type": "Point",
        "coordinates": [
          -73.99804649999999,
          40.65867
        ]
      },
      "properties": {
        "event_id": "350652",
        "event_name": "Block party",
        "event_type": "Block Party",
        "event_agency": "Street Activity Permit Office",
        "event_location": " 27 STREET between 4 AVENUE and 5 AVENUE",
        "event_borough": "Brooklyn",
        "start_date": "2017-07-22T12:00:00.000",
        "end_date": "2017-07-22T21:00:00.000",
        "start_formatted": "July 22, 2017 12:00 PM",
        "end_formatted": "July 22, 2017 09:00 PM",
        "street_closure_type": "Full Street Closure ",
        "community_board": "7, ",
        "police_precinct": "72, "
      }
    },
    {
      "type": "Feature",
      "geometry": {
        "type": "Point",
        "coordinates": [
          -73.7896125,
          40.777024
        ]
      },
      "properties": {
        "event_id": "344746",
        "event_name": "23 avenue block association",
        "event_type": "Block Party",
        "event_agency": "Street Activity Permit Office",
        "event_location": " 23 AVENUE between 204 STREET and 202 STREET",
        "event_borough": "Queens",
        "start_date": "2017-07-22T12:00:00.000",
        "end_date": "2017-07-22T21:00:00.000",
        "start_formatted": "July 22, 2017 12:00 PM",
        "end_formatted": "July 22, 2017 09:00 PM",
        "street_closure_type": "Full Street Closure ",
        "community_board": "7, ",
        "police_precinct": "109, "
      }
    },
    {
      "type": "Feature",
      "geometry": {
        "type": "Point",
        "coordinates": [
          -73.8421765,
          40.876641500000005
        ]
      },
      "properties": {
        "event_id": "334406",
        "event_name": "GABA Family Day",
        "event_type": "Block Party",
        "event_agency": "Street Activity Permit Office",
        "event_location": " GUNTHER AVENUE between TILLOTSON AVENUE and GIVAN AVENUE",
        "event_borough": "Bronx",
        "start_date": "2017-07-22T12:00:00.000",
        "end_date": "2017-07-22T19:00:00.000",
        "start_formatted": "July 22, 2017 12:00 PM",
        "end_formatted": "July 22, 2017 07:00 PM",
        "street_closure_type": "Full Street Closure ",
        "community_board": "12, ",
        "police_precinct": "47, "
      }
    },
    {
      "type": "Feature",
      "geometry": {
        "type": "Point",
        "coordinates": [
          -73.8617585,
          40.756992
        ]
      },
      "properties": {
        "event_id": "336437",
        "event_name": "Elmcor Block Party",
        "event_type": "Block Party",
        "event_agency": "Street Activity Permit Office",
        "event_location": " 107 STREET between NORTHERN BOULEVARD and 34 AVENUE",
        "event_borough": "Queens",
        "start_date": "2017-07-22T12:00:00.000",
        "end_date": "2017-07-22T17:00:00.000",
        "start_formatted": "July 22, 2017 12:00 PM",
        "end_formatted": "July 22, 2017 05:00 PM",
        "street_closure_type": "Full Street Closure ",
        "community_board": "3, ",
        "police_precinct": "115, "
      }
    },
    {
      "type": "Feature",
      "geometry": {
        "type": "Point",
        "coordinates": [
          -73.8515055,
          40.8832885
        ]
      },
      "properties": {
        "event_id": "346938",
        "event_name": "Butler Memorial  EDUCATIONAL STREET FAIR",
        "event_type": "Block Party",
        "event_agency": "Street Activity Permit Office",
        "event_location": " EAST  223 STREET between PAULDING AVENUE and LACONIA AVENUE",
        "event_borough": "Bronx",
        "start_date": "2017-07-22T12:00:00.000",
        "end_date": "2017-07-22T18:00:00.000",
        "start_formatted": "July 22, 2017 12:00 PM",
        "end_formatted": "July 22, 2017 06:00 PM",
        "street_closure_type": "Full Street Closure ",
        "community_board": "12, ",
        "police_precinct": "47, "
      }
    },
    {
      "type": "Feature",
      "geometry": {
        "type": "Point",
        "coordinates": [
          -74.0013625,
          40.748996
        ]
      },
      "properties": {
        "event_id": "344657",
        "event_name": "Elliott Chelsea Residents Association Family Day",
        "event_type": "Block Party",
        "event_agency": "Street Activity Permit Office",
        "event_location": " WEST   26 STREET between NINTH AVENUE and TENTH AVENUE",
        "event_borough": "Manhattan",
        "start_date": "2017-07-22T12:00:00.000",
        "end_date": "2017-07-22T17:00:00.000",
        "start_formatted": "July 22, 2017 12:00 PM",
        "end_formatted": "July 22, 2017 05:00 PM",
        "street_closure_type": "Full Street Closure ",
        "community_board": "4, ",
        "police_precinct": "10, "
      }
    },
    {
      "type": "Feature",
      "geometry": {
        "type": "Point",
        "coordinates": [
          -73.956468,
          40.7119955
        ]
      },
      "properties": {
        "event_id": "338812",
        "event_name": "Welcome New Neighbors",
        "event_type": "Block Party",
        "event_agency": "Street Activity Permit Office",
        "event_location": " SOUTH    1 STREET between HAVEMEYER STREET and MARCY AVENUE",
        "event_borough": "Brooklyn",
        "start_date": "2017-07-22T12:00:00.000",
        "end_date": "2017-07-22T21:00:00.000",
        "start_formatted": "July 22, 2017 12:00 PM",
        "end_formatted": "July 22, 2017 09:00 PM",
        "street_closure_type": "Full Street Closure ",
        "community_board": "1, ",
        "police_precinct": "90, "
      }
    },
    {
      "type": "Feature",
      "geometry": {
        "type": "Point",
        "coordinates": [
          -73.945057,
          40.8274865
        ]
      },
      "properties": {
        "event_id": "353379",
        "event_name": "Community Day",
        "event_type": "Block Party",
        "event_agency": "Street Activity Permit Office",
        "event_location": " WEST  149 STREET between CONVENT AVENUE and AMSTERDAM AVENUE",
        "event_borough": "Manhattan",
        "start_date": "2017-07-22T12:00:00.000",
        "end_date": "2017-07-22T17:00:00.000",
        "start_formatted": "July 22, 2017 12:00 PM",
        "end_formatted": "July 22, 2017 05:00 PM",
        "street_closure_type": "Full Street Closure ",
        "community_board": "9, ",
        "police_precinct": "30, "
      }
    },
    {
      "type": "Feature",
      "geometry": {
        "type": "Point",
        "coordinates": [
          -74.00643,
          40.643672499999994
        ]
      },
      "properties": {
        "event_id": "348603",
        "event_name": "49 STREET BETWEEN 6 AVENUE AND 7 AVENUE",
        "event_type": "Block Party",
        "event_agency": "Street Activity Permit Office",
        "event_location": " 49 STREET between 6 AVENUE and 7 AVENUE",
        "event_borough": "Brooklyn",
        "start_date": "2017-07-22T12:00:00.000",
        "end_date": "2017-07-22T21:00:00.000",
        "start_formatted": "July 22, 2017 12:00 PM",
        "end_formatted": "July 22, 2017 09:00 PM",
        "street_closure_type": "Full Street Closure ",
        "community_board": "7, ",
        "police_precinct": "72, "
      }
    },
    {
      "type": "Feature",
      "geometry": {
        "type": "Point",
        "coordinates": [
          -74.173349,
          40.5491195
        ]
      },
      "properties": {
        "event_id": "348707",
        "event_name": "Rock the Block",
        "event_type": "Block Party",
        "event_agency": "Street Activity Permit Office",
        "event_location": " LAREDO AVENUE between POMPEY AVENUE and ANNADALE ROAD",
        "event_borough": "Staten Island",
        "start_date": "2017-07-22T12:00:00.000",
        "end_date": "2017-07-22T21:00:00.000",
        "start_formatted": "July 22, 2017 12:00 PM",
        "end_formatted": "July 22, 2017 09:00 PM",
        "street_closure_type": "Sidewalk and Street Closure ",
        "community_board": "3, ",
        "police_precinct": "123, "
      }
    },
    {
      "type": "Feature",
      "geometry": {
        "type": "Point",
        "coordinates": [
          -73.871913,
          40.7056495
        ]
      },
      "properties": {
        "event_id": "346249",
        "event_name": "79th Street Block Party",
        "event_type": "Block Party",
        "event_agency": "Street Activity Permit Office",
        "event_location": " 79 STREET between 77 AVENUE and 78 AVENUE",
        "event_borough": "Queens",
        "start_date": "2017-07-22T12:00:00.000",
        "end_date": "2017-07-22T21:00:00.000",
        "start_formatted": "July 22, 2017 12:00 PM",
        "end_formatted": "July 22, 2017 09:00 PM",
        "street_closure_type": "Full Street Closure ",
        "community_board": "5, ",
        "police_precinct": "104, "
      }
    },
    {
      "type": "Feature",
      "geometry": {
        "type": "Point",
        "coordinates": [
          -73.791989,
          40.674496500000004
        ]
      },
      "properties": {
        "event_id": "317528",
        "event_name": "146th Street Block Association",
        "event_type": "Block Party",
        "event_agency": "Street Activity Permit Office",
        "event_location": " 146 STREET between ROCKAWAY BOULEVARD and 123 AVENUE",
        "event_borough": "Queens",
        "start_date": "2017-07-22T12:00:00.000",
        "end_date": "2017-07-22T16:30:00.000",
        "start_formatted": "July 22, 2017 12:00 PM",
        "end_formatted": "July 22, 2017 04:30 PM",
        "street_closure_type": "Full Street Closure ",
        "community_board": "12, ",
        "police_precinct": "113, "
      }
    },
    {
      "type": "Feature",
      "geometry": {
        "type": "Point",
        "coordinates": [
          -73.733267,
          40.684538
        ]
      },
      "properties": {
        "event_id": "350388",
        "event_name": "125th avenue block party",
        "event_type": "Block Party",
        "event_agency": "Street Activity Permit Office",
        "event_location": " 125 AVENUE between FRANCIS LEWIS BOULEVARD and 233 STREET",
        "event_borough": "Queens",
        "start_date": "2017-07-22T12:00:00.000",
        "end_date": "2017-07-22T19:00:00.000",
        "start_formatted": "July 22, 2017 12:00 PM",
        "end_formatted": "July 22, 2017 07:00 PM",
        "street_closure_type": "Sidewalk and Street Closure ",
        "community_board": "13, ",
        "police_precinct": "105, "
      }
    },
    {
      "type": "Feature",
      "geometry": {
        "type": "Point",
        "coordinates": [
          -73.91887,
          40.823623
        ]
      },
      "properties": {
        "event_id": "356052",
        "event_name": "M.A.R. Houses Family Day 2017",
        "event_type": "Block Party",
        "event_agency": "Street Activity Permit Office",
        "event_location": " EAST  158 STREET between PARK AVENUE and CONCOURSE VILLAGE EAST",
        "event_borough": "Bronx",
        "start_date": "2017-07-22T12:00:00.000",
        "end_date": "2017-07-22T19:00:00.000",
        "start_formatted": "July 22, 2017 12:00 PM",
        "end_formatted": "July 22, 2017 07:00 PM",
        "street_closure_type": "Full Street Closure ",
        "community_board": "4, ",
        "police_precinct": "44, "
      }
    },
    {
      "type": "Feature",
      "geometry": {
        "type": "Point",
        "coordinates": [
          -73.938134,
          40.827006499999996
        ]
      },
      "properties": {
        "event_id": "327877",
        "event_name": "Harlem River Reunion",
        "event_type": "Block Party",
        "event_agency": "Street Activity Permit Office",
        "event_location": " WEST  152 STREET between FREDRICK DOUGLAS BOULEVARD and MACOMBS PLACE",
        "event_borough": "Manhattan",
        "start_date": "2017-07-22T12:00:00.000",
        "end_date": "2017-07-22T17:00:00.000",
        "start_formatted": "July 22, 2017 12:00 PM",
        "end_formatted": "July 22, 2017 05:00 PM",
        "street_closure_type": "Full Street Closure ",
        "community_board": "10, ",
        "police_precinct": "32, "
      }
    },
    {
      "type": "Feature",
      "geometry": {
        "type": "Point",
        "coordinates": [
          -73.7482975,
          40.6628905
        ]
      },
      "properties": {
        "event_id": "350540",
        "event_name": "Block Party",
        "event_type": "Block Party",
        "event_agency": "Street Activity Permit Office",
        "event_location": " 144 AVENUE between 230 STREET and 230 PLACE",
        "event_borough": "Queens",
        "start_date": "2017-07-22T12:00:00.000",
        "end_date": "2017-07-22T18:00:00.000",
        "start_formatted": "July 22, 2017 12:00 PM",
        "end_formatted": "July 22, 2017 06:00 PM",
        "street_closure_type": "Full Street Closure ",
        "community_board": "13, ",
        "police_precinct": "105, "
      }
    },
    {
      "type": "Feature",
      "geometry": {
        "type": "Point",
        "coordinates": [
          -73.8486895,
          40.880232
        ]
      },
      "properties": {
        "event_id": "335905",
        "event_name": "New Covenant Church Block Party",
        "event_type": "Block Party",
        "event_agency": "Street Activity Permit Office",
        "event_location": " EAST  221 STREET between NEEDHAM AVENUE and OAKLEY STREET",
        "event_borough": "Bronx",
        "start_date": "2017-07-22T12:00:00.000",
        "end_date": "2017-07-22T18:00:00.000",
        "start_formatted": "July 22, 2017 12:00 PM",
        "end_formatted": "July 22, 2017 06:00 PM",
        "street_closure_type": "Sidewalk and Street Closure ",
        "community_board": "12, ",
        "police_precinct": "47, "
      }
    },
    {
      "type": "Feature",
      "geometry": {
        "type": "Point",
        "coordinates": [
          -74.01271249999999,
          40.6410805
        ]
      },
      "properties": {
        "event_id": "351371",
        "event_name": "Summer fun",
        "event_type": "Block Party",
        "event_agency": "Street Activity Permit Office",
        "event_location": " 56 STREET between 5 AVENUE and 6 AVENUE",
        "event_borough": "Brooklyn",
        "start_date": "2017-07-22T12:00:00.000",
        "end_date": "2017-07-22T21:00:00.000",
        "start_formatted": "July 22, 2017 12:00 PM",
        "end_formatted": "July 22, 2017 09:00 PM",
        "street_closure_type": "Full Street Closure ",
        "community_board": "7, ",
        "police_precinct": "72, "
      }
    },
    {
      "type": "Feature",
      "geometry": {
        "type": "Point",
        "coordinates": [
          -73.899247,
          40.860708
        ]
      },
      "properties": {
        "event_id": "329603",
        "event_name": "GSS/BRAG Peace Circle",
        "event_type": "Block Party",
        "event_agency": "Street Activity Permit Office",
        "event_location": " CRESTON AVENUE between E  184 STREET and E 188 STREET",
        "event_borough": "Bronx",
        "start_date": "2017-07-22T12:00:00.000",
        "end_date": "2017-07-22T17:00:00.000",
        "start_formatted": "July 22, 2017 12:00 PM",
        "end_formatted": "July 22, 2017 05:00 PM",
        "street_closure_type": "Full Street Closure ",
        "community_board": "5, ",
        "police_precinct": "46, "
      }
    },
    {
      "type": "Feature",
      "geometry": {
        "type": "Point",
        "coordinates": [
          -73.95014950000001,
          40.803928
        ]
      },
      "properties": {
        "event_id": "316264",
        "event_name": "Block Party",
        "event_type": "Block Party",
        "event_agency": "Street Activity Permit Office",
        "event_location": " WEST  118 STREET between LENOX AVENUE and ADAM CLAYTON POWELL BOULEVARD",
        "event_borough": "Manhattan",
        "start_date": "2017-07-22T12:00:00.000",
        "end_date": "2017-07-22T16:00:00.000",
        "start_formatted": "July 22, 2017 12:00 PM",
        "end_formatted": "July 22, 2017 04:00 PM",
        "street_closure_type": "Full Street Closure ",
        "community_board": "10, ",
        "police_precinct": "28, "
      }
    },
    {
      "type": "Feature",
      "geometry": {
        "type": "Point",
        "coordinates": [
          -73.887451,
          40.672483
        ]
      },
      "properties": {
        "event_id": "332337",
        "event_name": "Annual Barbey St",
        "event_type": "Block Party",
        "event_agency": "Street Activity Permit Office",
        "event_location": " BARBEY STREET between PITKIN AVENUE and BELMONT AVENUE",
        "event_borough": "Brooklyn",
        "start_date": "2017-07-22T12:00:00.000",
        "end_date": "2017-07-22T20:00:00.000",
        "start_formatted": "July 22, 2017 12:00 PM",
        "end_formatted": "July 22, 2017 08:00 PM",
        "street_closure_type": "Full Street Closure ",
        "community_board": "5, ",
        "police_precinct": "75, "
      }
    },
    {
      "type": "Feature",
      "geometry": {
        "type": "Point",
        "coordinates": [
          -73.8992335,
          40.8169955
        ]
      },
      "properties": {
        "event_id": "337672",
        "event_name": "Impacto Veranil 2017",
        "event_type": "Block Party",
        "event_agency": "Street Activity Permit Office",
        "event_location": " KELLY STREET between LONGWOOD AVENUE and EAST  156 STREET",
        "event_borough": "Bronx",
        "start_date": "2017-07-22T11:30:00.000",
        "end_date": "2017-07-22T17:00:00.000",
        "start_formatted": "July 22, 2017 11:30 AM",
        "end_formatted": "July 22, 2017 05:00 PM",
        "street_closure_type": "Full Street Closure ",
        "community_board": "2, ",
        "police_precinct": "41, "
      }
    },
    {
      "type": "Feature",
      "geometry": {
        "type": "Point",
        "coordinates": [
          -73.892721,
          40.6673495
        ]
      },
      "properties": {
        "event_id": "325489",
        "event_name": "Vermont Street Block Party",
        "event_type": "Block Party",
        "event_agency": "Street Activity Permit Office",
        "event_location": " VERMONT STREET between DUMONT AVENUE and BLAKE AVENUE",
        "event_borough": "Brooklyn",
        "start_date": "2017-07-22T11:30:00.000",
        "end_date": "2017-07-22T20:30:00.000",
        "start_formatted": "July 22, 2017 11:30 AM",
        "end_formatted": "July 22, 2017 08:30 PM",
        "street_closure_type": "Full Street Closure ",
        "community_board": "5, ",
        "police_precinct": "75, "
      }
    },
    {
      "type": "Feature",
      "geometry": {
        "type": "Point",
        "coordinates": [
          -73.94393249999999,
          40.690729
        ]
      },
      "properties": {
        "event_id": "330231",
        "event_name": "LAFA Block Party",
        "event_type": "Block Party",
        "event_agency": "Street Activity Permit Office",
        "event_location": " LAFAYETTE AVENUE between TOMPKINS AVENUE and THROOP AVENUE",
        "event_borough": "Brooklyn",
        "start_date": "2017-07-22T11:00:00.000",
        "end_date": "2017-07-22T20:00:00.000",
        "start_formatted": "July 22, 2017 11:00 AM",
        "end_formatted": "July 22, 2017 08:00 PM",
        "street_closure_type": "Full Street Closure ",
        "community_board": "3, ",
        "police_precinct": "79, "
      }
    },
    {
      "type": "Feature",
      "geometry": {
        "type": "Point",
        "coordinates": [
          -74.0141405,
          40.6224685
        ]
      },
      "properties": {
        "event_id": "346983",
        "event_name": "77th Street Block Party",
        "event_type": "Block Party",
        "event_agency": "Street Activity Permit Office",
        "event_location": " 77 STREET between 10 AVENUE and 11 AVENUE",
        "event_borough": "Brooklyn",
        "start_date": "2017-07-22T11:00:00.000",
        "end_date": "2017-07-22T20:00:00.000",
        "start_formatted": "July 22, 2017 11:00 AM",
        "end_formatted": "July 22, 2017 08:00 PM",
        "street_closure_type": "Sidewalk and Street Closure ",
        "community_board": "10, ",
        "police_precinct": "68, "
      }
    },
    {
      "type": "Feature",
      "geometry": {
        "type": "Point",
        "coordinates": [
          -73.925302,
          40.6993175
        ]
      },
      "properties": {
        "event_id": "342463",
        "event_name": "Hart street block party",
        "event_type": "Block Party",
        "event_agency": "Street Activity Permit Office",
        "event_location": " HART STREET between WILSON AVENUE and CENTRAL AVENUE",
        "event_borough": "Brooklyn",
        "start_date": "2017-07-22T11:00:00.000",
        "end_date": "2017-07-22T20:00:00.000",
        "start_formatted": "July 22, 2017 11:00 AM",
        "end_formatted": "July 22, 2017 08:00 PM",
        "street_closure_type": "Full Street Closure ",
        "community_board": "4, ",
        "police_precinct": "83, "
      }
    },
    {
      "type": "Feature",
      "geometry": {
        "type": "Point",
        "coordinates": [
          -74.009119,
          40.6480265
        ]
      },
      "properties": {
        "event_id": "348402",
        "event_name": "46th Street Block Party",
        "event_type": "Block Party",
        "event_agency": "Street Activity Permit Office",
        "event_location": " 46 STREET between 4 AVENUE and 5 AVENUE",
        "event_borough": "Brooklyn",
        "start_date": "2017-07-22T11:00:00.000",
        "end_date": "2017-07-22T19:30:00.000",
        "start_formatted": "July 22, 2017 11:00 AM",
        "end_formatted": "July 22, 2017 07:30 PM",
        "street_closure_type": "Full Street Closure ",
        "community_board": "7, ",
        "police_precinct": "72, "
      }
    },
    {
      "type": "Feature",
      "geometry": {
        "type": "Point",
        "coordinates": [
          -73.931725,
          40.696008500000005
        ]
      },
      "properties": {
        "event_id": "352993",
        "event_name": "suydam st assn",
        "event_type": "Block Party",
        "event_agency": "Street Activity Permit Office",
        "event_location": " SUYDAM STREET between BUSHWICK AVENUE and BROADWAY",
        "event_borough": "Brooklyn",
        "start_date": "2017-07-22T11:00:00.000",
        "end_date": "2017-07-22T20:00:00.000",
        "start_formatted": "July 22, 2017 11:00 AM",
        "end_formatted": "July 22, 2017 08:00 PM",
        "street_closure_type": "Full Street Closure ",
        "community_board": "4, ",
        "police_precinct": "83, "
      }
    },
    {
      "type": "Feature",
      "geometry": {
        "type": "Point",
        "coordinates": [
          -73.94179,
          40.8153755
        ]
      },
      "properties": {
        "event_id": "345624",
        "event_name": "136th St Block Party",
        "event_type": "Block Party",
        "event_agency": "Street Activity Permit Office",
        "event_location": " WEST  136 STREET between 7 AVENUE and LENOX AVENUE",
        "event_borough": "Manhattan",
        "start_date": "2017-07-22T11:00:00.000",
        "end_date": "2017-07-22T17:00:00.000",
        "start_formatted": "July 22, 2017 11:00 AM",
        "end_formatted": "July 22, 2017 05:00 PM",
        "street_closure_type": "Full Street Closure ",
        "community_board": "10, ",
        "police_precinct": "32, "
      }
    },
    {
      "type": "Feature",
      "geometry": {
        "type": "Point",
        "coordinates": [
          -73.89881650000001,
          40.6349955
        ]
      },
      "properties": {
        "event_id": "332908",
        "event_name": "EAST 91 STREET LM BLOCK PARTY",
        "event_type": "Block Party",
        "event_agency": "Street Activity Permit Office",
        "event_location": " EAST   91 STREET between AVENUE L and AVENUE M",
        "event_borough": "Brooklyn",
        "start_date": "2017-07-22T11:00:00.000",
        "end_date": "2017-07-22T20:00:00.000",
        "start_formatted": "July 22, 2017 11:00 AM",
        "end_formatted": "July 22, 2017 08:00 PM",
        "street_closure_type": "Sidewalk and Street Closure ",
        "community_board": "18, ",
        "police_precinct": "69, "
      }
    },
    {
      "type": "Feature",
      "geometry": {
        "type": "Point",
        "coordinates": [
          -73.896118,
          40.665245
        ]
      },
      "properties": {
        "event_id": "315206",
        "event_name": "Block Party",
        "event_type": "Block Party",
        "event_agency": "Street Activity Permit Office",
        "event_location": " GEORGIA AVENUE between DUMONT AVENUE and LIVONIA AVENUE",
        "event_borough": "Brooklyn",
        "start_date": "2017-07-22T11:00:00.000",
        "end_date": "2017-07-22T20:00:00.000",
        "start_formatted": "July 22, 2017 11:00 AM",
        "end_formatted": "July 22, 2017 08:00 PM",
        "street_closure_type": "Full Street Closure ",
        "community_board": "5, ",
        "police_precinct": "75, "
      }
    },
    {
      "type": "Feature",
      "geometry": {
        "type": "Point",
        "coordinates": [
          -73.89123749999999,
          40.628794
        ]
      },
      "properties": {
        "event_id": "350842",
        "event_name": "Summer time",
        "event_type": "Block Party",
        "event_agency": "Street Activity Permit Office",
        "event_location": " SCHENCK STREET between SKIDMORE PLACE and EAST   91 STREET",
        "event_borough": "Brooklyn",
        "start_date": "2017-07-22T11:00:00.000",
        "end_date": "2017-07-22T20:00:00.000",
        "start_formatted": "July 22, 2017 11:00 AM",
        "end_formatted": "July 22, 2017 08:00 PM",
        "street_closure_type": "Full Street Closure ",
        "community_board": "18, ",
        "police_precinct": "69, "
      }
    },
    {
      "type": "Feature",
      "geometry": {
        "type": "Point",
        "coordinates": [
          -73.948951,
          40.685655999999994
        ]
      },
      "properties": {
        "event_id": "336633",
        "event_name": "Annual Block Party",
        "event_type": "Block Party",
        "event_agency": "Street Activity Permit Office",
        "event_location": " MONROE STREET between MARCY AVENUE and NOSTRAND AVENUE",
        "event_borough": "Brooklyn",
        "start_date": "2017-07-22T11:00:00.000",
        "end_date": "2017-07-22T20:00:00.000",
        "start_formatted": "July 22, 2017 11:00 AM",
        "end_formatted": "July 22, 2017 08:00 PM",
        "street_closure_type": "Full Street Closure ",
        "community_board": "3, ",
        "police_precinct": "79, "
      }
    },
    {
      "type": "Feature",
      "geometry": {
        "type": "Point",
        "coordinates": [
          -73.91424649999999,
          40.702209
        ]
      },
      "properties": {
        "event_id": "346825",
        "event_name": "BLOCK PARTY",
        "event_type": "Block Party",
        "event_agency": "Street Activity Permit Office",
        "event_location": " BLEECKER STREET between WYCKOFF AVENUE and ST NICHOLAS AVENUE",
        "event_borough": "Brooklyn",
        "start_date": "2017-07-22T11:00:00.000",
        "end_date": "2017-07-22T20:00:00.000",
        "start_formatted": "July 22, 2017 11:00 AM",
        "end_formatted": "July 22, 2017 08:00 PM",
        "street_closure_type": "Full Street Closure ",
        "community_board": "4, ",
        "police_precinct": "83, "
      }
    },
    {
      "type": "Feature",
      "geometry": {
        "type": "Point",
        "coordinates": [
          -73.876032,
          40.667936999999995
        ]
      },
      "properties": {
        "event_id": "334028",
        "event_name": "Montauk's Annual Block Party",
        "event_type": "Block Party",
        "event_agency": "Street Activity Permit Office",
        "event_location": " MONTAUK AVENUE between NEW LOTS AVENUE and HEGEMAN AVENUE",
        "event_borough": "Brooklyn",
        "start_date": "2017-07-22T11:00:00.000",
        "end_date": "2017-07-22T20:00:00.000",
        "start_formatted": "July 22, 2017 11:00 AM",
        "end_formatted": "July 22, 2017 08:00 PM",
        "street_closure_type": "Full Street Closure ",
        "community_board": "5, ",
        "police_precinct": "75, "
      }
    },
    {
      "type": "Feature",
      "geometry": {
        "type": "Point",
        "coordinates": [
          -73.947349,
          40.6933355
        ]
      },
      "properties": {
        "event_id": "335778",
        "event_name": "Lets get lose and have fun",
        "event_type": "Block Party",
        "event_agency": "Street Activity Permit Office",
        "event_location": " HART STREET between TOMPKINS AVENUE and MARCY AVENUE",
        "event_borough": "Brooklyn",
        "start_date": "2017-07-22T11:00:00.000",
        "end_date": "2017-07-22T18:30:00.000",
        "start_formatted": "July 22, 2017 11:00 AM",
        "end_formatted": "July 22, 2017 06:30 PM",
        "street_closure_type": "Full Street Closure ",
        "community_board": "3, ",
        "police_precinct": "79, "
      }
    },
    {
      "type": "Feature",
      "geometry": {
        "type": "Point",
        "coordinates": [
          -73.991698,
          40.672639000000004
        ]
      },
      "properties": {
        "event_id": "347976",
        "event_name": "Summer Block Party",
        "event_type": "Block Party",
        "event_agency": "Street Activity Permit Office",
        "event_location": " 8 STREET between 2 AVENUE and 3 AVENUE",
        "event_borough": "Brooklyn",
        "start_date": "2017-07-22T11:00:00.000",
        "end_date": "2017-07-22T20:00:00.000",
        "start_formatted": "July 22, 2017 11:00 AM",
        "end_formatted": "July 22, 2017 08:00 PM",
        "street_closure_type": "Full Street Closure ",
        "community_board": "6, ",
        "police_precinct": "78, "
      }
    },
    {
      "type": "Feature",
      "geometry": {
        "type": "Point",
        "coordinates": [
          -73.987567,
          40.602759
        ]
      },
      "properties": {
        "event_id": "346250",
        "event_name": "81st street block party",
        "event_type": "Block Party",
        "event_agency": "Street Activity Permit Office",
        "event_location": " 81 STREET between 23 AVENUE and 24 AVENUE",
        "event_borough": "Brooklyn",
        "start_date": "2017-07-22T11:00:00.000",
        "end_date": "2017-07-22T20:00:00.000",
        "start_formatted": "July 22, 2017 11:00 AM",
        "end_formatted": "July 22, 2017 08:00 PM",
        "street_closure_type": "Full Street Closure ",
        "community_board": "11, ",
        "police_precinct": "62, "
      }
    },
    {
      "type": "Feature",
      "geometry": {
        "type": "Point",
        "coordinates": [
          -73.9778615,
          40.6779215
        ]
      },
      "properties": {
        "event_id": "339841",
        "event_name": "ST JOHNS PLACE FAMILY DAY",
        "event_type": "Block Party",
        "event_agency": "Street Activity Permit Office",
        "event_location": " ST JOHNS PLACE between 5 AVENUE and 6 AVENUE",
        "event_borough": "Brooklyn",
        "start_date": "2017-07-22T11:00:00.000",
        "end_date": "2017-07-22T20:00:00.000",
        "start_formatted": "July 22, 2017 11:00 AM",
        "end_formatted": "July 22, 2017 08:00 PM",
        "street_closure_type": "Full Street Closure ",
        "community_board": "6, ",
        "police_precinct": "78, "
      }
    },
    {
      "type": "Feature",
      "geometry": {
        "type": "Point",
        "coordinates": [
          -73.9569425,
          40.680497
        ]
      },
      "properties": {
        "event_id": "335148",
        "event_name": "LPBA Block Party",
        "event_type": "Block Party",
        "event_agency": "Street Activity Permit Office",
        "event_location": " LEFFERTS PLACE between FRANKLIN AVENUE and CLASSON AVENUE",
        "event_borough": "Brooklyn",
        "start_date": "2017-07-22T10:30:00.000",
        "end_date": "2017-07-22T18:30:00.000",
        "start_formatted": "July 22, 2017 10:30 AM",
        "end_formatted": "July 22, 2017 06:30 PM",
        "street_closure_type": "Full Street Closure ",
        "community_board": "3, ",
        "police_precinct": "79, "
      }
    },
    {
      "type": "Feature",
      "geometry": {
        "type": "Point",
        "coordinates": [
          -73.9614995,
          40.6709175
        ]
      },
      "properties": {
        "event_id": "326210",
        "event_name": "WIADCA Family Day",
        "event_type": "Block Party",
        "event_agency": "Street Activity Permit Office",
        "event_location": " CLASSON AVENUE between EASTERN PARKWAY and UNION STREET",
        "event_borough": "Brooklyn",
        "start_date": "2017-07-22T10:30:00.000",
        "end_date": "2017-07-22T18:00:00.000",
        "start_formatted": "July 22, 2017 10:30 AM",
        "end_formatted": "July 22, 2017 06:00 PM",
        "street_closure_type": "Full Street Closure ",
        "community_board": "9, ",
        "police_precinct": "71, "
      }
    },
    {
      "type": "Feature",
      "geometry": {
        "type": "Point",
        "coordinates": [
          -73.93813349999999,
          40.64275
        ]
      },
      "properties": {
        "event_id": "349437",
        "event_name": "6TH ANNUAL CELEBRATION OF COLORS",
        "event_type": "Block Party",
        "event_agency": "Street Activity Permit Office",
        "event_location": " ALBANY AVENUE between AVENUE D and CLARENDON ROAD",
        "event_borough": "Brooklyn",
        "start_date": "2017-07-22T10:00:00.000",
        "end_date": "2017-07-22T18:00:00.000",
        "start_formatted": "July 22, 2017 10:00 AM",
        "end_formatted": "July 22, 2017 06:00 PM",
        "street_closure_type": "Full Street Closure ",
        "community_board": "17, ",
        "police_precinct": "67, "
      }
    },
    {
      "type": "Feature",
      "geometry": {
        "type": "Point",
        "coordinates": [
          -73.97012649999999,
          40.6788745
        ]
      },
      "properties": {
        "event_id": "346297",
        "event_name": "St. Marks Avenue Block Party",
        "event_type": "Block Party",
        "event_agency": "Street Activity Permit Office",
        "event_location": " ST MARKS AVENUE between CARLTON AVENUE and VANDERBILT AVENUE",
        "event_borough": "Brooklyn",
        "start_date": "2017-07-22T10:00:00.000",
        "end_date": "2017-07-22T19:00:00.000",
        "start_formatted": "July 22, 2017 10:00 AM",
        "end_formatted": "July 22, 2017 07:00 PM",
        "street_closure_type": "Full Street Closure ",
        "community_board": "8, ",
        "police_precinct": "78, "
      }
    },
    {
      "type": "Feature",
      "geometry": {
        "type": "Point",
        "coordinates": [
          -73.953293,
          40.6896555
        ]
      },
      "properties": {
        "event_id": "348374",
        "event_name": "Lafayette Ave Summer Slam",
        "event_type": "Block Party",
        "event_agency": "Street Activity Permit Office",
        "event_location": " LAFAYETTE AVENUE between NOSTRAND AVENUE and BEDFORD AVENUE",
        "event_borough": "Brooklyn",
        "start_date": "2017-07-22T10:00:00.000",
        "end_date": "2017-07-22T19:00:00.000",
        "start_formatted": "July 22, 2017 10:00 AM",
        "end_formatted": "July 22, 2017 07:00 PM",
        "street_closure_type": "Full Street Closure ",
        "community_board": "3, ",
        "police_precinct": "79, "
      }
    },
    {
      "type": "Feature",
      "geometry": {
        "type": "Point",
        "coordinates": [
          -73.924825,
          40.6362205
        ]
      },
      "properties": {
        "event_id": "348860",
        "event_name": "East 54th Street Block Association",
        "event_type": "Block Party",
        "event_agency": "Street Activity Permit Office",
        "event_location": " EAST   54 STREET between FOSTER AVENUE and GLENWOOD ROAD",
        "event_borough": "Brooklyn",
        "start_date": "2017-07-22T10:00:00.000",
        "end_date": "2017-07-22T18:00:00.000",
        "start_formatted": "July 22, 2017 10:00 AM",
        "end_formatted": "July 22, 2017 06:00 PM",
        "street_closure_type": "Full Street Closure ",
        "community_board": "18, ",
        "police_precinct": "63, "
      }
    },
    {
      "type": "Feature",
      "geometry": {
        "type": "Point",
        "coordinates": [
          -73.931998,
          40.674225
        ]
      },
      "properties": {
        "event_id": "352722",
        "event_name": "1100 St Marks Block Association",
        "event_type": "Block Party",
        "event_agency": "Street Activity Permit Office",
        "event_location": " ST MARKS AVENUE between UTICA AVENUE and SCHENECTADY AVENUE",
        "event_borough": "Brooklyn",
        "start_date": "2017-07-22T10:00:00.000",
        "end_date": "2017-07-22T19:00:00.000",
        "start_formatted": "July 22, 2017 10:00 AM",
        "end_formatted": "July 22, 2017 07:00 PM",
        "street_closure_type": "Full Street Closure ",
        "community_board": "8, ",
        "police_precinct": "77, "
      }
    },
    {
      "type": "Feature",
      "geometry": {
        "type": "Point",
        "coordinates": [
          -74.07852349999999,
          40.6420565
        ]
      },
      "properties": {
        "event_id": "353776",
        "event_name": "BHRC Ministry Expo",
        "event_type": "Block Party",
        "event_agency": "Street Activity Permit Office",
        "event_location": " FORT PLACE between ST MARKS PLACE and MONTGOMERY AVENUE",
        "event_borough": "Staten Island",
        "start_date": "2017-07-22T10:00:00.000",
        "end_date": "2017-07-22T15:00:00.000",
        "start_formatted": "July 22, 2017 10:00 AM",
        "end_formatted": "July 22, 2017 03:00 PM",
        "street_closure_type": "Full Street Closure ",
        "community_board": "1, ",
        "police_precinct": "120, "
      }
    },
    {
      "type": "Feature",
      "geometry": {
        "type": "Point",
        "coordinates": [
          -73.904188,
          40.659265500000004
        ]
      },
      "properties": {
        "event_id": "336893",
        "event_name": "Annual Block Party",
        "event_type": "Block Party",
        "event_agency": "Street Activity Permit Office",
        "event_location": " MOTHER GASTON BOULEVARD between NEWPORT STREET and LOTT AVENUE",
        "event_borough": "Brooklyn",
        "start_date": "2017-07-22T10:00:00.000",
        "end_date": "2017-07-22T18:00:00.000",
        "start_formatted": "July 22, 2017 10:00 AM",
        "end_formatted": "July 22, 2017 06:00 PM",
        "street_closure_type": "Full Street Closure ",
        "community_board": "16, ",
        "police_precinct": "73, "
      }
    },
    {
      "type": "Feature",
      "geometry": {
        "type": "Point",
        "coordinates": [
          -73.927774,
          40.654751000000005
        ]
      },
      "properties": {
        "event_id": "334850",
        "event_name": "EAST 53RD BLOCK PARTY",
        "event_type": "Block Party",
        "event_agency": "Street Activity Permit Office",
        "event_location": " EAST   53 STREET between LENOX ROAD and LINDEN BOULEVARD",
        "event_borough": "Brooklyn",
        "start_date": "2017-07-22T10:00:00.000",
        "end_date": "2017-07-22T18:00:00.000",
        "start_formatted": "July 22, 2017 10:00 AM",
        "end_formatted": "July 22, 2017 06:00 PM",
        "street_closure_type": "Full Street Closure ",
        "community_board": "17, ",
        "police_precinct": "67, "
      }
    },
    {
      "type": "Feature",
      "geometry": {
        "type": "Point",
        "coordinates": [
          -73.9275495,
          40.610797000000005
        ]
      },
      "properties": {
        "event_id": "345902",
        "event_name": "kimball st block party",
        "event_type": "Block Party",
        "event_agency": "Street Activity Permit Office",
        "event_location": " KIMBALL STREET between AVENUE S and AVENUE T",
        "event_borough": "Brooklyn",
        "start_date": "2017-07-22T10:00:00.000",
        "end_date": "2017-07-22T18:00:00.000",
        "start_formatted": "July 22, 2017 10:00 AM",
        "end_formatted": "July 22, 2017 06:00 PM",
        "street_closure_type": "Full Street Closure ",
        "community_board": "18, ",
        "police_precinct": "63, "
      }
    },
    {
      "type": "Feature",
      "geometry": {
        "type": "Point",
        "coordinates": [
          -73.9545795,
          40.6479195
        ]
      },
      "properties": {
        "event_id": "350260",
        "event_name": "Rhema Church of God Community Block Party",
        "event_type": "Block Party",
        "event_agency": "Street Activity Permit Office",
        "event_location": " ALBEMARLE ROAD between OAKLAND PLACE and LOTT STREET",
        "event_borough": "Brooklyn",
        "start_date": "2017-07-22T10:00:00.000",
        "end_date": "2017-07-22T18:00:00.000",
        "start_formatted": "July 22, 2017 10:00 AM",
        "end_formatted": "July 22, 2017 06:00 PM",
        "street_closure_type": "Full Street Closure ",
        "community_board": "17, ",
        "police_precinct": "67, "
      }
    },
    {
      "type": "Feature",
      "geometry": {
        "type": "Point",
        "coordinates": [
          -73.8889465,
          40.8426575
        ]
      },
      "properties": {
        "event_id": "331322",
        "event_name": "Block Party",
        "event_type": "Block Party",
        "event_agency": "Street Activity Permit Office",
        "event_location": " FAIRMOUNT PLACE between PROSPECT AVENUE and MARMION AVENUE",
        "event_borough": "Bronx",
        "start_date": "2017-07-22T10:00:00.000",
        "end_date": "2017-07-22T17:00:00.000",
        "start_formatted": "July 22, 2017 10:00 AM",
        "end_formatted": "July 22, 2017 05:00 PM",
        "street_closure_type": "Full Street Closure ",
        "community_board": "6, ",
        "police_precinct": "48, "
      }
    },
    {
      "type": "Feature",
      "geometry": {
        "type": "Point",
        "coordinates": [
          -73.97579999999999,
          40.5978485
        ]
      },
      "properties": {
        "event_id": "341434",
        "event_name": "West 4th Street Block Party",
        "event_type": "Block Party",
        "event_agency": "Street Activity Permit Office",
        "event_location": " WEST    4 STREET between AVENUE T and AVENUE U",
        "event_borough": "Brooklyn",
        "start_date": "2017-07-22T10:00:00.000",
        "end_date": "2017-07-22T18:30:00.000",
        "start_formatted": "July 22, 2017 10:00 AM",
        "end_formatted": "July 22, 2017 06:30 PM",
        "street_closure_type": "Full Street Closure ",
        "community_board": "11, ",
        "police_precinct": "62, "
      }
    },
    {
      "type": "Feature",
      "geometry": {
        "type": "Point",
        "coordinates": [
          -73.935019,
          40.6717005
        ]
      },
      "properties": {
        "event_id": "346227",
        "event_name": "Sterling Pl Troy/ Schenectady Annual Block Party",
        "event_type": "Block Party",
        "event_agency": "Street Activity Permit Office",
        "event_location": " STERLING PLACE between TROY AVENUE and SCHENECTADY AVENUE",
        "event_borough": "Brooklyn",
        "start_date": "2017-07-22T10:00:00.000",
        "end_date": "2017-07-22T18:00:00.000",
        "start_formatted": "July 22, 2017 10:00 AM",
        "end_formatted": "July 22, 2017 06:00 PM",
        "street_closure_type": "Full Street Closure ",
        "community_board": "8, ",
        "police_precinct": "77, "
      }
    },
    {
      "type": "Feature",
      "geometry": {
        "type": "Point",
        "coordinates": [
          -73.94190499999999,
          40.642514500000004
        ]
      },
      "properties": {
        "event_id": "343103",
        "event_name": "37 street annual block party",
        "event_type": "Block Party",
        "event_agency": "Street Activity Permit Office",
        "event_location": " EAST   37 STREET between AVENUE D and CLARENDON ROAD",
        "event_borough": "Brooklyn",
        "start_date": "2017-07-22T10:00:00.000",
        "end_date": "2017-07-22T18:00:00.000",
        "start_formatted": "July 22, 2017 10:00 AM",
        "end_formatted": "July 22, 2017 06:00 PM",
        "street_closure_type": "Full Street Closure ",
        "community_board": "17, ",
        "police_precinct": "67, "
      }
    },
    {
      "type": "Feature",
      "geometry": {
        "type": "Point",
        "coordinates": [
          -73.85810950000001,
          40.8829105
        ]
      },
      "properties": {
        "event_id": "342573",
        "event_name": "Community Fun Day",
        "event_type": "Block Party",
        "event_agency": "Street Activity Permit Office",
        "event_location": " EAST  220 STREET between BRONXWOOD AVENUE and BARNES AVENUE",
        "event_borough": "Bronx",
        "start_date": "2017-07-22T09:30:00.000",
        "end_date": "2017-07-22T17:00:00.000",
        "start_formatted": "July 22, 2017 09:30 AM",
        "end_formatted": "July 22, 2017 05:00 PM",
        "street_closure_type": "Full Street Closure ",
        "community_board": "12, ",
        "police_precinct": "47, "
      }
    },
    {
      "type": "Feature",
      "geometry": {
        "type": "Point",
        "coordinates": [
          -73.9147215,
          40.6624895
        ]
      },
      "properties": {
        "event_id": "337108",
        "event_name": "Family and Friends Day",
        "event_type": "Block Party",
        "event_agency": "Street Activity Permit Office",
        "event_location": " STRAUSS STREET between LIVONIA AVENUE and DUMONT AVENUE",
        "event_borough": "Brooklyn",
        "start_date": "2017-07-22T09:00:00.000",
        "end_date": "2017-07-22T17:00:00.000",
        "start_formatted": "July 22, 2017 09:00 AM",
        "end_formatted": "July 22, 2017 05:00 PM",
        "street_closure_type": "Sidewalk and Street Closure ",
        "community_board": "16, ",
        "police_precinct": "73, "
      }
    },
    {
      "type": "Feature",
      "geometry": {
        "type": "Point",
        "coordinates": [
          -73.9102865,
          40.6819095
        ]
      },
      "properties": {
        "event_id": "337215",
        "event_name": "400 Block Marion Street Block Association Block Party",
        "event_type": "Block Party",
        "event_agency": "Street Activity Permit Office",
        "event_location": " MARION STREET between BROADWAY and ROCKAWAY AVENUE",
        "event_borough": "Brooklyn",
        "start_date": "2017-07-22T09:00:00.000",
        "end_date": "2017-07-22T17:00:00.000",
        "start_formatted": "July 22, 2017 09:00 AM",
        "end_formatted": "July 22, 2017 05:00 PM",
        "street_closure_type": "Full Street Closure ",
        "community_board": "16, ",
        "police_precinct": "73, "
      }
    },
    {
      "type": "Feature",
      "geometry": {
        "type": "Point",
        "coordinates": [
          -73.896773,
          40.847436
        ]
      },
      "properties": {
        "event_id": "349396",
        "event_name": "Annual Family Picnic / Fatherhood Celebration",
        "event_type": "Block Party",
        "event_agency": "Street Activity Permit Office",
        "event_location": " BATHGATE AVENUE between EAST  178 STREET and EAST TREMONT AVENUE",
        "event_borough": "Bronx",
        "start_date": "2017-07-21T09:00:00.000",
        "end_date": "2017-07-21T14:00:00.000",
        "start_formatted": "July 21, 2017 09:00 AM",
        "end_formatted": "July 21, 2017 02:00 PM",
        "street_closure_type": "Full Street Closure ",
        "community_board": "6, ",
        "police_precinct": "48, "
      }
    },
    {
      "type": "Feature",
      "geometry": {
        "type": "Point",
        "coordinates": [
          -73.76698099999999,
          40.712012
        ]
      },
      "properties": {
        "event_id": "349667",
        "event_name": "Family Day",
        "event_type": "Block Party",
        "event_agency": "Street Activity Permit Office",
        "event_location": " 193 STREET between JAMAICA AVENUE and WOODHULL AVENUE",
        "event_borough": "Queens",
        "start_date": "2017-07-21T09:00:00.000",
        "end_date": "2017-07-21T15:00:00.000",
        "start_formatted": "July 21, 2017 09:00 AM",
        "end_formatted": "July 21, 2017 03:00 PM",
        "street_closure_type": "Sidewalk and Street Closure ",
        "community_board": "12, ",
        "police_precinct": "103, "
      }
    },
    {
      "type": "Feature",
      "geometry": {
        "type": "Point",
        "coordinates": [
          -73.977851,
          40.7812465
        ]
      },
      "properties": {
        "event_id": "350574",
        "event_name": "West 77th Street Block Association Annual Block Party",
        "event_type": "Block Party",
        "event_agency": "Street Activity Permit Office",
        "event_location": " WEST   77 STREET between AMSTERDAM AVENUE and COLUMBUS AVENUE",
        "event_borough": "Manhattan",
        "start_date": "2017-07-20T18:00:00.000",
        "end_date": "2017-07-20T21:00:00.000",
        "start_formatted": "July 20, 2017 06:00 PM",
        "end_formatted": "July 20, 2017 09:00 PM",
        "street_closure_type": "Full Street Closure ",
        "community_board": "7, ",
        "police_precinct": "20, "
      }
    },
    {
      "type": "Feature",
      "geometry": {
        "type": "Point",
        "coordinates": [
          -73.951265,
          40.7926425
        ]
      },
      "properties": {
        "event_id": "344153",
        "event_name": "Uptown Bounce",
        "event_type": "Block Party",
        "event_agency": "Street Activity Permit Office",
        "event_location": " EAST  104 STREET between 5 AVENUE and MADISON AVENUE",
        "event_borough": "Manhattan",
        "start_date": "2017-07-19T18:00:00.000",
        "end_date": "2017-07-19T20:00:00.000",
        "start_formatted": "July 19, 2017 06:00 PM",
        "end_formatted": "July 19, 2017 08:00 PM",
        "street_closure_type": "Full Street Closure ",
        "community_board": "11, ",
        "police_precinct": "23, "
      }
    },
    {
      "type": "Feature",
      "geometry": {
        "type": "Point",
        "coordinates": [
          -73.9636665,
          40.5819255
        ]
      },
      "properties": {
        "event_id": "361297",
        "event_name": "Brighton 4 Terrace Block Party",
        "event_type": "Block Party",
        "event_agency": "Street Activity Permit Office",
        "event_location": " BRIGHTON    4 TERRACE between BRIGHTON    4 STREET and BRIGHTON    6 STREET",
        "event_borough": "Brooklyn",
        "start_date": "2017-07-16T12:30:00.000",
        "end_date": "2017-07-16T20:30:00.000",
        "start_formatted": "July 16, 2017 12:30 PM",
        "end_formatted": "July 16, 2017 08:30 PM",
        "street_closure_type": "Full Street Closure ",
        "community_board": "13, ",
        "police_precinct": "60, "
      }
    },
    {
      "type": "Feature",
      "geometry": {
        "type": "Point",
        "coordinates": [
          -73.957751,
          40.676281
        ]
      },
      "properties": {
        "event_id": "344953",
        "event_name": "Bike Blessing and Community Day",
        "event_type": "Block Party",
        "event_agency": "Street Activity Permit Office",
        "event_location": " SAINT MARKS AVENUE between FRANKLIN AVENUE and CLASSON AVENUE",
        "event_borough": "Brooklyn",
        "start_date": "2017-07-16T12:00:00.000",
        "end_date": "2017-07-16T20:00:00.000",
        "start_formatted": "July 16, 2017 12:00 PM",
        "end_formatted": "July 16, 2017 08:00 PM",
        "street_closure_type": "Full Street Closure ",
        "community_board": "8, ",
        "police_precinct": "77, "
      }
    },
    {
      "type": "Feature",
      "geometry": {
        "type": "Point",
        "coordinates": [
          -74.00818100000001,
          40.6419925
        ]
      },
      "properties": {
        "event_id": "329250",
        "event_name": "52nd Street Junior Block Assoc",
        "event_type": "Block Party",
        "event_agency": "Street Activity Permit Office",
        "event_location": " 52 STREET between 6 AVENUE and 7 AVENUE",
        "event_borough": "Brooklyn",
        "start_date": "2017-07-16T12:00:00.000",
        "end_date": "2017-07-16T21:00:00.000",
        "start_formatted": "July 16, 2017 12:00 PM",
        "end_formatted": "July 16, 2017 09:00 PM",
        "street_closure_type": "Full Street Closure ",
        "community_board": "7, ",
        "police_precinct": "72, "
      }
    },
    {
      "type": "Feature",
      "geometry": {
        "type": "Point",
        "coordinates": [
          -73.99195950000001,
          40.6824845
        ]
      },
      "properties": {
        "event_id": "352470",
        "event_name": "celebration of the frenchbastille day",
        "event_type": "Block Party",
        "event_agency": "Street Activity Permit Office",
        "event_location": " DEGRAW STREET between SMITH STREET and HOYT STREET",
        "event_borough": "Brooklyn",
        "start_date": "2017-07-16T11:30:00.000",
        "end_date": "2017-07-16T20:30:00.000",
        "start_formatted": "July 16, 2017 11:30 AM",
        "end_formatted": "July 16, 2017 08:30 PM",
        "street_closure_type": "Full Street Closure ",
        "community_board": "6, ",
        "police_precinct": "76, "
      }
    },
    {
      "type": "Feature",
      "geometry": {
        "type": "Point",
        "coordinates": [
          -73.891472,
          40.677231
        ]
      },
      "properties": {
        "event_id": "344810",
        "event_name": "block park",
        "event_type": "Block Party",
        "event_agency": "Street Activity Permit Office",
        "event_location": " VAN SICLEN AVENUE between FULTON STREET and ATLANTIC AVENUE",
        "event_borough": "Brooklyn",
        "start_date": "2017-07-16T10:00:00.000",
        "end_date": "2017-07-16T19:00:00.000",
        "start_formatted": "July 16, 2017 10:00 AM",
        "end_formatted": "July 16, 2017 07:00 PM",
        "street_closure_type": "Full Street Closure ",
        "community_board": "5, ",
        "police_precinct": "75, "
      }
    },
    {
      "type": "Feature",
      "geometry": {
        "type": "Point",
        "coordinates": [
          -73.7433505,
          40.6932985
        ]
      },
      "properties": {
        "event_id": "342709",
        "event_name": "218th Street Block Party",
        "event_type": "Block Party",
        "event_agency": "Street Activity Permit Office",
        "event_location": " 218 STREET between 118 AVENUE and 119 AVENUE",
        "event_borough": "Queens",
        "start_date": "2017-07-15T14:00:00.000",
        "end_date": "2017-07-15T21:00:00.000",
        "start_formatted": "July 15, 2017 02:00 PM",
        "end_formatted": "July 15, 2017 09:00 PM",
        "street_closure_type": "Full Street Closure ",
        "community_board": "13, ",
        "police_precinct": "105, "
      }
    },
    {
      "type": "Feature",
      "geometry": {
        "type": "Point",
        "coordinates": [
          -74.117008,
          40.575015
        ]
      },
      "properties": {
        "event_id": "348796",
        "event_name": "Cloister Place Block Party",
        "event_type": "Block Party",
        "event_agency": "Street Activity Permit Office",
        "event_location": " CLOISTER PLACE between NORTH RAILROAD AVENUE and 3 STREET",
        "event_borough": "Staten Island",
        "start_date": "2017-07-15T14:00:00.000",
        "end_date": "2017-07-15T21:00:00.000",
        "start_formatted": "July 15, 2017 02:00 PM",
        "end_formatted": "July 15, 2017 09:00 PM",
        "street_closure_type": "Full Street Closure ",
        "community_board": "2, ",
        "police_precinct": "122, "
      }
    },
    {
      "type": "Feature",
      "geometry": {
        "type": "Point",
        "coordinates": [
          -74.098726,
          40.5936435
        ]
      },
      "properties": {
        "event_id": "349471",
        "event_name": "Delaware Avenue 2017 Block Party",
        "event_type": "Block Party",
        "event_agency": "Street Activity Permit Office",
        "event_location": " DELAWARE AVENUE between RICHMOND ROAD and PLATTSBURG STREET",
        "event_borough": "Staten Island",
        "start_date": "2017-07-15T13:00:00.000",
        "end_date": "2017-07-15T21:00:00.000",
        "start_formatted": "July 15, 2017 01:00 PM",
        "end_formatted": "July 15, 2017 09:00 PM",
        "street_closure_type": "Full Street Closure ",
        "community_board": "2, ",
        "police_precinct": "122, "
      }
    },
    {
      "type": "Feature",
      "geometry": {
        "type": "Point",
        "coordinates": [
          -73.88580049999999,
          40.7153285
        ]
      },
      "properties": {
        "event_id": "351237",
        "event_name": "65th Drive Block Party 2017",
        "event_type": "Block Party",
        "event_agency": "Street Activity Permit Office",
        "event_location": " 65 DRIVE between 69 PLACE and 70 STREET",
        "event_borough": "Queens",
        "start_date": "2017-07-15T13:00:00.000",
        "end_date": "2017-07-15T21:00:00.000",
        "start_formatted": "July 15, 2017 01:00 PM",
        "end_formatted": "July 15, 2017 09:00 PM",
        "street_closure_type": "Full Street Closure ",
        "community_board": "5, ",
        "police_precinct": "104, "
      }
    },
    {
      "type": "Feature",
      "geometry": {
        "type": "Point",
        "coordinates": [
          -73.85533,
          40.8524765
        ]
      },
      "properties": {
        "event_id": "345311",
        "event_name": "Haight Avenue Annual Block Party",
        "event_type": "Block Party",
        "event_agency": "Street Activity Permit Office",
        "event_location": " HAIGHT AVENUE between RHINELANDER AVENUE and NEILL AVENUE",
        "event_borough": "Bronx",
        "start_date": "2017-07-15T13:00:00.000",
        "end_date": "2017-07-15T20:00:00.000",
        "start_formatted": "July 15, 2017 01:00 PM",
        "end_formatted": "July 15, 2017 08:00 PM",
        "street_closure_type": "Full Street Closure ",
        "community_board": "11, ",
        "police_precinct": "49, "
      }
    },
    {
      "type": "Feature",
      "geometry": {
        "type": "Point",
        "coordinates": [
          -73.88498849999999,
          40.844084499999994
        ]
      },
      "properties": {
        "event_id": "330121",
        "event_name": "Joseph Hall Day",
        "event_type": "Block Party",
        "event_agency": "Street Activity Permit Office",
        "event_location": " CROTONA PARKWAY between EAST  178 STREET and EAST  179 STREET",
        "event_borough": "Bronx",
        "start_date": "2017-07-15T13:00:00.000",
        "end_date": "2017-07-15T20:00:00.000",
        "start_formatted": "July 15, 2017 01:00 PM",
        "end_formatted": "July 15, 2017 08:00 PM",
        "street_closure_type": "Full Street Closure ",
        "community_board": "6, ",
        "police_precinct": "48, "
      }
    },
    {
      "type": "Feature",
      "geometry": {
        "type": "Point",
        "coordinates": [
          -73.8398,
          40.663019000000006
        ]
      },
      "properties": {
        "event_id": "328784",
        "event_name": "Block party",
        "event_type": "Block Party",
        "event_agency": "Street Activity Permit Office",
        "event_location": " 94 STREET between 157 AVENUE and DEAD END",
        "event_borough": "Queens",
        "start_date": "2017-07-15T12:00:00.000",
        "end_date": "2017-07-15T18:00:00.000",
        "start_formatted": "July 15, 2017 12:00 PM",
        "end_formatted": "July 15, 2017 06:00 PM",
        "street_closure_type": "Full Street Closure ",
        "community_board": "10, ",
        "police_precinct": "106, "
      }
    },
    {
      "type": "Feature",
      "geometry": {
        "type": "Point",
        "coordinates": [
          -73.9562415,
          40.6420115
        ]
      },
      "properties": {
        "event_id": "327727",
        "event_name": "Vanderveer Place Block Association",
        "event_type": "Block Party",
        "event_agency": "Street Activity Permit Office",
        "event_location": " VANDERVEER PLACE between FLATBUSH AVENUE and EAST   23 STREET",
        "event_borough": "Brooklyn",
        "start_date": "2017-07-15T12:00:00.000",
        "end_date": "2017-07-15T18:00:00.000",
        "start_formatted": "July 15, 2017 12:00 PM",
        "end_formatted": "July 15, 2017 06:00 PM",
        "street_closure_type": "Full Street Closure ",
        "community_board": "14, ",
        "police_precinct": "70, "
      }
    },
    {
      "type": "Feature",
      "geometry": {
        "type": "Point",
        "coordinates": [
          -73.95790149999999,
          40.7125175
        ]
      },
      "properties": {
        "event_id": "350975",
        "event_name": "BLOCK PARTY",
        "event_type": "Block Party",
        "event_agency": "Street Activity Permit Office",
        "event_location": " SOUTH FIRST STREET between HAVEMEYER STREET and ROEBLING STREET",
        "event_borough": "Brooklyn",
        "start_date": "2017-07-15T12:00:00.000",
        "end_date": "2017-07-15T21:00:00.000",
        "start_formatted": "July 15, 2017 12:00 PM",
        "end_formatted": "July 15, 2017 09:00 PM",
        "street_closure_type": "Full Street Closure ",
        "community_board": "1, ",
        "police_precinct": "90, "
      }
    },
    {
      "type": "Feature",
      "geometry": {
        "type": "Point",
        "coordinates": [
          -74.1179435,
          40.556253
        ]
      },
      "properties": {
        "event_id": "340946",
        "event_name": "aviston street block party",
        "event_type": "Block Party",
        "event_agency": "Street Activity Permit Office",
        "event_location": " AVISTON STREET between AMHERST AVENUE and RIGA STREET",
        "event_borough": "Staten Island",
        "start_date": "2017-07-15T12:00:00.000",
        "end_date": "2017-07-15T21:00:00.000",
        "start_formatted": "July 15, 2017 12:00 PM",
        "end_formatted": "July 15, 2017 09:00 PM",
        "street_closure_type": "Full Street Closure ",
        "community_board": "3, ",
        "police_precinct": "122, "
      }
    },
    {
      "type": "Feature",
      "geometry": {
        "type": "Point",
        "coordinates": [
          -73.93590800000001,
          40.7015265
        ]
      },
      "properties": {
        "event_id": "332373",
        "event_name": "Bushwick Block Party",
        "event_type": "Block Party",
        "event_agency": "Street Activity Permit Office",
        "event_location": " MONTIETH STREET between BUSHWICK AVENUE and STANWIX STREET",
        "event_borough": "Brooklyn",
        "start_date": "2017-07-15T12:00:00.000",
        "end_date": "2017-07-15T19:00:00.000",
        "start_formatted": "July 15, 2017 12:00 PM",
        "end_formatted": "July 15, 2017 07:00 PM",
        "street_closure_type": "Sidewalk and Street Closure ",
        "community_board": "4, ",
        "police_precinct": "83, "
      }
    },
    {
      "type": "Feature",
      "geometry": {
        "type": "Point",
        "coordinates": [
          -74.1330705,
          40.628412999999995
        ]
      },
      "properties": {
        "event_id": "350816",
        "event_name": "Dryden Ct Block Party",
        "event_type": "Block Party",
        "event_agency": "Street Activity Permit Office",
        "event_location": " DRYDEN COURT between HAUGHWOUT AVENUE and DEAD END",
        "event_borough": "Staten Island",
        "start_date": "2017-07-15T12:00:00.000",
        "end_date": "2017-07-15T21:00:00.000",
        "start_formatted": "July 15, 2017 12:00 PM",
        "end_formatted": "July 15, 2017 09:00 PM",
        "street_closure_type": "Full Street Closure ",
        "community_board": "1, ",
        "police_precinct": "121, "
      }
    },
    {
      "type": "Feature",
      "geometry": {
        "type": "Point",
        "coordinates": [
          -74.0008565,
          40.6811275
        ]
      },
      "properties": {
        "event_id": "351126",
        "event_name": "henry street block party",
        "event_type": "Block Party",
        "event_agency": "Street Activity Permit Office",
        "event_location": " HENRY STREET between SUMMIT STREET and WOODHULL STREET",
        "event_borough": "Brooklyn",
        "start_date": "2017-07-15T12:00:00.000",
        "end_date": "2017-07-15T21:00:00.000",
        "start_formatted": "July 15, 2017 12:00 PM",
        "end_formatted": "July 15, 2017 09:00 PM",
        "street_closure_type": "Full Street Closure ",
        "community_board": "6, ",
        "police_precinct": "76, "
      }
    },
    {
      "type": "Feature",
      "geometry": {
        "type": "Point",
        "coordinates": [
          -73.95139449999999,
          40.679733999999996
        ]
      },
      "properties": {
        "event_id": "325978",
        "event_name": "Herkimer Street Block Party",
        "event_type": "Block Party",
        "event_agency": "Street Activity Permit Office",
        "event_location": " HERKIMER STREET between BEDFORD AVENUE and NOSTRAND AVENUE",
        "event_borough": "Brooklyn",
        "start_date": "2017-07-15T12:00:00.000",
        "end_date": "2017-07-15T18:30:00.000",
        "start_formatted": "July 15, 2017 12:00 PM",
        "end_formatted": "July 15, 2017 06:30 PM",
        "street_closure_type": "Full Street Closure ",
        "community_board": "3, ",
        "police_precinct": "79, "
      }
    },
    {
      "type": "Feature",
      "geometry": {
        "type": "Point",
        "coordinates": [
          -74.1624545,
          40.555639
        ]
      },
      "properties": {
        "event_id": "351846",
        "event_name": "Block Festival",
        "event_type": "Block Party",
        "event_agency": "Street Activity Permit Office",
        "event_location": " LEVERETT AVENUE between ARMSTRONG AVENUE and CORTELYOU AVENUE",
        "event_borough": "Staten Island",
        "start_date": "2017-07-15T12:00:00.000",
        "end_date": "2017-07-15T21:00:00.000",
        "start_formatted": "July 15, 2017 12:00 PM",
        "end_formatted": "July 15, 2017 09:00 PM",
        "street_closure_type": "Full Street Closure ",
        "community_board": "3, ",
        "police_precinct": "122, "
      }
    },
    {
      "type": "Feature",
      "geometry": {
        "type": "Point",
        "coordinates": [
          -74.0124185,
          40.648195
        ]
      },
      "properties": {
        "event_id": "338555",
        "event_name": "48th Street Block Party",
        "event_type": "Block Party",
        "event_agency": "Street Activity Permit Office",
        "event_location": " 48 STREET between 3 AVENUE and 4 AVENUE",
        "event_borough": "Brooklyn",
        "start_date": "2017-07-15T12:00:00.000",
        "end_date": "2017-07-15T21:00:00.000",
        "start_formatted": "July 15, 2017 12:00 PM",
        "end_formatted": "July 15, 2017 09:00 PM",
        "street_closure_type": "Full Street Closure ",
        "community_board": "7, ",
        "police_precinct": "72, "
      }
    },
    {
      "type": "Feature",
      "geometry": {
        "type": "Point",
        "coordinates": [
          -74.0063045,
          40.647242
        ]
      },
      "properties": {
        "event_id": "349292",
        "event_name": "Summer family fun",
        "event_type": "Block Party",
        "event_agency": "Street Activity Permit Office",
        "event_location": " 45 STREET between 5 AVENUE and 6 AVENUE",
        "event_borough": "Brooklyn",
        "start_date": "2017-07-15T12:00:00.000",
        "end_date": "2017-07-15T21:00:00.000",
        "start_formatted": "July 15, 2017 12:00 PM",
        "end_formatted": "July 15, 2017 09:00 PM",
        "street_closure_type": "Full Street Closure ",
        "community_board": "7, ",
        "police_precinct": "72, "
      }
    },
    {
      "type": "Feature",
      "geometry": {
        "type": "Point",
        "coordinates": [
          -73.8561545,
          40.8864345
        ]
      },
      "properties": {
        "event_id": "329618",
        "event_name": "GSS/BRAG Peace Circle",
        "event_type": "Block Party",
        "event_agency": "Street Activity Permit Office",
        "event_location": " EAST  225 STREET between BARNES AVENUE and BRONXWOOD AVENUE",
        "event_borough": "Bronx",
        "start_date": "2017-07-15T12:00:00.000",
        "end_date": "2017-07-15T17:00:00.000",
        "start_formatted": "July 15, 2017 12:00 PM",
        "end_formatted": "July 15, 2017 05:00 PM",
        "street_closure_type": "Full Street Closure ",
        "community_board": "12, ",
        "police_precinct": "47, "
      }
    },
    {
      "type": "Feature",
      "geometry": {
        "type": "Point",
        "coordinates": [
          -73.929344,
          40.5947605
        ]
      },
      "properties": {
        "event_id": "346378",
        "event_name": "Celest court block party",
        "event_type": "Block Party",
        "event_agency": "Street Activity Permit Office",
        "event_location": " CELEST COURT between BIJOU AVENUE and CHANNEL AVENUE",
        "event_borough": "Brooklyn",
        "start_date": "2017-07-15T12:00:00.000",
        "end_date": "2017-07-15T18:00:00.000",
        "start_formatted": "July 15, 2017 12:00 PM",
        "end_formatted": "July 15, 2017 06:00 PM",
        "street_closure_type": "Full Street Closure ",
        "community_board": "15, ",
        "police_precinct": "61, "
      }
    },
    {
      "type": "Feature",
      "geometry": {
        "type": "Point",
        "coordinates": [
          -73.9117275,
          40.754976
        ]
      },
      "properties": {
        "event_id": "344900",
        "event_name": "Woodside Houses Annual Family day Celebration",
        "event_type": "Block Party",
        "event_agency": "Street Activity Permit Office",
        "event_location": " NEWTOWN ROAD between 49 STREET and 50 STREET",
        "event_borough": "Queens",
        "start_date": "2017-07-15T12:00:00.000",
        "end_date": "2017-07-15T19:00:00.000",
        "start_formatted": "July 15, 2017 12:00 PM",
        "end_formatted": "July 15, 2017 07:00 PM",
        "street_closure_type": "Full Street Closure ",
        "community_board": "1, ",
        "police_precinct": "114, "
      }
    },
    {
      "type": "Feature",
      "geometry": {
        "type": "Point",
        "coordinates": [
          -73.93325250000001,
          40.6814665
        ]
      },
      "properties": {
        "event_id": "330614",
        "event_name": "200 Decatur Street/Stuy Ave Block Party",
        "event_type": "Block Party",
        "event_agency": "Street Activity Permit Office",
        "event_location": " DECATUR STREET between LEWIS AVENUE and STUYVESANT AVENUE",
        "event_borough": "Brooklyn",
        "start_date": "2017-07-15T12:00:00.000",
        "end_date": "2017-07-15T19:00:00.000",
        "start_formatted": "July 15, 2017 12:00 PM",
        "end_formatted": "July 15, 2017 07:00 PM",
        "street_closure_type": "Full Street Closure ",
        "community_board": "3, ",
        "police_precinct": "81, "
      }
    },
    {
      "type": "Feature",
      "geometry": {
        "type": "Point",
        "coordinates": [
          -73.8685895,
          40.858456000000004
        ]
      },
      "properties": {
        "event_id": "334467",
        "event_name": "6th Annual Thwaites Place Block Party",
        "event_type": "Block Party",
        "event_agency": "Street Activity Permit Office",
        "event_location": " OLINVILLE AVENUE between PELHAM PARKWAY NORTH and THWAITES PLACE",
        "event_borough": "Bronx",
        "start_date": "2017-07-15T12:00:00.000",
        "end_date": "2017-07-15T19:30:00.000",
        "start_formatted": "July 15, 2017 12:00 PM",
        "end_formatted": "July 15, 2017 07:30 PM",
        "street_closure_type": "Full Street Closure ",
        "community_board": "11, ",
        "police_precinct": "49, "
      }
    },
    {
      "type": "Feature",
      "geometry": {
        "type": "Point",
        "coordinates": [
          -73.856703,
          40.675722
        ]
      },
      "properties": {
        "event_id": "336665",
        "event_name": "Summer Family Fun Time",
        "event_type": "Block Party",
        "event_agency": "Street Activity Permit Office",
        "event_location": " 80 STREET between SUTTER AVENUE and PITKIN AVENUE",
        "event_borough": "Queens",
        "start_date": "2017-07-15T12:00:00.000",
        "end_date": "2017-07-15T21:00:00.000",
        "start_formatted": "July 15, 2017 12:00 PM",
        "end_formatted": "July 15, 2017 09:00 PM",
        "street_closure_type": "Full Street Closure ",
        "community_board": "10, ",
        "police_precinct": "106, "
      }
    },
    {
      "type": "Feature",
      "geometry": {
        "type": "Point",
        "coordinates": [
          -74.174925,
          40.5451105
        ]
      },
      "properties": {
        "event_id": "349978",
        "event_name": "Moffett Street Block Party",
        "event_type": "Block Party",
        "event_agency": "Street Activity Permit Office",
        "event_location": " MOFFETT STREET between ARDEN AVENUE and RYE AVENUE",
        "event_borough": "Staten Island",
        "start_date": "2017-07-15T12:00:00.000",
        "end_date": "2017-07-15T21:00:00.000",
        "start_formatted": "July 15, 2017 12:00 PM",
        "end_formatted": "July 15, 2017 09:00 PM",
        "street_closure_type": "Full Street Closure ",
        "community_board": "3, ",
        "police_precinct": "123, "
      }
    },
    {
      "type": "Feature",
      "geometry": {
        "type": "Point",
        "coordinates": [
          -74.1140785,
          40.571019
        ]
      },
      "properties": {
        "event_id": "349557",
        "event_name": "Annual Rose Ave Block Party",
        "event_type": "Block Party",
        "event_agency": "Street Activity Permit Office",
        "event_location": " ROSE AVENUE between 10 STREET and CLAWSON STREET",
        "event_borough": "Staten Island",
        "start_date": "2017-07-15T12:00:00.000",
        "end_date": "2017-07-15T21:00:00.000",
        "start_formatted": "July 15, 2017 12:00 PM",
        "end_formatted": "July 15, 2017 09:00 PM",
        "street_closure_type": "Full Street Closure ",
        "community_board": "2, ",
        "police_precinct": "122, "
      }
    },
    {
      "type": "Feature",
      "geometry": {
        "type": "Point",
        "coordinates": [
          -73.7283425,
          40.694464999999994
        ]
      },
      "properties": {
        "event_id": "304961",
        "event_name": "Lola Day",
        "event_type": "Block Party",
        "event_agency": "Street Activity Permit Office",
        "event_location": " 232 STREET between 115 RD and 116 AVE",
        "event_borough": "Queens",
        "start_date": "2017-07-15T12:00:00.000",
        "end_date": "2017-07-15T21:00:00.000",
        "start_formatted": "July 15, 2017 12:00 PM",
        "end_formatted": "July 15, 2017 09:00 PM",
        "street_closure_type": "Full Street Closure ",
        "community_board": "13, ",
        "police_precinct": "105, "
      }
    },
    {
      "type": "Feature",
      "geometry": {
        "type": "Point",
        "coordinates": [
          -73.81044449999999,
          40.686192000000005
        ]
      },
      "properties": {
        "event_id": "347791",
        "event_name": "St.John's Parish Fair",
        "event_type": "Block Party",
        "event_agency": "Street Activity Permit Office",
        "event_location": " 109 AVENUE between 133 STREET and 134 STREET",
        "event_borough": "Queens",
        "start_date": "2017-07-15T12:00:00.000",
        "end_date": "2017-07-15T21:00:00.000",
        "start_formatted": "July 15, 2017 12:00 PM",
        "end_formatted": "July 15, 2017 09:00 PM",
        "street_closure_type": "Full Street Closure ",
        "community_board": "10, ",
        "police_precinct": "106, "
      }
    },
    {
      "type": "Feature",
      "geometry": {
        "type": "Point",
        "coordinates": [
          -73.994077,
          40.6103465
        ]
      },
      "properties": {
        "event_id": "348908",
        "event_name": "BLOCK PARTY",
        "event_type": "Block Party",
        "event_agency": "Street Activity Permit Office",
        "event_location": " 77 STREET between 19 AVENUE and 20 AVENUE",
        "event_borough": "Brooklyn",
        "start_date": "2017-07-15T12:00:00.000",
        "end_date": "2017-07-15T19:30:00.000",
        "start_formatted": "July 15, 2017 12:00 PM",
        "end_formatted": "July 15, 2017 07:30 PM",
        "street_closure_type": "Full Street Closure ",
        "community_board": "11, ",
        "police_precinct": "62, "
      }
    },
    {
      "type": "Feature",
      "geometry": {
        "type": "Point",
        "coordinates": [
          -73.977087,
          40.6096705
        ]
      },
      "properties": {
        "event_id": "351801",
        "event_name": "West 3rd stbetween avenues O and P",
        "event_type": "Block Party",
        "event_agency": "Street Activity Permit Office",
        "event_location": " WEST    3 STREET between AVENUE O and AVENUE P",
        "event_borough": "Brooklyn",
        "start_date": "2017-07-15T11:00:00.000",
        "end_date": "2017-07-15T20:00:00.000",
        "start_formatted": "July 15, 2017 11:00 AM",
        "end_formatted": "July 15, 2017 08:00 PM",
        "street_closure_type": "Full Street Closure ",
        "community_board": "11, ",
        "police_precinct": "62, "
      }
    },
    {
      "type": "Feature",
      "geometry": {
        "type": "Point",
        "coordinates": [
          -73.9333555,
          40.601419
        ]
      },
      "properties": {
        "event_id": "341578",
        "event_name": "Stuart Street Block Party",
        "event_type": "Block Party",
        "event_agency": "Street Activity Permit Office",
        "event_location": " STUART STREET between AVENUE U and AVENUE V",
        "event_borough": "Brooklyn",
        "start_date": "2017-07-15T11:00:00.000",
        "end_date": "2017-07-15T20:00:00.000",
        "start_formatted": "July 15, 2017 11:00 AM",
        "end_formatted": "July 15, 2017 08:00 PM",
        "street_closure_type": "Full Street Closure ",
        "community_board": "15, ",
        "police_precinct": "61, "
      }
    },
    {
      "type": "Feature",
      "geometry": {
        "type": "Point",
        "coordinates": [
          -73.913497,
          40.70178
        ]
      },
      "properties": {
        "event_id": "349214",
        "event_name": "Menahan Street",
        "event_type": "Block Party",
        "event_agency": "Street Activity Permit Office",
        "event_location": " MENAHAN STREET between WYCKOFF AVENUE and ST NICHOLAS AVENUE",
        "event_borough": "Brooklyn",
        "start_date": "2017-07-15T11:00:00.000",
        "end_date": "2017-07-15T20:00:00.000",
        "start_formatted": "July 15, 2017 11:00 AM",
        "end_formatted": "July 15, 2017 08:00 PM",
        "street_closure_type": "Full Street Closure ",
        "community_board": "4, ",
        "police_precinct": "83, "
      }
    },
    {
      "type": "Feature",
      "geometry": {
        "type": "Point",
        "coordinates": [
          -73.932674,
          40.6988885
        ]
      },
      "properties": {
        "event_id": "329225",
        "event_name": "2017 Jefferson St. Block Party",
        "event_type": "Block Party",
        "event_agency": "Street Activity Permit Office",
        "event_location": " JEFFERSON STREET between EVERGREEN AVENUE and STANWIX STREET",
        "event_borough": "Brooklyn",
        "start_date": "2017-07-15T11:00:00.000",
        "end_date": "2017-07-15T19:00:00.000",
        "start_formatted": "July 15, 2017 11:00 AM",
        "end_formatted": "July 15, 2017 07:00 PM",
        "street_closure_type": "Full Street Closure ",
        "community_board": "4, ",
        "police_precinct": "83, "
      }
    },
    {
      "type": "Feature",
      "geometry": {
        "type": "Point",
        "coordinates": [
          -73.959802,
          40.7996555
        ]
      },
      "properties": {
        "event_id": "335627",
        "event_name": "107 / 108 REUNION BLOCK PARTY",
        "event_type": "Block Party",
        "event_agency": "Street Activity Permit Office",
        "event_location": " WEST  108 STREET between CENTRAL PARK WEST and MANHATTAN AVENUE",
        "event_borough": "Manhattan",
        "start_date": "2017-07-15T11:00:00.000",
        "end_date": "2017-07-15T18:00:00.000",
        "start_formatted": "July 15, 2017 11:00 AM",
        "end_formatted": "July 15, 2017 06:00 PM",
        "street_closure_type": "Full Street Closure ",
        "community_board": "7, ",
        "police_precinct": "24, "
      }
    },
    {
      "type": "Feature",
      "geometry": {
        "type": "Point",
        "coordinates": [
          -73.943351,
          40.6878
        ]
      },
      "properties": {
        "event_id": "338577",
        "event_name": "First Quincy Street Block Association Block Party",
        "event_type": "Block Party",
        "event_agency": "Street Activity Permit Office",
        "event_location": " QUINCY STREET between TOMPKINS AVENUE and THROOP AVENUE",
        "event_borough": "Brooklyn",
        "start_date": "2017-07-15T11:00:00.000",
        "end_date": "2017-07-15T18:00:00.000",
        "start_formatted": "July 15, 2017 11:00 AM",
        "end_formatted": "July 15, 2017 06:00 PM",
        "street_closure_type": "Full Street Closure ",
        "community_board": "3, ",
        "police_precinct": "79, "
      }
    },
    {
      "type": "Feature",
      "geometry": {
        "type": "Point",
        "coordinates": [
          -73.9570585,
          40.6880965
        ]
      },
      "properties": {
        "event_id": "332776",
        "event_name": "Franklin Ave Block Party",
        "event_type": "Block Party",
        "event_agency": "Street Activity Permit Office",
        "event_location": " FRANKLIN AVENUE between CLIFTON PLACE and GREENE AVENUE",
        "event_borough": "Brooklyn",
        "start_date": "2017-07-15T11:00:00.000",
        "end_date": "2017-07-15T19:00:00.000",
        "start_formatted": "July 15, 2017 11:00 AM",
        "end_formatted": "July 15, 2017 07:00 PM",
        "street_closure_type": "Full Street Closure ",
        "community_board": "3, ",
        "police_precinct": "79, "
      }
    },
    {
      "type": "Feature",
      "geometry": {
        "type": "Point",
        "coordinates": [
          -73.883793,
          40.6686735
        ]
      },
      "properties": {
        "event_id": "332233",
        "event_name": "Block Party",
        "event_type": "Block Party",
        "event_agency": "Street Activity Permit Office",
        "event_location": " ASHFORD STREET between DUMONT AVENUE and BLAKE AVENUE",
        "event_borough": "Brooklyn",
        "start_date": "2017-07-15T11:00:00.000",
        "end_date": "2017-07-15T20:00:00.000",
        "start_formatted": "July 15, 2017 11:00 AM",
        "end_formatted": "July 15, 2017 08:00 PM",
        "street_closure_type": "Full Street Closure ",
        "community_board": "5, ",
        "police_precinct": "75, "
      }
    },
    {
      "type": "Feature",
      "geometry": {
        "type": "Point",
        "coordinates": [
          -73.91928949999999,
          40.7030575
        ]
      },
      "properties": {
        "event_id": "351746",
        "event_name": "Stockholm Street Block Party",
        "event_type": "Block Party",
        "event_agency": "Street Activity Permit Office",
        "event_location": " STOCKHOLM STREET between IRVING AVENUE and WYCKOFF AVENUE",
        "event_borough": "Brooklyn",
        "start_date": "2017-07-15T11:00:00.000",
        "end_date": "2017-07-15T20:00:00.000",
        "start_formatted": "July 15, 2017 11:00 AM",
        "end_formatted": "July 15, 2017 08:00 PM",
        "street_closure_type": "Full Street Closure ",
        "community_board": "4, ",
        "police_precinct": "83, "
      }
    },
    {
      "type": "Feature",
      "geometry": {
        "type": "Point",
        "coordinates": [
          -73.940951,
          40.6903225
        ]
      },
      "properties": {
        "event_id": "339812",
        "event_name": "Van Beautiful Block Association Family Fun Day",
        "event_type": "Block Party",
        "event_agency": "Street Activity Permit Office",
        "event_location": " VAN BUREN STREET between THROOP AVENUE and MARCUS GARVEY BOULEVARD",
        "event_borough": "Brooklyn",
        "start_date": "2017-07-15T11:00:00.000",
        "end_date": "2017-07-15T17:00:00.000",
        "start_formatted": "July 15, 2017 11:00 AM",
        "end_formatted": "July 15, 2017 05:00 PM",
        "street_closure_type": "Full Street Closure ",
        "community_board": "3, ",
        "police_precinct": "79, "
      }
    },
    {
      "type": "Feature",
      "geometry": {
        "type": "Point",
        "coordinates": [
          -73.93033,
          40.681804
        ]
      },
      "properties": {
        "event_id": "300931",
        "event_name": "Annual Block Party",
        "event_type": "Block Party",
        "event_agency": "Street Activity Permit Office",
        "event_location": " DECATUR STREET between STUYVESANT AVENUE and MALCOLM X BOULEVARD",
        "event_borough": "Brooklyn",
        "start_date": "2017-07-15T11:00:00.000",
        "end_date": "2017-07-15T20:00:00.000",
        "start_formatted": "July 15, 2017 11:00 AM",
        "end_formatted": "July 15, 2017 08:00 PM",
        "street_closure_type": "Full Street Closure ",
        "community_board": "3, ",
        "police_precinct": "81, "
      }
    },
    {
      "type": "Feature",
      "geometry": {
        "type": "Point",
        "coordinates": [
          -73.9575765,
          40.66775
        ]
      },
      "properties": {
        "event_id": "333997",
        "event_name": "Carroll Street Block Party",
        "event_type": "Block Party",
        "event_agency": "Street Activity Permit Office",
        "event_location": " CARROLL STREET between BEDFORD AVENUE and FRANKLIN AVENUE",
        "event_borough": "Brooklyn",
        "start_date": "2017-07-15T11:00:00.000",
        "end_date": "2017-07-15T19:00:00.000",
        "start_formatted": "July 15, 2017 11:00 AM",
        "end_formatted": "July 15, 2017 07:00 PM",
        "street_closure_type": "Full Street Closure ",
        "community_board": "9, ",
        "police_precinct": "71, "
      }
    },
    {
      "type": "Feature",
      "geometry": {
        "type": "Point",
        "coordinates": [
          -73.98624849999999,
          40.718671
        ]
      },
      "properties": {
        "event_id": "354012",
        "event_name": "HDI 2017 STREET FAIR",
        "event_type": "Block Party",
        "event_agency": "Street Activity Permit Office",
        "event_location": " SUFFOLK STREET between DELANCY STREET and RIVINGTON STREET",
        "event_borough": "Manhattan",
        "start_date": "2017-07-15T11:00:00.000",
        "end_date": "2017-07-15T17:00:00.000",
        "start_formatted": "July 15, 2017 11:00 AM",
        "end_formatted": "July 15, 2017 05:00 PM",
        "street_closure_type": "Full Street Closure ",
        "community_board": "3, ",
        "police_precinct": "7, "
      }
    },
    {
      "type": "Feature",
      "geometry": {
        "type": "Point",
        "coordinates": [
          -73.795954,
          40.681737
        ]
      },
      "properties": {
        "event_id": "328386",
        "event_name": "116 AVENUE BLOCK ASSOCIATION FAMILY FUN DAY",
        "event_type": "Block Party",
        "event_agency": "Street Activity Permit Office",
        "event_location": " 116 AVENUE between 146 STREET and INWOOD STREET",
        "event_borough": "Queens",
        "start_date": "2017-07-15T10:30:00.000",
        "end_date": "2017-07-15T18:30:00.000",
        "start_formatted": "July 15, 2017 10:30 AM",
        "end_formatted": "July 15, 2017 06:30 PM",
        "street_closure_type": "Sidewalk and Street Closure ",
        "community_board": "12, ",
        "police_precinct": "113, "
      }
    },
    {
      "type": "Feature",
      "geometry": {
        "type": "Point",
        "coordinates": [
          -73.913275,
          40.6642985
        ]
      },
      "properties": {
        "event_id": "329258",
        "event_name": "Amboy Street Association Annual Block Party",
        "event_type": "Block Party",
        "event_agency": "Street Activity Permit Office",
        "event_location": " AMBOY STREET between BLAKE AVENUE and DUMONT AVENUE",
        "event_borough": "Brooklyn",
        "start_date": "2017-07-15T10:00:00.000",
        "end_date": "2017-07-15T18:00:00.000",
        "start_formatted": "July 15, 2017 10:00 AM",
        "end_formatted": "July 15, 2017 06:00 PM",
        "street_closure_type": "Sidewalk and Street Closure ",
        "community_board": "16, ",
        "police_precinct": "73, "
      }
    },
    {
      "type": "Feature",
      "geometry": {
        "type": "Point",
        "coordinates": [
          -73.85373899999999,
          40.8848355
        ]
      },
      "properties": {
        "event_id": "342031",
        "event_name": "Community Day",
        "event_type": "Block Party",
        "event_agency": "Street Activity Permit Office",
        "event_location": " EAST  224 STREET between BRONXWOOD AVENUE and PAULDING AVENUE",
        "event_borough": "Bronx",
        "start_date": "2017-07-15T10:00:00.000",
        "end_date": "2017-07-15T18:00:00.000",
        "start_formatted": "July 15, 2017 10:00 AM",
        "end_formatted": "July 15, 2017 06:00 PM",
        "street_closure_type": "Full Street Closure ",
        "community_board": "12, ",
        "police_precinct": "47, "
      }
    },
    {
      "type": "Feature",
      "geometry": {
        "type": "Point",
        "coordinates": [
          -73.9278735,
          40.607777999999996
        ]
      },
      "properties": {
        "event_id": "335909",
        "event_name": "Block Party",
        "event_type": "Block Party",
        "event_agency": "Street Activity Permit Office",
        "event_location": " EAST   37 STREET between AVENUE T and AVENUE U",
        "event_borough": "Brooklyn",
        "start_date": "2017-07-15T10:00:00.000",
        "end_date": "2017-07-15T18:00:00.000",
        "start_formatted": "July 15, 2017 10:00 AM",
        "end_formatted": "July 15, 2017 06:00 PM",
        "street_closure_type": "Full Street Closure ",
        "community_board": "18, ",
        "police_precinct": "63, "
      }
    },
    {
      "type": "Feature",
      "geometry": {
        "type": "Point",
        "coordinates": [
          -73.9362565,
          40.6164005
        ]
      },
      "properties": {
        "event_id": "329708",
        "event_name": "East 38th St. Block Party",
        "event_type": "Block Party",
        "event_agency": "Street Activity Permit Office",
        "event_location": " EAST   38 STREET between AVENUE P and QUENTIN ROAD",
        "event_borough": "Brooklyn",
        "start_date": "2017-07-15T10:00:00.000",
        "end_date": "2017-07-15T18:00:00.000",
        "start_formatted": "July 15, 2017 10:00 AM",
        "end_formatted": "July 15, 2017 06:00 PM",
        "street_closure_type": "Full Street Closure ",
        "community_board": "18, ",
        "police_precinct": "63, "
      }
    },
    {
      "type": "Feature",
      "geometry": {
        "type": "Point",
        "coordinates": [
          -73.92051000000001,
          40.842259
        ]
      },
      "properties": {
        "event_id": "344225",
        "event_name": "5th annual BBQ fun time",
        "event_type": "Block Party",
        "event_agency": "Street Activity Permit Office",
        "event_location": " JESUP PLACE between SHAKESPEARE AVENUE and JESUP AVENUE",
        "event_borough": "Bronx",
        "start_date": "2017-07-15T10:00:00.000",
        "end_date": "2017-07-15T19:00:00.000",
        "start_formatted": "July 15, 2017 10:00 AM",
        "end_formatted": "July 15, 2017 07:00 PM",
        "street_closure_type": "Full Street Closure ",
        "community_board": "4, ",
        "police_precinct": "44, "
      }
    },
    {
      "type": "Feature",
      "geometry": {
        "type": "Point",
        "coordinates": [
          -73.955075,
          40.6665225
        ]
      },
      "properties": {
        "event_id": "328979",
        "event_name": "Crown Street Block Party",
        "event_type": "Block Party",
        "event_agency": "Street Activity Permit Office",
        "event_location": " CROWN STREET between BEDFORD AVENUE and ROGERS AVENUE",
        "event_borough": "Brooklyn",
        "start_date": "2017-07-15T10:00:00.000",
        "end_date": "2017-07-15T18:00:00.000",
        "start_formatted": "July 15, 2017 10:00 AM",
        "end_formatted": "July 15, 2017 06:00 PM",
        "street_closure_type": "Full Street Closure ",
        "community_board": "9, ",
        "police_precinct": "71, "
      }
    },
    {
      "type": "Feature",
      "geometry": {
        "type": "Point",
        "coordinates": [
          -73.9096745,
          40.6536785
        ]
      },
      "properties": {
        "event_id": "335765",
        "event_name": "Annual Block Party",
        "event_type": "Block Party",
        "event_agency": "Street Activity Permit Office",
        "event_location": " THOMAS S BOYLAND STREET between LINDEN BOULEVARD and EAST   98 STREET",
        "event_borough": "Brooklyn",
        "start_date": "2017-07-15T09:00:00.000",
        "end_date": "2017-07-15T17:00:00.000",
        "start_formatted": "July 15, 2017 09:00 AM",
        "end_formatted": "July 15, 2017 05:00 PM",
        "street_closure_type": "Full Street Closure ",
        "community_board": "16, ",
        "police_precinct": "73, "
      }
    },
    {
      "type": "Feature",
      "geometry": {
        "type": "Point",
        "coordinates": [
          -73.90526,
          40.6557775
        ]
      },
      "properties": {
        "event_id": "315249",
        "event_name": "Osborne Street Annual block Party",
        "event_type": "Block Party",
        "event_agency": "Street Activity Permit Office",
        "event_location": " OSBORNE STREET between HEGEMAN AVENUE and LINDEN BOULEVARD",
        "event_borough": "Brooklyn",
        "start_date": "2017-07-15T09:00:00.000",
        "end_date": "2017-07-15T17:00:00.000",
        "start_formatted": "July 15, 2017 09:00 AM",
        "end_formatted": "July 15, 2017 05:00 PM",
        "street_closure_type": "Full Street Closure ",
        "community_board": "16, ",
        "police_precinct": "73, "
      }
    },
    {
      "type": "Feature",
      "geometry": {
        "type": "Point",
        "coordinates": [
          -73.9361675,
          40.6961195
        ]
      },
      "properties": {
        "event_id": "332616",
        "event_name": "Block Party",
        "event_type": "Block Party",
        "event_agency": "Street Activity Permit Office",
        "event_location": " VERNON AVENUE between STUYVESANT AVENUE and LEWIS AVENUE",
        "event_borough": "Brooklyn",
        "start_date": "2017-07-15T09:00:00.000",
        "end_date": "2017-07-15T18:00:00.000",
        "start_formatted": "July 15, 2017 09:00 AM",
        "end_formatted": "July 15, 2017 06:00 PM",
        "street_closure_type": "Full Street Closure ",
        "community_board": "3, ",
        "police_precinct": "81, "
      }
    },
    {
      "type": "Feature",
      "geometry": {
        "type": "Point",
        "coordinates": [
          -74.1177705,
          40.638762
        ]
      },
      "properties": {
        "event_id": "328872",
        "event_name": "16th Annual West Brighton Harmony Day",
        "event_type": "Block Party",
        "event_agency": "Street Activity Permit Office",
        "event_location": " BROADWAY between RICHMOND TERRACE and HENDERSON AVENUE",
        "event_borough": "Staten Island",
        "start_date": "2017-07-15T09:00:00.000",
        "end_date": "2017-07-15T17:00:00.000",
        "start_formatted": "July 15, 2017 09:00 AM",
        "end_formatted": "July 15, 2017 05:00 PM",
        "street_closure_type": "Full Street Closure ",
        "community_board": "1, ",
        "police_precinct": "120, "
      }
    },
    {
      "type": "Feature",
      "geometry": {
        "type": "Point",
        "coordinates": [
          -73.9309145,
          40.684734500000005
        ]
      },
      "properties": {
        "event_id": "329379",
        "event_name": "Hancock Street Community Block Party",
        "event_type": "Block Party",
        "event_agency": "Street Activity Permit Office",
        "event_location": " HANCOCK STREET between MALCOLM X BOULEVARD and STUYVESANT AVENUE",
        "event_borough": "Brooklyn",
        "start_date": "2017-07-15T09:00:00.000",
        "end_date": "2017-07-15T18:00:00.000",
        "start_formatted": "July 15, 2017 09:00 AM",
        "end_formatted": "July 15, 2017 06:00 PM",
        "street_closure_type": "Full Street Closure ",
        "community_board": "3, ",
        "police_precinct": "81, "
      }
    },
    {
      "type": "Feature",
      "geometry": {
        "type": "Point",
        "coordinates": [
          -73.8664225,
          40.664823999999996
        ]
      },
      "properties": {
        "event_id": "345667",
        "event_name": "Mr. Wills Day",
        "event_type": "Block Party",
        "event_agency": "Street Activity Permit Office",
        "event_location": " HEMLOCK STREET between STANLEY AVENUE and WORTMAN AVENUE",
        "event_borough": "Brooklyn",
        "start_date": "2017-07-14T12:00:00.000",
        "end_date": "2017-07-14T20:30:00.000",
        "start_formatted": "July 14, 2017 12:00 PM",
        "end_formatted": "July 14, 2017 08:30 PM",
        "street_closure_type": "Full Street Closure ",
        "community_board": "5, ",
        "police_precinct": "75, "
      }
    },
    {
      "type": "Feature",
      "geometry": {
        "type": "Point",
        "coordinates": [
          -73.8511035,
          40.7291705
        ]
      },
      "properties": {
        "event_id": "348380",
        "event_name": "Appreciation BBQ",
        "event_type": "Block Party",
        "event_agency": "Street Activity Permit Office",
        "event_location": " 103 STREET between 66 ROAD and 66 AVENUE",
        "event_borough": "Queens",
        "start_date": "2017-07-14T11:00:00.000",
        "end_date": "2017-07-14T18:00:00.000",
        "start_formatted": "July 14, 2017 11:00 AM",
        "end_formatted": "July 14, 2017 06:00 PM",
        "street_closure_type": "Full Street Closure ",
        "community_board": "6, ",
        "police_precinct": "112, "
      }
    },
    {
      "type": "Feature",
      "geometry": {
        "type": "Point",
        "coordinates": [
          -73.756123,
          40.682114
        ]
      },
      "properties": {
        "event_id": "346341",
        "event_name": "Vacation Bible School Extravaganza",
        "event_type": "Block Party",
        "event_agency": "Street Activity Permit Office",
        "event_location": " GRAYSON STREET between NASHVILLE BOULEVARD and WILLIAMSON AVENUE",
        "event_borough": "Queens",
        "start_date": "2017-07-14T09:00:00.000",
        "end_date": "2017-07-14T16:30:00.000",
        "start_formatted": "July 14, 2017 09:00 AM",
        "end_formatted": "July 14, 2017 04:30 PM",
        "street_closure_type": "Sidewalk and Street Closure ",
        "community_board": "12, ",
        "police_precinct": "113, "
      }
    },
    {
      "type": "Feature",
      "geometry": {
        "type": "Point",
        "coordinates": [
          -73.915022,
          40.8238425
        ]
      },
      "properties": {
        "event_id": "350695",
        "event_name": "Community Celebration",
        "event_type": "Block Party",
        "event_agency": "Street Activity Permit Office",
        "event_location": " EAST  160 STREET between MELROSE AVENUE and COURTLANDT AVENUE",
        "event_borough": "Bronx",
        "start_date": "2017-07-12T12:00:00.000",
        "end_date": "2017-07-12T16:00:00.000",
        "start_formatted": "July 12, 2017 12:00 PM",
        "end_formatted": "July 12, 2017 04:00 PM",
        "street_closure_type": "Full Street Closure ",
        "community_board": "3, ",
        "police_precinct": "42, "
      }
    },
    {
      "type": "Feature",
      "geometry": {
        "type": "Point",
        "coordinates": [
          -73.87374700000001,
          40.748577
        ]
      },
      "properties": {
        "event_id": "343351",
        "event_name": "The 6th Trans-Latina March",
        "event_type": "Block Party",
        "event_agency": "Street Activity Permit Office",
        "event_location": " ASKE STREET between ROOSEVELT AVENUE and WHITNEY AVENUE",
        "event_borough": "Queens",
        "start_date": "2017-07-10T12:00:00.000",
        "end_date": "2017-07-10T18:00:00.000",
        "start_formatted": "July 10, 2017 12:00 PM",
        "end_formatted": "July 10, 2017 06:00 PM",
        "street_closure_type": "Full Street Closure ",
        "community_board": "3, 4, ",
        "police_precinct": "110, 115, "
      }
    },
    {
      "type": "Feature",
      "geometry": {
        "type": "Point",
        "coordinates": [
          -73.90830349999999,
          40.651855
        ]
      },
      "properties": {
        "event_id": "333368",
        "event_name": "Steel Horses BLOCK PARTY",
        "event_type": "Block Party",
        "event_agency": "Street Activity Permit Office",
        "event_location": " E  98  STREET between DITMAS  AVENUE and DEAD  END",
        "event_borough": "Brooklyn",
        "start_date": "2017-07-09T12:00:00.000",
        "end_date": "2017-07-09T19:00:00.000",
        "start_formatted": "July 09, 2017 12:00 PM",
        "end_formatted": "July 09, 2017 07:00 PM",
        "street_closure_type": "Partial Sidewalk Closure ",
        "community_board": "16, 17, ",
        "police_precinct": "67, 73, "
      }
    },
    {
      "type": "Feature",
      "geometry": {
        "type": "Point",
        "coordinates": [
          -73.882164,
          40.668915
        ]
      },
      "properties": {
        "event_id": "340438",
        "event_name": "ANNUAL BBQ",
        "event_type": "Block Party",
        "event_agency": "Street Activity Permit Office",
        "event_location": " ELTON STREET between DUMONT AVENUE and BLAKE AVENUE",
        "event_borough": "Brooklyn",
        "start_date": "2017-07-09T12:00:00.000",
        "end_date": "2017-07-09T20:00:00.000",
        "start_formatted": "July 09, 2017 12:00 PM",
        "end_formatted": "July 09, 2017 08:00 PM",
        "street_closure_type": "Full Street Closure ",
        "community_board": "5, ",
        "police_precinct": "75, "
      }
    },
    {
      "type": "Feature",
      "geometry": {
        "type": "Point",
        "coordinates": [
          -73.8215395,
          40.688117500000004
        ]
      },
      "properties": {
        "event_id": "359926",
        "event_name": "EID Celebration",
        "event_type": "Block Party",
        "event_agency": "Street Activity Permit Office",
        "event_location": " 123 STREET between 103 AVENUE and LIBERTY AVENUE",
        "event_borough": "Queens",
        "start_date": "2017-07-09T12:00:00.000",
        "end_date": "2017-07-09T18:00:00.000",
        "start_formatted": "July 09, 2017 12:00 PM",
        "end_formatted": "July 09, 2017 06:00 PM",
        "street_closure_type": "Full Street Closure ",
        "community_board": "10, ",
        "police_precinct": "106, "
      }
    },
    {
      "type": "Feature",
      "geometry": {
        "type": "Point",
        "coordinates": [
          -73.9473585,
          40.706931499999996
        ]
      },
      "properties": {
        "event_id": "338395",
        "event_name": "CANDY KID SOFTBALL",
        "event_type": "Block Party",
        "event_agency": "Street Activity Permit Office",
        "event_location": " MONTROSE AVENUE between LORIMER STREET and LEONARD STREET",
        "event_borough": "Brooklyn",
        "start_date": "2017-07-09T11:00:00.000",
        "end_date": "2017-07-09T20:00:00.000",
        "start_formatted": "July 09, 2017 11:00 AM",
        "end_formatted": "July 09, 2017 08:00 PM",
        "street_closure_type": "Full Street Closure ",
        "community_board": "1, ",
        "police_precinct": "90, "
      }
    },
    {
      "type": "Feature",
      "geometry": {
        "type": "Point",
        "coordinates": [
          -73.943243,
          40.673044
        ]
      },
      "properties": {
        "event_id": "339810",
        "event_name": "One Crown Heights Festival",
        "event_type": "Block Party",
        "event_agency": "Street Activity Permit Office",
        "event_location": " PARK PLACE between BROOKLYN AVENUE and KINGSTON AVENUE",
        "event_borough": "Brooklyn",
        "start_date": "2017-07-09T10:00:00.000",
        "end_date": "2017-07-09T17:00:00.000",
        "start_formatted": "July 09, 2017 10:00 AM",
        "end_formatted": "July 09, 2017 05:00 PM",
        "street_closure_type": "Full Street Closure ",
        "community_board": "8, ",
        "police_precinct": "77, "
      }
    },
    {
      "type": "Feature",
      "geometry": {
        "type": "Point",
        "coordinates": [
          -73.77539949999999,
          40.731938
        ]
      },
      "properties": {
        "event_id": "335855",
        "event_name": "196th Street Homeowners Block Party",
        "event_type": "Block Party",
        "event_agency": "Street Activity Permit Office",
        "event_location": " 196 STREET between UNION TURNPIKE and 75 AVENUE",
        "event_borough": "Queens",
        "start_date": "2017-07-08T13:00:00.000",
        "end_date": "2017-07-08T20:00:00.000",
        "start_formatted": "July 08, 2017 01:00 PM",
        "end_formatted": "July 08, 2017 08:00 PM",
        "street_closure_type": "Full Street Closure ",
        "community_board": "8, ",
        "police_precinct": "107, "
      }
    },
    {
      "type": "Feature",
      "geometry": {
        "type": "Point",
        "coordinates": [
          -73.898404,
          40.7238315
        ]
      },
      "properties": {
        "event_id": "349243",
        "event_name": "66 block party",
        "event_type": "Block Party",
        "event_agency": "Street Activity Permit Office",
        "event_location": " 66 STREET between GRAND AVENUE and 58 AVENUE",
        "event_borough": "Queens",
        "start_date": "2017-07-08T12:30:00.000",
        "end_date": "2017-07-08T20:30:00.000",
        "start_formatted": "July 08, 2017 12:30 PM",
        "end_formatted": "July 08, 2017 08:30 PM",
        "street_closure_type": "Full Street Closure ",
        "community_board": "5, ",
        "police_precinct": "104, "
      }
    },
    {
      "type": "Feature",
      "geometry": {
        "type": "Point",
        "coordinates": [
          -73.9579985,
          40.6549445
        ]
      },
      "properties": {
        "event_id": "340885",
        "event_name": "Clarkson Avenue Block Party Flat to Bed",
        "event_type": "Block Party",
        "event_agency": "Street Activity Permit Office",
        "event_location": " CLARKSON  AVENUE between BEDFORD  AVENUE and FLATBUSH  AVENUE",
        "event_borough": "Brooklyn",
        "start_date": "2017-07-08T12:00:00.000",
        "end_date": "2017-07-08T19:00:00.000",
        "start_formatted": "July 08, 2017 12:00 PM",
        "end_formatted": "July 08, 2017 07:00 PM",
        "street_closure_type": "Full Street Closure ",
        "community_board": "14, 17, 9, ",
        "police_precinct": "67, 70, 71, "
      }
    },
    {
      "type": "Feature",
      "geometry": {
        "type": "Point",
        "coordinates": [
          -74.179341,
          40.5534345
        ]
      },
      "properties": {
        "event_id": "341866",
        "event_name": "Ludlow Street Block Party",
        "event_type": "Block Party",
        "event_agency": "Street Activity Permit Office",
        "event_location": " LUDLOW STREET between WOEHRLE AVENUE and MCARTHUR AVENUE",
        "event_borough": "Staten Island",
        "start_date": "2017-07-08T12:00:00.000",
        "end_date": "2017-07-08T21:00:00.000",
        "start_formatted": "July 08, 2017 12:00 PM",
        "end_formatted": "July 08, 2017 09:00 PM",
        "street_closure_type": "Full Street Closure ",
        "community_board": "3, ",
        "police_precinct": "123, "
      }
    },
    {
      "type": "Feature",
      "geometry": {
        "type": "Point",
        "coordinates": [
          -74.08879,
          40.606132
        ]
      },
      "properties": {
        "event_id": "344602",
        "event_name": "Britton Block Party",
        "event_type": "Block Party",
        "event_agency": "Street Activity Permit Office",
        "event_location": " BRITTON AVENUE between BALTIC AVENUE and CLOVE ROAD",
        "event_borough": "Staten Island",
        "start_date": "2017-07-08T12:00:00.000",
        "end_date": "2017-07-08T21:00:00.000",
        "start_formatted": "July 08, 2017 12:00 PM",
        "end_formatted": "July 08, 2017 09:00 PM",
        "street_closure_type": "Sidewalk and Street Closure ",
        "community_board": "2, ",
        "police_precinct": "122, "
      }
    },
    {
      "type": "Feature",
      "geometry": {
        "type": "Point",
        "coordinates": [
          -73.9772385,
          40.681169
        ]
      },
      "properties": {
        "event_id": "351894",
        "event_name": "EMCON Pharmacy 30th Anniversary",
        "event_type": "Block Party",
        "event_agency": "Street Activity Permit Office",
        "event_location": " 5 AVENUE between BERGEN STREET and ST MARKS AVENUE",
        "event_borough": "Brooklyn",
        "start_date": "2017-07-08T12:00:00.000",
        "end_date": "2017-07-08T18:00:00.000",
        "start_formatted": "July 08, 2017 12:00 PM",
        "end_formatted": "July 08, 2017 06:00 PM",
        "street_closure_type": "Partial Sidewalk Closure ",
        "community_board": "6, ",
        "police_precinct": "78, "
      }
    },
    {
      "type": "Feature",
      "geometry": {
        "type": "Point",
        "coordinates": [
          -74.175986,
          40.527913
        ]
      },
      "properties": {
        "event_id": "354655",
        "event_name": "Block Party",
        "event_type": "Block Party",
        "event_agency": "Street Activity Permit Office",
        "event_location": " ALLEGRO STREET between POILLON AVENUE and PHILIP AVENUE",
        "event_borough": "Staten Island",
        "start_date": "2017-07-08T12:00:00.000",
        "end_date": "2017-07-08T21:00:00.000",
        "start_formatted": "July 08, 2017 12:00 PM",
        "end_formatted": "July 08, 2017 09:00 PM",
        "street_closure_type": "Curb Lane Only",
        "community_board": "3, ",
        "police_precinct": "123, "
      }
    },
    {
      "type": "Feature",
      "geometry": {
        "type": "Point",
        "coordinates": [
          -73.8476805,
          40.8410565
        ]
      },
      "properties": {
        "event_id": "339899",
        "event_name": "Carnival of Love",
        "event_type": "Block Party",
        "event_agency": "Street Activity Permit Office",
        "event_location": " ST RAYMOND AVENUE between ST PETERS AVENUE and MARVIN PLACE",
        "event_borough": "Bronx",
        "start_date": "2017-07-08T12:00:00.000",
        "end_date": "2017-07-08T18:00:00.000",
        "start_formatted": "July 08, 2017 12:00 PM",
        "end_formatted": "July 08, 2017 06:00 PM",
        "street_closure_type": "Full Street Closure ",
        "community_board": "10, ",
        "police_precinct": "45, "
      }
    },
    {
      "type": "Feature",
      "geometry": {
        "type": "Point",
        "coordinates": [
          -73.89127199999999,
          40.699237
        ]
      },
      "properties": {
        "event_id": "332704",
        "event_name": "64th Place Block Party",
        "event_type": "Block Party",
        "event_agency": "Street Activity Permit Office",
        "event_location": " 64 PLACE between 74 AVENUE and COOPER AVENUE",
        "event_borough": "Queens",
        "start_date": "2017-07-08T12:00:00.000",
        "end_date": "2017-07-08T21:00:00.000",
        "start_formatted": "July 08, 2017 12:00 PM",
        "end_formatted": "July 08, 2017 09:00 PM",
        "street_closure_type": "Sidewalk and Street Closure ",
        "community_board": "5, ",
        "police_precinct": "104, "
      }
    },
    {
      "type": "Feature",
      "geometry": {
        "type": "Point",
        "coordinates": [
          -74.11394849999999,
          40.632044
        ]
      },
      "properties": {
        "event_id": "344517",
        "event_name": "The Great North Burgher Ave Block Party",
        "event_type": "Block Party",
        "event_agency": "Street Activity Permit Office",
        "event_location": " NORTH BURGHER AVENUE between DELAFIELD AVENUE and CARY AVENUE",
        "event_borough": "Staten Island",
        "start_date": "2017-07-08T12:00:00.000",
        "end_date": "2017-07-08T21:00:00.000",
        "start_formatted": "July 08, 2017 12:00 PM",
        "end_formatted": "July 08, 2017 09:00 PM",
        "street_closure_type": "Full Street Closure ",
        "community_board": "1, ",
        "police_precinct": "120, "
      }
    },
    {
      "type": "Feature",
      "geometry": {
        "type": "Point",
        "coordinates": [
          -73.82282599999999,
          40.836428999999995
        ]
      },
      "properties": {
        "event_id": "345110",
        "event_name": "Ellsworth Avenue 7th Avenue Block Party",
        "event_type": "Block Party",
        "event_agency": "Street Activity Permit Office",
        "event_location": " ELLSWORTH AVENUE between FAIRMOUNT AVENUE and BAISLEY AVENUE",
        "event_borough": "Bronx",
        "start_date": "2017-07-08T12:00:00.000",
        "end_date": "2017-07-08T21:00:00.000",
        "start_formatted": "July 08, 2017 12:00 PM",
        "end_formatted": "July 08, 2017 09:00 PM",
        "street_closure_type": "Full Street Closure ",
        "community_board": "10, ",
        "police_precinct": "45, "
      }
    },
    {
      "type": "Feature",
      "geometry": {
        "type": "Point",
        "coordinates": [
          -73.8725025,
          40.6746605
        ]
      },
      "properties": {
        "event_id": "315378",
        "event_name": "Bel-Pit block party",
        "event_type": "Block Party",
        "event_agency": "Street Activity Permit Office",
        "event_location": " DOSCHER STREET between PITKIN AVENUE and BELMONT AVENUE",
        "event_borough": "Brooklyn",
        "start_date": "2017-07-08T11:00:00.000",
        "end_date": "2017-07-08T20:00:00.000",
        "start_formatted": "July 08, 2017 11:00 AM",
        "end_formatted": "July 08, 2017 08:00 PM",
        "street_closure_type": "Full Street Closure ",
        "community_board": "5, ",
        "police_precinct": "75, "
      }
    },
    {
      "type": "Feature",
      "geometry": {
        "type": "Point",
        "coordinates": [
          -73.984767,
          40.66506
        ]
      },
      "properties": {
        "event_id": "340018",
        "event_name": "13th street block party",
        "event_type": "Block Party",
        "event_agency": "Street Activity Permit Office",
        "event_location": " 13 STREET between 6 AVENUE and 7 AVENUE",
        "event_borough": "Brooklyn",
        "start_date": "2017-07-08T11:00:00.000",
        "end_date": "2017-07-08T20:00:00.000",
        "start_formatted": "July 08, 2017 11:00 AM",
        "end_formatted": "July 08, 2017 08:00 PM",
        "street_closure_type": "Full Street Closure ",
        "community_board": "6, ",
        "police_precinct": "78, "
      }
    },
    {
      "type": "Feature",
      "geometry": {
        "type": "Point",
        "coordinates": [
          -73.8364445,
          40.685843500000004
        ]
      },
      "properties": {
        "event_id": "338213",
        "event_name": "Annual Block Party",
        "event_type": "Block Party",
        "event_agency": "Street Activity Permit Office",
        "event_location": " 106 STREET between 101 AVENUE and 103 AVENUE",
        "event_borough": "Queens",
        "start_date": "2017-07-08T11:00:00.000",
        "end_date": "2017-07-08T19:00:00.000",
        "start_formatted": "July 08, 2017 11:00 AM",
        "end_formatted": "July 08, 2017 07:00 PM",
        "street_closure_type": "Full Street Closure ",
        "community_board": "9, ",
        "police_precinct": "102, "
      }
    },
    {
      "type": "Feature",
      "geometry": {
        "type": "Point",
        "coordinates": [
          -73.91408849999999,
          40.6976175
        ]
      },
      "properties": {
        "event_id": "349866",
        "event_name": "GATES AVENUE",
        "event_type": "Block Party",
        "event_agency": "Street Activity Permit Office",
        "event_location": " GATES AVENUE between IRVING AVENUE and KNICKERBOCKER AVENUE",
        "event_borough": "Brooklyn",
        "start_date": "2017-07-08T11:00:00.000",
        "end_date": "2017-07-08T20:00:00.000",
        "start_formatted": "July 08, 2017 11:00 AM",
        "end_formatted": "July 08, 2017 08:00 PM",
        "street_closure_type": "Full Street Closure ",
        "community_board": "4, ",
        "police_precinct": "83, "
      }
    },
    {
      "type": "Feature",
      "geometry": {
        "type": "Point",
        "coordinates": [
          -73.868019,
          40.6940485
        ]
      },
      "properties": {
        "event_id": "348407",
        "event_name": "Block Party 4",
        "event_type": "Block Party",
        "event_agency": "Street Activity Permit Office",
        "event_location": " 85 ROAD between DEXTER COURT and 75 STREET",
        "event_borough": "Queens",
        "start_date": "2017-07-08T10:30:00.000",
        "end_date": "2017-07-08T18:30:00.000",
        "start_formatted": "July 08, 2017 10:30 AM",
        "end_formatted": "July 08, 2017 06:30 PM",
        "street_closure_type": "Full Street Closure ",
        "community_board": "9, ",
        "police_precinct": "102, "
      }
    },
    {
      "type": "Feature",
      "geometry": {
        "type": "Point",
        "coordinates": [
          -73.9381845,
          40.652351499999995
        ]
      },
      "properties": {
        "event_id": "315215",
        "event_name": "Cultural Day Festival",
        "event_type": "Block Party",
        "event_agency": "Street Activity Permit Office",
        "event_location": " EAST   42 STREET between CHURCH AVENUE and LINDEN BOULEVARD",
        "event_borough": "Brooklyn",
        "start_date": "2017-07-08T10:00:00.000",
        "end_date": "2017-07-08T18:00:00.000",
        "start_formatted": "July 08, 2017 10:00 AM",
        "end_formatted": "July 08, 2017 06:00 PM",
        "street_closure_type": "Full Street Closure ",
        "community_board": "17, ",
        "police_precinct": "67, "
      }
    },
    {
      "type": "Feature",
      "geometry": {
        "type": "Point",
        "coordinates": [
          -73.937614,
          40.628743
        ]
      },
      "properties": {
        "event_id": "337436",
        "event_name": "40th block party 4",
        "event_type": "Block Party",
        "event_agency": "Street Activity Permit Office",
        "event_location": " EAST   40 STREET between AVENUE I and AVENUE J",
        "event_borough": "Brooklyn",
        "start_date": "2017-07-08T10:00:00.000",
        "end_date": "2017-07-08T18:00:00.000",
        "start_formatted": "July 08, 2017 10:00 AM",
        "end_formatted": "July 08, 2017 06:00 PM",
        "street_closure_type": "Full Street Closure ",
        "community_board": "18, ",
        "police_precinct": "63, "
      }
    },
    {
      "type": "Feature",
      "geometry": {
        "type": "Point",
        "coordinates": [
          -73.93370250000001,
          40.6418665
        ]
      },
      "properties": {
        "event_id": "334148",
        "event_name": "Family Day Street Fair",
        "event_type": "Block Party",
        "event_agency": "Street Activity Permit Office",
        "event_location": " AVENUE D between EAST   45 STREET and EAST   46 STREET",
        "event_borough": "Brooklyn",
        "start_date": "2017-07-08T10:00:00.000",
        "end_date": "2017-07-08T18:00:00.000",
        "start_formatted": "July 08, 2017 10:00 AM",
        "end_formatted": "July 08, 2017 06:00 PM",
        "street_closure_type": "Full Street Closure ",
        "community_board": "17, ",
        "police_precinct": "67, "
      }
    },
    {
      "type": "Feature",
      "geometry": {
        "type": "Point",
        "coordinates": [
          -73.990595,
          40.722804
        ]
      },
      "properties": {
        "event_id": "332835",
        "event_name": "5th Annual Family Reunion",
        "event_type": "Block Party",
        "event_agency": "Street Activity Permit Office",
        "event_location": " FORSYTH STREET between EAST HOUSTON STREET and STANTON STREET",
        "event_borough": "Manhattan",
        "start_date": "2017-07-08T10:00:00.000",
        "end_date": "2017-07-08T18:00:00.000",
        "start_formatted": "July 08, 2017 10:00 AM",
        "end_formatted": "July 08, 2017 06:00 PM",
        "street_closure_type": "Full Sidewalk Closure ",
        "community_board": "3, ",
        "police_precinct": "5, "
      }
    },
    {
      "type": "Feature",
      "geometry": {
        "type": "Point",
        "coordinates": [
          -73.94126449999999,
          40.711139
        ]
      },
      "properties": {
        "event_id": "349453",
        "event_name": "Summerfest 2017",
        "event_type": "Block Party",
        "event_agency": "Street Activity Permit Office",
        "event_location": " MAUJER STREET between BUSHWICK AVENUE and HUMBOLDT STREET",
        "event_borough": "Brooklyn",
        "start_date": "2017-07-08T10:00:00.000",
        "end_date": "2017-07-08T17:00:00.000",
        "start_formatted": "July 08, 2017 10:00 AM",
        "end_formatted": "July 08, 2017 05:00 PM",
        "street_closure_type": "Full Street Closure ",
        "community_board": "1, ",
        "police_precinct": "90, "
      }
    },
    {
      "type": "Feature",
      "geometry": {
        "type": "Point",
        "coordinates": [
          -73.9296775,
          40.626881499999996
        ]
      },
      "properties": {
        "event_id": "325617",
        "event_name": "Block Party",
        "event_type": "Block Party",
        "event_agency": "Street Activity Permit Office",
        "event_location": " EAST   48 STREET between AVENUE J and AVENUE K",
        "event_borough": "Brooklyn",
        "start_date": "2017-07-08T10:00:00.000",
        "end_date": "2017-07-08T18:30:00.000",
        "start_formatted": "July 08, 2017 10:00 AM",
        "end_formatted": "July 08, 2017 06:30 PM",
        "street_closure_type": "Full Street Closure ",
        "community_board": "18, ",
        "police_precinct": "63, "
      }
    },
    {
      "type": "Feature",
      "geometry": {
        "type": "Point",
        "coordinates": [
          -73.9336145,
          40.6907935
        ]
      },
      "properties": {
        "event_id": "350271",
        "event_name": "57 annual family day",
        "event_type": "Block Party",
        "event_agency": "Street Activity Permit Office",
        "event_location": " STUYVESANT AVENUE between VAN BUREN STREET and GREENE AVENUE",
        "event_borough": "Brooklyn",
        "start_date": "2017-07-08T10:00:00.000",
        "end_date": "2017-07-08T18:00:00.000",
        "start_formatted": "July 08, 2017 10:00 AM",
        "end_formatted": "July 08, 2017 06:00 PM",
        "street_closure_type": "Full Street Closure ",
        "community_board": "3, ",
        "police_precinct": "81, "
      }
    },
    {
      "type": "Feature",
      "geometry": {
        "type": "Point",
        "coordinates": [
          -73.990956,
          40.720124999999996
        ]
      },
      "properties": {
        "event_id": "345821",
        "event_name": "Sea of Galilee Information Fair",
        "event_type": "Block Party",
        "event_agency": "Street Activity Permit Office",
        "event_location": " ELDRIDGE STREET between DELANCEY STREET and RIVINGTON STREET",
        "event_borough": "Manhattan",
        "start_date": "2017-07-08T10:00:00.000",
        "end_date": "2017-07-08T17:00:00.000",
        "start_formatted": "July 08, 2017 10:00 AM",
        "end_formatted": "July 08, 2017 05:00 PM",
        "street_closure_type": "Full Street Closure ",
        "community_board": "3, ",
        "police_precinct": "5, "
      }
    },
    {
      "type": "Feature",
      "geometry": {
        "type": "Point",
        "coordinates": [
          -73.912847,
          40.6815615
        ]
      },
      "properties": {
        "event_id": "334431",
        "event_name": "Marion Street Park Block Association Annual Block Party",
        "event_type": "Block Party",
        "event_agency": "Street Activity Permit Office",
        "event_location": " MARION STREET between ROCKAWAY AVENUE and THOMAS S BOYLAND STREET",
        "event_borough": "Brooklyn",
        "start_date": "2017-07-08T10:00:00.000",
        "end_date": "2017-07-08T18:00:00.000",
        "start_formatted": "July 08, 2017 10:00 AM",
        "end_formatted": "July 08, 2017 06:00 PM",
        "street_closure_type": "Full Street Closure ",
        "community_board": "16, ",
        "police_precinct": "73, "
      }
    },
    {
      "type": "Feature",
      "geometry": {
        "type": "Point",
        "coordinates": [
          -73.876958,
          40.67402
        ]
      },
      "properties": {
        "event_id": "327963",
        "event_name": "Friends and Family Day",
        "event_type": "Block Party",
        "event_agency": "Street Activity Permit Office",
        "event_location": " MILFORD STREET between PITKIN AVENUE and BELMONT AVENUE",
        "event_borough": "Brooklyn",
        "start_date": "2017-07-08T10:00:00.000",
        "end_date": "2017-07-08T18:00:00.000",
        "start_formatted": "July 08, 2017 10:00 AM",
        "end_formatted": "July 08, 2017 06:00 PM",
        "street_closure_type": "Full Street Closure ",
        "community_board": "5, ",
        "police_precinct": "75, "
      }
    },
    {
      "type": "Feature",
      "geometry": {
        "type": "Point",
        "coordinates": [
          -73.9746205,
          40.6971395
        ]
      },
      "properties": {
        "event_id": "340391",
        "event_name": "Cumberland Street Block Party",
        "event_type": "Block Party",
        "event_agency": "Street Activity Permit Office",
        "event_location": " CUMBERLAND STREET between PARK AVENUE and FLUSHING AVENUE",
        "event_borough": "Brooklyn",
        "start_date": "2017-07-08T09:30:00.000",
        "end_date": "2017-07-08T17:00:00.000",
        "start_formatted": "July 08, 2017 09:30 AM",
        "end_formatted": "July 08, 2017 05:00 PM",
        "street_closure_type": "Full Street Closure ",
        "community_board": "2, ",
        "police_precinct": "88, "
      }
    },
    {
      "type": "Feature",
      "geometry": {
        "type": "Point",
        "coordinates": [
          -73.90719899999999,
          40.675332
        ]
      },
      "properties": {
        "event_id": "339008",
        "event_name": "BLOCK PARTY",
        "event_type": "Block Party",
        "event_agency": "Street Activity Permit Office",
        "event_location": " PACIFIC STREET between EAST PARKWAY and SACKMAN STREET",
        "event_borough": "Brooklyn",
        "start_date": "2017-07-08T09:00:00.000",
        "end_date": "2017-07-08T17:00:00.000",
        "start_formatted": "July 08, 2017 09:00 AM",
        "end_formatted": "July 08, 2017 05:00 PM",
        "street_closure_type": "Full Sidewalk Closure ",
        "community_board": "16, ",
        "police_precinct": "73, "
      }
    },
    {
      "type": "Feature",
      "geometry": {
        "type": "Point",
        "coordinates": [
          -73.90849449999999,
          40.6533855
        ]
      },
      "properties": {
        "event_id": "331728",
        "event_name": "Bristol Street Block Party",
        "event_type": "Block Party",
        "event_agency": "Street Activity Permit Office",
        "event_location": " BRISTOL STREET between LINDEN BOULEVARD and DITMAS AVENUE",
        "event_borough": "Brooklyn",
        "start_date": "2017-07-08T09:00:00.000",
        "end_date": "2017-07-08T17:00:00.000",
        "start_formatted": "July 08, 2017 09:00 AM",
        "end_formatted": "July 08, 2017 05:00 PM",
        "street_closure_type": "Full Street Closure ",
        "community_board": "16, ",
        "police_precinct": "73, "
      }
    },
    {
      "type": "Feature",
      "geometry": {
        "type": "Point",
        "coordinates": [
          -73.9023465,
          40.857414
        ]
      },
      "properties": {
        "event_id": "340113",
        "event_name": "Block Party",
        "event_type": "Block Party",
        "event_agency": "Street Activity Permit Office",
        "event_location": " MORRIS AVENUE between EAST  182 STREET and EAST  183 STREET",
        "event_borough": "Bronx",
        "start_date": "2017-07-08T09:00:00.000",
        "end_date": "2017-07-08T16:00:00.000",
        "start_formatted": "July 08, 2017 09:00 AM",
        "end_formatted": "July 08, 2017 04:00 PM",
        "street_closure_type": "Sidewalk and Street Closure ",
        "community_board": "5, ",
        "police_precinct": "46, "
      }
    },
    {
      "type": "Feature",
      "geometry": {
        "type": "Point",
        "coordinates": [
          -73.9788495,
          40.639114500000005
        ]
      },
      "properties": {
        "event_id": "347304",
        "event_name": "Party",
        "event_type": "Block Party",
        "event_agency": "Street Activity Permit Office",
        "event_location": " MCDONALD AVENUE between AVENUE C and CORTELYOU ROAD",
        "event_borough": "Brooklyn",
        "start_date": "2017-07-05T09:00:00.000",
        "end_date": "2017-07-05T16:00:00.000",
        "start_formatted": "July 05, 2017 09:00 AM",
        "end_formatted": "July 05, 2017 04:00 PM",
        "street_closure_type": "Full Street Closure ",
        "community_board": "12, ",
        "police_precinct": "66, "
      }
    },
    {
      "type": "Feature",
      "geometry": {
        "type": "Point",
        "coordinates": [
          -73.9541675,
          40.722993
        ]
      },
      "properties": {
        "event_id": "350317",
        "event_name": "4th of July Fireworks Lookout",
        "event_type": "Block Party",
        "event_agency": "Street Activity Permit Office",
        "event_location": " NORTH   15 STREET between NASSAU AVENUE and BANKER STREET",
        "event_borough": "Brooklyn",
        "start_date": "2017-07-04T16:00:00.000",
        "end_date": "2017-07-04T23:30:00.000",
        "start_formatted": "July 04, 2017 04:00 PM",
        "end_formatted": "July 04, 2017 11:30 PM",
        "street_closure_type": "Sidewalk and Street Closure ",
        "community_board": "1, ",
        "police_precinct": "94, "
      }
    },
    {
      "type": "Feature",
      "geometry": {
        "type": "Point",
        "coordinates": [
          -73.965644,
          40.713173499999996
        ]
      },
      "properties": {
        "event_id": "341528",
        "event_name": "S.S. P.P. 3rd-2nd Bedford Ave BA",
        "event_type": "Block Party",
        "event_agency": "Street Activity Permit Office",
        "event_location": " WYTHE AVENUE between SOUTH    3 STREET and SOUTH    4 STREET",
        "event_borough": "Brooklyn",
        "start_date": "2017-07-04T12:00:00.000",
        "end_date": "2017-07-04T20:00:00.000",
        "start_formatted": "July 04, 2017 12:00 PM",
        "end_formatted": "July 04, 2017 08:00 PM",
        "street_closure_type": "Full Street Closure ",
        "community_board": "1, ",
        "police_precinct": "90, "
      }
    },
    {
      "type": "Feature",
      "geometry": {
        "type": "Point",
        "coordinates": [
          -73.9852425,
          40.766018
        ]
      },
      "properties": {
        "event_id": "341901",
        "event_name": "West 55 Street Block Assoc July 4th party",
        "event_type": "Block Party",
        "event_agency": "Street Activity Permit Office",
        "event_location": " WEST   55 STREET between EIGHTH AVENUE and NINTH AVENUE",
        "event_borough": "Manhattan",
        "start_date": "2017-07-04T12:00:00.000",
        "end_date": "2017-07-04T16:00:00.000",
        "start_formatted": "July 04, 2017 12:00 PM",
        "end_formatted": "July 04, 2017 04:00 PM",
        "street_closure_type": "Full Street Closure ",
        "community_board": "4, ",
        "police_precinct": "18, "
      }
    },
    {
      "type": "Feature",
      "geometry": {
        "type": "Point",
        "coordinates": [
          -74.00513699999999,
          40.580855
        ]
      },
      "properties": {
        "event_id": "348385",
        "event_name": "Bayview block party",
        "event_type": "Block Party",
        "event_agency": "Street Activity Permit Office",
        "event_location": " BAYVIEW AVENUE between WEST   37 STREET and SEA GATE AVENUE",
        "event_borough": "Brooklyn",
        "start_date": "2017-07-04T11:00:00.000",
        "end_date": "2017-07-04T20:00:00.000",
        "start_formatted": "July 04, 2017 11:00 AM",
        "end_formatted": "July 04, 2017 08:00 PM",
        "street_closure_type": "Full Street Closure ",
        "community_board": "13, ",
        "police_precinct": "60, "
      }
    },
    {
      "type": "Feature",
      "geometry": {
        "type": "Point",
        "coordinates": [
          -73.8238805,
          40.8768235
        ]
      },
      "properties": {
        "event_id": "334894",
        "event_name": "Celebrating 4th of July",
        "event_type": "Block Party",
        "event_agency": "Street Activity Permit Office",
        "event_location": " CO-OP CITY BLVD between BELLAMY LOOP and PEARTREE AVENUE",
        "event_borough": "Bronx",
        "start_date": "2017-07-03T19:00:00.000",
        "end_date": "2017-07-03T21:00:00.000",
        "start_formatted": "July 03, 2017 07:00 PM",
        "end_formatted": "July 03, 2017 09:00 PM",
        "street_closure_type": "Full Street Closure ",
        "community_board": "10, ",
        "police_precinct": "45, "
      }
    },
    {
      "type": "Feature",
      "geometry": {
        "type": "Point",
        "coordinates": [
          -73.978717,
          40.6251075
        ]
      },
      "properties": {
        "event_id": "347427",
        "event_name": "Block Party",
        "event_type": "Block Party",
        "event_agency": "Street Activity Permit Office",
        "event_location": " 51 STREET between 20 AVENUE and 19 AVENUE",
        "event_borough": "Brooklyn",
        "start_date": "2017-07-03T09:00:00.000",
        "end_date": "2017-07-03T17:00:00.000",
        "start_formatted": "July 03, 2017 09:00 AM",
        "end_formatted": "July 03, 2017 05:00 PM",
        "street_closure_type": "Full Street Closure ",
        "community_board": "12, ",
        "police_precinct": "66, "
      }
    },
    {
      "type": "Feature",
      "geometry": {
        "type": "Point",
        "coordinates": [
          -73.855286,
          40.836757
        ]
      },
      "properties": {
        "event_id": "324013",
        "event_name": "Bangla Meela",
        "event_type": "Block Party",
        "event_agency": "Street Activity Permit Office",
        "event_location": " OLMSTEAD AVENUE between STARLING AVENUE and ST RAYMOND AVENUE",
        "event_borough": "Bronx",
        "start_date": "2017-07-02T12:00:00.000",
        "end_date": "2017-07-02T19:00:00.000",
        "start_formatted": "July 02, 2017 12:00 PM",
        "end_formatted": "July 02, 2017 07:00 PM",
        "street_closure_type": "Full Street Closure ",
        "community_board": "9, ",
        "police_precinct": "43, "
      }
    },
    {
      "type": "Feature",
      "geometry": {
        "type": "Point",
        "coordinates": [
          -74.000277,
          40.60772
        ]
      },
      "properties": {
        "event_id": "340218",
        "event_name": "Summer Family Fun Day",
        "event_type": "Block Party",
        "event_agency": "Street Activity Permit Office",
        "event_location": " 84 STREET between 18 AVENUE and 19 AVENUE",
        "event_borough": "Brooklyn",
        "start_date": "2017-07-02T11:00:00.000",
        "end_date": "2017-07-02T20:00:00.000",
        "start_formatted": "July 02, 2017 11:00 AM",
        "end_formatted": "July 02, 2017 08:00 PM",
        "street_closure_type": "Full Street Closure ",
        "community_board": "11, ",
        "police_precinct": "62, "
      }
    },
    {
      "type": "Feature",
      "geometry": {
        "type": "Point",
        "coordinates": [
          -73.751095,
          40.6816285
        ]
      },
      "properties": {
        "event_id": "342456",
        "event_name": "End of school carnival",
        "event_type": "Block Party",
        "event_agency": "Street Activity Permit Office",
        "event_location": " 217 STREET between 132 ROAD and 133 AVENUE",
        "event_borough": "Queens",
        "start_date": "2017-07-01T14:00:00.000",
        "end_date": "2017-07-01T18:00:00.000",
        "start_formatted": "July 01, 2017 02:00 PM",
        "end_formatted": "July 01, 2017 06:00 PM",
        "street_closure_type": "Sidewalk and Street Closure ",
        "community_board": "13, ",
        "police_precinct": "105, "
      }
    },
    {
      "type": "Feature",
      "geometry": {
        "type": "Point",
        "coordinates": [
          -73.813372,
          40.5850335
        ]
      },
      "properties": {
        "event_id": "343977",
        "event_name": "Beach 91st Street Block Party",
        "event_type": "Block Party",
        "event_agency": "Street Activity Permit Office",
        "event_location": " BEACH   91 STREET between HOLLAND AVENUE and SHORE FRONT PARKWAY",
        "event_borough": "Queens",
        "start_date": "2017-07-01T13:30:00.000",
        "end_date": "2017-07-01T21:00:00.000",
        "start_formatted": "July 01, 2017 01:30 PM",
        "end_formatted": "July 01, 2017 09:00 PM",
        "street_closure_type": "Full Street Closure ",
        "community_board": "14, ",
        "police_precinct": "100, "
      }
    },
    {
      "type": "Feature",
      "geometry": {
        "type": "Point",
        "coordinates": [
          -73.809563,
          40.725235
        ]
      },
      "properties": {
        "event_id": "347230",
        "event_name": "160th Street Annual Block Party",
        "event_type": "Block Party",
        "event_agency": "Street Activity Permit Office",
        "event_location": " 76 AVENUE between PARSONS BLVD and 160 STREET",
        "event_borough": "Queens",
        "start_date": "2017-07-01T13:00:00.000",
        "end_date": "2017-07-01T20:00:00.000",
        "start_formatted": "July 01, 2017 01:00 PM",
        "end_formatted": "July 01, 2017 08:00 PM",
        "street_closure_type": "Full Street Closure ",
        "community_board": "8, ",
        "police_precinct": "107, "
      }
    },
    {
      "type": "Feature",
      "geometry": {
        "type": "Point",
        "coordinates": [
          -74.15948,
          40.588685
        ]
      },
      "properties": {
        "event_id": "333447",
        "event_name": "Block party",
        "event_type": "Block Party",
        "event_agency": "Street Activity Permit Office",
        "event_location": " VASSAR STREET between KLONDIKE AVENUE and NOME AVENUE",
        "event_borough": "Staten Island",
        "start_date": "2017-07-01T12:00:00.000",
        "end_date": "2017-07-01T21:00:00.000",
        "start_formatted": "July 01, 2017 12:00 PM",
        "end_formatted": "July 01, 2017 09:00 PM",
        "street_closure_type": "Full Street Closure ",
        "community_board": "2, ",
        "police_precinct": "121, "
      }
    },
    {
      "type": "Feature",
      "geometry": {
        "type": "Point",
        "coordinates": [
          -74.125245,
          40.634626
        ]
      },
      "properties": {
        "event_id": "344086",
        "event_name": "block party",
        "event_type": "Block Party",
        "event_agency": "Street Activity Permit Office",
        "event_location": " BODINE STREET between CASTLETON AVENUE and DEGROOT PLACE",
        "event_borough": "Staten Island",
        "start_date": "2017-07-01T12:00:00.000",
        "end_date": "2017-07-01T21:00:00.000",
        "start_formatted": "July 01, 2017 12:00 PM",
        "end_formatted": "July 01, 2017 09:00 PM",
        "street_closure_type": "Full Street Closure ",
        "community_board": "1, ",
        "police_precinct": "120, "
      }
    },
    {
      "type": "Feature",
      "geometry": {
        "type": "Point",
        "coordinates": [
          -73.987586,
          40.616583500000004
        ]
      },
      "properties": {
        "event_id": "344278",
        "event_name": "66th Street Annual Block Party",
        "event_type": "Block Party",
        "event_agency": "Street Activity Permit Office",
        "event_location": " 66 STREET between 19 AVENUE and 20 AVENUE",
        "event_borough": "Brooklyn",
        "start_date": "2017-07-01T11:00:00.000",
        "end_date": "2017-07-01T19:00:00.000",
        "start_formatted": "July 01, 2017 11:00 AM",
        "end_formatted": "July 01, 2017 07:00 PM",
        "street_closure_type": "Full Street Closure ",
        "community_board": "11, ",
        "police_precinct": "62, "
      }
    },
    {
      "type": "Feature",
      "geometry": {
        "type": "Point",
        "coordinates": [
          -73.99633750000001,
          40.5777025
        ]
      },
      "properties": {
        "event_id": "328046",
        "event_name": "SAFE SUMMER CAMPAIN",
        "event_type": "Block Party",
        "event_agency": "Street Activity Permit Office",
        "event_location": " NEPTUNE AVENUE between WEST   29 STREET and WEST   30 STREET",
        "event_borough": "Brooklyn",
        "start_date": "2017-07-01T11:00:00.000",
        "end_date": "2017-07-01T20:00:00.000",
        "start_formatted": "July 01, 2017 11:00 AM",
        "end_formatted": "July 01, 2017 08:00 PM",
        "street_closure_type": "Sidewalk and Street Closure ",
        "community_board": "13, ",
        "police_precinct": "60, "
      }
    },
    {
      "type": "Feature",
      "geometry": {
        "type": "Point",
        "coordinates": [
          -73.93082749999999,
          40.60025
        ]
      },
      "properties": {
        "event_id": "325007",
        "event_name": "Independence Day block party",
        "event_type": "Block Party",
        "event_agency": "Street Activity Permit Office",
        "event_location": " BURNETT STREET between AVENUE V and WHITNEY AVENUE",
        "event_borough": "Brooklyn",
        "start_date": "2017-07-01T11:00:00.000",
        "end_date": "2017-07-01T20:00:00.000",
        "start_formatted": "July 01, 2017 11:00 AM",
        "end_formatted": "July 01, 2017 08:00 PM",
        "street_closure_type": "Sidewalk and Street Closure ",
        "community_board": "15, 18, ",
        "police_precinct": "61, 63, "
      }
    },
    {
      "type": "Feature",
      "geometry": {
        "type": "Point",
        "coordinates": [
          -73.9431185,
          40.6538045
        ]
      },
      "properties": {
        "event_id": "333390",
        "event_name": "37th Street Block Party",
        "event_type": "Block Party",
        "event_agency": "Street Activity Permit Office",
        "event_location": " EAST   37 STREET between LINDEN BOULEVARD and LENOX ROAD",
        "event_borough": "Brooklyn",
        "start_date": "2017-07-01T11:00:00.000",
        "end_date": "2017-07-01T18:00:00.000",
        "start_formatted": "July 01, 2017 11:00 AM",
        "end_formatted": "July 01, 2017 06:00 PM",
        "street_closure_type": "Full Street Closure ",
        "community_board": "17, ",
        "police_precinct": "67, "
      }
    },
    {
      "type": "Feature",
      "geometry": {
        "type": "Point",
        "coordinates": [
          -73.92715749999999,
          40.6082345
        ]
      },
      "properties": {
        "event_id": "346727",
        "event_name": "East 38th Streets Annual Block Party 2017",
        "event_type": "Block Party",
        "event_agency": "Street Activity Permit Office",
        "event_location": " EAST   38 STREET between AVENUE U and AVENUE T",
        "event_borough": "Brooklyn",
        "start_date": "2017-07-01T10:00:00.000",
        "end_date": "2017-07-01T18:00:00.000",
        "start_formatted": "July 01, 2017 10:00 AM",
        "end_formatted": "July 01, 2017 06:00 PM",
        "street_closure_type": "Full Street Closure ",
        "community_board": "18, ",
        "police_precinct": "63, "
      }
    },
    {
      "type": "Feature",
      "geometry": {
        "type": "Point",
        "coordinates": [
          -74.0013625,
          40.748996
        ]
      },
      "properties": {
        "event_id": "341478",
        "event_name": "Infirnity Block Party",
        "event_type": "Block Party",
        "event_agency": "Street Activity Permit Office",
        "event_location": " WEST   26 STREET between 9 AVENUE and 10 AVENUE",
        "event_borough": "Manhattan",
        "start_date": "2017-07-01T10:00:00.000",
        "end_date": "2017-07-01T16:00:00.000",
        "start_formatted": "July 01, 2017 10:00 AM",
        "end_formatted": "July 01, 2017 04:00 PM",
        "street_closure_type": "Full Street Closure ",
        "community_board": "4, ",
        "police_precinct": "10, "
      }
    },
    {
      "type": "Feature",
      "geometry": {
        "type": "Point",
        "coordinates": [
          -73.90052750000001,
          40.618689
        ]
      },
      "properties": {
        "event_id": "334356",
        "event_name": "Giulianas Block Bash",
        "event_type": "Block Party",
        "event_agency": "Street Activity Permit Office",
        "event_location": " AVENUE W between ROYCE STREET and BERGEN AVENUE",
        "event_borough": "Brooklyn",
        "start_date": "2017-07-01T10:00:00.000",
        "end_date": "2017-07-01T18:00:00.000",
        "start_formatted": "July 01, 2017 10:00 AM",
        "end_formatted": "July 01, 2017 06:00 PM",
        "street_closure_type": "Full Street Closure ",
        "community_board": "18, ",
        "police_precinct": "63, "
      }
    },
    {
      "type": "Feature",
      "geometry": {
        "type": "Point",
        "coordinates": [
          -73.9638365,
          40.713453
        ]
      },
      "properties": {
        "event_id": "349968",
        "event_name": "Saint Peter and Paul Feast Day",
        "event_type": "Block Party",
        "event_agency": "Street Activity Permit Office",
        "event_location": " BERRY STREET between SOUTH    3 STREET and SOUTH    2 STREET",
        "event_borough": "Brooklyn",
        "start_date": "2017-07-01T10:00:00.000",
        "end_date": "2017-07-01T16:00:00.000",
        "start_formatted": "July 01, 2017 10:00 AM",
        "end_formatted": "July 01, 2017 04:00 PM",
        "street_closure_type": "Full Street Closure ",
        "community_board": "1, ",
        "police_precinct": "90, "
      }
    },
    {
      "type": "Feature",
      "geometry": {
        "type": "Point",
        "coordinates": [
          -73.911978,
          40.855038
        ]
      },
      "properties": {
        "event_id": "346965",
        "event_name": "Youth Explosion",
        "event_type": "Block Party",
        "event_agency": "Street Activity Permit Office",
        "event_location": " WEST  179 STREET between ANDREWS AVENUE and UNIVERSITY AVENUE",
        "event_borough": "Bronx",
        "start_date": "2017-07-01T10:00:00.000",
        "end_date": "2017-07-01T17:00:00.000",
        "start_formatted": "July 01, 2017 10:00 AM",
        "end_formatted": "July 01, 2017 05:00 PM",
        "street_closure_type": "Full Street Closure ",
        "community_board": "5, ",
        "police_precinct": "46, "
      }
    },
    {
      "type": "Feature",
      "geometry": {
        "type": "Point",
        "coordinates": [
          -73.8880235,
          40.8178525
        ]
      },
      "properties": {
        "event_id": "345827",
        "event_name": "Healthy Livable Hunts Point",
        "event_type": "Block Party",
        "event_agency": "Street Activity Permit Office",
        "event_location": " GILBERT PLACE between FAILE STREET and HUNTS POINT AVENUE",
        "event_borough": "Bronx",
        "start_date": "2017-06-30T12:00:00.000",
        "end_date": "2017-06-30T16:00:00.000",
        "start_formatted": "June 30, 2017 12:00 PM",
        "end_formatted": "June 30, 2017 04:00 PM",
        "street_closure_type": "Full Street Closure ",
        "community_board": "2, ",
        "police_precinct": "41, "
      }
    },
    {
      "type": "Feature",
      "geometry": {
        "type": "Point",
        "coordinates": [
          -73.90232850000001,
          40.821623
        ]
      },
      "properties": {
        "event_id": "346602",
        "event_name": "AMS II BBQ",
        "event_type": "Block Party",
        "event_agency": "Street Activity Permit Office",
        "event_location": " UNION AVENUE between EAST  161 STREET and EAST  163 STREET",
        "event_borough": "Bronx",
        "start_date": "2017-06-28T10:00:00.000",
        "end_date": "2017-06-28T15:00:00.000",
        "start_formatted": "June 28, 2017 10:00 AM",
        "end_formatted": "June 28, 2017 03:00 PM",
        "street_closure_type": "Full Street Closure ",
        "community_board": "3, ",
        "police_precinct": "42, "
      }
    },
    {
      "type": "Feature",
      "geometry": {
        "type": "Point",
        "coordinates": [
          -73.8887995,
          40.677757
        ]
      },
      "properties": {
        "event_id": "328188",
        "event_name": "schools festival",
        "event_type": "Block Party",
        "event_agency": "Street Activity Permit Office",
        "event_location": " BARBEY STREET between FULTON STREET and ATLANTIC AVENUE",
        "event_borough": "Brooklyn",
        "start_date": "2017-06-27T08:30:00.000",
        "end_date": "2017-06-27T14:30:00.000",
        "start_formatted": "June 27, 2017 08:30 AM",
        "end_formatted": "June 27, 2017 02:30 PM",
        "street_closure_type": "Full Street Closure ",
        "community_board": "5, ",
        "police_precinct": "75, "
      }
    },
    {
      "type": "Feature",
      "geometry": {
        "type": "Point",
        "coordinates": [
          -73.995522,
          40.7114695
        ]
      },
      "properties": {
        "event_id": "326639",
        "event_name": "Monroe St. Festival - 2017",
        "event_type": "Block Party",
        "event_agency": "Street Activity Permit Office",
        "event_location": " MONROE STREET between CATHERINE STREET and MARKET STREET",
        "event_borough": "Manhattan",
        "start_date": "2017-06-25T11:00:00.000",
        "end_date": "2017-06-25T16:00:00.000",
        "start_formatted": "June 25, 2017 11:00 AM",
        "end_formatted": "June 25, 2017 04:00 PM",
        "street_closure_type": "Full Street Closure ",
        "community_board": "3, ",
        "police_precinct": "5, "
      }
    },
    {
      "type": "Feature",
      "geometry": {
        "type": "Point",
        "coordinates": [
          -73.91897399999999,
          40.665844
        ]
      },
      "properties": {
        "event_id": "333549",
        "event_name": "annual block party",
        "event_type": "Block Party",
        "event_agency": "Street Activity Permit Office",
        "event_location": " SUTTER AVENUE between HOWARD AVENUE and GRAFTON STREET",
        "event_borough": "Brooklyn",
        "start_date": "2017-06-25T09:00:00.000",
        "end_date": "2017-06-25T17:00:00.000",
        "start_formatted": "June 25, 2017 09:00 AM",
        "end_formatted": "June 25, 2017 05:00 PM",
        "street_closure_type": "Full Street Closure ",
        "community_board": "16, ",
        "police_precinct": "73, "
      }
    },
    {
      "type": "Feature",
      "geometry": {
        "type": "Point",
        "coordinates": [
          -73.94831450000001,
          40.8230265
        ]
      },
      "properties": {
        "event_id": "338970",
        "event_name": "OUR LADY OF LOURDES CHURCHBAZAAR",
        "event_type": "Block Party",
        "event_agency": "Street Activity Permit Office",
        "event_location": " WEST  142 STREET between CONVENT AVENUE and AMSTERDAM AVENUE",
        "event_borough": "Manhattan",
        "start_date": "2017-06-25T09:00:00.000",
        "end_date": "2017-06-25T17:00:00.000",
        "start_formatted": "June 25, 2017 09:00 AM",
        "end_formatted": "June 25, 2017 05:00 PM",
        "street_closure_type": "Full Street Closure ",
        "community_board": "9, ",
        "police_precinct": "30, "
      }
    },
    {
      "type": "Feature",
      "geometry": {
        "type": "Point",
        "coordinates": [
          -73.9402205,
          40.686661
        ]
      },
      "properties": {
        "event_id": "344861",
        "event_name": "NYSoM Superhero Carnival  in Brooklyn",
        "event_type": "Block Party",
        "event_agency": "Street Activity Permit Office",
        "event_location": " MONROE STREET between THROOP AVENUE and MARCUS GARVEY BOULEVARD",
        "event_borough": "Brooklyn",
        "start_date": "2017-06-24T14:00:00.000",
        "end_date": "2017-06-24T18:00:00.000",
        "start_formatted": "June 24, 2017 02:00 PM",
        "end_formatted": "June 24, 2017 06:00 PM",
        "street_closure_type": "Full Street Closure ",
        "community_board": "3, ",
        "police_precinct": "79, "
      }
    },
    {
      "type": "Feature",
      "geometry": {
        "type": "Point",
        "coordinates": [
          -73.929591,
          40.69672
        ]
      },
      "properties": {
        "event_id": "341807",
        "event_name": "Family Fun Day",
        "event_type": "Block Party",
        "event_agency": "Street Activity Permit Office",
        "event_location": " HART STREET between EVERGREEN AVENUE and BUSHWICK AVENUE",
        "event_borough": "Brooklyn",
        "start_date": "2017-06-24T14:00:00.000",
        "end_date": "2017-06-24T22:30:00.000",
        "start_formatted": "June 24, 2017 02:00 PM",
        "end_formatted": "June 24, 2017 10:30 PM",
        "street_closure_type": "Full Street Closure ",
        "community_board": "4, ",
        "police_precinct": "83, "
      }
    },
    {
      "type": "Feature",
      "geometry": {
        "type": "Point",
        "coordinates": [
          -73.9726725,
          40.681178
        ]
      },
      "properties": {
        "event_id": "337967",
        "event_name": "Dean Street Block Association Block Party",
        "event_type": "Block Party",
        "event_agency": "Street Activity Permit Office",
        "event_location": " DEAN STREET between 6 AVENUE and CARLTON AVENUE",
        "event_borough": "Brooklyn",
        "start_date": "2017-06-24T13:30:00.000",
        "end_date": "2017-06-24T19:00:00.000",
        "start_formatted": "June 24, 2017 01:30 PM",
        "end_formatted": "June 24, 2017 07:00 PM",
        "street_closure_type": "Full Street Closure ",
        "community_board": "8, ",
        "police_precinct": "78, "
      }
    },
    {
      "type": "Feature",
      "geometry": {
        "type": "Point",
        "coordinates": [
          -74.00005949999999,
          40.6017075
        ]
      },
      "properties": {
        "event_id": "336160",
        "event_name": "Block Party",
        "event_type": "Block Party",
        "event_agency": "Street Activity Permit Office",
        "event_location": " BAY   25 STREET between BATH AVENUE and BENSON AVENUE",
        "event_borough": "Brooklyn",
        "start_date": "2017-06-24T12:30:00.000",
        "end_date": "2017-06-24T20:30:00.000",
        "start_formatted": "June 24, 2017 12:30 PM",
        "end_formatted": "June 24, 2017 08:30 PM",
        "street_closure_type": "Full Street Closure ",
        "community_board": "11, ",
        "police_precinct": "62, "
      }
    },
    {
      "type": "Feature",
      "geometry": {
        "type": "Point",
        "coordinates": [
          -74.132706,
          40.557539500000004
        ]
      },
      "properties": {
        "event_id": "347703",
        "event_name": "OGorman Block Party",
        "event_type": "Block Party",
        "event_agency": "Street Activity Permit Office",
        "event_location": " OGORMAN AVENUE between HOPKINS AVENUE and SPRATT AVENUE",
        "event_borough": "Staten Island",
        "start_date": "2017-06-24T12:00:00.000",
        "end_date": "2017-06-24T20:00:00.000",
        "start_formatted": "June 24, 2017 12:00 PM",
        "end_formatted": "June 24, 2017 08:00 PM",
        "street_closure_type": "Full Street Closure ",
        "community_board": "3, ",
        "police_precinct": "122, "
      }
    },
    {
      "type": "Feature",
      "geometry": {
        "type": "Point",
        "coordinates": [
          -73.9824045,
          40.663918
        ]
      },
      "properties": {
        "event_id": "336334",
        "event_name": "13th Street Spring Block Party",
        "event_type": "Block Party",
        "event_agency": "Street Activity Permit Office",
        "event_location": " 13 STREET between 7 AVENUE and 8 AVENUE",
        "event_borough": "Brooklyn",
        "start_date": "2017-06-24T12:00:00.000",
        "end_date": "2017-06-24T20:00:00.000",
        "start_formatted": "June 24, 2017 12:00 PM",
        "end_formatted": "June 24, 2017 08:00 PM",
        "street_closure_type": "Full Street Closure ",
        "community_board": "6, ",
        "police_precinct": "78, "
      }
    },
    {
      "type": "Feature",
      "geometry": {
        "type": "Point",
        "coordinates": [
          -73.991867,
          40.687277
        ]
      },
      "properties": {
        "event_id": "333588",
        "event_name": "Knights of Columbus Independence Day",
        "event_type": "Block Party",
        "event_agency": "Street Activity Permit Office",
        "event_location": " BERGEN STREET between COURT STREET and SMITH STREET",
        "event_borough": "Brooklyn",
        "start_date": "2017-06-24T12:00:00.000",
        "end_date": "2017-06-24T13:00:00.000",
        "start_formatted": "June 24, 2017 12:00 PM",
        "end_formatted": "June 24, 2017 01:00 PM",
        "street_closure_type": "Curb Lane Only",
        "community_board": "2, ",
        "police_precinct": "84, "
      }
    },
    {
      "type": "Feature",
      "geometry": {
        "type": "Point",
        "coordinates": [
          -74.0238595,
          40.637297000000004
        ]
      },
      "properties": {
        "event_id": "323555",
        "event_name": "St. Nectarios Block Party",
        "event_type": "Block Party",
        "event_agency": "Street Activity Permit Office",
        "event_location": " 67 STREET between 3 AVENUE and 4 AVENUE",
        "event_borough": "Brooklyn",
        "start_date": "2017-06-24T12:00:00.000",
        "end_date": "2017-06-24T21:00:00.000",
        "start_formatted": "June 24, 2017 12:00 PM",
        "end_formatted": "June 24, 2017 09:00 PM",
        "street_closure_type": "Full Street Closure ",
        "community_board": "10, ",
        "police_precinct": "68, "
      }
    },
    {
      "type": "Feature",
      "geometry": {
        "type": "Point",
        "coordinates": [
          -73.980894,
          40.6781785
        ]
      },
      "properties": {
        "event_id": "339014",
        "event_name": "Degraw Street Block Party",
        "event_type": "Block Party",
        "event_agency": "Street Activity Permit Office",
        "event_location": " DEGRAW STREET between 4 AVENUE and 5 AVENUE",
        "event_borough": "Brooklyn",
        "start_date": "2017-06-24T11:30:00.000",
        "end_date": "2017-06-24T20:30:00.000",
        "start_formatted": "June 24, 2017 11:30 AM",
        "end_formatted": "June 24, 2017 08:30 PM",
        "street_closure_type": "Full Street Closure ",
        "community_board": "6, ",
        "police_precinct": "78, "
      }
    },
    {
      "type": "Feature",
      "geometry": {
        "type": "Point",
        "coordinates": [
          -73.99727100000001,
          40.677653
        ]
      },
      "properties": {
        "event_id": "336480",
        "event_name": "4th Place Block Party",
        "event_type": "Block Party",
        "event_agency": "Street Activity Permit Office",
        "event_location": " 4 PLACE between COURT STREET and SMITH STREET",
        "event_borough": "Brooklyn",
        "start_date": "2017-06-24T11:00:00.000",
        "end_date": "2017-06-24T20:00:00.000",
        "start_formatted": "June 24, 2017 11:00 AM",
        "end_formatted": "June 24, 2017 08:00 PM",
        "street_closure_type": "Full Street Closure ",
        "community_board": "6, ",
        "police_precinct": "76, "
      }
    },
    {
      "type": "Feature",
      "geometry": {
        "type": "Point",
        "coordinates": [
          -73.978916,
          40.651335
        ]
      },
      "properties": {
        "event_id": "340748",
        "event_name": "East 3rd street block closing",
        "event_type": "Block Party",
        "event_agency": "Street Activity Permit Office",
        "event_location": " EAST    3 STREET between GREENWOOD AVENUE and VANDERBILT STREET",
        "event_borough": "Brooklyn",
        "start_date": "2017-06-24T11:00:00.000",
        "end_date": "2017-06-24T18:00:00.000",
        "start_formatted": "June 24, 2017 11:00 AM",
        "end_formatted": "June 24, 2017 06:00 PM",
        "street_closure_type": "Full Street Closure ",
        "community_board": "7, ",
        "police_precinct": "72, "
      }
    },
    {
      "type": "Feature",
      "geometry": {
        "type": "Point",
        "coordinates": [
          -73.95373699999999,
          40.6650315
        ]
      },
      "properties": {
        "event_id": "336173",
        "event_name": "BMT Community Outreach 2017",
        "event_type": "Block Party",
        "event_agency": "Street Activity Permit Office",
        "event_location": " ROGERS AVENUE between SULLIVAN PLACE and MONTGOMERY STREET",
        "event_borough": "Brooklyn",
        "start_date": "2017-06-24T11:00:00.000",
        "end_date": "2017-06-24T16:00:00.000",
        "start_formatted": "June 24, 2017 11:00 AM",
        "end_formatted": "June 24, 2017 04:00 PM",
        "street_closure_type": "Full Street Closure ",
        "community_board": "9, ",
        "police_precinct": "71, "
      }
    },
    {
      "type": "Feature",
      "geometry": {
        "type": "Point",
        "coordinates": [
          -73.88513900000001,
          40.681769
        ]
      },
      "properties": {
        "event_id": "345521",
        "event_name": "Elton Block Party 2017",
        "event_type": "Block Party",
        "event_agency": "Street Activity Permit Office",
        "event_location": " ELTON STREET between ARLINGTON AVENUE and RIDGEWOOD AVENUE",
        "event_borough": "Brooklyn",
        "start_date": "2017-06-24T11:00:00.000",
        "end_date": "2017-06-24T18:00:00.000",
        "start_formatted": "June 24, 2017 11:00 AM",
        "end_formatted": "June 24, 2017 06:00 PM",
        "street_closure_type": "Full Street Closure ",
        "community_board": "5, ",
        "police_precinct": "75, "
      }
    },
    {
      "type": "Feature",
      "geometry": {
        "type": "Point",
        "coordinates": [
          -74.0165905,
          40.616661
        ]
      },
      "properties": {
        "event_id": "342648",
        "event_name": "4th Annual Block Party",
        "event_type": "Block Party",
        "event_agency": "Street Activity Permit Office",
        "event_location": " 85 STREET between 11 AVENUE and 12 AVENUE",
        "event_borough": "Brooklyn",
        "start_date": "2017-06-24T11:00:00.000",
        "end_date": "2017-06-24T20:00:00.000",
        "start_formatted": "June 24, 2017 11:00 AM",
        "end_formatted": "June 24, 2017 08:00 PM",
        "street_closure_type": "Full Street Closure ",
        "community_board": "10, ",
        "police_precinct": "68, "
      }
    },
    {
      "type": "Feature",
      "geometry": {
        "type": "Point",
        "coordinates": [
          -73.9854675,
          40.683966
        ]
      },
      "properties": {
        "event_id": "325618",
        "event_name": "WYBBAN Block  party",
        "event_type": "Block Party",
        "event_agency": "Street Activity Permit Office",
        "event_location": " WYCKOFF STREET between BOND STREET and NEVINS STREET",
        "event_borough": "Brooklyn",
        "start_date": "2017-06-24T11:00:00.000",
        "end_date": "2017-06-24T20:00:00.000",
        "start_formatted": "June 24, 2017 11:00 AM",
        "end_formatted": "June 24, 2017 08:00 PM",
        "street_closure_type": "Full Street Closure ",
        "community_board": "2, ",
        "police_precinct": "84, "
      }
    },
    {
      "type": "Feature",
      "geometry": {
        "type": "Point",
        "coordinates": [
          -73.92259200000001,
          40.767457
        ]
      },
      "properties": {
        "event_id": "339211",
        "event_name": "intercultural gospel day",
        "event_type": "Block Party",
        "event_agency": "Street Activity Permit Office",
        "event_location": " 30 AVENUE between 29 STREET and 30 STREET",
        "event_borough": "Queens",
        "start_date": "2017-06-24T11:00:00.000",
        "end_date": "2017-06-24T18:00:00.000",
        "start_formatted": "June 24, 2017 11:00 AM",
        "end_formatted": "June 24, 2017 06:00 PM",
        "street_closure_type": "Full Street Closure ",
        "community_board": "1, ",
        "police_precinct": "114, "
      }
    },
    {
      "type": "Feature",
      "geometry": {
        "type": "Point",
        "coordinates": [
          -73.9468,
          40.6832815
        ]
      },
      "properties": {
        "event_id": "334365",
        "event_name": "Health Awareness Block Party",
        "event_type": "Block Party",
        "event_agency": "Street Activity Permit Office",
        "event_location": " MARCY AVENUE between HANCOCK STREET and JEFFERSON AVENUE",
        "event_borough": "Brooklyn",
        "start_date": "2017-06-24T11:00:00.000",
        "end_date": "2017-06-24T20:00:00.000",
        "start_formatted": "June 24, 2017 11:00 AM",
        "end_formatted": "June 24, 2017 08:00 PM",
        "street_closure_type": "Full Street Closure ",
        "community_board": "3, ",
        "police_precinct": "79, "
      }
    },
    {
      "type": "Feature",
      "geometry": {
        "type": "Point",
        "coordinates": [
          -73.956389,
          40.810666
        ]
      },
      "properties": {
        "event_id": "323196",
        "event_name": "A Stroll 4 Cancer Awareness",
        "event_type": "Block Party",
        "event_agency": "Street Activity Permit Office",
        "event_location": " WEST  123 STREET between MORNINGSIDE AVENUE and AMSTERDAM AVENUE",
        "event_borough": "Manhattan",
        "start_date": "2017-06-24T10:00:00.000",
        "end_date": "2017-06-24T17:00:00.000",
        "start_formatted": "June 24, 2017 10:00 AM",
        "end_formatted": "June 24, 2017 05:00 PM",
        "street_closure_type": "Full Street Closure ",
        "community_board": "9, ",
        "police_precinct": "26, "
      }
    },
    {
      "type": "Feature",
      "geometry": {
        "type": "Point",
        "coordinates": [
          -73.992251,
          40.6866075
        ]
      },
      "properties": {
        "event_id": "346305",
        "event_name": "Beginning of Wyckoff street BP",
        "event_type": "Block Party",
        "event_agency": "Street Activity Permit Office",
        "event_location": " WYCKOFF STREET between SMITH STREET and COURT STREET",
        "event_borough": "Brooklyn",
        "start_date": "2017-06-24T10:00:00.000",
        "end_date": "2017-06-24T18:30:00.000",
        "start_formatted": "June 24, 2017 10:00 AM",
        "end_formatted": "June 24, 2017 06:30 PM",
        "street_closure_type": "Full Street Closure ",
        "community_board": "2, ",
        "police_precinct": "84, "
      }
    },
    {
      "type": "Feature",
      "geometry": {
        "type": "Point",
        "coordinates": [
          -73.93504150000001,
          40.752903
        ]
      },
      "properties": {
        "event_id": "346093",
        "event_name": "Windmill Community Garden Block party",
        "event_type": "Block Party",
        "event_agency": "Street Activity Permit Office",
        "event_location": " 29 STREET between 39 AVENUE and 40 AVENUE",
        "event_borough": "Queens",
        "start_date": "2017-06-24T10:00:00.000",
        "end_date": "2017-06-24T16:30:00.000",
        "start_formatted": "June 24, 2017 10:00 AM",
        "end_formatted": "June 24, 2017 04:30 PM",
        "street_closure_type": "Full Street Closure ",
        "community_board": "1, ",
        "police_precinct": "114, "
      }
    },
    {
      "type": "Feature",
      "geometry": {
        "type": "Point",
        "coordinates": [
          -73.854136,
          40.87916
        ]
      },
      "properties": {
        "event_id": "346405",
        "event_name": "1000 East 217th Street Annual Block Party",
        "event_type": "Block Party",
        "event_agency": "Street Activity Permit Office",
        "event_location": " EAST  217 STREET between PAULDING AVENUE and LACONIA AVENUE",
        "event_borough": "Bronx",
        "start_date": "2017-06-24T10:00:00.000",
        "end_date": "2017-06-24T17:00:00.000",
        "start_formatted": "June 24, 2017 10:00 AM",
        "end_formatted": "June 24, 2017 05:00 PM",
        "street_closure_type": "Full Street Closure ",
        "community_board": "12, ",
        "police_precinct": "47, "
      }
    },
    {
      "type": "Feature",
      "geometry": {
        "type": "Point",
        "coordinates": [
          -73.92282399999999,
          40.8647525
        ]
      },
      "properties": {
        "event_id": "343176",
        "event_name": "Me Conoces",
        "event_type": "Block Party",
        "event_agency": "Street Activity Permit Office",
        "event_location": " SHERMAN AVENUE between WEST  204 STREET and ACADEMY STREET",
        "event_borough": "Manhattan",
        "start_date": "2017-06-24T09:30:00.000",
        "end_date": "2017-06-24T17:00:00.000",
        "start_formatted": "June 24, 2017 09:30 AM",
        "end_formatted": "June 24, 2017 05:00 PM",
        "street_closure_type": "Full Street Closure ",
        "community_board": "12, ",
        "police_precinct": "34, "
      }
    },
    {
      "type": "Feature",
      "geometry": {
        "type": "Point",
        "coordinates": [
          -73.9836105,
          40.670418
        ]
      },
      "properties": {
        "event_id": "340007",
        "event_name": "Spring 2017 Block Party",
        "event_type": "Block Party",
        "event_agency": "Street Activity Permit Office",
        "event_location": " 6 STREET between 5 AVENUE and 6 AVENUE",
        "event_borough": "Brooklyn",
        "start_date": "2017-06-24T09:30:00.000",
        "end_date": "2017-06-24T17:30:00.000",
        "start_formatted": "June 24, 2017 09:30 AM",
        "end_formatted": "June 24, 2017 05:30 PM",
        "street_closure_type": "Full Street Closure ",
        "community_board": "6, ",
        "police_precinct": "78, "
      }
    },
    {
      "type": "Feature",
      "geometry": {
        "type": "Point",
        "coordinates": [
          -73.8652075,
          40.7489325
        ]
      },
      "properties": {
        "event_id": "325878",
        "event_name": "Pioneer Academy Festival Day",
        "event_type": "Block Party",
        "event_agency": "Street Activity Permit Office",
        "event_location": " 100 STREET between SPRUCE STREET and 40 ROAD",
        "event_borough": "Queens",
        "start_date": "2017-06-23T09:00:00.000",
        "end_date": "2017-06-23T15:00:00.000",
        "start_formatted": "June 23, 2017 09:00 AM",
        "end_formatted": "June 23, 2017 03:00 PM",
        "street_closure_type": "Full Street Closure ",
        "community_board": "4, ",
        "police_precinct": "110, "
      }
    },
    {
      "type": "Feature",
      "geometry": {
        "type": "Point",
        "coordinates": [
          -74.0034095,
          40.627614
        ]
      },
      "properties": {
        "event_id": "339600",
        "event_name": "School Carnival",
        "event_type": "Block Party",
        "event_agency": "Street Activity Permit Office",
        "event_location": " 12 AVENUE between 64 STREET and 65 STREET",
        "event_borough": "Brooklyn",
        "start_date": "2017-06-23T09:00:00.000",
        "end_date": "2017-06-23T17:00:00.000",
        "start_formatted": "June 23, 2017 09:00 AM",
        "end_formatted": "June 23, 2017 05:00 PM",
        "street_closure_type": "Full Street Closure ",
        "community_board": "10, ",
        "police_precinct": "68, "
      }
    },
    {
      "type": "Feature",
      "geometry": {
        "type": "Point",
        "coordinates": [
          -74.00180549999999,
          40.722089499999996
        ]
      },
      "properties": {
        "event_id": "336510",
        "event_name": "Concerto for Buildings",
        "event_type": "Block Party",
        "event_agency": "Street Activity Permit Office",
        "event_location": " GREENE STREET between GRAND STREET and BROOME STREET",
        "event_borough": "Manhattan",
        "start_date": "2017-06-21T17:00:00.000",
        "end_date": "2017-06-21T20:00:00.000",
        "start_formatted": "June 21, 2017 05:00 PM",
        "end_formatted": "June 21, 2017 08:00 PM",
        "street_closure_type": "Sidewalk and Street Closure ",
        "community_board": "2, ",
        "police_precinct": "1, "
      }
    },
    {
      "type": "Feature",
      "geometry": {
        "type": "Point",
        "coordinates": [
          -73.974637,
          40.6733405
        ]
      },
      "properties": {
        "event_id": "334789",
        "event_name": "Block Party",
        "event_type": "Block Party",
        "event_agency": "Street Activity Permit Office",
        "event_location": " PRESIDENT STREET between 7 AVENUE and 8 AVENUE",
        "event_borough": "Brooklyn",
        "start_date": "2017-06-18T12:00:00.000",
        "end_date": "2017-06-18T20:00:00.000",
        "start_formatted": "June 18, 2017 12:00 PM",
        "end_formatted": "June 18, 2017 08:00 PM",
        "street_closure_type": "Full Street Closure ",
        "community_board": "6, ",
        "police_precinct": "78, "
      }
    },
    {
      "type": "Feature",
      "geometry": {
        "type": "Point",
        "coordinates": [
          -73.9356185,
          40.8168635
        ]
      },
      "properties": {
        "event_id": "344403",
        "event_name": "Fathers and Sons Social",
        "event_type": "Block Party",
        "event_agency": "Street Activity Permit Office",
        "event_location": " WEST  141 STREET between CHISUM PLACE and 5 AVENUE",
        "event_borough": "Manhattan",
        "start_date": "2017-06-18T10:00:00.000",
        "end_date": "2017-06-18T17:00:00.000",
        "start_formatted": "June 18, 2017 10:00 AM",
        "end_formatted": "June 18, 2017 05:00 PM",
        "street_closure_type": "Full Street Closure ",
        "community_board": "10, ",
        "police_precinct": "32, "
      }
    },
    {
      "type": "Feature",
      "geometry": {
        "type": "Point",
        "coordinates": [
          -73.8634825,
          40.866665
        ]
      },
      "properties": {
        "event_id": "331766",
        "event_name": "4th Annual HELLO SUMMER block party",
        "event_type": "Block Party",
        "event_agency": "Street Activity Permit Office",
        "event_location": " BARNES AVENUE between ALLERTON AVENUE and ARNOW AVENUE",
        "event_borough": "Bronx",
        "start_date": "2017-06-17T12:00:00.000",
        "end_date": "2017-06-17T19:30:00.000",
        "start_formatted": "June 17, 2017 12:00 PM",
        "end_formatted": "June 17, 2017 07:30 PM",
        "street_closure_type": "Full Street Closure ",
        "community_board": "11, ",
        "police_precinct": "49, "
      }
    },
    {
      "type": "Feature",
      "geometry": {
        "type": "Point",
        "coordinates": [
          -73.962983,
          40.638593
        ]
      },
      "properties": {
        "event_id": "337231",
        "event_name": "Ditmas Park Association Block Party",
        "event_type": "Block Party",
        "event_agency": "Street Activity Permit Office",
        "event_location": " EAST   16 STREET between DORCHESTER ROAD and DITMAS AVENUE",
        "event_borough": "Brooklyn",
        "start_date": "2017-06-17T12:00:00.000",
        "end_date": "2017-06-17T20:00:00.000",
        "start_formatted": "June 17, 2017 12:00 PM",
        "end_formatted": "June 17, 2017 08:00 PM",
        "street_closure_type": "Full Street Closure ",
        "community_board": "14, ",
        "police_precinct": "70, "
      }
    },
    {
      "type": "Feature",
      "geometry": {
        "type": "Point",
        "coordinates": [
          -74.1145835,
          40.628397
        ]
      },
      "properties": {
        "event_id": "334707",
        "event_name": "20th Annual Block Party",
        "event_type": "Block Party",
        "event_agency": "Street Activity Permit Office",
        "event_location": " MORRISON AVENUE between BROADWAY and NORTH BURGHER AVENUE",
        "event_borough": "Staten Island",
        "start_date": "2017-06-17T12:00:00.000",
        "end_date": "2017-06-17T21:00:00.000",
        "start_formatted": "June 17, 2017 12:00 PM",
        "end_formatted": "June 17, 2017 09:00 PM",
        "street_closure_type": "Full Street Closure ",
        "community_board": "1, ",
        "police_precinct": "120, "
      }
    },
    {
      "type": "Feature",
      "geometry": {
        "type": "Point",
        "coordinates": [
          -73.900958,
          40.861368999999996
        ]
      },
      "properties": {
        "event_id": "329595",
        "event_name": "GSS/BRAG Peace Circle",
        "event_type": "Block Party",
        "event_agency": "Street Activity Permit Office",
        "event_location": " WALTON AVENUE between EAST  184 STREET and EAST FORDHAM ROAD",
        "event_borough": "Bronx",
        "start_date": "2017-06-17T12:00:00.000",
        "end_date": "2017-06-17T17:00:00.000",
        "start_formatted": "June 17, 2017 12:00 PM",
        "end_formatted": "June 17, 2017 05:00 PM",
        "street_closure_type": "Full Street Closure ",
        "community_board": "5, ",
        "police_precinct": "46, "
      }
    },
    {
      "type": "Feature",
      "geometry": {
        "type": "Point",
        "coordinates": [
          -73.95862149999999,
          40.6588985
        ]
      },
      "properties": {
        "event_id": "336189",
        "event_name": "Rutland One Block party",
        "event_type": "Block Party",
        "event_agency": "Street Activity Permit Office",
        "event_location": " RUTLAND ROAD between FLATBUSH AVENUE and BEDFORD AVENUE",
        "event_borough": "Brooklyn",
        "start_date": "2017-06-17T12:00:00.000",
        "end_date": "2017-06-17T19:00:00.000",
        "start_formatted": "June 17, 2017 12:00 PM",
        "end_formatted": "June 17, 2017 07:00 PM",
        "street_closure_type": "Full Street Closure ",
        "community_board": "9, ",
        "police_precinct": "71, "
      }
    },
    {
      "type": "Feature",
      "geometry": {
        "type": "Point",
        "coordinates": [
          -73.98376300000001,
          40.6662635
        ]
      },
      "properties": {
        "event_id": "336078",
        "event_name": "11th Street BlockParty",
        "event_type": "Block Party",
        "event_agency": "Street Activity Permit Office",
        "event_location": " 11 STREET between 6 AVENUE and 7 AVENUE",
        "event_borough": "Brooklyn",
        "start_date": "2017-06-17T12:00:00.000",
        "end_date": "2017-06-17T21:00:00.000",
        "start_formatted": "June 17, 2017 12:00 PM",
        "end_formatted": "June 17, 2017 09:00 PM",
        "street_closure_type": "Full Street Closure ",
        "community_board": "6, ",
        "police_precinct": "78, "
      }
    },
    {
      "type": "Feature",
      "geometry": {
        "type": "Point",
        "coordinates": [
          -73.9648755,
          40.674938499999996
        ]
      },
      "properties": {
        "event_id": "336841",
        "event_name": "Sterling Place Block Association annual block party",
        "event_type": "Block Party",
        "event_agency": "Street Activity Permit Office",
        "event_location": " STERLING PLACE between UNDERHILL AVENUE and WASHINGTON AVENUE",
        "event_borough": "Brooklyn",
        "start_date": "2017-06-17T11:30:00.000",
        "end_date": "2017-06-17T16:00:00.000",
        "start_formatted": "June 17, 2017 11:30 AM",
        "end_formatted": "June 17, 2017 04:00 PM",
        "street_closure_type": "Full Street Closure ",
        "community_board": "8, ",
        "police_precinct": "77, "
      }
    },
    {
      "type": "Feature",
      "geometry": {
        "type": "Point",
        "coordinates": [
          -73.9707635,
          40.6771165
        ]
      },
      "properties": {
        "event_id": "330933",
        "event_name": "Block Party",
        "event_type": "Block Party",
        "event_agency": "Street Activity Permit Office",
        "event_location": " PARK PLACE between CARLTON AVENUE and VANDERBILT AVENUE",
        "event_borough": "Brooklyn",
        "start_date": "2017-06-17T11:00:00.000",
        "end_date": "2017-06-17T17:00:00.000",
        "start_formatted": "June 17, 2017 11:00 AM",
        "end_formatted": "June 17, 2017 05:00 PM",
        "street_closure_type": "Full Street Closure ",
        "community_board": "8, ",
        "police_precinct": "78, "
      }
    },
    {
      "type": "Feature",
      "geometry": {
        "type": "Point",
        "coordinates": [
          -73.937198,
          40.840786
        ]
      },
      "properties": {
        "event_id": "338878",
        "event_name": "Lights In The Heights",
        "event_type": "Block Party",
        "event_agency": "Street Activity Permit Office",
        "event_location": " WEST  169 STREET between AMSTERDAM AVENUE and AUDUBON AVENUE",
        "event_borough": "Manhattan",
        "start_date": "2017-06-17T11:00:00.000",
        "end_date": "2017-06-17T17:00:00.000",
        "start_formatted": "June 17, 2017 11:00 AM",
        "end_formatted": "June 17, 2017 05:00 PM",
        "street_closure_type": "Full Street Closure ",
        "community_board": "12, ",
        "police_precinct": "33, "
      }
    },
    {
      "type": "Feature",
      "geometry": {
        "type": "Point",
        "coordinates": [
          -73.9810975,
          40.6734285
        ]
      },
      "properties": {
        "event_id": "333679",
        "event_name": "Summer Block Party 2017",
        "event_type": "Block Party",
        "event_agency": "Street Activity Permit Office",
        "event_location": " 1 STREET between 5 AVENUE and 6 AVENUE",
        "event_borough": "Brooklyn",
        "start_date": "2017-06-17T11:00:00.000",
        "end_date": "2017-06-17T20:00:00.000",
        "start_formatted": "June 17, 2017 11:00 AM",
        "end_formatted": "June 17, 2017 08:00 PM",
        "street_closure_type": "Full Street Closure ",
        "community_board": "6, ",
        "police_precinct": "78, "
      }
    },
    {
      "type": "Feature",
      "geometry": {
        "type": "Point",
        "coordinates": [
          -73.88839,
          40.65848
        ]
      },
      "properties": {
        "event_id": "339230",
        "event_name": "Juneteenth Family Day",
        "event_type": "Block Party",
        "event_agency": "Street Activity Permit Office",
        "event_location": " VERMONT STREET between STANLEY AVENUE and LINDEN BOULEVARD",
        "event_borough": "Brooklyn",
        "start_date": "2017-06-17T11:00:00.000",
        "end_date": "2017-06-17T18:00:00.000",
        "start_formatted": "June 17, 2017 11:00 AM",
        "end_formatted": "June 17, 2017 06:00 PM",
        "street_closure_type": "Full Street Closure ",
        "community_board": "5, ",
        "police_precinct": "75, "
      }
    },
    {
      "type": "Feature",
      "geometry": {
        "type": "Point",
        "coordinates": [
          -74.0335415,
          40.6210035
        ]
      },
      "properties": {
        "event_id": "337699",
        "event_name": "90th Street-16th Annual Block Party",
        "event_type": "Block Party",
        "event_agency": "Street Activity Permit Office",
        "event_location": " 90 STREET between RIDGE BOULEVARD and 3 AVENUE",
        "event_borough": "Brooklyn",
        "start_date": "2017-06-17T11:00:00.000",
        "end_date": "2017-06-17T20:00:00.000",
        "start_formatted": "June 17, 2017 11:00 AM",
        "end_formatted": "June 17, 2017 08:00 PM",
        "street_closure_type": "Full Street Closure ",
        "community_board": "10, ",
        "police_precinct": "68, "
      }
    },
    {
      "type": "Feature",
      "geometry": {
        "type": "Point",
        "coordinates": [
          -73.99332100000001,
          40.6804755
        ]
      },
      "properties": {
        "event_id": "335229",
        "event_name": "President St Block Party",
        "event_type": "Block Party",
        "event_agency": "Street Activity Permit Office",
        "event_location": " PRESIDENT STREET between HOYT STREET and SMITH STREET",
        "event_borough": "Brooklyn",
        "start_date": "2017-06-17T11:00:00.000",
        "end_date": "2017-06-17T20:00:00.000",
        "start_formatted": "June 17, 2017 11:00 AM",
        "end_formatted": "June 17, 2017 08:00 PM",
        "street_closure_type": "Full Street Closure ",
        "community_board": "6, ",
        "police_precinct": "76, "
      }
    },
    {
      "type": "Feature",
      "geometry": {
        "type": "Point",
        "coordinates": [
          -73.97587050000001,
          40.672402000000005
        ]
      },
      "properties": {
        "event_id": "344103",
        "event_name": "Polhemus Place block party",
        "event_type": "Block Party",
        "event_agency": "Street Activity Permit Office",
        "event_location": " POLHEMUS PLACE between CARROLL STREET and GARFIELD PLACE",
        "event_borough": "Brooklyn",
        "start_date": "2017-06-17T11:00:00.000",
        "end_date": "2017-06-17T20:00:00.000",
        "start_formatted": "June 17, 2017 11:00 AM",
        "end_formatted": "June 17, 2017 08:00 PM",
        "street_closure_type": "Full Street Closure ",
        "community_board": "6, ",
        "police_precinct": "78, "
      }
    },
    {
      "type": "Feature",
      "geometry": {
        "type": "Point",
        "coordinates": [
          -73.9473835,
          40.686212499999996
        ]
      },
      "properties": {
        "event_id": "338153",
        "event_name": "INTERNATIONAL DAY",
        "event_type": "Block Party",
        "event_agency": "Street Activity Permit Office",
        "event_location": " MARCY AVENUE between GATES AVENUE and MONROE STREET",
        "event_borough": "Brooklyn",
        "start_date": "2017-06-17T11:00:00.000",
        "end_date": "2017-06-17T17:00:00.000",
        "start_formatted": "June 17, 2017 11:00 AM",
        "end_formatted": "June 17, 2017 05:00 PM",
        "street_closure_type": "Sidewalk and Street Closure ",
        "community_board": "3, ",
        "police_precinct": "79, "
      }
    },
    {
      "type": "Feature",
      "geometry": {
        "type": "Point",
        "coordinates": [
          -73.97737950000001,
          40.6699435
        ]
      },
      "properties": {
        "event_id": "342460",
        "event_name": "3rd Street Block Party",
        "event_type": "Block Party",
        "event_agency": "Street Activity Permit Office",
        "event_location": " 3 STREET between 7 AVENUE and 8 AVENUE",
        "event_borough": "Brooklyn",
        "start_date": "2017-06-17T11:00:00.000",
        "end_date": "2017-06-17T19:30:00.000",
        "start_formatted": "June 17, 2017 11:00 AM",
        "end_formatted": "June 17, 2017 07:30 PM",
        "street_closure_type": "Full Street Closure ",
        "community_board": "6, ",
        "police_precinct": "78, "
      }
    },
    {
      "type": "Feature",
      "geometry": {
        "type": "Point",
        "coordinates": [
          -73.878612,
          40.662689
        ]
      },
      "properties": {
        "event_id": "296101",
        "event_name": "ELTON STREET BLOCK PARTY",
        "event_type": "Block Party",
        "event_agency": "Street Activity Permit Office",
        "event_location": " ELTON STREET between STANLEY AVENUE and LINDEN BOULEVARD",
        "event_borough": "Brooklyn",
        "start_date": "2017-06-17T10:00:00.000",
        "end_date": "2017-06-17T18:00:00.000",
        "start_formatted": "June 17, 2017 10:00 AM",
        "end_formatted": "June 17, 2017 06:00 PM",
        "street_closure_type": "Full Street Closure ",
        "community_board": "5, ",
        "police_precinct": "75, "
      }
    },
    {
      "type": "Feature",
      "geometry": {
        "type": "Point",
        "coordinates": [
          -73.9543735,
          40.8128035
        ]
      },
      "properties": {
        "event_id": "338053",
        "event_name": "Spring Fling",
        "event_type": "Block Party",
        "event_agency": "Street Activity Permit Office",
        "event_location": " WEST  126 STREET between MORNINGSIDE AVENUE and WEST  127 STREET",
        "event_borough": "Manhattan",
        "start_date": "2017-06-17T10:00:00.000",
        "end_date": "2017-06-17T17:00:00.000",
        "start_formatted": "June 17, 2017 10:00 AM",
        "end_formatted": "June 17, 2017 05:00 PM",
        "street_closure_type": "Full Street Closure ",
        "community_board": "9, ",
        "police_precinct": "26, "
      }
    },
    {
      "type": "Feature",
      "geometry": {
        "type": "Point",
        "coordinates": [
          -73.93586450000001,
          40.842614499999996
        ]
      },
      "properties": {
        "event_id": "316229",
        "event_name": "Oasis Street Closing",
        "event_type": "Block Party",
        "event_agency": "Street Activity Permit Office",
        "event_location": " WEST  172 STREET between AUDUBON AVENUE and AMSTERDAM AVENUE",
        "event_borough": "Manhattan",
        "start_date": "2017-06-17T10:00:00.000",
        "end_date": "2017-06-17T17:30:00.000",
        "start_formatted": "June 17, 2017 10:00 AM",
        "end_formatted": "June 17, 2017 05:30 PM",
        "street_closure_type": "Full Street Closure ",
        "community_board": "12, ",
        "police_precinct": "33, "
      }
    },
    {
      "type": "Feature",
      "geometry": {
        "type": "Point",
        "coordinates": [
          -73.985619,
          40.668008
        ]
      },
      "properties": {
        "event_id": "330261",
        "event_name": "Tenth Street 5th 6th June 2017 Block Party",
        "event_type": "Block Party",
        "event_agency": "Street Activity Permit Office",
        "event_location": " 10 STREET between 5 AVENUE and 6 AVENUE",
        "event_borough": "Brooklyn",
        "start_date": "2017-06-17T10:00:00.000",
        "end_date": "2017-06-17T19:00:00.000",
        "start_formatted": "June 17, 2017 10:00 AM",
        "end_formatted": "June 17, 2017 07:00 PM",
        "street_closure_type": "Full Street Closure ",
        "community_board": "6, ",
        "police_precinct": "78, "
      }
    },
    {
      "type": "Feature",
      "geometry": {
        "type": "Point",
        "coordinates": [
          -73.8480755,
          40.6846355
        ]
      },
      "properties": {
        "event_id": "346835",
        "event_name": "Field Day 2017",
        "event_type": "Block Party",
        "event_agency": "Street Activity Permit Office",
        "event_location": " 93 STREET between 101 AVENUE and 97 AVENUE",
        "event_borough": "Queens",
        "start_date": "2017-06-16T09:00:00.000",
        "end_date": "2017-06-16T14:00:00.000",
        "start_formatted": "June 16, 2017 09:00 AM",
        "end_formatted": "June 16, 2017 02:00 PM",
        "street_closure_type": "Full Street Closure ",
        "community_board": "9, ",
        "police_precinct": "102, "
      }
    },
    {
      "type": "Feature",
      "geometry": {
        "type": "Point",
        "coordinates": [
          -73.9622755,
          40.7654505
        ]
      },
      "properties": {
        "event_id": "333869",
        "event_name": "3rd Annual Sephardic Academy of Manhattan Block Party",
        "event_type": "Block Party",
        "event_agency": "Street Activity Permit Office",
        "event_location": " EAST   66 STREET between 2 AVENUE and 3 AVENUE",
        "event_borough": "Manhattan",
        "start_date": "2017-06-13T12:00:00.000",
        "end_date": "2017-06-13T18:00:00.000",
        "start_formatted": "June 13, 2017 12:00 PM",
        "end_formatted": "June 13, 2017 06:00 PM",
        "street_closure_type": "Full Street Closure ",
        "community_board": "8, ",
        "police_precinct": "19, "
      }
    },
    {
      "type": "Feature",
      "geometry": {
        "type": "Point",
        "coordinates": [
          -73.820258,
          40.711458
        ]
      },
      "properties": {
        "event_id": "320102",
        "event_name": "Good Neighbors",
        "event_type": "Block Party",
        "event_agency": "Street Activity Permit Office",
        "event_location": " MANTON STREET between MAIN STREET and 83 AVENUE",
        "event_borough": "Queens",
        "start_date": "2017-06-11T13:00:00.000",
        "end_date": "2017-06-11T16:00:00.000",
        "start_formatted": "June 11, 2017 01:00 PM",
        "end_formatted": "June 11, 2017 04:00 PM",
        "street_closure_type": "Full Street Closure ",
        "community_board": "8, ",
        "police_precinct": "107, "
      }
    },
    {
      "type": "Feature",
      "geometry": {
        "type": "Point",
        "coordinates": [
          -73.997553,
          40.69426
        ]
      },
      "properties": {
        "event_id": "340880",
        "event_name": "Annual Spring Barbecue",
        "event_type": "Block Party",
        "event_agency": "Street Activity Permit Office",
        "event_location": " GRACE COURT between HICKS STREET and DEAD END",
        "event_borough": "Brooklyn",
        "start_date": "2017-06-11T12:00:00.000",
        "end_date": "2017-06-11T14:00:00.000",
        "start_formatted": "June 11, 2017 12:00 PM",
        "end_formatted": "June 11, 2017 02:00 PM",
        "street_closure_type": "Full Street Closure ",
        "community_board": "2, ",
        "police_precinct": "84, "
      }
    },
    {
      "type": "Feature",
      "geometry": {
        "type": "Point",
        "coordinates": [
          -73.9995635,
          40.683809499999995
        ]
      },
      "properties": {
        "event_id": "327227",
        "event_name": "Pozzallo Open House - St. John Day",
        "event_type": "Block Party",
        "event_agency": "Street Activity Permit Office",
        "event_location": " HENRY STREET between SACKETT STREET and UNION STREET",
        "event_borough": "Brooklyn",
        "start_date": "2017-06-11T12:00:00.000",
        "end_date": "2017-06-11T18:00:00.000",
        "start_formatted": "June 11, 2017 12:00 PM",
        "end_formatted": "June 11, 2017 06:00 PM",
        "street_closure_type": "Full Street Closure ",
        "community_board": "6, ",
        "police_precinct": "76, "
      }
    },
    {
      "type": "Feature",
      "geometry": {
        "type": "Point",
        "coordinates": [
          -73.984683,
          40.624607499999996
        ]
      },
      "properties": {
        "event_id": "350723",
        "event_name": "Bike Registration",
        "event_type": "Block Party",
        "event_agency": "Street Activity Permit Office",
        "event_location": " 18 AVENUE between 55 STREET and 56 STREET",
        "event_borough": "Brooklyn",
        "start_date": "2017-06-11T12:00:00.000",
        "end_date": "2017-06-11T18:00:00.000",
        "start_formatted": "June 11, 2017 12:00 PM",
        "end_formatted": "June 11, 2017 06:00 PM",
        "street_closure_type": "Full Street Closure ",
        "community_board": "12, ",
        "police_precinct": "66, "
      }
    },
    {
      "type": "Feature",
      "geometry": {
        "type": "Point",
        "coordinates": [
          -73.9478765,
          40.611581
        ]
      },
      "properties": {
        "event_id": "341686",
        "event_name": "Community Carnival",
        "event_type": "Block Party",
        "event_agency": "Street Activity Permit Office",
        "event_location": " AVENUE P between BEDFORD AVENUE and EAST   27 STREET",
        "event_borough": "Brooklyn",
        "start_date": "2017-06-11T11:00:00.000",
        "end_date": "2017-06-11T20:00:00.000",
        "start_formatted": "June 11, 2017 11:00 AM",
        "end_formatted": "June 11, 2017 08:00 PM",
        "street_closure_type": "Full Street Closure ",
        "community_board": "15, ",
        "police_precinct": "61, "
      }
    },
    {
      "type": "Feature",
      "geometry": {
        "type": "Point",
        "coordinates": [
          -73.8296735,
          40.6877715
        ]
      },
      "properties": {
        "event_id": "341479",
        "event_name": "sant baba Prem singh ji murale wale di barsi",
        "event_type": "Block Party",
        "event_agency": "Street Activity Permit Office",
        "event_location": " 114 STREET between 101 AVENUE and 103 AVENUE",
        "event_borough": "Queens",
        "start_date": "2017-06-11T11:00:00.000",
        "end_date": "2017-06-11T18:00:00.000",
        "start_formatted": "June 11, 2017 11:00 AM",
        "end_formatted": "June 11, 2017 06:00 PM",
        "street_closure_type": "Full Street Closure ",
        "community_board": "9, ",
        "police_precinct": "102, "
      }
    },
    {
      "type": "Feature",
      "geometry": {
        "type": "Point",
        "coordinates": [
          -73.916585,
          40.646361
        ]
      },
      "properties": {
        "event_id": "340958",
        "event_name": "E87TH BLOCK ASSOCIATION",
        "event_type": "Block Party",
        "event_agency": "Street Activity Permit Office",
        "event_location": " EAST   87 STREET between DITMAS AVENUE and DEAD END",
        "event_borough": "Brooklyn",
        "start_date": "2017-06-11T10:00:00.000",
        "end_date": "2017-06-11T18:00:00.000",
        "start_formatted": "June 11, 2017 10:00 AM",
        "end_formatted": "June 11, 2017 06:00 PM",
        "street_closure_type": "Full Street Closure ",
        "community_board": "17, ",
        "police_precinct": "67, "
      }
    },
    {
      "type": "Feature",
      "geometry": {
        "type": "Point",
        "coordinates": [
          -74.1217025,
          40.621359
        ]
      },
      "properties": {
        "event_id": "343819",
        "event_name": "Day of Remembrance",
        "event_type": "Block Party",
        "event_agency": "Street Activity Permit Office",
        "event_location": " MARTLING AVENUE between MANOR ROAD and SLOSSON AVENUE",
        "event_borough": "Staten Island",
        "start_date": "2017-06-11T10:00:00.000",
        "end_date": "2017-06-11T14:00:00.000",
        "start_formatted": "June 11, 2017 10:00 AM",
        "end_formatted": "June 11, 2017 02:00 PM",
        "street_closure_type": "Sidewalk and Street Closure ",
        "community_board": "1, ",
        "police_precinct": "120, "
      }
    },
    {
      "type": "Feature",
      "geometry": {
        "type": "Point",
        "coordinates": [
          -73.9506265,
          40.784854
        ]
      },
      "properties": {
        "event_id": "330251",
        "event_name": "PS198M Spring Carnival",
        "event_type": "Block Party",
        "event_agency": "Street Activity Permit Office",
        "event_location": " EAST   95 STREET between LEXINGTON AVENUE and THIRD AVENUE",
        "event_borough": "Manhattan",
        "start_date": "2017-06-10T12:00:00.000",
        "end_date": "2017-06-10T17:00:00.000",
        "start_formatted": "June 10, 2017 12:00 PM",
        "end_formatted": "June 10, 2017 05:00 PM",
        "street_closure_type": "Full Street Closure ",
        "community_board": "8, ",
        "police_precinct": "19, "
      }
    },
    {
      "type": "Feature",
      "geometry": {
        "type": "Point",
        "coordinates": [
          -73.85290900000001,
          40.886230499999996
        ]
      },
      "properties": {
        "event_id": "329614",
        "event_name": "GSS/BRAG Peace Circle",
        "event_type": "Block Party",
        "event_agency": "Street Activity Permit Office",
        "event_location": " EAST  226 STREET between BRONXWOOD AVENUE and PAULDING AVENUE",
        "event_borough": "Bronx",
        "start_date": "2017-06-10T12:00:00.000",
        "end_date": "2017-06-10T17:00:00.000",
        "start_formatted": "June 10, 2017 12:00 PM",
        "end_formatted": "June 10, 2017 05:00 PM",
        "street_closure_type": "Full Street Closure ",
        "community_board": "12, ",
        "police_precinct": "47, "
      }
    },
    {
      "type": "Feature",
      "geometry": {
        "type": "Point",
        "coordinates": [
          -73.955207,
          40.6605455
        ]
      },
      "properties": {
        "event_id": "336136",
        "event_name": "Maple Street 2017 Block Party",
        "event_type": "Block Party",
        "event_agency": "Street Activity Permit Office",
        "event_location": " MAPLE STREET between BEDFORD AVENUE and ROGERS AVENUE",
        "event_borough": "Brooklyn",
        "start_date": "2017-06-10T12:00:00.000",
        "end_date": "2017-06-10T19:30:00.000",
        "start_formatted": "June 10, 2017 12:00 PM",
        "end_formatted": "June 10, 2017 07:30 PM",
        "street_closure_type": "Sidewalk and Street Closure ",
        "community_board": "9, ",
        "police_precinct": "71, "
      }
    },
    {
      "type": "Feature",
      "geometry": {
        "type": "Point",
        "coordinates": [
          -73.9792395,
          40.671685
        ]
      },
      "properties": {
        "event_id": "340697",
        "event_name": "2nd Street Block Party",
        "event_type": "Block Party",
        "event_agency": "Street Activity Permit Office",
        "event_location": " 2 STREET between 6 AVENUE and 7 AVENUE",
        "event_borough": "Brooklyn",
        "start_date": "2017-06-10T12:00:00.000",
        "end_date": "2017-06-10T19:00:00.000",
        "start_formatted": "June 10, 2017 12:00 PM",
        "end_formatted": "June 10, 2017 07:00 PM",
        "street_closure_type": "Full Street Closure ",
        "community_board": "6, ",
        "police_precinct": "78, "
      }
    },
    {
      "type": "Feature",
      "geometry": {
        "type": "Point",
        "coordinates": [
          -73.927065,
          40.6799295
        ]
      },
      "properties": {
        "event_id": "338561",
        "event_name": "Good Tidings Gospel Chapel Community Health Fair",
        "event_type": "Block Party",
        "event_agency": "Street Activity Permit Office",
        "event_location": " MARION STREET between PATCHEN AVENUE and MALCOLM X BOULEVARD",
        "event_borough": "Brooklyn",
        "start_date": "2017-06-10T11:30:00.000",
        "end_date": "2017-06-10T17:00:00.000",
        "start_formatted": "June 10, 2017 11:30 AM",
        "end_formatted": "June 10, 2017 05:00 PM",
        "street_closure_type": "Full Street Closure ",
        "community_board": "3, ",
        "police_precinct": "81, "
      }
    },
    {
      "type": "Feature",
      "geometry": {
        "type": "Point",
        "coordinates": [
          -73.989124,
          40.6184925
        ]
      },
      "properties": {
        "event_id": "322936",
        "event_name": "St. Nicholas Block Party",
        "event_type": "Block Party",
        "event_agency": "Street Activity Permit Office",
        "event_location": " 65 STREET between 18 AVENUE and 19 AVENUE",
        "event_borough": "Brooklyn",
        "start_date": "2017-06-10T11:00:00.000",
        "end_date": "2017-06-10T20:00:00.000",
        "start_formatted": "June 10, 2017 11:00 AM",
        "end_formatted": "June 10, 2017 08:00 PM",
        "street_closure_type": "Full Street Closure ",
        "community_board": "11, ",
        "police_precinct": "62, "
      }
    },
    {
      "type": "Feature",
      "geometry": {
        "type": "Point",
        "coordinates": [
          -73.98371900000001,
          40.6455145
        ]
      },
      "properties": {
        "event_id": "343059",
        "event_name": "Minna Block party",
        "event_type": "Block Party",
        "event_agency": "Street Activity Permit Office",
        "event_location": " MINNA STREET between CHESTER AVENUE and BILLS PLACE",
        "event_borough": "Brooklyn",
        "start_date": "2017-06-10T11:00:00.000",
        "end_date": "2017-06-10T20:00:00.000",
        "start_formatted": "June 10, 2017 11:00 AM",
        "end_formatted": "June 10, 2017 08:00 PM",
        "street_closure_type": "Full Street Closure ",
        "community_board": "12, ",
        "police_precinct": "66, "
      }
    },
    {
      "type": "Feature",
      "geometry": {
        "type": "Point",
        "coordinates": [
          -73.954375,
          40.768011
        ]
      },
      "properties": {
        "event_id": "312671",
        "event_name": "Ronald McDonald House NY Walkathon",
        "event_type": "Block Party",
        "event_agency": "Street Activity Permit Office",
        "event_location": " EAST   73 STREET between YORK AVENUE and 1 AVENUE",
        "event_borough": "Manhattan",
        "start_date": "2017-06-10T11:00:00.000",
        "end_date": "2017-06-10T15:00:00.000",
        "start_formatted": "June 10, 2017 11:00 AM",
        "end_formatted": "June 10, 2017 03:00 PM",
        "street_closure_type": "Full Street Closure ",
        "community_board": "8, ",
        "police_precinct": "19, "
      }
    },
    {
      "type": "Feature",
      "geometry": {
        "type": "Point",
        "coordinates": [
          -73.99414250000001,
          40.683326
        ]
      },
      "properties": {
        "event_id": "334463",
        "event_name": "8th annual block party",
        "event_type": "Block Party",
        "event_agency": "Street Activity Permit Office",
        "event_location": " DEGRAW STREET between COURT STREET and SMITH STREET",
        "event_borough": "Brooklyn",
        "start_date": "2017-06-10T11:00:00.000",
        "end_date": "2017-06-10T20:00:00.000",
        "start_formatted": "June 10, 2017 11:00 AM",
        "end_formatted": "June 10, 2017 08:00 PM",
        "street_closure_type": "Full Street Closure ",
        "community_board": "6, ",
        "police_precinct": "76, "
      }
    },
    {
      "type": "Feature",
      "geometry": {
        "type": "Point",
        "coordinates": [
          -73.9982425,
          40.6756205
        ]
      },
      "properties": {
        "event_id": "337404",
        "event_name": "Huntington Street Block Party",
        "event_type": "Block Party",
        "event_agency": "Street Activity Permit Office",
        "event_location": " HUNTINGTON STREET between COURT STREET and SMITH STREET",
        "event_borough": "Brooklyn",
        "start_date": "2017-06-10T11:00:00.000",
        "end_date": "2017-06-10T20:00:00.000",
        "start_formatted": "June 10, 2017 11:00 AM",
        "end_formatted": "June 10, 2017 08:00 PM",
        "street_closure_type": "Sidewalk and Curb Lane Closure ",
        "community_board": "6, ",
        "police_precinct": "76, "
      }
    },
    {
      "type": "Feature",
      "geometry": {
        "type": "Point",
        "coordinates": [
          -73.9620315,
          40.636151
        ]
      },
      "properties": {
        "event_id": "335088",
        "event_name": "Newkirk Block Party",
        "event_type": "Block Party",
        "event_agency": "Street Activity Permit Office",
        "event_location": " NEWKIRK AVENUE between EAST   16 STREET and EAST   17 STREET",
        "event_borough": "Brooklyn",
        "start_date": "2017-06-10T11:00:00.000",
        "end_date": "2017-06-10T16:00:00.000",
        "start_formatted": "June 10, 2017 11:00 AM",
        "end_formatted": "June 10, 2017 04:00 PM",
        "street_closure_type": "Full Street Closure ",
        "community_board": "14, ",
        "police_precinct": "70, "
      }
    },
    {
      "type": "Feature",
      "geometry": {
        "type": "Point",
        "coordinates": [
          -73.943745,
          40.6676975
        ]
      },
      "properties": {
        "event_id": "334297",
        "event_name": "St. Mark's Day School Annual Spring Fair",
        "event_type": "Block Party",
        "event_agency": "Street Activity Permit Office",
        "event_location": " PRESIDENT STREET between KINGSTON AVENUE and BROOKLYN AVENUE",
        "event_borough": "Brooklyn",
        "start_date": "2017-06-10T11:00:00.000",
        "end_date": "2017-06-10T19:00:00.000",
        "start_formatted": "June 10, 2017 11:00 AM",
        "end_formatted": "June 10, 2017 07:00 PM",
        "street_closure_type": "Full Street Closure ",
        "community_board": "9, ",
        "police_precinct": "71, "
      }
    },
    {
      "type": "Feature",
      "geometry": {
        "type": "Point",
        "coordinates": [
          -73.95050549999999,
          40.636115000000004
        ]
      },
      "properties": {
        "event_id": "330437",
        "event_name": "Health Fair",
        "event_type": "Block Party",
        "event_agency": "Street Activity Permit Office",
        "event_location": " FARRAGUT ROAD between ROGERS AVENUE and EAST   28 STREET",
        "event_borough": "Brooklyn",
        "start_date": "2017-06-10T10:00:00.000",
        "end_date": "2017-06-10T18:00:00.000",
        "start_formatted": "June 10, 2017 10:00 AM",
        "end_formatted": "June 10, 2017 06:00 PM",
        "street_closure_type": "Full Street Closure ",
        "community_board": "14, ",
        "police_precinct": "70, "
      }
    },
    {
      "type": "Feature",
      "geometry": {
        "type": "Point",
        "coordinates": [
          -73.92536999999999,
          40.6707245
        ]
      },
      "properties": {
        "event_id": "331425",
        "event_name": "Community Basketball Event",
        "event_type": "Block Party",
        "event_agency": "Street Activity Permit Office",
        "event_location": " BUFFALO AVENUE between ST JOHNS PLACE and STERLING PLACE",
        "event_borough": "Brooklyn",
        "start_date": "2017-06-10T10:00:00.000",
        "end_date": "2017-06-10T18:00:00.000",
        "start_formatted": "June 10, 2017 10:00 AM",
        "end_formatted": "June 10, 2017 06:00 PM",
        "street_closure_type": "Full Street Closure ",
        "community_board": "8, ",
        "police_precinct": "77, "
      }
    },
    {
      "type": "Feature",
      "geometry": {
        "type": "Point",
        "coordinates": [
          -73.9125345,
          40.6740555
        ]
      },
      "properties": {
        "event_id": "321983",
        "event_name": "End of Year Clelebration",
        "event_type": "Block Party",
        "event_agency": "Street Activity Permit Office",
        "event_location": " BERGEN STREET between ROCKAWAY AVENUE and THOMAS BOYLAND STREET",
        "event_borough": "Brooklyn",
        "start_date": "2017-06-10T10:00:00.000",
        "end_date": "2017-06-10T18:00:00.000",
        "start_formatted": "June 10, 2017 10:00 AM",
        "end_formatted": "June 10, 2017 06:00 PM",
        "street_closure_type": "Full Street Closure ",
        "community_board": "16, ",
        "police_precinct": "73, "
      }
    },
    {
      "type": "Feature",
      "geometry": {
        "type": "Point",
        "coordinates": [
          -73.8578205,
          40.8339365
        ]
      },
      "properties": {
        "event_id": "336079",
        "event_name": "Bronx Excellence Annual Muti-Cultural Block Party",
        "event_type": "Block Party",
        "event_agency": "Street Activity Permit Office",
        "event_location": " PUGSLEY AVENUE between WESTCHESTER AVENUE and BENEDICT AVENUE",
        "event_borough": "Bronx",
        "start_date": "2017-06-10T10:00:00.000",
        "end_date": "2017-06-10T17:00:00.000",
        "start_formatted": "June 10, 2017 10:00 AM",
        "end_formatted": "June 10, 2017 05:00 PM",
        "street_closure_type": "Full Street Closure ",
        "community_board": "9, ",
        "police_precinct": "43, "
      }
    },
    {
      "type": "Feature",
      "geometry": {
        "type": "Point",
        "coordinates": [
          -73.977022,
          40.66639
        ]
      },
      "properties": {
        "event_id": "313118",
        "event_name": "7th Street Block Party",
        "event_type": "Block Party",
        "event_agency": "Street Activity Permit Office",
        "event_location": " 7 STREET between 8 AVENUE and PROSPECT PARK WEST",
        "event_borough": "Brooklyn",
        "start_date": "2017-06-10T09:00:00.000",
        "end_date": "2017-06-10T18:00:00.000",
        "start_formatted": "June 10, 2017 09:00 AM",
        "end_formatted": "June 10, 2017 06:00 PM",
        "street_closure_type": "Full Street Closure ",
        "community_board": "6, ",
        "police_precinct": "78, "
      }
    },
    {
      "type": "Feature",
      "geometry": {
        "type": "Point",
        "coordinates": [
          -73.96037100000001,
          40.7417365
        ]
      },
      "properties": {
        "event_id": "324639",
        "event_name": "LIC Summer Block Party",
        "event_type": "Block Party",
        "event_agency": "Street Activity Permit Office",
        "event_location": " CENTER BOULEVARD between 54 AVENUE and BORDEN AVENUE",
        "event_borough": "Queens",
        "start_date": "2017-06-08T14:00:00.000",
        "end_date": "2017-06-08T19:00:00.000",
        "start_formatted": "June 08, 2017 02:00 PM",
        "end_formatted": "June 08, 2017 07:00 PM",
        "street_closure_type": "Full Street Closure ",
        "community_board": "2, ",
        "police_precinct": "108, "
      }
    },
    {
      "type": "Feature",
      "geometry": {
        "type": "Point",
        "coordinates": [
          -73.9414295,
          40.662934
        ]
      },
      "properties": {
        "event_id": "350581",
        "event_name": "71 Harmony Day Picnic",
        "event_type": "Block Party",
        "event_agency": "Street Activity Permit Office",
        "event_location": " LEFFERTS AVENUE between ALBANY AVENUE and KINGSTON AVENUE",
        "event_borough": "Brooklyn",
        "start_date": "2017-06-07T15:00:00.000",
        "end_date": "2017-06-07T19:00:00.000",
        "start_formatted": "June 07, 2017 03:00 PM",
        "end_formatted": "June 07, 2017 07:00 PM",
        "street_closure_type": "Full Street Closure ",
        "community_board": "9, ",
        "police_precinct": "71, "
      }
    },
    {
      "type": "Feature",
      "geometry": {
        "type": "Point",
        "coordinates": [
          -73.892199,
          40.6690235
        ]
      },
      "properties": {
        "event_id": "353509",
        "event_name": "PS149 Arts Festival",
        "event_type": "Block Party",
        "event_agency": "Street Activity Permit Office",
        "event_location": " WYONA STREET between SUTTER AVENUE and BLAKE AVENUE",
        "event_borough": "Brooklyn",
        "start_date": "2017-06-07T09:00:00.000",
        "end_date": "2017-06-07T13:30:00.000",
        "start_formatted": "June 07, 2017 09:00 AM",
        "end_formatted": "June 07, 2017 01:30 PM",
        "street_closure_type": "Full Sidewalk Closure ",
        "community_board": "5, ",
        "police_precinct": "75, "
      }
    },
    {
      "type": "Feature",
      "geometry": {
        "type": "Point",
        "coordinates": [
          -73.88886550000001,
          40.7484005
        ]
      },
      "properties": {
        "event_id": "342396",
        "event_name": "Jackson Heights Choral Festival",
        "event_type": "Block Party",
        "event_agency": "Street Activity Permit Office",
        "event_location": " 77 STREET between 37 AVENUE and 37 ROAD",
        "event_borough": "Queens",
        "start_date": "2017-06-05T16:00:00.000",
        "end_date": "2017-06-05T19:00:00.000",
        "start_formatted": "June 05, 2017 04:00 PM",
        "end_formatted": "June 05, 2017 07:00 PM",
        "street_closure_type": "Sidewalk and Street Closure ",
        "community_board": "3, ",
        "police_precinct": "115, "
      }
    },
    {
      "type": "Feature",
      "geometry": {
        "type": "Point",
        "coordinates": [
          -73.98117450000001,
          40.775889
        ]
      },
      "properties": {
        "event_id": "333863",
        "event_name": "Block Picnic",
        "event_type": "Block Party",
        "event_agency": "Street Activity Permit Office",
        "event_location": " WEST   69 STREET between COLUMBUS AVENUE and BROADWAY",
        "event_borough": "Manhattan",
        "start_date": "2017-06-04T13:00:00.000",
        "end_date": "2017-06-04T17:00:00.000",
        "start_formatted": "June 04, 2017 01:00 PM",
        "end_formatted": "June 04, 2017 05:00 PM",
        "street_closure_type": "Full Street Closure ",
        "community_board": "7, ",
        "police_precinct": "20, "
      }
    },
    {
      "type": "Feature",
      "geometry": {
        "type": "Point",
        "coordinates": [
          -73.98124949999999,
          40.669275999999996
        ]
      },
      "properties": {
        "event_id": "333320",
        "event_name": "400 6th Street Block Assn Block Party",
        "event_type": "Block Party",
        "event_agency": "Street Activity Permit Office",
        "event_location": " 6 STREET between 7 AVENUE and 6 AVENUE",
        "event_borough": "Brooklyn",
        "start_date": "2017-06-04T11:00:00.000",
        "end_date": "2017-06-04T20:00:00.000",
        "start_formatted": "June 04, 2017 11:00 AM",
        "end_formatted": "June 04, 2017 08:00 PM",
        "street_closure_type": "Full Street Closure ",
        "community_board": "2, 6, ",
        "police_precinct": "78, 88, "
      }
    },
    {
      "type": "Feature",
      "geometry": {
        "type": "Point",
        "coordinates": [
          -73.95272399999999,
          40.647369499999996
        ]
      },
      "properties": {
        "event_id": "340568",
        "event_name": "Rogers Avenue SDA Block Party",
        "event_type": "Block Party",
        "event_agency": "Street Activity Permit Office",
        "event_location": " VERONICA PLACE between ALBERMARLE ROAD and TILDEN AVENUE",
        "event_borough": "Brooklyn",
        "start_date": "2017-06-04T10:00:00.000",
        "end_date": "2017-06-04T17:00:00.000",
        "start_formatted": "June 04, 2017 10:00 AM",
        "end_formatted": "June 04, 2017 05:00 PM",
        "street_closure_type": "Full Street Closure ",
        "community_board": "17, ",
        "police_precinct": "67, "
      }
    },
    {
      "type": "Feature",
      "geometry": {
        "type": "Point",
        "coordinates": [
          -73.9647195,
          40.642759
        ]
      },
      "properties": {
        "event_id": "330944",
        "event_name": "Marlborough Road Block Party",
        "event_type": "Block Party",
        "event_agency": "Street Activity Permit Office",
        "event_location": " MARLBOROUGH ROAD between CORTELYOU ROAD and BEVERLEY ROAD",
        "event_borough": "Brooklyn",
        "start_date": "2017-06-04T10:00:00.000",
        "end_date": "2017-06-04T18:00:00.000",
        "start_formatted": "June 04, 2017 10:00 AM",
        "end_formatted": "June 04, 2017 06:00 PM",
        "street_closure_type": "Full Street Closure ",
        "community_board": "14, ",
        "police_precinct": "70, "
      }
    },
    {
      "type": "Feature",
      "geometry": {
        "type": "Point",
        "coordinates": [
          -73.87863949999999,
          40.7524235
        ]
      },
      "properties": {
        "event_id": "334625",
        "event_name": "Flea Market Sale",
        "event_type": "Block Party",
        "event_agency": "Street Activity Permit Office",
        "event_location": " 35 AVENUE between 88 STREET and 89 STREET",
        "event_borough": "Queens",
        "start_date": "2017-06-04T09:00:00.000",
        "end_date": "2017-06-04T17:00:00.000",
        "start_formatted": "June 04, 2017 09:00 AM",
        "end_formatted": "June 04, 2017 05:00 PM",
        "street_closure_type": "Full Sidewalk Closure ",
        "community_board": "3, ",
        "police_precinct": "115, "
      }
    },
    {
      "type": "Feature",
      "geometry": {
        "type": "Point",
        "coordinates": [
          -73.979209,
          40.6759245
        ]
      },
      "properties": {
        "event_id": "331311",
        "event_name": "Spoke the Hub and Union Street Block Party",
        "event_type": "Block Party",
        "event_agency": "Street Activity Permit Office",
        "event_location": " UNION  STREET between 5  AVENUE and 6  AVENUE",
        "event_borough": "Brooklyn",
        "start_date": "2017-06-03T14:00:00.000",
        "end_date": "2017-06-03T20:00:00.000",
        "start_formatted": "June 03, 2017 02:00 PM",
        "end_formatted": "June 03, 2017 08:00 PM",
        "street_closure_type": "Full Street Closure ",
        "community_board": "6, ",
        "police_precinct": "78, "
      }
    },
    {
      "type": "Feature",
      "geometry": {
        "type": "Point",
        "coordinates": [
          -73.8938775,
          40.8555535
        ]
      },
      "properties": {
        "event_id": "333600",
        "event_name": "COGA 5th Annual Neighborhood Outreach Party",
        "event_type": "Block Party",
        "event_agency": "Street Activity Permit Office",
        "event_location": " EAST  183 STREET between PARK AVENUE and WASHINGTON AVENUE",
        "event_borough": "Bronx",
        "start_date": "2017-06-03T12:00:00.000",
        "end_date": "2017-06-03T17:00:00.000",
        "start_formatted": "June 03, 2017 12:00 PM",
        "end_formatted": "June 03, 2017 05:00 PM",
        "street_closure_type": "Full Street Closure ",
        "community_board": "6, ",
        "police_precinct": "48, "
      }
    },
    {
      "type": "Feature",
      "geometry": {
        "type": "Point",
        "coordinates": [
          -73.9430795,
          40.674828
        ]
      },
      "properties": {
        "event_id": "322237",
        "event_name": "St. Marks Avenue Independent Block Association Annual Street Extravaganza",
        "event_type": "Block Party",
        "event_agency": "Street Activity Permit Office",
        "event_location": " ST MARKS AVENUE between BROOKLYN AVENUE and KINGSTON AVENUE",
        "event_borough": "Brooklyn",
        "start_date": "2017-06-03T12:00:00.000",
        "end_date": "2017-06-03T18:00:00.000",
        "start_formatted": "June 03, 2017 12:00 PM",
        "end_formatted": "June 03, 2017 06:00 PM",
        "street_closure_type": "Full Street Closure ",
        "community_board": "8, ",
        "police_precinct": "77, "
      }
    },
    {
      "type": "Feature",
      "geometry": {
        "type": "Point",
        "coordinates": [
          -73.947277,
          40.816809000000006
        ]
      },
      "properties": {
        "event_id": "338324",
        "event_name": "KAPPA IV Annual Bazzar",
        "event_type": "Block Party",
        "event_agency": "Street Activity Permit Office",
        "event_location": " WEST  135 STREET between ST NICHOLAS AVENUE and 8 AVENUE",
        "event_borough": "Manhattan",
        "start_date": "2017-06-03T12:00:00.000",
        "end_date": "2017-06-03T17:00:00.000",
        "start_formatted": "June 03, 2017 12:00 PM",
        "end_formatted": "June 03, 2017 05:00 PM",
        "street_closure_type": "Full Street Closure ",
        "community_board": "10, ",
        "police_precinct": "32, "
      }
    },
    {
      "type": "Feature",
      "geometry": {
        "type": "Point",
        "coordinates": [
          -73.98460549999999,
          40.6852385
        ]
      },
      "properties": {
        "event_id": "333839",
        "event_name": "Dean Street 6 Bloock Party",
        "event_type": "Block Party",
        "event_agency": "Street Activity Permit Office",
        "event_location": " DEAN STREET between BOND STREET and NEVINS STREET",
        "event_borough": "Brooklyn",
        "start_date": "2017-06-03T11:00:00.000",
        "end_date": "2017-06-03T19:00:00.000",
        "start_formatted": "June 03, 2017 11:00 AM",
        "end_formatted": "June 03, 2017 07:00 PM",
        "street_closure_type": "Full Street Closure ",
        "community_board": "2, ",
        "police_precinct": "84, "
      }
    },
    {
      "type": "Feature",
      "geometry": {
        "type": "Point",
        "coordinates": [
          -74.0013625,
          40.748996
        ]
      },
      "properties": {
        "event_id": "334519",
        "event_name": "PS33 Chelsea Prep Community Day Carnival",
        "event_type": "Block Party",
        "event_agency": "Street Activity Permit Office",
        "event_location": " WEST   26 STREET between 9 AVENUE and 10 AVENUE",
        "event_borough": "Manhattan",
        "start_date": "2017-06-03T11:00:00.000",
        "end_date": "2017-06-03T16:00:00.000",
        "start_formatted": "June 03, 2017 11:00 AM",
        "end_formatted": "June 03, 2017 04:00 PM",
        "street_closure_type": "Full Street Closure ",
        "community_board": "4, ",
        "police_precinct": "10, "
      }
    },
    {
      "type": "Feature",
      "geometry": {
        "type": "Point",
        "coordinates": [
          -73.861552,
          40.865852000000004
        ]
      },
      "properties": {
        "event_id": "338755",
        "event_name": "Summer kick Off",
        "event_type": "Block Party",
        "event_agency": "Street Activity Permit Office",
        "event_location": " BRONXWOOD AVENUE between ALLERTON AVENUE and BOSTON ROAD",
        "event_borough": "Bronx",
        "start_date": "2017-06-03T11:00:00.000",
        "end_date": "2017-06-03T15:00:00.000",
        "start_formatted": "June 03, 2017 11:00 AM",
        "end_formatted": "June 03, 2017 03:00 PM",
        "street_closure_type": "Full Street Closure ",
        "community_board": "11, ",
        "police_precinct": "49, "
      }
    },
    {
      "type": "Feature",
      "geometry": {
        "type": "Point",
        "coordinates": [
          -73.946467,
          40.824317
        ]
      },
      "properties": {
        "event_id": "335213",
        "event_name": "Convent Avenue Baptist Church",
        "event_type": "Block Party",
        "event_agency": "Street Activity Permit Office",
        "event_location": " CONVENT AVENUE between WEST  145 STREET and WEST  144 STREET",
        "event_borough": "Manhattan",
        "start_date": "2017-06-03T11:00:00.000",
        "end_date": "2017-06-03T15:00:00.000",
        "start_formatted": "June 03, 2017 11:00 AM",
        "end_formatted": "June 03, 2017 03:00 PM",
        "street_closure_type": "Full Street Closure ",
        "community_board": "9, ",
        "police_precinct": "30, "
      }
    },
    {
      "type": "Feature",
      "geometry": {
        "type": "Point",
        "coordinates": [
          -73.9832585,
          40.666866
        ]
      },
      "properties": {
        "event_id": "337261",
        "event_name": "10th Street Block Party",
        "event_type": "Block Party",
        "event_agency": "Street Activity Permit Office",
        "event_location": " 10 STREET between 6 AVENUE and 7 AVENUE",
        "event_borough": "Brooklyn",
        "start_date": "2017-06-03T11:00:00.000",
        "end_date": "2017-06-03T18:00:00.000",
        "start_formatted": "June 03, 2017 11:00 AM",
        "end_formatted": "June 03, 2017 06:00 PM",
        "street_closure_type": "Full Street Closure ",
        "community_board": "6, ",
        "police_precinct": "78, "
      }
    },
    {
      "type": "Feature",
      "geometry": {
        "type": "Point",
        "coordinates": [
          -73.950242,
          40.808893499999996
        ]
      },
      "properties": {
        "event_id": "340687",
        "event_name": "Annual Senior Citizens Day",
        "event_type": "Block Party",
        "event_agency": "Street Activity Permit Office",
        "event_location": " WEST  124 STREET between ADAM CLAYTON POWELL BOULEVARD and FREDERICK DOUGLAS BOULEVARD",
        "event_borough": "Manhattan",
        "start_date": "2017-06-03T10:30:00.000",
        "end_date": "2017-06-03T16:30:00.000",
        "start_formatted": "June 03, 2017 10:30 AM",
        "end_formatted": "June 03, 2017 04:30 PM",
        "street_closure_type": "Full Street Closure ",
        "community_board": "10, ",
        "police_precinct": "28, "
      }
    },
    {
      "type": "Feature",
      "geometry": {
        "type": "Point",
        "coordinates": [
          -73.74246249999999,
          40.722549
        ]
      },
      "properties": {
        "event_id": "331325",
        "event_name": "Redeemers Spring Fair",
        "event_type": "Block Party",
        "event_agency": "Street Activity Permit Office",
        "event_location": " 92 AVENUE between 217 STREET and 216 STREET",
        "event_borough": "Queens",
        "start_date": "2017-06-03T10:00:00.000",
        "end_date": "2017-06-03T16:00:00.000",
        "start_formatted": "June 03, 2017 10:00 AM",
        "end_formatted": "June 03, 2017 04:00 PM",
        "street_closure_type": "Sidewalk and Street Closure ",
        "community_board": "13, ",
        "police_precinct": "105, "
      }
    },
    {
      "type": "Feature",
      "geometry": {
        "type": "Point",
        "coordinates": [
          -73.970596,
          40.595003500000004
        ]
      },
      "properties": {
        "event_id": "336520",
        "event_name": "Hope Day Brooklyn",
        "event_type": "Block Party",
        "event_agency": "Street Activity Permit Office",
        "event_location": " GRAVESEND NECK ROAD between EAST    1 STREET and WEST STREET",
        "event_borough": "Brooklyn",
        "start_date": "2017-06-03T10:00:00.000",
        "end_date": "2017-06-03T18:00:00.000",
        "start_formatted": "June 03, 2017 10:00 AM",
        "end_formatted": "June 03, 2017 06:00 PM",
        "street_closure_type": "Full Street Closure ",
        "community_board": "15, ",
        "police_precinct": "61, "
      }
    },
    {
      "type": "Feature",
      "geometry": {
        "type": "Point",
        "coordinates": [
          -73.77080649999999,
          40.77024
        ]
      },
      "properties": {
        "event_id": "337082",
        "event_name": "PS 41 Centennial Celebration",
        "event_type": "Block Party",
        "event_agency": "Street Activity Permit Office",
        "event_location": " 214 LANE between 34 AVENUE and 35 AVENUE",
        "event_borough": "Queens",
        "start_date": "2017-06-03T10:00:00.000",
        "end_date": "2017-06-03T17:00:00.000",
        "start_formatted": "June 03, 2017 10:00 AM",
        "end_formatted": "June 03, 2017 05:00 PM",
        "street_closure_type": "Full Street Closure ",
        "community_board": "11, ",
        "police_precinct": "111, "
      }
    },
    {
      "type": "Feature",
      "geometry": {
        "type": "Point",
        "coordinates": [
          -73.9872,
          40.685446
        ]
      },
      "properties": {
        "event_id": "311066",
        "event_name": "Bergen Street between Hoyt and Bond Block Party",
        "event_type": "Block Party",
        "event_agency": "Street Activity Permit Office",
        "event_location": " BERGEN STREET between HOYT STREET and BOND STREET",
        "event_borough": "Brooklyn",
        "start_date": "2017-06-03T10:00:00.000",
        "end_date": "2017-06-03T20:00:00.000",
        "start_formatted": "June 03, 2017 10:00 AM",
        "end_formatted": "June 03, 2017 08:00 PM",
        "street_closure_type": "Full Street Closure ",
        "community_board": "2, ",
        "police_precinct": "84, "
      }
    },
    {
      "type": "Feature",
      "geometry": {
        "type": "Point",
        "coordinates": [
          -73.9529325,
          40.6154845
        ]
      },
      "properties": {
        "event_id": "335196",
        "event_name": "bay avenue block association",
        "event_type": "Block Party",
        "event_agency": "Street Activity Permit Office",
        "event_location": " BAY AVENUE between EAST   21 STREET and EAST   22 STREET",
        "event_borough": "Brooklyn",
        "start_date": "2017-06-03T09:00:00.000",
        "end_date": "2017-06-03T17:00:00.000",
        "start_formatted": "June 03, 2017 09:00 AM",
        "end_formatted": "June 03, 2017 05:00 PM",
        "street_closure_type": "Full Street Closure ",
        "community_board": "14, ",
        "police_precinct": "70, "
      }
    },
    {
      "type": "Feature",
      "geometry": {
        "type": "Point",
        "coordinates": [
          -73.895495,
          40.817662999999996
        ]
      },
      "properties": {
        "event_id": "328205",
        "event_name": "Convention",
        "event_type": "Block Party",
        "event_agency": "Street Activity Permit Office",
        "event_location": " INTERVALE AVENUE between SOUTHERN BLVD and FOX STREET",
        "event_borough": "Bronx",
        "start_date": "2017-06-03T09:00:00.000",
        "end_date": "2017-06-03T18:00:00.000",
        "start_formatted": "June 03, 2017 09:00 AM",
        "end_formatted": "June 03, 2017 06:00 PM",
        "street_closure_type": "Sidewalk and Curb Lane Closure ",
        "community_board": "2, ",
        "police_precinct": "41, "
      }
    },
    {
      "type": "Feature",
      "geometry": {
        "type": "Point",
        "coordinates": [
          -73.9735855,
          40.6479955
        ]
      },
      "properties": {
        "event_id": "339382",
        "event_name": "MS 839 Special Celebration Day",
        "event_type": "Block Party",
        "event_agency": "Street Activity Permit Office",
        "event_location": " EAST    7 STREET between CATON AVENUE and KERMIT PLACE",
        "event_borough": "Brooklyn",
        "start_date": "2017-06-03T09:00:00.000",
        "end_date": "2017-06-03T18:00:00.000",
        "start_formatted": "June 03, 2017 09:00 AM",
        "end_formatted": "June 03, 2017 06:00 PM",
        "street_closure_type": "Full Street Closure ",
        "community_board": "7, ",
        "police_precinct": "72, "
      }
    },
    {
      "type": "Feature",
      "geometry": {
        "type": "Point",
        "coordinates": [
          -73.884866,
          40.672867499999995
        ]
      },
      "properties": {
        "event_id": "350146",
        "event_name": "Warwick Day",
        "event_type": "Block Party",
        "event_agency": "Street Activity Permit Office",
        "event_location": " ASHFORD STREET between PITKIN AVENUE and BELMONT AVENUE",
        "event_borough": "Brooklyn",
        "start_date": "2017-06-02T08:30:00.000",
        "end_date": "2017-06-02T13:30:00.000",
        "start_formatted": "June 02, 2017 08:30 AM",
        "end_formatted": "June 02, 2017 01:30 PM",
        "street_closure_type": "Sidewalk and Street Closure ",
        "community_board": "5, ",
        "police_precinct": "75, "
      }
    },
    {
      "type": "Feature",
      "geometry": {
        "type": "Point",
        "coordinates": [
          -73.95759799999999,
          40.775305
        ]
      },
      "properties": {
        "event_id": "339497",
        "event_name": "Festival of Friends",
        "event_type": "Block Party",
        "event_agency": "Street Activity Permit Office",
        "event_location": " EAST   80 STREET between LEXINGTON AVENUE and 3 AVENUE",
        "event_borough": "Manhattan",
        "start_date": "2017-06-01T16:00:00.000",
        "end_date": "2017-06-01T19:00:00.000",
        "start_formatted": "June 01, 2017 04:00 PM",
        "end_formatted": "June 01, 2017 07:00 PM",
        "street_closure_type": "Full Street Closure ",
        "community_board": "8, ",
        "police_precinct": "19, "
      }
    },
    {
      "type": "Feature",
      "geometry": {
        "type": "Point",
        "coordinates": [
          -73.94769500000001,
          40.8161025
        ]
      },
      "properties": {
        "event_id": "334273",
        "event_name": "Spring Harvest Event",
        "event_type": "Block Party",
        "event_agency": "Street Activity Permit Office",
        "event_location": " WEST  134 STREET between FREDERICK DOUGLASS BOULEVARD and ST NICHOLAS AVENUE",
        "event_borough": "Manhattan",
        "start_date": "2017-06-01T13:00:00.000",
        "end_date": "2017-06-01T17:00:00.000",
        "start_formatted": "June 01, 2017 01:00 PM",
        "end_formatted": "June 01, 2017 05:00 PM",
        "street_closure_type": "Full Street Closure ",
        "community_board": "10, ",
        "police_precinct": "32, "
      }
    },
    {
      "type": "Feature",
      "geometry": {
        "type": "Point",
        "coordinates": [
          -74.087959,
          40.5820375
        ]
      },
      "properties": {
        "event_id": "347493",
        "event_name": "Field Day",
        "event_type": "Block Party",
        "event_agency": "Street Activity Permit Office",
        "event_location": " NUGENT AVENUE between BUEL AVENUE and DONGAN HILLS AVENUE",
        "event_borough": "Staten Island",
        "start_date": "2017-05-31T08:00:00.000",
        "end_date": "2017-05-31T14:30:00.000",
        "start_formatted": "May 31, 2017 08:00 AM",
        "end_formatted": "May 31, 2017 02:30 PM",
        "street_closure_type": "Full Street Closure ",
        "community_board": "2, ",
        "police_precinct": "122, "
      }
    },
    {
      "type": "Feature",
      "geometry": {
        "type": "Point",
        "coordinates": [
          -73.94182749999999,
          40.694720000000004
        ]
      },
      "properties": {
        "event_id": "329184",
        "event_name": "6th Annual Bedford Stuyvesant Memorial Day Parade",
        "event_type": "Block Party",
        "event_agency": "Street Activity Permit Office",
        "event_location": " WILLOUGHBY AVENUE between THROOP AVENUE and MARCUS GARVEY BOULEVARD",
        "event_borough": "Brooklyn",
        "start_date": "2017-05-29T12:00:00.000",
        "end_date": "2017-05-29T17:00:00.000",
        "start_formatted": "May 29, 2017 12:00 PM",
        "end_formatted": "May 29, 2017 05:00 PM",
        "street_closure_type": "Full Street Closure ",
        "community_board": "3, ",
        "police_precinct": "79, "
      }
    },
    {
      "type": "Feature",
      "geometry": {
        "type": "Point",
        "coordinates": [
          -73.855486,
          40.6848235
        ]
      },
      "properties": {
        "event_id": "333179",
        "event_name": "Memorial Day community rememberance",
        "event_type": "Block Party",
        "event_agency": "Street Activity Permit Office",
        "event_location": " 95 AVENUE between 85 STREET and 86 STREET",
        "event_borough": "Queens",
        "start_date": "2017-05-27T13:00:00.000",
        "end_date": "2017-05-27T21:00:00.000",
        "start_formatted": "May 27, 2017 01:00 PM",
        "end_formatted": "May 27, 2017 09:00 PM",
        "street_closure_type": "Full Street Closure ",
        "community_board": "9, ",
        "police_precinct": "102, "
      }
    },
    {
      "type": "Feature",
      "geometry": {
        "type": "Point",
        "coordinates": [
          -73.9267665,
          40.593953
        ]
      },
      "properties": {
        "event_id": "337363",
        "event_name": "Cort Club Block Party",
        "event_type": "Block Party",
        "event_agency": "Street Activity Permit Office",
        "event_location": " DEVON AVENUE between ASTER COURT and GERRITSEN AVENUE",
        "event_borough": "Brooklyn",
        "start_date": "2017-05-27T12:00:00.000",
        "end_date": "2017-05-27T18:00:00.000",
        "start_formatted": "May 27, 2017 12:00 PM",
        "end_formatted": "May 27, 2017 06:00 PM",
        "street_closure_type": "Full Street Closure ",
        "community_board": "15, ",
        "police_precinct": "61, "
      }
    },
    {
      "type": "Feature",
      "geometry": {
        "type": "Point",
        "coordinates": [
          -73.955682,
          40.783703
        ]
      },
      "properties": {
        "event_id": "310700",
        "event_name": "The Dalton School Spring Fair",
        "event_type": "Block Party",
        "event_agency": "Street Activity Permit Office",
        "event_location": " EAST   91 STREET between PARK AVENUE and MADISON AVENUE",
        "event_borough": "Manhattan",
        "start_date": "2017-05-26T11:30:00.000",
        "end_date": "2017-05-26T14:30:00.000",
        "start_formatted": "May 26, 2017 11:30 AM",
        "end_formatted": "May 26, 2017 02:30 PM",
        "street_closure_type": "Full Street Closure ",
        "community_board": "8, ",
        "police_precinct": "19, "
      }
    },
    {
      "type": "Feature",
      "geometry": {
        "type": "Point",
        "coordinates": [
          -73.7649815,
          40.604316499999996
        ]
      },
      "properties": {
        "event_id": "334702",
        "event_name": "Siach Yitzchok bike athon",
        "event_type": "Block Party",
        "event_agency": "Street Activity Permit Office",
        "event_location": " HEALY AVENUE between BAY   25 STREET and BAY PARK PLACE",
        "event_borough": "Queens",
        "start_date": "2017-05-21T14:00:00.000",
        "end_date": "2017-05-21T16:00:00.000",
        "start_formatted": "May 21, 2017 02:00 PM",
        "end_formatted": "May 21, 2017 04:00 PM",
        "street_closure_type": "Full Street Closure ",
        "community_board": "14, ",
        "police_precinct": "101, "
      }
    },
    {
      "type": "Feature",
      "geometry": {
        "type": "Point",
        "coordinates": [
          -73.88920300000001,
          40.747495
        ]
      },
      "properties": {
        "event_id": "325009",
        "event_name": "South Asian Festival",
        "event_type": "Block Party",
        "event_agency": "Street Activity Permit Office",
        "event_location": " 37 ROAD between 76 STREET and 77 STREET",
        "event_borough": "Queens",
        "start_date": "2017-05-21T14:00:00.000",
        "end_date": "2017-05-21T19:00:00.000",
        "start_formatted": "May 21, 2017 02:00 PM",
        "end_formatted": "May 21, 2017 07:00 PM",
        "street_closure_type": "Full Street Closure ",
        "community_board": "3, ",
        "police_precinct": "115, "
      }
    },
    {
      "type": "Feature",
      "geometry": {
        "type": "Point",
        "coordinates": [
          -73.96933250000001,
          40.621868
        ]
      },
      "properties": {
        "event_id": "323771",
        "event_name": "Congegation Beth Torah Lag Laomer Carnival and BBQ",
        "event_type": "Block Party",
        "event_agency": "Street Activity Permit Office",
        "event_location": " AVENUE K between OCEAN PARKWAY and EAST    7 STREET",
        "event_borough": "Brooklyn",
        "start_date": "2017-05-21T12:30:00.000",
        "end_date": "2017-05-21T16:00:00.000",
        "start_formatted": "May 21, 2017 12:30 PM",
        "end_formatted": "May 21, 2017 04:00 PM",
        "street_closure_type": "Full Street Closure ",
        "community_board": "12, ",
        "police_precinct": "66, "
      }
    },
    {
      "type": "Feature",
      "geometry": {
        "type": "Point",
        "coordinates": [
          -73.963646,
          40.5825405
        ]
      },
      "properties": {
        "event_id": "338340",
        "event_name": "Brighton Beach Family Day",
        "event_type": "Block Party",
        "event_agency": "Street Activity Permit Office",
        "event_location": " BRIGHTON    4 ROAD between BRIGHTON    6 STREET and BRIGHTON    4 STREET",
        "event_borough": "Brooklyn",
        "start_date": "2017-05-21T12:00:00.000",
        "end_date": "2017-05-21T16:00:00.000",
        "start_formatted": "May 21, 2017 12:00 PM",
        "end_formatted": "May 21, 2017 04:00 PM",
        "street_closure_type": "Full Street Closure ",
        "community_board": "13, ",
        "police_precinct": "60, "
      }
    },
    {
      "type": "Feature",
      "geometry": {
        "type": "Point",
        "coordinates": [
          -73.9587305,
          40.6315785
        ]
      },
      "properties": {
        "event_id": "318412",
        "event_name": "Fiske Terrace Block Party",
        "event_type": "Block Party",
        "event_agency": "Street Activity Permit Office",
        "event_location": " EAST   19 STREET between AVENUE H and GLENWOOD ROAD",
        "event_borough": "Brooklyn",
        "start_date": "2017-05-21T12:00:00.000",
        "end_date": "2017-05-21T18:00:00.000",
        "start_formatted": "May 21, 2017 12:00 PM",
        "end_formatted": "May 21, 2017 06:00 PM",
        "street_closure_type": "Full Street Closure ",
        "community_board": "14, ",
        "police_precinct": "70, "
      }
    },
    {
      "type": "Feature",
      "geometry": {
        "type": "Point",
        "coordinates": [
          -73.892529,
          40.884899000000004
        ]
      },
      "properties": {
        "event_id": "338455",
        "event_name": "Amalgamated Nursery School Spring Bazaar",
        "event_type": "Block Party",
        "event_agency": "Street Activity Permit Office",
        "event_location": " GALE PLACE between VAN CORTLANDT PARK SOUTH and ORLOFF AVENUE",
        "event_borough": "Bronx",
        "start_date": "2017-05-21T11:00:00.000",
        "end_date": "2017-05-21T16:00:00.000",
        "start_formatted": "May 21, 2017 11:00 AM",
        "end_formatted": "May 21, 2017 04:00 PM",
        "street_closure_type": "Full Street Closure ",
        "community_board": "8, ",
        "police_precinct": "50, "
      }
    },
    {
      "type": "Feature",
      "geometry": {
        "type": "Point",
        "coordinates": [
          -74.0104035,
          40.715273499999995
        ]
      },
      "properties": {
        "event_id": "327291",
        "event_name": "The Happening",
        "event_type": "Block Party",
        "event_agency": "Street Activity Permit Office",
        "event_location": " WARREN STREET between GREENWICH STREET and WEST BROADWAY",
        "event_borough": "Manhattan",
        "start_date": "2017-05-21T10:00:00.000",
        "end_date": "2017-05-21T16:00:00.000",
        "start_formatted": "May 21, 2017 10:00 AM",
        "end_formatted": "May 21, 2017 04:00 PM",
        "street_closure_type": "Full Street Closure ",
        "community_board": "1, ",
        "police_precinct": "1, "
      }
    },
    {
      "type": "Feature",
      "geometry": {
        "type": "Point",
        "coordinates": [
          -73.94863649999999,
          40.642095
        ]
      },
      "properties": {
        "event_id": "327224",
        "event_name": "Haitian Flag Day",
        "event_type": "Block Party",
        "event_agency": "Street Activity Permit Office",
        "event_location": " NOSTRAND AVENUE between CLARENDON ROAD and AVENUE D",
        "event_borough": "Brooklyn",
        "start_date": "2017-05-21T10:00:00.000",
        "end_date": "2017-05-21T18:00:00.000",
        "start_formatted": "May 21, 2017 10:00 AM",
        "end_formatted": "May 21, 2017 06:00 PM",
        "street_closure_type": "Full Street Closure ",
        "community_board": "17, ",
        "police_precinct": "67, "
      }
    },
    {
      "type": "Feature",
      "geometry": {
        "type": "Point",
        "coordinates": [
          -73.94951950000001,
          40.825160999999994
        ]
      },
      "properties": {
        "event_id": "332758",
        "event_name": "W. 144th Street Beautification Day and Block Party",
        "event_type": "Block Party",
        "event_agency": "Street Activity Permit Office",
        "event_location": " WEST  144 STREET between BROADWAY and AMSTERDAM AVENUE",
        "event_borough": "Manhattan",
        "start_date": "2017-05-21T10:00:00.000",
        "end_date": "2017-05-21T18:00:00.000",
        "start_formatted": "May 21, 2017 10:00 AM",
        "end_formatted": "May 21, 2017 06:00 PM",
        "street_closure_type": "Full Street Closure ",
        "community_board": "9, ",
        "police_precinct": "30, "
      }
    },
    {
      "type": "Feature",
      "geometry": {
        "type": "Point",
        "coordinates": [
          -73.9893655,
          40.6715135
        ]
      },
      "properties": {
        "event_id": "332541",
        "event_name": "8th St Block Association 2017 Spring Block Party",
        "event_type": "Block Party",
        "event_agency": "Street Activity Permit Office",
        "event_location": " 8 STREET between 4 AVENUE and 3 AVENUE",
        "event_borough": "Brooklyn",
        "start_date": "2017-05-20T12:00:00.000",
        "end_date": "2017-05-20T20:00:00.000",
        "start_formatted": "May 20, 2017 12:00 PM",
        "end_formatted": "May 20, 2017 08:00 PM",
        "street_closure_type": "Full Street Closure ",
        "community_board": "6, ",
        "police_precinct": "78, "
      }
    },
    {
      "type": "Feature",
      "geometry": {
        "type": "Point",
        "coordinates": [
          -73.928259,
          40.62239700000001
        ]
      },
      "properties": {
        "event_id": "336361",
        "event_name": "BLOCK  PARTY",
        "event_type": "Block Party",
        "event_agency": "Street Activity Permit Office",
        "event_location": " EAST   49 STREET between AVENUE L and AVENUE M",
        "event_borough": "Brooklyn",
        "start_date": "2017-05-20T10:00:00.000",
        "end_date": "2017-05-20T18:00:00.000",
        "start_formatted": "May 20, 2017 10:00 AM",
        "end_formatted": "May 20, 2017 06:00 PM",
        "street_closure_type": "Full Street Closure ",
        "community_board": "18, ",
        "police_precinct": "63, "
      }
    },
    {
      "type": "Feature",
      "geometry": {
        "type": "Point",
        "coordinates": [
          -73.99506550000001,
          40.686433
        ]
      },
      "properties": {
        "event_id": "332508",
        "event_name": "Spring Carnival",
        "event_type": "Block Party",
        "event_agency": "Street Activity Permit Office",
        "event_location": " BALTIC STREET between COURT STREET and CLINTON STREET",
        "event_borough": "Brooklyn",
        "start_date": "2017-05-20T10:00:00.000",
        "end_date": "2017-05-20T14:00:00.000",
        "start_formatted": "May 20, 2017 10:00 AM",
        "end_formatted": "May 20, 2017 02:00 PM",
        "street_closure_type": "Full Street Closure ",
        "community_board": "6, ",
        "police_precinct": "76, "
      }
    },
    {
      "type": "Feature",
      "geometry": {
        "type": "Point",
        "coordinates": [
          -73.99110999999999,
          40.6900385
        ]
      },
      "properties": {
        "event_id": "321510",
        "event_name": "YMCA Family Day and Summer Camp Open House",
        "event_type": "Block Party",
        "event_agency": "Street Activity Permit Office",
        "event_location": " STATE STREET between COURT STREET and BOERUM PLACE",
        "event_borough": "Brooklyn",
        "start_date": "2017-05-20T10:00:00.000",
        "end_date": "2017-05-20T16:00:00.000",
        "start_formatted": "May 20, 2017 10:00 AM",
        "end_formatted": "May 20, 2017 04:00 PM",
        "street_closure_type": "Full Street Closure ",
        "community_board": "2, ",
        "police_precinct": "84, "
      }
    },
    {
      "type": "Feature",
      "geometry": {
        "type": "Point",
        "coordinates": [
          -73.942352,
          40.819695499999995
        ]
      },
      "properties": {
        "event_id": "337083",
        "event_name": "Game day",
        "event_type": "Block Party",
        "event_agency": "Street Activity Permit Office",
        "event_location": " WEST  141 STREET between 7 AVENUE and 8 AVENUE",
        "event_borough": "Manhattan",
        "start_date": "2017-05-20T09:00:00.000",
        "end_date": "2017-05-20T17:00:00.000",
        "start_formatted": "May 20, 2017 09:00 AM",
        "end_formatted": "May 20, 2017 05:00 PM",
        "street_closure_type": "Full Street Closure ",
        "community_board": "10, ",
        "police_precinct": "32, "
      }
    },
    {
      "type": "Feature",
      "geometry": {
        "type": "Point",
        "coordinates": [
          -73.848184,
          40.6915975
        ]
      },
      "properties": {
        "event_id": "338441",
        "event_name": "special event",
        "event_type": "Block Party",
        "event_agency": "Street Activity Permit Office",
        "event_location": " 96 STREET between 89 AVENUE and 90 AVENUE",
        "event_borough": "Queens",
        "start_date": "2017-05-19T15:00:00.000",
        "end_date": "2017-05-19T19:00:00.000",
        "start_formatted": "May 19, 2017 03:00 PM",
        "end_formatted": "May 19, 2017 07:00 PM",
        "street_closure_type": "Full Street Closure ",
        "community_board": "9, ",
        "police_precinct": "102, "
      }
    },
    {
      "type": "Feature",
      "geometry": {
        "type": "Point",
        "coordinates": [
          -73.9936825,
          40.693861999999996
        ]
      },
      "properties": {
        "event_id": "345970",
        "event_name": "Lag Baomer Festival",
        "event_type": "Block Party",
        "event_agency": "Street Activity Permit Office",
        "event_location": " REMSEN STREET between CLINTON STREET and HENRY STREET",
        "event_borough": "Brooklyn",
        "start_date": "2017-05-14T16:30:00.000",
        "end_date": "2017-05-14T21:00:00.000",
        "start_formatted": "May 14, 2017 04:30 PM",
        "end_formatted": "May 14, 2017 09:00 PM",
        "street_closure_type": "Full Street Closure ",
        "community_board": "2, ",
        "police_precinct": "84, "
      }
    },
    {
      "type": "Feature",
      "geometry": {
        "type": "Point",
        "coordinates": [
          -74.161429,
          40.594496
        ]
      },
      "properties": {
        "event_id": "348451",
        "event_name": "Lag Baomer Block Party",
        "event_type": "Block Party",
        "event_agency": "Street Activity Permit Office",
        "event_location": " SAXON AVENUE between RICHMOND AVENUE and STEINWAY AVENUE",
        "event_borough": "Staten Island",
        "start_date": "2017-05-14T13:00:00.000",
        "end_date": "2017-05-14T20:00:00.000",
        "start_formatted": "May 14, 2017 01:00 PM",
        "end_formatted": "May 14, 2017 08:00 PM",
        "street_closure_type": "Full Street Closure ",
        "community_board": "2, ",
        "police_precinct": "121, "
      }
    },
    {
      "type": "Feature",
      "geometry": {
        "type": "Point",
        "coordinates": [
          -73.8180295,
          40.721646
        ]
      },
      "properties": {
        "event_id": "326445",
        "event_name": "Lag Baomer",
        "event_type": "Block Party",
        "event_agency": "Street Activity Permit Office",
        "event_location": " 77 AVENUE between MAIN STREET and 147 STREET",
        "event_borough": "Queens",
        "start_date": "2017-05-14T13:00:00.000",
        "end_date": "2017-05-14T20:00:00.000",
        "start_formatted": "May 14, 2017 01:00 PM",
        "end_formatted": "May 14, 2017 08:00 PM",
        "street_closure_type": "Full Street Closure ",
        "community_board": "8, ",
        "police_precinct": "107, "
      }
    },
    {
      "type": "Feature",
      "geometry": {
        "type": "Point",
        "coordinates": [
          -73.760263,
          40.7299915
        ]
      },
      "properties": {
        "event_id": "339594",
        "event_name": "Lag BOmer",
        "event_type": "Block Party",
        "event_agency": "Street Activity Permit Office",
        "event_location": " 209 STREET between 82 AVENUE and 85 AVENUE",
        "event_borough": "Queens",
        "start_date": "2017-05-14T12:00:00.000",
        "end_date": "2017-05-14T17:00:00.000",
        "start_formatted": "May 14, 2017 12:00 PM",
        "end_formatted": "May 14, 2017 05:00 PM",
        "street_closure_type": "Sidewalk and Street Closure ",
        "community_board": "11, ",
        "police_precinct": "111, "
      }
    },
    {
      "type": "Feature",
      "geometry": {
        "type": "Point",
        "coordinates": [
          -73.925451,
          40.828668
        ]
      },
      "properties": {
        "event_id": "330449",
        "event_name": "JETER DAY PARTY",
        "event_type": "Block Party",
        "event_agency": "Street Activity Permit Office",
        "event_location": " RIVER AVENUE between EAST  161 STREET and EAST  162 STREET",
        "event_borough": "Bronx",
        "start_date": "2017-05-14T12:00:00.000",
        "end_date": "2017-05-14T17:00:00.000",
        "start_formatted": "May 14, 2017 12:00 PM",
        "end_formatted": "May 14, 2017 05:00 PM",
        "street_closure_type": "Full Street Closure ",
        "community_board": "4, ",
        "police_precinct": "44, "
      }
    },
    {
      "type": "Feature",
      "geometry": {
        "type": "Point",
        "coordinates": [
          -73.9153325,
          40.886639
        ]
      },
      "properties": {
        "event_id": "329566",
        "event_name": "Lag B'omer Picnic",
        "event_type": "Block Party",
        "event_agency": "Street Activity Permit Office",
        "event_location": " WEST  235 STREET between INDEPENDENCE AVENUE and DOUGLAS AVENUE",
        "event_borough": "Bronx",
        "start_date": "2017-05-14T12:00:00.000",
        "end_date": "2017-05-14T15:00:00.000",
        "start_formatted": "May 14, 2017 12:00 PM",
        "end_formatted": "May 14, 2017 03:00 PM",
        "street_closure_type": "Full Street Closure ",
        "community_board": "8, ",
        "police_precinct": "50, "
      }
    },
    {
      "type": "Feature",
      "geometry": {
        "type": "Point",
        "coordinates": [
          -73.971904,
          40.5759195
        ]
      },
      "properties": {
        "event_id": "330826",
        "event_name": "Lag Baomer Community Event",
        "event_type": "Block Party",
        "event_agency": "Street Activity Permit Office",
        "event_location": " SEA BREEZE AVENUE between WEST    5 STREET and WEST    2 STREET",
        "event_borough": "Brooklyn",
        "start_date": "2017-05-14T09:00:00.000",
        "end_date": "2017-05-14T17:00:00.000",
        "start_formatted": "May 14, 2017 09:00 AM",
        "end_formatted": "May 14, 2017 05:00 PM",
        "street_closure_type": "Sidewalk and Street Closure ",
        "community_board": "13, ",
        "police_precinct": "60, "
      }
    },
    {
      "type": "Feature",
      "geometry": {
        "type": "Point",
        "coordinates": [
          -73.8418355,
          40.7106405
        ]
      },
      "properties": {
        "event_id": "332931",
        "event_name": "Kessel street",
        "event_type": "Block Party",
        "event_agency": "Street Activity Permit Office",
        "event_location": " KESSEL STREET between 75 ROAD and WHITSON STREET",
        "event_borough": "Queens",
        "start_date": "2017-05-13T11:30:00.000",
        "end_date": "2017-05-13T20:00:00.000",
        "start_formatted": "May 13, 2017 11:30 AM",
        "end_formatted": "May 13, 2017 08:00 PM",
        "street_closure_type": "Full Street Closure ",
        "community_board": "6, ",
        "police_precinct": "112, "
      }
    },
    {
      "type": "Feature",
      "geometry": {
        "type": "Point",
        "coordinates": [
          -73.9670515,
          40.7909625
        ]
      },
      "properties": {
        "event_id": "324291",
        "event_name": "CGPS Street Fair 2017",
        "event_type": "Block Party",
        "event_agency": "Street Activity Permit Office",
        "event_location": " WEST   94 STREET between COLUMBUS AVENUE and CENTRAL PARK WEST",
        "event_borough": "Manhattan",
        "start_date": "2017-05-13T10:00:00.000",
        "end_date": "2017-05-13T16:00:00.000",
        "start_formatted": "May 13, 2017 10:00 AM",
        "end_formatted": "May 13, 2017 04:00 PM",
        "street_closure_type": "Full Street Closure ",
        "community_board": "7, ",
        "police_precinct": "24, "
      }
    },
    {
      "type": "Feature",
      "geometry": {
        "type": "Point",
        "coordinates": [
          -73.9079165,
          40.828005000000005
        ]
      },
      "properties": {
        "event_id": "293251",
        "event_name": "KaBoom Playground",
        "event_type": "Block Party",
        "event_agency": "Street Activity Permit Office",
        "event_location": " EAST  166 STREET between 3 AVENUE and WASHINGTON AVENUE",
        "event_borough": "Bronx",
        "start_date": "2017-05-13T10:00:00.000",
        "end_date": "2017-05-13T19:00:00.000",
        "start_formatted": "May 13, 2017 10:00 AM",
        "end_formatted": "May 13, 2017 07:00 PM",
        "street_closure_type": "Full Street Closure ",
        "community_board": "3, ",
        "police_precinct": "42, "
      }
    },
    {
      "type": "Feature",
      "geometry": {
        "type": "Point",
        "coordinates": [
          -73.918478,
          40.8122745
        ]
      },
      "properties": {
        "event_id": "317352",
        "event_name": "Mott Haven Celebration",
        "event_type": "Block Party",
        "event_agency": "Street Activity Permit Office",
        "event_location": " EAST  144 STREET between WILLIS AVENUE and BROOK AVENUE",
        "event_borough": "Bronx",
        "start_date": "2017-05-13T09:00:00.000",
        "end_date": "2017-05-13T15:00:00.000",
        "start_formatted": "May 13, 2017 09:00 AM",
        "end_formatted": "May 13, 2017 03:00 PM",
        "street_closure_type": "Full Street Closure ",
        "community_board": "1, ",
        "police_precinct": "40, "
      }
    },
    {
      "type": "Feature",
      "geometry": {
        "type": "Point",
        "coordinates": [
          -73.89083,
          40.632251499999995
        ]
      },
      "properties": {
        "event_id": "332372",
        "event_name": "Family Fun Day",
        "event_type": "Block Party",
        "event_agency": "Street Activity Permit Office",
        "event_location": " EAST   95 STREET between SEAVIEW AVENUE and ST JUDES PLACE",
        "event_borough": "Brooklyn",
        "start_date": "2017-05-07T13:00:00.000",
        "end_date": "2017-05-07T17:00:00.000",
        "start_formatted": "May 07, 2017 01:00 PM",
        "end_formatted": "May 07, 2017 05:00 PM",
        "street_closure_type": "Full Street Closure ",
        "community_board": "18, ",
        "police_precinct": "69, "
      }
    },
    {
      "type": "Feature",
      "geometry": {
        "type": "Point",
        "coordinates": [
          -73.85704050000001,
          40.5762675
        ]
      },
      "properties": {
        "event_id": "330341",
        "event_name": "spring celebration",
        "event_type": "Block Party",
        "event_agency": "Street Activity Permit Office",
        "event_location": " BEACH  138 STREET between NEWPORT AVENUE and CRONSTON AVENUE",
        "event_borough": "Queens",
        "start_date": "2017-05-07T12:00:00.000",
        "end_date": "2017-05-07T20:00:00.000",
        "start_formatted": "May 07, 2017 12:00 PM",
        "end_formatted": "May 07, 2017 08:00 PM",
        "street_closure_type": "Full Street Closure ",
        "community_board": "14, ",
        "police_precinct": "100, "
      }
    },
    {
      "type": "Feature",
      "geometry": {
        "type": "Point",
        "coordinates": [
          -73.9778895,
          40.643451999999996
        ]
      },
      "properties": {
        "event_id": "342319",
        "event_name": "66th Precinct Community Council Festival",
        "event_type": "Block Party",
        "event_agency": "Street Activity Permit Office",
        "event_location": " CHURCH AVENUE between EAST    2 STREET and EAST    3 STREET",
        "event_borough": "Brooklyn",
        "start_date": "2017-05-07T12:00:00.000",
        "end_date": "2017-05-07T18:00:00.000",
        "start_formatted": "May 07, 2017 12:00 PM",
        "end_formatted": "May 07, 2017 06:00 PM",
        "street_closure_type": "Full Street Closure ",
        "community_board": "12, ",
        "police_precinct": "66, "
      }
    },
    {
      "type": "Feature",
      "geometry": {
        "type": "Point",
        "coordinates": [
          -73.9577425,
          40.697748
        ]
      },
      "properties": {
        "event_id": "339302",
        "event_name": "Hatzolah Chinese Auction Party",
        "event_type": "Block Party",
        "event_agency": "Street Activity Permit Office",
        "event_location": " SKILLMAN STREET between PARK AVENUE and FLUSHING AVENUE",
        "event_borough": "Brooklyn",
        "start_date": "2017-05-07T11:00:00.000",
        "end_date": "2017-05-07T18:00:00.000",
        "start_formatted": "May 07, 2017 11:00 AM",
        "end_formatted": "May 07, 2017 06:00 PM",
        "street_closure_type": "Full Street Closure ",
        "community_board": "3, ",
        "police_precinct": "79, "
      }
    },
    {
      "type": "Feature",
      "geometry": {
        "type": "Point",
        "coordinates": [
          -73.9595545,
          40.576934
        ]
      },
      "properties": {
        "event_id": "326721",
        "event_name": "Brighton United",
        "event_type": "Block Party",
        "event_agency": "Street Activity Permit Office",
        "event_location": " CONEY ISLAND AVENUE between BRIGHTON BEACH AVENUE and BRIGHTWATER COURT",
        "event_borough": "Brooklyn",
        "start_date": "2017-05-07T11:00:00.000",
        "end_date": "2017-05-07T17:00:00.000",
        "start_formatted": "May 07, 2017 11:00 AM",
        "end_formatted": "May 07, 2017 05:00 PM",
        "street_closure_type": "Full Street Closure ",
        "community_board": "13, ",
        "police_precinct": "60, "
      }
    },
    {
      "type": "Feature",
      "geometry": {
        "type": "Point",
        "coordinates": [
          -73.967737,
          40.676483000000005
        ]
      },
      "properties": {
        "event_id": "330905",
        "event_name": "PPUABA Annual Block Party",
        "event_type": "Block Party",
        "event_agency": "Street Activity Permit Office",
        "event_location": " PARK PLACE between VANDERBILT AVENUE and UNDERHILL AVENUE",
        "event_borough": "Brooklyn",
        "start_date": "2017-05-06T12:00:00.000",
        "end_date": "2017-05-06T18:00:00.000",
        "start_formatted": "May 06, 2017 12:00 PM",
        "end_formatted": "May 06, 2017 06:00 PM",
        "street_closure_type": "Full Street Closure ",
        "community_board": "8, ",
        "police_precinct": "77, "
      }
    },
    {
      "type": "Feature",
      "geometry": {
        "type": "Point",
        "coordinates": [
          -73.9922995,
          40.7665335
        ]
      },
      "properties": {
        "event_id": "330230",
        "event_name": "Clinton Housing Spring Event",
        "event_type": "Block Party",
        "event_agency": "Street Activity Permit Office",
        "event_location": " WEST   52 STREET between 10 AVENUE and 11 AVENUE",
        "event_borough": "Manhattan",
        "start_date": "2017-05-06T11:00:00.000",
        "end_date": "2017-05-06T15:00:00.000",
        "start_formatted": "May 06, 2017 11:00 AM",
        "end_formatted": "May 06, 2017 03:00 PM",
        "street_closure_type": "Full Street Closure ",
        "community_board": "4, ",
        "police_precinct": "18, "
      }
    },
    {
      "type": "Feature",
      "geometry": {
        "type": "Point",
        "coordinates": [
          -73.9602095,
          40.806467999999995
        ]
      },
      "properties": {
        "event_id": "329574",
        "event_name": "Columbia Greenhouse Nursery School Spring Fair",
        "event_type": "Block Party",
        "event_agency": "Street Activity Permit Office",
        "event_location": " WEST  116 STREET between AMSTERDAM AVENUE and MORNINGSIDE DRIVE",
        "event_borough": "Manhattan",
        "start_date": "2017-05-06T11:00:00.000",
        "end_date": "2017-05-06T15:00:00.000",
        "start_formatted": "May 06, 2017 11:00 AM",
        "end_formatted": "May 06, 2017 03:00 PM",
        "street_closure_type": "Full Street Closure ",
        "community_board": "9, ",
        "police_precinct": "26, "
      }
    },
    {
      "type": "Feature",
      "geometry": {
        "type": "Point",
        "coordinates": [
          -74.0059825,
          40.732437
        ]
      },
      "properties": {
        "event_id": "328207",
        "event_name": "Spring Fling 2017",
        "event_type": "Block Party",
        "event_agency": "Street Activity Permit Office",
        "event_location": " GROVE STREET between BEDFORD STREET and HUDSON STREET",
        "event_borough": "Manhattan",
        "start_date": "2017-05-06T11:00:00.000",
        "end_date": "2017-05-06T16:00:00.000",
        "start_formatted": "May 06, 2017 11:00 AM",
        "end_formatted": "May 06, 2017 04:00 PM",
        "street_closure_type": "Full Street Closure ",
        "community_board": "2, ",
        "police_precinct": "6, "
      }
    },
    {
      "type": "Feature",
      "geometry": {
        "type": "Point",
        "coordinates": [
          -74.004137,
          40.735422
        ]
      },
      "properties": {
        "event_id": "323174",
        "event_name": "Perry-phernalia",
        "event_type": "Block Party",
        "event_agency": "Street Activity Permit Office",
        "event_location": " PERRY STREET between BLEECKER STREET and WEST    4 STREET",
        "event_borough": "Manhattan",
        "start_date": "2017-05-06T11:00:00.000",
        "end_date": "2017-05-06T18:00:00.000",
        "start_formatted": "May 06, 2017 11:00 AM",
        "end_formatted": "May 06, 2017 06:00 PM",
        "street_closure_type": "Full Street Closure ",
        "community_board": "2, ",
        "police_precinct": "6, "
      }
    },
    {
      "type": "Feature",
      "geometry": {
        "type": "Point",
        "coordinates": [
          -73.9909255,
          40.731514
        ]
      },
      "properties": {
        "event_id": "310529",
        "event_name": "Grace Church School 61st Annual May Fair",
        "event_type": "Block Party",
        "event_agency": "Street Activity Permit Office",
        "event_location": " EAST   10 STREET between BROADWAY and 4 AVENUE",
        "event_borough": "Manhattan",
        "start_date": "2017-05-06T10:00:00.000",
        "end_date": "2017-05-06T16:00:00.000",
        "start_formatted": "May 06, 2017 10:00 AM",
        "end_formatted": "May 06, 2017 04:00 PM",
        "street_closure_type": "Full Street Closure ",
        "community_board": "2, ",
        "police_precinct": "9, "
      }
    },
    {
      "type": "Feature",
      "geometry": {
        "type": "Point",
        "coordinates": [
          -73.910657,
          40.8873445
        ]
      },
      "properties": {
        "event_id": "324612",
        "event_name": "Israeli Independence Day",
        "event_type": "Block Party",
        "event_agency": "Street Activity Permit Office",
        "event_location": " NETHERLAND AVENUE between HENRY HUDSON PARKWAY and WEST  236 STREET",
        "event_borough": "Bronx",
        "start_date": "2017-05-02T16:00:00.000",
        "end_date": "2017-05-02T20:00:00.000",
        "start_formatted": "May 02, 2017 04:00 PM",
        "end_formatted": "May 02, 2017 08:00 PM",
        "street_closure_type": "Full Street Closure ",
        "community_board": "8, ",
        "police_precinct": "50, "
      }
    },
    {
      "type": "Feature",
      "geometry": {
        "type": "Point",
        "coordinates": [
          -73.9485865,
          40.632166
        ]
      },
      "properties": {
        "event_id": "292755",
        "event_name": "Israel Independence Block Party",
        "event_type": "Block Party",
        "event_agency": "Street Activity Permit Office",
        "event_location": " HILLEL PLACE between CAMPUS ROAD and KENILWORTH PLACE",
        "event_borough": "Brooklyn",
        "start_date": "2017-05-02T12:00:00.000",
        "end_date": "2017-05-02T14:30:00.000",
        "start_formatted": "May 02, 2017 12:00 PM",
        "end_formatted": "May 02, 2017 02:30 PM",
        "street_closure_type": "Partial Sidewalk Closure ",
        "community_board": "14, ",
        "police_precinct": "70, "
      }
    },
    {
      "type": "Feature",
      "geometry": {
        "type": "Point",
        "coordinates": [
          -73.997553,
          40.69426
        ]
      },
      "properties": {
        "event_id": "329587",
        "event_name": "Grace Church School Carnival",
        "event_type": "Block Party",
        "event_agency": "Street Activity Permit Office",
        "event_location": " GRACE COURT between HICKS STREET and DEAD END",
        "event_borough": "Brooklyn",
        "start_date": "2017-04-29T10:00:00.000",
        "end_date": "2017-04-29T16:00:00.000",
        "start_formatted": "April 29, 2017 10:00 AM",
        "end_formatted": "April 29, 2017 04:00 PM",
        "street_closure_type": "Full Street Closure ",
        "community_board": "2, ",
        "police_precinct": "84, "
      }
    },
    {
      "type": "Feature",
      "geometry": {
        "type": "Point",
        "coordinates": [
          -74.0137495,
          40.716758
        ]
      },
      "properties": {
        "event_id": "316410",
        "event_name": "DLL Opening Day",
        "event_type": "Block Party",
        "event_agency": "Street Activity Permit Office",
        "event_location": " WARREN STREET between WEST STREET and NORTH END AVENUE",
        "event_borough": "Manhattan",
        "start_date": "2017-04-22T09:00:00.000",
        "end_date": "2017-04-22T12:00:00.000",
        "start_formatted": "April 22, 2017 09:00 AM",
        "end_formatted": "April 22, 2017 12:00 PM",
        "street_closure_type": "Full Street Closure ",
        "community_board": "1, ",
        "police_precinct": "1, "
      }
    },
    {
      "type": "Feature",
      "geometry": {
        "type": "Point",
        "coordinates": [
          -73.862042,
          40.8745825
        ]
      },
      "properties": {
        "event_id": "323729",
        "event_name": "The Learning Tree School St. Judes Trike-a-Thon",
        "event_type": "Block Party",
        "event_agency": "Street Activity Permit Office",
        "event_location": " MAGENTA STREET between BRONXWOOD AVENUE and BARNES AVENUE",
        "event_borough": "Bronx",
        "start_date": "2017-04-21T09:00:00.000",
        "end_date": "2017-04-21T12:00:00.000",
        "start_formatted": "April 21, 2017 09:00 AM",
        "end_formatted": "April 21, 2017 12:00 PM",
        "street_closure_type": "Sidewalk and Street Closure ",
        "community_board": "12, ",
        "police_precinct": "47, "
      }
    },
    {
      "type": "Feature",
      "geometry": {
        "type": "Point",
        "coordinates": [
          -73.7724635,
          40.596455000000006
        ]
      },
      "properties": {
        "event_id": "333108",
        "event_name": "Spring Into Health",
        "event_type": "Block Party",
        "event_agency": "Street Activity Permit Office",
        "event_location": " BEACH   40 STREET between BEACH CHANNEL DRIVE and DEAD END",
        "event_borough": "Queens",
        "start_date": "2017-04-15T10:00:00.000",
        "end_date": "2017-04-15T18:00:00.000",
        "start_formatted": "April 15, 2017 10:00 AM",
        "end_formatted": "April 15, 2017 06:00 PM",
        "street_closure_type": "Full Street Closure ",
        "community_board": "14, ",
        "police_precinct": "101, "
      }
    },
    {
      "type": "Feature",
      "geometry": {
        "type": "Point",
        "coordinates": [
          -73.9592215,
          40.618804499999996
        ]
      },
      "properties": {
        "event_id": "307617",
        "event_name": "Chol Hamoed Extravaganza",
        "event_type": "Block Party",
        "event_agency": "Street Activity Permit Office",
        "event_location": " CHESTNUT AVENUE between EAST   15 STREET and EAST   17 STREET",
        "event_borough": "Brooklyn",
        "start_date": "2017-04-13T09:00:00.000",
        "end_date": "2017-04-13T17:00:00.000",
        "start_formatted": "April 13, 2017 09:00 AM",
        "end_formatted": "April 13, 2017 05:00 PM",
        "street_closure_type": "Full Street Closure ",
        "community_board": "14, ",
        "police_precinct": "70, "
      }
    },
    {
      "type": "Feature",
      "geometry": {
        "type": "Point",
        "coordinates": [
          -73.998051,
          40.627598
        ]
      },
      "properties": {
        "event_id": "329050",
        "event_name": "Block Party",
        "event_type": "Block Party",
        "event_agency": "Street Activity Permit Office",
        "event_location": " 61 STREET between 14 AVENUE and 13 AVENUE",
        "event_borough": "Brooklyn",
        "start_date": "2017-04-08T14:00:00.000",
        "end_date": "2017-04-08T19:00:00.000",
        "start_formatted": "April 08, 2017 02:00 PM",
        "end_formatted": "April 08, 2017 07:00 PM",
        "street_closure_type": "Full Street Closure ",
        "community_board": "12, ",
        "police_precinct": "66, "
      }
    },
    {
      "type": "Feature",
      "geometry": {
        "type": "Point",
        "coordinates": [
          -73.9708555,
          40.5938565
        ]
      },
      "properties": {
        "event_id": "327509",
        "event_name": "Eli holiday Purim",
        "event_type": "Block Party",
        "event_agency": "Street Activity Permit Office",
        "event_location": " WEST STREET between AVENUE W and GRAVESEND NECK ROAD",
        "event_borough": "Brooklyn",
        "start_date": "2017-03-12T10:30:00.000",
        "end_date": "2017-03-12T18:00:00.000",
        "start_formatted": "March 12, 2017 10:30 AM",
        "end_formatted": "March 12, 2017 06:00 PM",
        "street_closure_type": "Full Street Closure ",
        "community_board": "15, ",
        "police_precinct": "61, "
      }
    },
    {
      "type": "Feature",
      "geometry": {
        "type": "Point",
        "coordinates": [
          -73.99450250000001,
          40.713351
        ]
      },
      "properties": {
        "event_id": "317449",
        "event_name": "15th Annual Chinese Lunar Festival 2017",
        "event_type": "Block Party",
        "event_agency": "Street Activity Permit Office",
        "event_location": " MARKET STREET between EAST BROADWAY and HENRY STREET",
        "event_borough": "Manhattan",
        "start_date": "2017-02-11T12:00:00.000",
        "end_date": "2017-02-11T15:00:00.000",
        "start_formatted": "February 11, 2017 12:00 PM",
        "end_formatted": "February 11, 2017 03:00 PM",
        "street_closure_type": "Full Street Closure ",
        "community_board": "3, ",
        "police_precinct": "5, "
      }
    },
    {
      "type": "Feature",
      "geometry": {
        "type": "Point",
        "coordinates": [
          -73.94455149999999,
          40.798950500000004
        ]
      },
      "properties": {
        "event_id": "311946",
        "event_name": "Three  Kings Parade Staging Area",
        "event_type": "Block Party",
        "event_agency": "Street Activity Permit Office",
        "event_location": " EAST  115 STREET between PARK AVENUE and MADISON AVENUE",
        "event_borough": "Manhattan",
        "start_date": "2017-01-06T12:00:00.000",
        "end_date": "2017-01-06T13:00:00.000",
        "start_formatted": "January 06, 2017 12:00 PM",
        "end_formatted": "January 06, 2017 01:00 PM",
        "street_closure_type": "Full Street Closure ",
        "community_board": "11, ",
        "police_precinct": "23, 25, "
      }
    }
  ],
  "metadata": {
    "generated": "2026-01-16T17:39:39.849066",
    "year": 2017,
    "total_events": 1426,
    "geocoded_successfully": 925,
    "failed": 501,
    "source": "NYC Open Data - Permitted Event Information"
  }
}