{
  "type": "FeatureCollection",
  "features": [
    {
      "type": "Feature",
      "geometry": {
        "type": "Point",
        "coordinates": [
          -73.88635550000001,
          40.750572000000005
        ]
      },
      "properties": {
        "event_id": "742471",
        "event_name": "Greystones Tree Lighting Ceremony December 3, 2023",
        "event_type": "Block Party",
        "event_agency": "Street Activity Permit Office",
        "event_location": "80 STREET between 35 AVENUE and 37 AVENUE",
        "event_borough": "Queens",
        "start_date": "2023-12-03T19:00:00.000",
        "end_date": "2023-12-03T21:00:00.000",
        "start_formatted": "December 03, 2023 07:00 PM",
        "end_formatted": "December 03, 2023 09:00 PM",
        "street_closure_type": "Full Street Closure",
        "community_board": "3,",
        "police_precinct": "115,"
      }
    },
    {
      "type": "Feature",
      "geometry": {
        "type": "Point",
        "coordinates": [
          -74.0365765,
          40.6279635
        ]
      },
      "properties": {
        "event_id": "736024",
        "event_name": "Tree Lighting Ceremony",
        "event_type": "Block Party",
        "event_agency": "Street Activity Permit Office",
        "event_location": "82 STREET between COLONIAL ROAD and NARROWS AVENUE",
        "event_borough": "Brooklyn",
        "start_date": "2023-12-02T12:30:00.000",
        "end_date": "2023-12-02T20:00:00.000",
        "start_formatted": "December 02, 2023 12:30 PM",
        "end_formatted": "December 02, 2023 08:00 PM",
        "street_closure_type": "Full Street Closure",
        "community_board": "10,",
        "police_precinct": "68,"
      }
    },
    {
      "type": "Feature",
      "geometry": {
        "type": "Point",
        "coordinates": [
          -73.8423565,
          40.676319
        ]
      },
      "properties": {
        "event_id": "743022",
        "event_name": "Christmas Tree Lighting 2023",
        "event_type": "Block Party",
        "event_agency": "Street Activity Permit Office",
        "event_location": "PLATTWOOD AVENUE between CROSS BAY BOULEVARD and 96 STREET",
        "event_borough": "Queens",
        "start_date": "2023-12-02T12:00:00.000",
        "end_date": "2023-12-02T20:00:00.000",
        "start_formatted": "December 02, 2023 12:00 PM",
        "end_formatted": "December 02, 2023 08:00 PM",
        "street_closure_type": "Full Street Closure",
        "community_board": "10,",
        "police_precinct": "106,"
      }
    },
    {
      "type": "Feature",
      "geometry": {
        "type": "Point",
        "coordinates": [
          -73.8610165,
          40.571874
        ]
      },
      "properties": {
        "event_id": "743251",
        "event_name": "Little North Pole",
        "event_type": "Block Party",
        "event_agency": "Street Activity Permit Office",
        "event_location": "NEPONSIT AVENUE between B  144 STREET and B  145 STREET",
        "event_borough": "Queens",
        "start_date": "2023-11-25T13:00:00.000",
        "end_date": "2023-11-25T20:00:00.000",
        "start_formatted": "November 25, 2023 01:00 PM",
        "end_formatted": "November 25, 2023 08:00 PM",
        "street_closure_type": "Full Street Closure",
        "community_board": "14,",
        "police_precinct": "100,"
      }
    },
    {
      "type": "Feature",
      "geometry": {
        "type": "Point",
        "coordinates": [
          -74.10242249999999,
          40.638523000000006
        ]
      },
      "properties": {
        "event_id": "739093",
        "event_name": "Randall Manor Residents Association Neighborhood Plarty",
        "event_type": "Block Party",
        "event_agency": "Street Activity Permit Office",
        "event_location": "PROSPECT AVENUE between BRENTWOOD AVENUE and LOIS PLACE",
        "event_borough": "Staten Island",
        "start_date": "2023-11-14T13:00:00.000",
        "end_date": "2023-11-14T21:00:00.000",
        "start_formatted": "November 14, 2023 01:00 PM",
        "end_formatted": "November 14, 2023 09:00 PM",
        "street_closure_type": "Full Street Closure",
        "community_board": "1,",
        "police_precinct": "120,"
      }
    },
    {
      "type": "Feature",
      "geometry": {
        "type": "Point",
        "coordinates": [
          -73.9943255,
          40.696569999999994
        ]
      },
      "properties": {
        "event_id": "740009",
        "event_name": "College Place Block Party",
        "event_type": "Block Party",
        "event_agency": "Street Activity Permit Office",
        "event_location": "COLLEGE PLACE between LOVE LANE and DEAD END",
        "event_borough": "Brooklyn",
        "start_date": "2023-11-11T09:00:00.000",
        "end_date": "2023-11-11T16:00:00.000",
        "start_formatted": "November 11, 2023 09:00 AM",
        "end_formatted": "November 11, 2023 04:00 PM",
        "street_closure_type": "Full Street Closure",
        "community_board": "2,",
        "police_precinct": "84,"
      }
    },
    {
      "type": "Feature",
      "geometry": {
        "type": "Point",
        "coordinates": [
          -73.98039299999999,
          40.652989500000004
        ]
      },
      "properties": {
        "event_id": "739159",
        "event_name": "Seeley Street Block Party",
        "event_type": "Block Party",
        "event_agency": "Street Activity Permit Office",
        "event_location": "SEELEY STREET between MCDONALD AVENUE and 20 STREET",
        "event_borough": "Brooklyn",
        "start_date": "2023-11-11T09:00:00.000",
        "end_date": "2023-11-11T18:00:00.000",
        "start_formatted": "November 11, 2023 09:00 AM",
        "end_formatted": "November 11, 2023 06:00 PM",
        "street_closure_type": "Full Street Closure",
        "community_board": "7,",
        "police_precinct": "72,"
      }
    },
    {
      "type": "Feature",
      "geometry": {
        "type": "Point",
        "coordinates": [
          -73.96659600000001,
          40.7915885
        ]
      },
      "properties": {
        "event_id": "735551",
        "event_name": "West 95th Street 2023 Halloween Party",
        "event_type": "Block Party",
        "event_agency": "Street Activity Permit Office",
        "event_location": "WEST   95 STREET between CENTRAL PARK WEST and COLUMBUS AVENUE",
        "event_borough": "Manhattan",
        "start_date": "2023-10-31T17:30:00.000",
        "end_date": "2023-10-31T20:00:00.000",
        "start_formatted": "October 31, 2023 05:30 PM",
        "end_formatted": "October 31, 2023 08:00 PM",
        "street_closure_type": "Full Street Closure",
        "community_board": "7,",
        "police_precinct": "24,"
      }
    },
    {
      "type": "Feature",
      "geometry": {
        "type": "Point",
        "coordinates": [
          -73.978612,
          40.790087
        ]
      },
      "properties": {
        "event_id": "743448",
        "event_name": "Halloween Block Party",
        "event_type": "Block Party",
        "event_agency": "Street Activity Permit Office",
        "event_location": "WEST   87 STREET between WEST END AVENUE and RIVERSIDE DRIVE",
        "event_borough": "Manhattan",
        "start_date": "2023-10-31T17:30:00.000",
        "end_date": "2023-10-31T19:30:00.000",
        "start_formatted": "October 31, 2023 05:30 PM",
        "end_formatted": "October 31, 2023 07:30 PM",
        "street_closure_type": "Full Street Closure",
        "community_board": "7,",
        "police_precinct": "24,"
      }
    },
    {
      "type": "Feature",
      "geometry": {
        "type": "Point",
        "coordinates": [
          -73.9774085,
          40.78187
        ]
      },
      "properties": {
        "event_id": "738095",
        "event_name": "Halloween 2023",
        "event_type": "Block Party",
        "event_agency": "Street Activity Permit Office",
        "event_location": "WEST   78 STREET between AMSTERDAM AVENUE and COLUMBUS AVENUE",
        "event_borough": "Manhattan",
        "start_date": "2023-10-31T17:00:00.000",
        "end_date": "2023-10-31T20:00:00.000",
        "start_formatted": "October 31, 2023 05:00 PM",
        "end_formatted": "October 31, 2023 08:00 PM",
        "street_closure_type": "Full Street Closure",
        "community_board": "7,",
        "police_precinct": "20,"
      }
    },
    {
      "type": "Feature",
      "geometry": {
        "type": "Point",
        "coordinates": [
          -73.968875,
          40.788456
        ]
      },
      "properties": {
        "event_id": "730626",
        "event_name": "West 90th Street Halloween Event",
        "event_type": "Block Party",
        "event_agency": "Street Activity Permit Office",
        "event_location": "WEST   90 STREET between COLUMBUS AVENUE and CENTRAL PARK WEST",
        "event_borough": "Manhattan",
        "start_date": "2023-10-31T17:00:00.000",
        "end_date": "2023-10-31T20:00:00.000",
        "start_formatted": "October 31, 2023 05:00 PM",
        "end_formatted": "October 31, 2023 08:00 PM",
        "street_closure_type": "Full Street Closure",
        "community_board": "7,",
        "police_precinct": "24,"
      }
    },
    {
      "type": "Feature",
      "geometry": {
        "type": "Point",
        "coordinates": [
          -73.96686199999999,
          40.646546
        ]
      },
      "properties": {
        "event_id": "740415",
        "event_name": "Prospect Park South Annual Halloween Celebration",
        "event_type": "Block Party",
        "event_agency": "Street Activity Permit Office",
        "event_location": "ALBEMARLE ROAD between ARGYLE ROAD and RUGBY ROAD",
        "event_borough": "Brooklyn",
        "start_date": "2023-10-31T17:00:00.000",
        "end_date": "2023-10-31T20:00:00.000",
        "start_formatted": "October 31, 2023 05:00 PM",
        "end_formatted": "October 31, 2023 08:00 PM",
        "street_closure_type": "Full Street Closure",
        "community_board": "14,",
        "police_precinct": "70,"
      }
    },
    {
      "type": "Feature",
      "geometry": {
        "type": "Point",
        "coordinates": [
          -73.967323,
          40.6906035
        ]
      },
      "properties": {
        "event_id": "705230",
        "event_name": "ANNUAL CLINTON HILL HALLOWEEN SAFETY WALK WITH STREET ACTIVITIES",
        "event_type": "Block Party",
        "event_agency": "Street Activity Permit Office",
        "event_location": "WAVERLY AVENUE between WILLOUGHBY AVENUE and DEKALB AVENUE",
        "event_borough": "Brooklyn",
        "start_date": "2023-10-31T17:00:00.000",
        "end_date": "2023-10-31T21:00:00.000",
        "start_formatted": "October 31, 2023 05:00 PM",
        "end_formatted": "October 31, 2023 09:00 PM",
        "street_closure_type": "Full Street Closure",
        "community_board": "2,",
        "police_precinct": "88,"
      }
    },
    {
      "type": "Feature",
      "geometry": {
        "type": "Point",
        "coordinates": [
          -73.95522349999999,
          40.78433
        ]
      },
      "properties": {
        "event_id": "729565",
        "event_name": "CHN Annual Spooktacular",
        "event_type": "Block Party",
        "event_agency": "Street Activity Permit Office",
        "event_location": "EAST   92 STREET between PARK AVENUE and MADISON AVENUE",
        "event_borough": "Manhattan",
        "start_date": "2023-10-31T16:00:00.000",
        "end_date": "2023-10-31T17:30:00.000",
        "start_formatted": "October 31, 2023 04:00 PM",
        "end_formatted": "October 31, 2023 05:30 PM",
        "street_closure_type": "Full Street Closure",
        "community_board": "8,",
        "police_precinct": "19,"
      }
    },
    {
      "type": "Feature",
      "geometry": {
        "type": "Point",
        "coordinates": [
          -73.7594095,
          40.689099999999996
        ]
      },
      "properties": {
        "event_id": "741136",
        "event_name": "Trunk or Treat",
        "event_type": "Block Party",
        "event_agency": "Street Activity Permit Office",
        "event_location": "119 AVENUE between 190 STREET and 191 STREET",
        "event_borough": "Queens",
        "start_date": "2023-10-31T16:00:00.000",
        "end_date": "2023-10-31T20:00:00.000",
        "start_formatted": "October 31, 2023 04:00 PM",
        "end_formatted": "October 31, 2023 08:00 PM",
        "street_closure_type": "Full Sidewalk Closure",
        "community_board": "12,",
        "police_precinct": "113,"
      }
    },
    {
      "type": "Feature",
      "geometry": {
        "type": "Point",
        "coordinates": [
          -73.97778,
          40.6868635
        ]
      },
      "properties": {
        "event_id": "744272",
        "event_name": "BAMboo 2023",
        "event_type": "Block Party",
        "event_agency": "Street Activity Permit Office",
        "event_location": "LAFAYETTE AVENUE between ST FELIX STREET and ASHLAND PLACE",
        "event_borough": "Brooklyn",
        "start_date": "2023-10-31T16:00:00.000",
        "end_date": "2023-10-31T19:00:00.000",
        "start_formatted": "October 31, 2023 04:00 PM",
        "end_formatted": "October 31, 2023 07:00 PM",
        "street_closure_type": "Sidewalk and Street Closure",
        "community_board": "2,",
        "police_precinct": "88,"
      }
    },
    {
      "type": "Feature",
      "geometry": {
        "type": "Point",
        "coordinates": [
          -73.98562,
          40.729273
        ]
      },
      "properties": {
        "event_id": "736547",
        "event_name": "Village Halloween Costume Ball",
        "event_type": "Block Party",
        "event_agency": "Street Activity Permit Office",
        "event_location": "EAST   10 STREET between 1 AVENUE and 2 AVENUE",
        "event_borough": "Manhattan",
        "start_date": "2023-10-31T15:30:00.000",
        "end_date": "2023-10-31T19:30:00.000",
        "start_formatted": "October 31, 2023 03:30 PM",
        "end_formatted": "October 31, 2023 07:30 PM",
        "street_closure_type": "Full Street Closure",
        "community_board": "3,",
        "police_precinct": "9,"
      }
    },
    {
      "type": "Feature",
      "geometry": {
        "type": "Point",
        "coordinates": [
          -73.943265,
          40.818447500000005
        ]
      },
      "properties": {
        "event_id": "733854",
        "event_name": "Strivers Row Halloween Festival",
        "event_type": "Block Party",
        "event_agency": "Street Activity Permit Office",
        "event_location": "WEST  139 STREET between 7 AVENUE and 8 AVENUE",
        "event_borough": "Manhattan",
        "start_date": "2023-10-31T15:00:00.000",
        "end_date": "2023-10-31T20:00:00.000",
        "start_formatted": "October 31, 2023 03:00 PM",
        "end_formatted": "October 31, 2023 08:00 PM",
        "street_closure_type": "Full Street Closure",
        "community_board": "10,",
        "police_precinct": "32,"
      }
    },
    {
      "type": "Feature",
      "geometry": {
        "type": "Point",
        "coordinates": [
          -73.9976225,
          40.7296265
        ]
      },
      "properties": {
        "event_id": "729101",
        "event_name": "NYU and CB2 Childrens Halloween Parade",
        "event_type": "Block Party",
        "event_agency": "Street Activity Permit Office",
        "event_location": "LAGUARDIA PLACE between WASHINGTON SQUARE SOUTH and WEST    3 STREET",
        "event_borough": "Manhattan",
        "start_date": "2023-10-31T15:00:00.000",
        "end_date": "2023-10-31T18:00:00.000",
        "start_formatted": "October 31, 2023 03:00 PM",
        "end_formatted": "October 31, 2023 06:00 PM",
        "street_closure_type": "Full Street Closure",
        "community_board": "2,",
        "police_precinct": "6,"
      }
    },
    {
      "type": "Feature",
      "geometry": {
        "type": "Point",
        "coordinates": [
          -73.97903249999999,
          40.663976500000004
        ]
      },
      "properties": {
        "event_id": "745935",
        "event_name": "Halloween",
        "event_type": "Block Party",
        "event_agency": "Street Activity Permit Office",
        "event_location": "11 STREET between 8 AVENUE and PROSPECT PARK WEST",
        "event_borough": "Brooklyn",
        "start_date": "2023-10-31T14:30:00.000",
        "end_date": "2023-10-31T20:30:00.000",
        "start_formatted": "October 31, 2023 02:30 PM",
        "end_formatted": "October 31, 2023 08:30 PM",
        "street_closure_type": "Curb Lane Only",
        "community_board": "6,",
        "police_precinct": "78,"
      }
    },
    {
      "type": "Feature",
      "geometry": {
        "type": "Point",
        "coordinates": [
          -73.985581,
          40.660264
        ]
      },
      "properties": {
        "event_id": "725803",
        "event_name": "Halloween 2023",
        "event_type": "Block Party",
        "event_agency": "Street Activity Permit Office",
        "event_location": "17 STREET between 7 AVENUE and 8 AVENUE",
        "event_borough": "Brooklyn",
        "start_date": "2023-10-31T12:00:00.000",
        "end_date": "2023-10-31T21:00:00.000",
        "start_formatted": "October 31, 2023 12:00 PM",
        "end_formatted": "October 31, 2023 09:00 PM",
        "street_closure_type": "Full Street Closure",
        "community_board": "7,",
        "police_precinct": "72,"
      }
    },
    {
      "type": "Feature",
      "geometry": {
        "type": "Point",
        "coordinates": [
          -73.8912135,
          40.862413000000004
        ]
      },
      "properties": {
        "event_id": "738127",
        "event_name": "11th Annual Ms. Abbies Childrens Halloween Extravaganza",
        "event_type": "Block Party",
        "event_agency": "Street Activity Permit Office",
        "event_location": "DECATUR AVENUE between EAST FORDHAM ROAD and EAST  193 STREET",
        "event_borough": "Bronx",
        "start_date": "2023-10-31T10:00:00.000",
        "end_date": "2023-10-31T17:00:00.000",
        "start_formatted": "October 31, 2023 10:00 AM",
        "end_formatted": "October 31, 2023 05:00 PM",
        "street_closure_type": "Full Street Closure",
        "community_board": "7,",
        "police_precinct": "52,"
      }
    },
    {
      "type": "Feature",
      "geometry": {
        "type": "Point",
        "coordinates": [
          -73.96462700000001,
          40.7532355
        ]
      },
      "properties": {
        "event_id": "724476",
        "event_name": "Beekman Place Association Halloween Party",
        "event_type": "Block Party",
        "event_agency": "Street Activity Permit Office",
        "event_location": "EAST   50 STREET between BEEKMAN PLACE and DEAD END",
        "event_borough": "Manhattan",
        "start_date": "2023-10-29T15:00:00.000",
        "end_date": "2023-10-29T17:00:00.000",
        "start_formatted": "October 29, 2023 03:00 PM",
        "end_formatted": "October 29, 2023 05:00 PM",
        "street_closure_type": "Full Street Closure",
        "community_board": "6,",
        "police_precinct": "17,"
      }
    },
    {
      "type": "Feature",
      "geometry": {
        "type": "Point",
        "coordinates": [
          -74.00572249999999,
          40.647799
        ]
      },
      "properties": {
        "event_id": "736051",
        "event_name": "Day of the Dead Celebration",
        "event_type": "Block Party",
        "event_agency": "Street Activity Permit Office",
        "event_location": "44 STREET between 5 AVENUE and 6 AVENUE",
        "event_borough": "Brooklyn",
        "start_date": "2023-10-29T14:00:00.000",
        "end_date": "2023-10-29T20:00:00.000",
        "start_formatted": "October 29, 2023 02:00 PM",
        "end_formatted": "October 29, 2023 08:00 PM",
        "street_closure_type": "Full Street Closure",
        "community_board": "7,",
        "police_precinct": "72,"
      }
    },
    {
      "type": "Feature",
      "geometry": {
        "type": "Point",
        "coordinates": [
          -73.90673050000001,
          40.659687500000004
        ]
      },
      "properties": {
        "event_id": "742058",
        "event_name": "Trunk and treat",
        "event_type": "Block Party",
        "event_agency": "Street Activity Permit Office",
        "event_location": "NEWPORT STREET between THATFORD AVENUE and OSBORN STREET",
        "event_borough": "Brooklyn",
        "start_date": "2023-10-29T14:00:00.000",
        "end_date": "2023-10-29T19:00:00.000",
        "start_formatted": "October 29, 2023 02:00 PM",
        "end_formatted": "October 29, 2023 07:00 PM",
        "street_closure_type": "Full Street Closure",
        "community_board": "16,",
        "police_precinct": "73,"
      }
    },
    {
      "type": "Feature",
      "geometry": {
        "type": "Point",
        "coordinates": [
          -73.95407650000001,
          40.677302
        ]
      },
      "properties": {
        "event_id": "737341",
        "event_name": "Franklin Ave Block Party",
        "event_type": "Block Party",
        "event_agency": "Street Activity Permit Office",
        "event_location": "DEAN STREET between FRANKLIN AVENUE and BEDFORD AVENUE",
        "event_borough": "Brooklyn",
        "start_date": "2023-10-29T14:00:00.000",
        "end_date": "2023-10-29T16:00:00.000",
        "start_formatted": "October 29, 2023 02:00 PM",
        "end_formatted": "October 29, 2023 04:00 PM",
        "street_closure_type": "Full Street Closure",
        "community_board": "8,",
        "police_precinct": "77,"
      }
    },
    {
      "type": "Feature",
      "geometry": {
        "type": "Point",
        "coordinates": [
          -73.949033,
          40.6706725
        ]
      },
      "properties": {
        "event_id": "737429",
        "event_name": "Halloween Block Party",
        "event_type": "Block Party",
        "event_agency": "Street Activity Permit Office",
        "event_location": "LINCOLN PLACE between NOSTRAND AVENUE and NEW YORK AVENUE",
        "event_borough": "Brooklyn",
        "start_date": "2023-10-29T13:00:00.000",
        "end_date": "2023-10-29T20:00:00.000",
        "start_formatted": "October 29, 2023 01:00 PM",
        "end_formatted": "October 29, 2023 08:00 PM",
        "street_closure_type": "Full Street Closure",
        "community_board": "8,",
        "police_precinct": "77,"
      }
    },
    {
      "type": "Feature",
      "geometry": {
        "type": "Point",
        "coordinates": [
          -73.980894,
          40.6781785
        ]
      },
      "properties": {
        "event_id": "729242",
        "event_name": "Degraw Street Block Association Block Party",
        "event_type": "Block Party",
        "event_agency": "Street Activity Permit Office",
        "event_location": "DEGRAW STREET between 4 AVENUE and 5 AVENUE",
        "event_borough": "Brooklyn",
        "start_date": "2023-10-29T12:00:00.000",
        "end_date": "2023-10-29T19:00:00.000",
        "start_formatted": "October 29, 2023 12:00 PM",
        "end_formatted": "October 29, 2023 07:00 PM",
        "street_closure_type": "Full Street Closure",
        "community_board": "6,",
        "police_precinct": "78,"
      }
    },
    {
      "type": "Feature",
      "geometry": {
        "type": "Point",
        "coordinates": [
          -73.95197,
          40.6690395
        ]
      },
      "properties": {
        "event_id": "737835",
        "event_name": "USBCA",
        "event_type": "Block Party",
        "event_agency": "Street Activity Permit Office",
        "event_location": "UNION STREET between ROGERS AVENUE and NOSTRAND AVENUE",
        "event_borough": "Brooklyn",
        "start_date": "2023-10-29T12:00:00.000",
        "end_date": "2023-10-29T19:00:00.000",
        "start_formatted": "October 29, 2023 12:00 PM",
        "end_formatted": "October 29, 2023 07:00 PM",
        "street_closure_type": "Full Street Closure",
        "community_board": "9,",
        "police_precinct": "71,"
      }
    },
    {
      "type": "Feature",
      "geometry": {
        "type": "Point",
        "coordinates": [
          -73.96385000000001,
          40.63818
        ]
      },
      "properties": {
        "event_id": "737718",
        "event_name": "Halloween Block Party",
        "event_type": "Block Party",
        "event_agency": "Street Activity Permit Office",
        "event_location": "MARLBOROUGH ROAD between DITMAS AVENUE and DORCHESTER ROAD",
        "event_borough": "Brooklyn",
        "start_date": "2023-10-29T11:30:00.000",
        "end_date": "2023-10-29T17:00:00.000",
        "start_formatted": "October 29, 2023 11:30 AM",
        "end_formatted": "October 29, 2023 05:00 PM",
        "street_closure_type": "Full Street Closure",
        "community_board": "14,",
        "police_precinct": "70,"
      }
    },
    {
      "type": "Feature",
      "geometry": {
        "type": "Point",
        "coordinates": [
          -73.9037545,
          40.672681499999996
        ]
      },
      "properties": {
        "event_id": "734637",
        "event_name": "Youth Community Outreach Service",
        "event_type": "Block Party",
        "event_agency": "Street Activity Permit Office",
        "event_location": "JUNIUS STREET between GLENMORE AVENUE and LIBERTY AVENUE",
        "event_borough": "Brooklyn",
        "start_date": "2023-10-29T11:00:00.000",
        "end_date": "2023-10-29T14:00:00.000",
        "start_formatted": "October 29, 2023 11:00 AM",
        "end_formatted": "October 29, 2023 02:00 PM",
        "street_closure_type": "Sidewalk and Curb Lane Closure",
        "community_board": "16,",
        "police_precinct": "73,"
      }
    },
    {
      "type": "Feature",
      "geometry": {
        "type": "Point",
        "coordinates": [
          -73.939412,
          40.8347285
        ]
      },
      "properties": {
        "event_id": "744838",
        "event_name": "Halloween Block Party",
        "event_type": "Block Party",
        "event_agency": "Street Activity Permit Office",
        "event_location": "SYLVAN TERRACE between JUMEL TERRACE and ST NICHOLAS AVENUE",
        "event_borough": "Manhattan",
        "start_date": "2023-10-28T14:00:00.000",
        "end_date": "2023-10-28T21:00:00.000",
        "start_formatted": "October 28, 2023 02:00 PM",
        "end_formatted": "October 28, 2023 09:00 PM",
        "street_closure_type": "Full Street Closure",
        "community_board": "12,",
        "police_precinct": "33,"
      }
    },
    {
      "type": "Feature",
      "geometry": {
        "type": "Point",
        "coordinates": [
          -74.03449950000001,
          40.6132535
        ]
      },
      "properties": {
        "event_id": "672963",
        "event_name": "100 Street Block Party",
        "event_type": "Block Party",
        "event_agency": "Street Activity Permit Office",
        "event_location": "100 STREET between 3 AVENUE and 4 AVENUE",
        "event_borough": "Brooklyn",
        "start_date": "2023-10-28T13:30:00.000",
        "end_date": "2023-10-28T20:00:00.000",
        "start_formatted": "October 28, 2023 01:30 PM",
        "end_formatted": "October 28, 2023 08:00 PM",
        "street_closure_type": "Full Street Closure",
        "community_board": "10,",
        "police_precinct": "68,"
      }
    },
    {
      "type": "Feature",
      "geometry": {
        "type": "Point",
        "coordinates": [
          -74.003876,
          40.653072
        ]
      },
      "properties": {
        "event_id": "734114",
        "event_name": "Halloween on 37th St.",
        "event_type": "Block Party",
        "event_agency": "Street Activity Permit Office",
        "event_location": "37 STREET between 4 AVENUE and 5 AVENUE",
        "event_borough": "Brooklyn",
        "start_date": "2023-10-28T13:00:00.000",
        "end_date": "2023-10-28T20:00:00.000",
        "start_formatted": "October 28, 2023 01:00 PM",
        "end_formatted": "October 28, 2023 08:00 PM",
        "street_closure_type": "Full Street Closure",
        "community_board": "7,",
        "police_precinct": "72,"
      }
    },
    {
      "type": "Feature",
      "geometry": {
        "type": "Point",
        "coordinates": [
          -74.08206799999999,
          40.642660500000005
        ]
      },
      "properties": {
        "event_id": "729299",
        "event_name": "Fort Hill Circle Annual Block Party",
        "event_type": "Block Party",
        "event_agency": "Street Activity Permit Office",
        "event_location": "FORT HILL CIRCLE between DANIEL LOW TERRACE and DEAD END",
        "event_borough": "Staten Island",
        "start_date": "2023-10-28T13:00:00.000",
        "end_date": "2023-10-28T19:00:00.000",
        "start_formatted": "October 28, 2023 01:00 PM",
        "end_formatted": "October 28, 2023 07:00 PM",
        "street_closure_type": "Full Street Closure",
        "community_board": "1,",
        "police_precinct": "120,"
      }
    },
    {
      "type": "Feature",
      "geometry": {
        "type": "Point",
        "coordinates": [
          -73.889086,
          40.6678895
        ]
      },
      "properties": {
        "event_id": "733825",
        "event_name": "Trunk or treat",
        "event_type": "Block Party",
        "event_agency": "Street Activity Permit Office",
        "event_location": "VAN SICLEN AVENUE between DUMONT AVENUE and BLAKE AVENUE",
        "event_borough": "Brooklyn",
        "start_date": "2023-10-28T13:00:00.000",
        "end_date": "2023-10-28T20:30:00.000",
        "start_formatted": "October 28, 2023 01:00 PM",
        "end_formatted": "October 28, 2023 08:30 PM",
        "street_closure_type": "Full Street Closure",
        "community_board": "5,",
        "police_precinct": "75,"
      }
    },
    {
      "type": "Feature",
      "geometry": {
        "type": "Point",
        "coordinates": [
          -73.99318600000001,
          40.6989675
        ]
      },
      "properties": {
        "event_id": "735552",
        "event_name": "Yankee Fair  Block Party",
        "event_type": "Block Party",
        "event_agency": "Street Activity Permit Office",
        "event_location": "ORANGE STREET between HICKS STREET and HENRY STREET",
        "event_borough": "Brooklyn",
        "start_date": "2023-10-28T12:30:00.000",
        "end_date": "2023-10-28T17:30:00.000",
        "start_formatted": "October 28, 2023 12:30 PM",
        "end_formatted": "October 28, 2023 05:30 PM",
        "street_closure_type": "Full Street Closure",
        "community_board": "2,",
        "police_precinct": "84,"
      }
    },
    {
      "type": "Feature",
      "geometry": {
        "type": "Point",
        "coordinates": [
          -73.9928,
          40.663714999999996
        ]
      },
      "properties": {
        "event_id": "736329",
        "event_name": "18th St Block Party",
        "event_type": "Block Party",
        "event_agency": "Street Activity Permit Office",
        "event_location": "18 STREET between 4 AVENUE and 5 AVENUE",
        "event_borough": "Brooklyn",
        "start_date": "2023-10-28T12:00:00.000",
        "end_date": "2023-10-28T20:00:00.000",
        "start_formatted": "October 28, 2023 12:00 PM",
        "end_formatted": "October 28, 2023 08:00 PM",
        "street_closure_type": "Full Street Closure",
        "community_board": "7,",
        "police_precinct": "72,"
      }
    },
    {
      "type": "Feature",
      "geometry": {
        "type": "Point",
        "coordinates": [
          -73.991153,
          40.661804000000004
        ]
      },
      "properties": {
        "event_id": "737316",
        "event_name": "October 2023 Block party",
        "event_type": "Block Party",
        "event_agency": "Street Activity Permit Office",
        "event_location": "19 STREET between 5 AVENUE and 6 AVENUE",
        "event_borough": "Brooklyn",
        "start_date": "2023-10-28T12:00:00.000",
        "end_date": "2023-10-28T18:00:00.000",
        "start_formatted": "October 28, 2023 12:00 PM",
        "end_formatted": "October 28, 2023 06:00 PM",
        "street_closure_type": "Full Street Closure",
        "community_board": "7,",
        "police_precinct": "72,"
      }
    },
    {
      "type": "Feature",
      "geometry": {
        "type": "Point",
        "coordinates": [
          -74.13286,
          40.633116
        ]
      },
      "properties": {
        "event_id": "737490",
        "event_name": "Halloween neighbors get together",
        "event_type": "Block Party",
        "event_agency": "Street Activity Permit Office",
        "event_location": "ALBION PLACE between HEBERTON AVENUE and WASHINGTON PLACE",
        "event_borough": "Staten Island",
        "start_date": "2023-10-28T12:00:00.000",
        "end_date": "2023-10-28T21:00:00.000",
        "start_formatted": "October 28, 2023 12:00 PM",
        "end_formatted": "October 28, 2023 09:00 PM",
        "street_closure_type": "Full Street Closure",
        "community_board": "1,",
        "police_precinct": "121,"
      }
    },
    {
      "type": "Feature",
      "geometry": {
        "type": "Point",
        "coordinates": [
          -73.917776,
          40.6858665
        ]
      },
      "properties": {
        "event_id": "738181",
        "event_name": "Brooklyns Finest Bake Off",
        "event_type": "Block Party",
        "event_agency": "Street Activity Permit Office",
        "event_location": "SARATOGA AVENUE between HANCOCK STREET and HALSEY STREET",
        "event_borough": "Brooklyn",
        "start_date": "2023-10-28T12:00:00.000",
        "end_date": "2023-10-28T17:00:00.000",
        "start_formatted": "October 28, 2023 12:00 PM",
        "end_formatted": "October 28, 2023 05:00 PM",
        "street_closure_type": "Sidewalk and Street Closure",
        "community_board": "16, 3,",
        "police_precinct": "73, 81,"
      }
    },
    {
      "type": "Feature",
      "geometry": {
        "type": "Point",
        "coordinates": [
          -74.158731,
          40.542462
        ]
      },
      "properties": {
        "event_id": "736352",
        "event_name": "Block Party",
        "event_type": "Block Party",
        "event_agency": "Street Activity Permit Office",
        "event_location": "PACIFIC AVENUE between OAKDALE STREET and SYCAMORE STREET",
        "event_borough": "Staten Island",
        "start_date": "2023-10-28T12:00:00.000",
        "end_date": "2023-10-28T21:00:00.000",
        "start_formatted": "October 28, 2023 12:00 PM",
        "end_formatted": "October 28, 2023 09:00 PM",
        "street_closure_type": "Full Street Closure",
        "community_board": "3,",
        "police_precinct": "122,"
      }
    },
    {
      "type": "Feature",
      "geometry": {
        "type": "Point",
        "coordinates": [
          -73.9388645,
          40.83468
        ]
      },
      "properties": {
        "event_id": "701361",
        "event_name": "Halloween Block Party",
        "event_type": "Block Party",
        "event_agency": "Street Activity Permit Office",
        "event_location": "JUMEL TERRACE between WEST  160 STREET and WEST  162 STREET",
        "event_borough": "Manhattan",
        "start_date": "2023-10-28T12:00:00.000",
        "end_date": "2023-10-28T21:00:00.000",
        "start_formatted": "October 28, 2023 12:00 PM",
        "end_formatted": "October 28, 2023 09:00 PM",
        "street_closure_type": "Full Street Closure",
        "community_board": "12,",
        "police_precinct": "33,"
      }
    },
    {
      "type": "Feature",
      "geometry": {
        "type": "Point",
        "coordinates": [
          -73.99195950000001,
          40.6824845
        ]
      },
      "properties": {
        "event_id": "736990",
        "event_name": "Degraw Street Block Association",
        "event_type": "Block Party",
        "event_agency": "Street Activity Permit Office",
        "event_location": "DEGRAW STREET between SMITH STREET and HOYT STREET",
        "event_borough": "Brooklyn",
        "start_date": "2023-10-28T12:00:00.000",
        "end_date": "2023-10-28T21:00:00.000",
        "start_formatted": "October 28, 2023 12:00 PM",
        "end_formatted": "October 28, 2023 09:00 PM",
        "street_closure_type": "Full Street Closure",
        "community_board": "6,",
        "police_precinct": "76,"
      }
    },
    {
      "type": "Feature",
      "geometry": {
        "type": "Point",
        "coordinates": [
          -73.97752349999999,
          40.6657875
        ]
      },
      "properties": {
        "event_id": "724126",
        "event_name": "8th Street Block Party",
        "event_type": "Block Party",
        "event_agency": "Street Activity Permit Office",
        "event_location": "8 STREET between 8 AVENUE and PROSPECT PARK WEST",
        "event_borough": "Brooklyn",
        "start_date": "2023-10-28T11:30:00.000",
        "end_date": "2023-10-28T19:30:00.000",
        "start_formatted": "October 28, 2023 11:30 AM",
        "end_formatted": "October 28, 2023 07:30 PM",
        "street_closure_type": "Full Street Closure",
        "community_board": "6,",
        "police_precinct": "78,"
      }
    },
    {
      "type": "Feature",
      "geometry": {
        "type": "Point",
        "coordinates": [
          -73.8537075,
          40.716556
        ]
      },
      "properties": {
        "event_id": "737398",
        "event_name": "Ingram Street Block Party",
        "event_type": "Block Party",
        "event_agency": "Street Activity Permit Office",
        "event_location": "INGRAM STREET between 68 AVENUE and 69 AVENUE",
        "event_borough": "Queens",
        "start_date": "2023-10-28T11:30:00.000",
        "end_date": "2023-10-28T19:30:00.000",
        "start_formatted": "October 28, 2023 11:30 AM",
        "end_formatted": "October 28, 2023 07:30 PM",
        "street_closure_type": "Full Street Closure",
        "community_board": "6,",
        "police_precinct": "112,"
      }
    },
    {
      "type": "Feature",
      "geometry": {
        "type": "Point",
        "coordinates": [
          -74.0008275,
          40.6830185
        ]
      },
      "properties": {
        "event_id": "734917",
        "event_name": "President Street Block Party",
        "event_type": "Block Party",
        "event_agency": "Street Activity Permit Office",
        "event_location": "PRESIDENT STREET between HENRY STREET and HICKS STREET",
        "event_borough": "Brooklyn",
        "start_date": "2023-10-28T11:00:00.000",
        "end_date": "2023-10-28T15:00:00.000",
        "start_formatted": "October 28, 2023 11:00 AM",
        "end_formatted": "October 28, 2023 03:00 PM",
        "street_closure_type": "Full Street Closure",
        "community_board": "6,",
        "police_precinct": "76,"
      }
    },
    {
      "type": "Feature",
      "geometry": {
        "type": "Point",
        "coordinates": [
          -74.006845,
          40.6277605
        ]
      },
      "properties": {
        "event_id": "730732",
        "event_name": "NIA Halloween Spooktacular",
        "event_type": "Block Party",
        "event_agency": "Street Activity Permit Office",
        "event_location": "11 AVENUE between 66 STREET and 67 STREET",
        "event_borough": "Brooklyn",
        "start_date": "2023-10-28T11:00:00.000",
        "end_date": "2023-10-28T16:00:00.000",
        "start_formatted": "October 28, 2023 11:00 AM",
        "end_formatted": "October 28, 2023 04:00 PM",
        "street_closure_type": "Full Street Closure",
        "community_board": "10,",
        "police_precinct": "68,"
      }
    },
    {
      "type": "Feature",
      "geometry": {
        "type": "Point",
        "coordinates": [
          -73.83787849999999,
          40.6490395
        ]
      },
      "properties": {
        "event_id": "736015",
        "event_name": "Howard Beach Kiowanis Halloween Block Party",
        "event_type": "Block Party",
        "event_agency": "Street Activity Permit Office",
        "event_location": "165 AVENUE between CROSS BAY BOULEVARD and 92 STREET",
        "event_borough": "Queens",
        "start_date": "2023-10-28T11:00:00.000",
        "end_date": "2023-10-28T14:30:00.000",
        "start_formatted": "October 28, 2023 11:00 AM",
        "end_formatted": "October 28, 2023 02:30 PM",
        "street_closure_type": "Full Street Closure",
        "community_board": "10,",
        "police_precinct": "106,"
      }
    },
    {
      "type": "Feature",
      "geometry": {
        "type": "Point",
        "coordinates": [
          -74.0051375,
          40.6346835
        ]
      },
      "properties": {
        "event_id": "734066",
        "event_name": "Neighborhood Family Time",
        "event_type": "Block Party",
        "event_agency": "Street Activity Permit Office",
        "event_location": "58 STREET between 9 AVENUE and FORT HAMILTON PARKWAY",
        "event_borough": "Brooklyn",
        "start_date": "2023-10-28T10:30:00.000",
        "end_date": "2023-10-28T14:30:00.000",
        "start_formatted": "October 28, 2023 10:30 AM",
        "end_formatted": "October 28, 2023 02:30 PM",
        "street_closure_type": "Full Street Closure",
        "community_board": "12,",
        "police_precinct": "66,"
      }
    },
    {
      "type": "Feature",
      "geometry": {
        "type": "Point",
        "coordinates": [
          -73.98089949999999,
          40.665724999999995
        ]
      },
      "properties": {
        "event_id": "735252",
        "event_name": "10th Street Block Party btw. 7th/8th Aves",
        "event_type": "Block Party",
        "event_agency": "Street Activity Permit Office",
        "event_location": "10 STREET between 7 AVENUE and 8 AVENUE",
        "event_borough": "Brooklyn",
        "start_date": "2023-10-28T10:00:00.000",
        "end_date": "2023-10-28T18:00:00.000",
        "start_formatted": "October 28, 2023 10:00 AM",
        "end_formatted": "October 28, 2023 06:00 PM",
        "street_closure_type": "Full Street Closure",
        "community_board": "6,",
        "police_precinct": "78,"
      }
    },
    {
      "type": "Feature",
      "geometry": {
        "type": "Point",
        "coordinates": [
          -74.095549,
          40.6343335
        ]
      },
      "properties": {
        "event_id": "729366",
        "event_name": "First Annual Stanley Avenue Oktober Fest",
        "event_type": "Block Party",
        "event_agency": "Street Activity Permit Office",
        "event_location": "STANLEY AVENUE between PORTLAND PLACE and BRIGHTON AVENUE",
        "event_borough": "Staten Island",
        "start_date": "2023-10-28T10:00:00.000",
        "end_date": "2023-10-28T19:00:00.000",
        "start_formatted": "October 28, 2023 10:00 AM",
        "end_formatted": "October 28, 2023 07:00 PM",
        "street_closure_type": "Full Street Closure",
        "community_board": "1,",
        "police_precinct": "120,"
      }
    },
    {
      "type": "Feature",
      "geometry": {
        "type": "Point",
        "coordinates": [
          -73.9991935,
          40.714477
        ]
      },
      "properties": {
        "event_id": "732624",
        "event_name": "Chinatown Block Party",
        "event_type": "Block Party",
        "event_agency": "Street Activity Permit Office",
        "event_location": "MOSCO STREET between MOTT STREET and MULBERRY STREET",
        "event_borough": "Manhattan",
        "start_date": "2023-10-22T16:00:00.000",
        "end_date": "2023-10-22T20:00:00.000",
        "start_formatted": "October 22, 2023 04:00 PM",
        "end_formatted": "October 22, 2023 08:00 PM",
        "street_closure_type": "Full Street Closure",
        "community_board": "3,",
        "police_precinct": "5,"
      }
    },
    {
      "type": "Feature",
      "geometry": {
        "type": "Point",
        "coordinates": [
          -73.979254,
          40.641557
        ]
      },
      "properties": {
        "event_id": "736712",
        "event_name": "66th Precinct Community Council Festival",
        "event_type": "Block Party",
        "event_agency": "Street Activity Permit Office",
        "event_location": "MC DONALD AVENUE between CHURCH AVENUE and AVENUE C",
        "event_borough": "Brooklyn",
        "start_date": "2023-10-22T14:00:00.000",
        "end_date": "2023-10-22T19:00:00.000",
        "start_formatted": "October 22, 2023 02:00 PM",
        "end_formatted": "October 22, 2023 07:00 PM",
        "street_closure_type": "Full Street Closure",
        "community_board": "12,",
        "police_precinct": "66,"
      }
    },
    {
      "type": "Feature",
      "geometry": {
        "type": "Point",
        "coordinates": [
          -73.9760195,
          40.6675965
        ]
      },
      "properties": {
        "event_id": "711458",
        "event_name": "5th Street Block Association",
        "event_type": "Block Party",
        "event_agency": "Street Activity Permit Office",
        "event_location": "5 STREET between 8 AVENUE and PROSPECT PARK WEST",
        "event_borough": "Brooklyn",
        "start_date": "2023-10-22T12:00:00.000",
        "end_date": "2023-10-22T18:00:00.000",
        "start_formatted": "October 22, 2023 12:00 PM",
        "end_formatted": "October 22, 2023 06:00 PM",
        "street_closure_type": "Full Sidewalk Closure",
        "community_board": "6,",
        "police_precinct": "78,"
      }
    },
    {
      "type": "Feature",
      "geometry": {
        "type": "Point",
        "coordinates": [
          -73.992036,
          40.692698
        ]
      },
      "properties": {
        "event_id": "727966",
        "event_name": "Pumpkin Patch",
        "event_type": "Block Party",
        "event_agency": "Street Activity Permit Office",
        "event_location": "JORALEMON STREET between COURT STREET and CLINTON STREET",
        "event_borough": "Brooklyn",
        "start_date": "2023-10-22T11:00:00.000",
        "end_date": "2023-10-22T16:00:00.000",
        "start_formatted": "October 22, 2023 11:00 AM",
        "end_formatted": "October 22, 2023 04:00 PM",
        "street_closure_type": "Full Street Closure",
        "community_board": "2,",
        "police_precinct": "84,"
      }
    },
    {
      "type": "Feature",
      "geometry": {
        "type": "Point",
        "coordinates": [
          -74.109409,
          40.621880000000004
        ]
      },
      "properties": {
        "event_id": "730576",
        "event_name": "October 2023 Block Party",
        "event_type": "Block Party",
        "event_agency": "Street Activity Permit Office",
        "event_location": "STARR AVENUE between BEMENT AVENUE and OAKLAND AVENUE",
        "event_borough": "Staten Island",
        "start_date": "2023-10-21T12:30:00.000",
        "end_date": "2023-10-21T20:30:00.000",
        "start_formatted": "October 21, 2023 12:30 PM",
        "end_formatted": "October 21, 2023 08:30 PM",
        "street_closure_type": "Full Street Closure",
        "community_board": "1,",
        "police_precinct": "120,"
      }
    },
    {
      "type": "Feature",
      "geometry": {
        "type": "Point",
        "coordinates": [
          -73.977022,
          40.66639
        ]
      },
      "properties": {
        "event_id": "727138",
        "event_name": "Fall Festival _ 2023",
        "event_type": "Block Party",
        "event_agency": "Street Activity Permit Office",
        "event_location": "7 STREET between 8 AVENUE and PROSPECT PARK WEST",
        "event_borough": "Brooklyn",
        "start_date": "2023-10-21T12:00:00.000",
        "end_date": "2023-10-21T16:00:00.000",
        "start_formatted": "October 21, 2023 12:00 PM",
        "end_formatted": "October 21, 2023 04:00 PM",
        "street_closure_type": "Full Street Closure",
        "community_board": "6,",
        "police_precinct": "78,"
      }
    },
    {
      "type": "Feature",
      "geometry": {
        "type": "Point",
        "coordinates": [
          -73.98053999999999,
          40.662169
        ]
      },
      "properties": {
        "event_id": "736591",
        "event_name": "14th Street Annual Block Party",
        "event_type": "Block Party",
        "event_agency": "Street Activity Permit Office",
        "event_location": "14 STREET between 8 AVENUE and PROSPECT PARK WEST",
        "event_borough": "Brooklyn",
        "start_date": "2023-10-21T11:00:00.000",
        "end_date": "2023-10-21T20:00:00.000",
        "start_formatted": "October 21, 2023 11:00 AM",
        "end_formatted": "October 21, 2023 08:00 PM",
        "street_closure_type": "Full Street Closure",
        "community_board": "6,",
        "police_precinct": "78,"
      }
    },
    {
      "type": "Feature",
      "geometry": {
        "type": "Point",
        "coordinates": [
          -74.0102985,
          40.678411499999996
        ]
      },
      "properties": {
        "event_id": "737296",
        "event_name": "Pioneer Street Block Party",
        "event_type": "Block Party",
        "event_agency": "Street Activity Permit Office",
        "event_location": "PIONEER STREET between VAN BRUNT STREET and RICHARDS STREET",
        "event_borough": "Brooklyn",
        "start_date": "2023-10-21T11:00:00.000",
        "end_date": "2023-10-21T17:00:00.000",
        "start_formatted": "October 21, 2023 11:00 AM",
        "end_formatted": "October 21, 2023 05:00 PM",
        "street_closure_type": "Full Street Closure",
        "community_board": "6,",
        "police_precinct": "76,"
      }
    },
    {
      "type": "Feature",
      "geometry": {
        "type": "Point",
        "coordinates": [
          -73.98376300000001,
          40.6662635
        ]
      },
      "properties": {
        "event_id": "736588",
        "event_name": "11th Street Block Party",
        "event_type": "Block Party",
        "event_agency": "Street Activity Permit Office",
        "event_location": "11 STREET between 6 AVENUE and 7 AVENUE",
        "event_borough": "Brooklyn",
        "start_date": "2023-10-21T11:00:00.000",
        "end_date": "2023-10-21T19:00:00.000",
        "start_formatted": "October 21, 2023 11:00 AM",
        "end_formatted": "October 21, 2023 07:00 PM",
        "street_closure_type": "Full Street Closure",
        "community_board": "6,",
        "police_precinct": "78,"
      }
    },
    {
      "type": "Feature",
      "geometry": {
        "type": "Point",
        "coordinates": [
          -74.169765,
          40.55066
        ]
      },
      "properties": {
        "event_id": "736584",
        "event_name": "Block closing",
        "event_type": "Block Party",
        "event_agency": "Street Activity Permit Office",
        "event_location": "WAINWRIGHT AVENUE between KATAN AVENUE and FIGUREA AVENUE",
        "event_borough": "Staten Island",
        "start_date": "2023-10-21T11:00:00.000",
        "end_date": "2023-10-21T20:00:00.000",
        "start_formatted": "October 21, 2023 11:00 AM",
        "end_formatted": "October 21, 2023 08:00 PM",
        "street_closure_type": "Full Street Closure",
        "community_board": "3,",
        "police_precinct": "123,"
      }
    },
    {
      "type": "Feature",
      "geometry": {
        "type": "Point",
        "coordinates": [
          -73.965873,
          40.807134000000005
        ]
      },
      "properties": {
        "event_id": "719106",
        "event_name": "BPCNS Fall Fair",
        "event_type": "Block Party",
        "event_agency": "Street Activity Permit Office",
        "event_location": "WEST  114 STREET between RIVERSIDE DRIVE and BROADWAY",
        "event_borough": "Manhattan",
        "start_date": "2023-10-21T10:00:00.000",
        "end_date": "2023-10-21T15:00:00.000",
        "start_formatted": "October 21, 2023 10:00 AM",
        "end_formatted": "October 21, 2023 03:00 PM",
        "street_closure_type": "Full Street Closure",
        "community_board": "9,",
        "police_precinct": "26,"
      }
    },
    {
      "type": "Feature",
      "geometry": {
        "type": "Point",
        "coordinates": [
          -73.966454,
          40.675742
        ]
      },
      "properties": {
        "event_id": "739843",
        "event_name": "Fall Party",
        "event_type": "Block Party",
        "event_agency": "Street Activity Permit Office",
        "event_location": "UNDERHILL AVENUE between PARK PLACE and STERLING PLACE",
        "event_borough": "Brooklyn",
        "start_date": "2023-10-18T18:00:00.000",
        "end_date": "2023-10-18T20:00:00.000",
        "start_formatted": "October 18, 2023 06:00 PM",
        "end_formatted": "October 18, 2023 08:00 PM",
        "street_closure_type": "Full Street Closure",
        "community_board": "8,",
        "police_precinct": "77,"
      }
    },
    {
      "type": "Feature",
      "geometry": {
        "type": "Point",
        "coordinates": [
          -73.94581600000001,
          40.722915
        ]
      },
      "properties": {
        "event_id": "730678",
        "event_name": "Get To The Point - 5K Run",
        "event_type": "Block Party",
        "event_agency": "Street Activity Permit Office",
        "event_location": "DRIGGS AVENUE between DIAMOND STREET and NEWEL STREET",
        "event_borough": "Brooklyn",
        "start_date": "2023-10-15T13:00:00.000",
        "end_date": "2023-10-15T14:30:00.000",
        "start_formatted": "October 15, 2023 01:00 PM",
        "end_formatted": "October 15, 2023 02:30 PM",
        "street_closure_type": "Full Street Closure",
        "community_board": "1,",
        "police_precinct": "94,"
      }
    },
    {
      "type": "Feature",
      "geometry": {
        "type": "Point",
        "coordinates": [
          -73.964131,
          40.772124500000004
        ]
      },
      "properties": {
        "event_id": "717115",
        "event_name": "Annual Block Party",
        "event_type": "Block Party",
        "event_agency": "Street Activity Permit Office",
        "event_location": "EAST   73 STREET between MADISON AVENUE and PARK AVENUE",
        "event_borough": "Manhattan",
        "start_date": "2023-10-15T11:30:00.000",
        "end_date": "2023-10-15T15:00:00.000",
        "start_formatted": "October 15, 2023 11:30 AM",
        "end_formatted": "October 15, 2023 03:00 PM",
        "street_closure_type": "Full Street Closure",
        "community_board": "8,",
        "police_precinct": "19,"
      }
    },
    {
      "type": "Feature",
      "geometry": {
        "type": "Point",
        "coordinates": [
          -74.07663,
          40.626585
        ]
      },
      "properties": {
        "event_id": "729959",
        "event_name": "Annual Harvest",
        "event_type": "Block Party",
        "event_agency": "Street Activity Permit Office",
        "event_location": "CANAL STREET between BAY STREET and WRIGHT STREET",
        "event_borough": "Staten Island",
        "start_date": "2023-10-15T11:00:00.000",
        "end_date": "2023-10-15T18:00:00.000",
        "start_formatted": "October 15, 2023 11:00 AM",
        "end_formatted": "October 15, 2023 06:00 PM",
        "street_closure_type": "Full Street Closure",
        "community_board": "1,",
        "police_precinct": "120,"
      }
    },
    {
      "type": "Feature",
      "geometry": {
        "type": "Point",
        "coordinates": [
          -74.009904,
          40.717195000000004
        ]
      },
      "properties": {
        "event_id": "724304",
        "event_name": "Rock the Block 2023",
        "event_type": "Block Party",
        "event_agency": "Street Activity Permit Office",
        "event_location": "DUANE STREET between GREENWICH STREET and HUDSON STREET",
        "event_borough": "Manhattan",
        "start_date": "2023-10-15T11:00:00.000",
        "end_date": "2023-10-15T13:00:00.000",
        "start_formatted": "October 15, 2023 11:00 AM",
        "end_formatted": "October 15, 2023 01:00 PM",
        "street_closure_type": "Full Street Closure",
        "community_board": "1,",
        "police_precinct": "1,"
      }
    },
    {
      "type": "Feature",
      "geometry": {
        "type": "Point",
        "coordinates": [
          -74.0401785,
          40.626562500000006
        ]
      },
      "properties": {
        "event_id": "738149",
        "event_name": "BLOCK PARTY",
        "event_type": "Block Party",
        "event_agency": "Street Activity Permit Office",
        "event_location": "SHORE ROAD LANE between SHORE ROAD and DEAD END",
        "event_borough": "Brooklyn",
        "start_date": "2023-10-14T13:00:00.000",
        "end_date": "2023-10-14T17:00:00.000",
        "start_formatted": "October 14, 2023 01:00 PM",
        "end_formatted": "October 14, 2023 05:00 PM",
        "street_closure_type": "Full Street Closure",
        "community_board": "10,",
        "police_precinct": "68,"
      }
    },
    {
      "type": "Feature",
      "geometry": {
        "type": "Point",
        "coordinates": [
          -74.136822,
          40.623698000000005
        ]
      },
      "properties": {
        "event_id": "734531",
        "event_name": "Friends and family Block party",
        "event_type": "Block Party",
        "event_agency": "Street Activity Permit Office",
        "event_location": "NORTH AVENUE between LIVERMORE AVENUE and DICKIE AVENUE",
        "event_borough": "Staten Island",
        "start_date": "2023-10-14T13:00:00.000",
        "end_date": "2023-10-14T21:00:00.000",
        "start_formatted": "October 14, 2023 01:00 PM",
        "end_formatted": "October 14, 2023 09:00 PM",
        "street_closure_type": "Full Street Closure",
        "community_board": "1,",
        "police_precinct": "121,"
      }
    },
    {
      "type": "Feature",
      "geometry": {
        "type": "Point",
        "coordinates": [
          -73.9758065,
          40.6449585
        ]
      },
      "properties": {
        "event_id": "735216",
        "event_name": "East 5th Street Block Party",
        "event_type": "Block Party",
        "event_agency": "Street Activity Permit Office",
        "event_location": "EAST    5 STREET between CHURCH AVENUE and ALBEMARLE ROAD",
        "event_borough": "Brooklyn",
        "start_date": "2023-10-14T12:30:00.000",
        "end_date": "2023-10-14T20:30:00.000",
        "start_formatted": "October 14, 2023 12:30 PM",
        "end_formatted": "October 14, 2023 08:30 PM",
        "street_closure_type": "Full Street Closure",
        "community_board": "12,",
        "police_precinct": "66,"
      }
    },
    {
      "type": "Feature",
      "geometry": {
        "type": "Point",
        "coordinates": [
          -73.995716,
          40.66091
        ]
      },
      "properties": {
        "event_id": "734047",
        "event_name": "Block Party",
        "event_type": "Block Party",
        "event_agency": "Street Activity Permit Office",
        "event_location": "23 STREET between 4 AVENUE and 5 AVENUE",
        "event_borough": "Brooklyn",
        "start_date": "2023-10-14T12:30:00.000",
        "end_date": "2023-10-14T19:30:00.000",
        "start_formatted": "October 14, 2023 12:30 PM",
        "end_formatted": "October 14, 2023 07:30 PM",
        "street_closure_type": "Full Street Closure",
        "community_board": "7,",
        "police_precinct": "72,"
      }
    },
    {
      "type": "Feature",
      "geometry": {
        "type": "Point",
        "coordinates": [
          -73.977573,
          40.673686000000004
        ]
      },
      "properties": {
        "event_id": "734139",
        "event_name": "Block party",
        "event_type": "Block Party",
        "event_agency": "Street Activity Permit Office",
        "event_location": "CARROLL STREET between 6 AVENUE and 7 AVENUE",
        "event_borough": "Brooklyn",
        "start_date": "2023-10-14T12:30:00.000",
        "end_date": "2023-10-14T19:30:00.000",
        "start_formatted": "October 14, 2023 12:30 PM",
        "end_formatted": "October 14, 2023 07:30 PM",
        "street_closure_type": "Full Street Closure",
        "community_board": "6,",
        "police_precinct": "78,"
      }
    },
    {
      "type": "Feature",
      "geometry": {
        "type": "Point",
        "coordinates": [
          -74.0131025,
          40.6200195
        ]
      },
      "properties": {
        "event_id": "738206",
        "event_name": "79th st block party",
        "event_type": "Block Party",
        "event_agency": "Street Activity Permit Office",
        "event_location": "79 STREET between 11 AVENUE and 12 AVENUE",
        "event_borough": "Brooklyn",
        "start_date": "2023-10-14T12:30:00.000",
        "end_date": "2023-10-14T21:00:00.000",
        "start_formatted": "October 14, 2023 12:30 PM",
        "end_formatted": "October 14, 2023 09:00 PM",
        "street_closure_type": "Full Street Closure",
        "community_board": "10,",
        "police_precinct": "68,"
      }
    },
    {
      "type": "Feature",
      "geometry": {
        "type": "Point",
        "coordinates": [
          -74.027814,
          40.6384745
        ]
      },
      "properties": {
        "event_id": "731038",
        "event_name": "St Andrew Block Party",
        "event_type": "Block Party",
        "event_agency": "Street Activity Permit Office",
        "event_location": "RIDGE BOULEVARD between SENATOR STREET and 67 STREET",
        "event_borough": "Brooklyn",
        "start_date": "2023-10-14T12:00:00.000",
        "end_date": "2023-10-14T16:00:00.000",
        "start_formatted": "October 14, 2023 12:00 PM",
        "end_formatted": "October 14, 2023 04:00 PM",
        "street_closure_type": "Full Street Closure",
        "community_board": "10,",
        "police_precinct": "68,"
      }
    },
    {
      "type": "Feature",
      "geometry": {
        "type": "Point",
        "coordinates": [
          -74.022892,
          40.6416775
        ]
      },
      "properties": {
        "event_id": "723666",
        "event_name": "Block party",
        "event_type": "Block Party",
        "event_agency": "Street Activity Permit Office",
        "event_location": "62 STREET between 3 AVENUE and 2 AVENUE",
        "event_borough": "Brooklyn",
        "start_date": "2023-10-14T12:00:00.000",
        "end_date": "2023-10-14T20:00:00.000",
        "start_formatted": "October 14, 2023 12:00 PM",
        "end_formatted": "October 14, 2023 08:00 PM",
        "street_closure_type": "Full Street Closure",
        "community_board": "7,",
        "police_precinct": "72,"
      }
    },
    {
      "type": "Feature",
      "geometry": {
        "type": "Point",
        "coordinates": [
          -73.95663250000001,
          40.6717955
        ]
      },
      "properties": {
        "event_id": "735750",
        "event_name": "St. Francis Place Block party 2023",
        "event_type": "Block Party",
        "event_agency": "Street Activity Permit Office",
        "event_location": "ST FRANCIS PLACE between ST JOHNS PLACE and LINCOLN PLACE",
        "event_borough": "Brooklyn",
        "start_date": "2023-10-14T12:00:00.000",
        "end_date": "2023-10-14T20:00:00.000",
        "start_formatted": "October 14, 2023 12:00 PM",
        "end_formatted": "October 14, 2023 08:00 PM",
        "street_closure_type": "Full Street Closure",
        "community_board": "8,",
        "police_precinct": "77,"
      }
    },
    {
      "type": "Feature",
      "geometry": {
        "type": "Point",
        "coordinates": [
          -73.8566405,
          40.573871
        ]
      },
      "properties": {
        "event_id": "734001",
        "event_name": "Fall Festival",
        "event_type": "Block Party",
        "event_agency": "Street Activity Permit Office",
        "event_location": "BEACH  139 STREET between NEWPORT AVENUE and ROCKAWAY BEACH BOULEVARD",
        "event_borough": "Queens",
        "start_date": "2023-10-14T12:00:00.000",
        "end_date": "2023-10-14T21:00:00.000",
        "start_formatted": "October 14, 2023 12:00 PM",
        "end_formatted": "October 14, 2023 09:00 PM",
        "street_closure_type": "Full Street Closure",
        "community_board": "14,",
        "police_precinct": "100,"
      }
    },
    {
      "type": "Feature",
      "geometry": {
        "type": "Point",
        "coordinates": [
          -73.97823650000001,
          40.67289
        ]
      },
      "properties": {
        "event_id": "732236",
        "event_name": "Garfield Place Block Party",
        "event_type": "Block Party",
        "event_agency": "Street Activity Permit Office",
        "event_location": "GARFIELD PLACE between 6 AVENUE and 7 AVENUE",
        "event_borough": "Brooklyn",
        "start_date": "2023-10-14T12:00:00.000",
        "end_date": "2023-10-14T20:00:00.000",
        "start_formatted": "October 14, 2023 12:00 PM",
        "end_formatted": "October 14, 2023 08:00 PM",
        "street_closure_type": "Full Street Closure",
        "community_board": "6,",
        "police_precinct": "78,"
      }
    },
    {
      "type": "Feature",
      "geometry": {
        "type": "Point",
        "coordinates": [
          -74.0020065,
          40.684872999999996
        ]
      },
      "properties": {
        "event_id": "733878",
        "event_name": "Sackett St Block Party",
        "event_type": "Block Party",
        "event_agency": "Street Activity Permit Office",
        "event_location": "SACKETT STREET between HICKS STREET and COLUMBIA STREET",
        "event_borough": "Brooklyn",
        "start_date": "2023-10-14T12:00:00.000",
        "end_date": "2023-10-14T21:00:00.000",
        "start_formatted": "October 14, 2023 12:00 PM",
        "end_formatted": "October 14, 2023 09:00 PM",
        "street_closure_type": "Full Street Closure",
        "community_board": "6,",
        "police_precinct": "76,"
      }
    },
    {
      "type": "Feature",
      "geometry": {
        "type": "Point",
        "coordinates": [
          -73.9841135,
          40.6698155
        ]
      },
      "properties": {
        "event_id": "731541",
        "event_name": "7th Street Annual Block Party",
        "event_type": "Block Party",
        "event_agency": "Street Activity Permit Office",
        "event_location": "7 STREET between 5 AVENUE and 6 AVENUE",
        "event_borough": "Brooklyn",
        "start_date": "2023-10-14T11:30:00.000",
        "end_date": "2023-10-14T20:30:00.000",
        "start_formatted": "October 14, 2023 11:30 AM",
        "end_formatted": "October 14, 2023 08:30 PM",
        "street_closure_type": "Full Street Closure",
        "community_board": "6,",
        "police_precinct": "78,"
      }
    },
    {
      "type": "Feature",
      "geometry": {
        "type": "Point",
        "coordinates": [
          -73.91005050000001,
          40.6631815
        ]
      },
      "properties": {
        "event_id": "707788",
        "event_name": "BLOCK PARTY",
        "event_type": "Block Party",
        "event_agency": "Street Activity Permit Office",
        "event_location": "CHESTER STREET between DUMONT AVENUE and LIVONIA AVENUE",
        "event_borough": "Brooklyn",
        "start_date": "2023-10-14T11:00:00.000",
        "end_date": "2023-10-14T18:00:00.000",
        "start_formatted": "October 14, 2023 11:00 AM",
        "end_formatted": "October 14, 2023 06:00 PM",
        "street_closure_type": "Full Street Closure",
        "community_board": "16,",
        "police_precinct": "73,"
      }
    },
    {
      "type": "Feature",
      "geometry": {
        "type": "Point",
        "coordinates": [
          -73.986505,
          40.67097
        ]
      },
      "properties": {
        "event_id": "719402",
        "event_name": "745 Community Family Day",
        "event_type": "Block Party",
        "event_agency": "Street Activity Permit Office",
        "event_location": "7 STREET between 4 AVENUE and 5 AVENUE",
        "event_borough": "Brooklyn",
        "start_date": "2023-10-14T11:00:00.000",
        "end_date": "2023-10-14T18:00:00.000",
        "start_formatted": "October 14, 2023 11:00 AM",
        "end_formatted": "October 14, 2023 06:00 PM",
        "street_closure_type": "Full Street Closure",
        "community_board": "6,",
        "police_precinct": "78,"
      }
    },
    {
      "type": "Feature",
      "geometry": {
        "type": "Point",
        "coordinates": [
          -73.99613099999999,
          40.7459825
        ]
      },
      "properties": {
        "event_id": "727014",
        "event_name": "Welcome back Students Kick off",
        "event_type": "Block Party",
        "event_agency": "Street Activity Permit Office",
        "event_location": "WEST   25 STREET between 7 AVENUE and 8 AVENUE",
        "event_borough": "Manhattan",
        "start_date": "2023-10-14T11:00:00.000",
        "end_date": "2023-10-14T15:00:00.000",
        "start_formatted": "October 14, 2023 11:00 AM",
        "end_formatted": "October 14, 2023 03:00 PM",
        "street_closure_type": "Full Street Closure",
        "community_board": "4,",
        "police_precinct": "10,"
      }
    },
    {
      "type": "Feature",
      "geometry": {
        "type": "Point",
        "coordinates": [
          -73.9795355,
          40.6633755
        ]
      },
      "properties": {
        "event_id": "725586",
        "event_name": "12th Street Block Party",
        "event_type": "Block Party",
        "event_agency": "Street Activity Permit Office",
        "event_location": "12 STREET between 8 AVENUE and PROSPECT PARK WEST",
        "event_borough": "Brooklyn",
        "start_date": "2023-10-14T11:00:00.000",
        "end_date": "2023-10-14T18:00:00.000",
        "start_formatted": "October 14, 2023 11:00 AM",
        "end_formatted": "October 14, 2023 06:00 PM",
        "street_closure_type": "Full Street Closure",
        "community_board": "6,",
        "police_precinct": "78,"
      }
    },
    {
      "type": "Feature",
      "geometry": {
        "type": "Point",
        "coordinates": [
          -73.9874945,
          40.730851
        ]
      },
      "properties": {
        "event_id": "728019",
        "event_name": "Third Street Music School Settlement Block Party",
        "event_type": "Block Party",
        "event_agency": "Street Activity Permit Office",
        "event_location": "EAST   11 STREET between SECOND AVENUE and THIRD AVENUE",
        "event_borough": "Manhattan",
        "start_date": "2023-10-14T11:00:00.000",
        "end_date": "2023-10-14T16:00:00.000",
        "start_formatted": "October 14, 2023 11:00 AM",
        "end_formatted": "October 14, 2023 04:00 PM",
        "street_closure_type": "Full Street Closure",
        "community_board": "3,",
        "police_precinct": "9,"
      }
    },
    {
      "type": "Feature",
      "geometry": {
        "type": "Point",
        "coordinates": [
          -73.94923299999999,
          40.805186
        ]
      },
      "properties": {
        "event_id": "731923",
        "event_name": "West 120th Annual Block Party",
        "event_type": "Block Party",
        "event_agency": "Street Activity Permit Office",
        "event_location": "WEST  120 STREET between MALCOLM X BOULEVARD and ADAM CLAYTON POWELL BOULEVARD",
        "event_borough": "Manhattan",
        "start_date": "2023-10-14T11:00:00.000",
        "end_date": "2023-10-14T17:00:00.000",
        "start_formatted": "October 14, 2023 11:00 AM",
        "end_formatted": "October 14, 2023 05:00 PM",
        "street_closure_type": "Full Street Closure",
        "community_board": "10,",
        "police_precinct": "28,"
      }
    },
    {
      "type": "Feature",
      "geometry": {
        "type": "Point",
        "coordinates": [
          -73.91799950000001,
          40.669871
        ]
      },
      "properties": {
        "event_id": "733049",
        "event_name": "Blaock Party",
        "event_type": "Block Party",
        "event_agency": "Street Activity Permit Office",
        "event_location": "ST JOHNS PLACE between EASTERN PARKWAY and SARATOGA AVENUE",
        "event_borough": "Brooklyn",
        "start_date": "2023-10-14T11:00:00.000",
        "end_date": "2023-10-14T18:00:00.000",
        "start_formatted": "October 14, 2023 11:00 AM",
        "end_formatted": "October 14, 2023 06:00 PM",
        "street_closure_type": "Sidewalk and Street Closure",
        "community_board": "16,",
        "police_precinct": "73,"
      }
    },
    {
      "type": "Feature",
      "geometry": {
        "type": "Point",
        "coordinates": [
          -73.9631535,
          40.6827
        ]
      },
      "properties": {
        "event_id": "734986",
        "event_name": "COMMUNITY APPRECIATION BLOCK PARTY",
        "event_type": "Block Party",
        "event_agency": "Street Activity Permit Office",
        "event_location": "FULTON STREET between ST JAMES PLACE and CAMBRIDGE PLACE",
        "event_borough": "Brooklyn",
        "start_date": "2023-10-14T11:00:00.000",
        "end_date": "2023-10-14T17:00:00.000",
        "start_formatted": "October 14, 2023 11:00 AM",
        "end_formatted": "October 14, 2023 05:00 PM",
        "street_closure_type": "Full Street Closure",
        "community_board": "2,",
        "police_precinct": "88,"
      }
    },
    {
      "type": "Feature",
      "geometry": {
        "type": "Point",
        "coordinates": [
          -73.967419,
          40.64202
        ]
      },
      "properties": {
        "event_id": "727354",
        "event_name": "WESTMINSTER RD ANNUAL BLOCK PARTY",
        "event_type": "Block Party",
        "event_agency": "Street Activity Permit Office",
        "event_location": "WESTMINSTER ROAD between BEVERLEY ROAD and CORTELYOU ROAD",
        "event_borough": "Brooklyn",
        "start_date": "2023-10-14T10:30:00.000",
        "end_date": "2023-10-14T18:30:00.000",
        "start_formatted": "October 14, 2023 10:30 AM",
        "end_formatted": "October 14, 2023 06:30 PM",
        "street_closure_type": "Full Street Closure",
        "community_board": "14,",
        "police_precinct": "70,"
      }
    },
    {
      "type": "Feature",
      "geometry": {
        "type": "Point",
        "coordinates": [
          -73.95625999999999,
          40.633061
        ]
      },
      "properties": {
        "event_id": "731324",
        "event_name": "Volunteer Glenwood Malls Gardening Day",
        "event_type": "Block Party",
        "event_agency": "Street Activity Permit Office",
        "event_location": "GLENWOOD ROAD between EAST   21 STREET and EAST   22 STREET",
        "event_borough": "Brooklyn",
        "start_date": "2023-10-14T10:00:00.000",
        "end_date": "2023-10-14T16:00:00.000",
        "start_formatted": "October 14, 2023 10:00 AM",
        "end_formatted": "October 14, 2023 04:00 PM",
        "street_closure_type": "Full Street Closure",
        "community_board": "14,",
        "police_precinct": "70,"
      }
    },
    {
      "type": "Feature",
      "geometry": {
        "type": "Point",
        "coordinates": [
          -73.9798935,
          40.666929999999994
        ]
      },
      "properties": {
        "event_id": "733753",
        "event_name": "block party - 8th st b/w 7th and 8th ave",
        "event_type": "Block Party",
        "event_agency": "Street Activity Permit Office",
        "event_location": "8 STREET between 7 AVENUE and 8 AVENUE",
        "event_borough": "Brooklyn",
        "start_date": "2023-10-14T10:00:00.000",
        "end_date": "2023-10-14T18:00:00.000",
        "start_formatted": "October 14, 2023 10:00 AM",
        "end_formatted": "October 14, 2023 06:00 PM",
        "street_closure_type": "Full Street Closure",
        "community_board": "6,",
        "police_precinct": "78,"
      }
    },
    {
      "type": "Feature",
      "geometry": {
        "type": "Point",
        "coordinates": [
          -73.98813200000001,
          40.664996
        ]
      },
      "properties": {
        "event_id": "728202",
        "event_name": "Fall Festival 6/15 Green Community Garden",
        "event_type": "Block Party",
        "event_agency": "Street Activity Permit Office",
        "event_location": "15 STREET between 6 AVENUE and 5 AVENUE",
        "event_borough": "Brooklyn",
        "start_date": "2023-10-14T10:00:00.000",
        "end_date": "2023-10-14T16:30:00.000",
        "start_formatted": "October 14, 2023 10:00 AM",
        "end_formatted": "October 14, 2023 04:30 PM",
        "street_closure_type": "Full Street Closure",
        "community_board": "6, 7,",
        "police_precinct": "72, 78,"
      }
    },
    {
      "type": "Feature",
      "geometry": {
        "type": "Point",
        "coordinates": [
          -73.9432245,
          40.813413499999996
        ]
      },
      "properties": {
        "event_id": "728377",
        "event_name": "Halloween Block party",
        "event_type": "Block Party",
        "event_agency": "Street Activity Permit Office",
        "event_location": "WEST  133 STREET between LENOX AVENUE and 7 AVENUE",
        "event_borough": "Manhattan",
        "start_date": "2023-10-14T10:00:00.000",
        "end_date": "2023-10-14T17:00:00.000",
        "start_formatted": "October 14, 2023 10:00 AM",
        "end_formatted": "October 14, 2023 05:00 PM",
        "street_closure_type": "Full Street Closure",
        "community_board": "10,",
        "police_precinct": "32,"
      }
    },
    {
      "type": "Feature",
      "geometry": {
        "type": "Point",
        "coordinates": [
          -73.903213,
          40.8194975
        ]
      },
      "properties": {
        "event_id": "735085",
        "event_name": "The Osborne Association Block Party",
        "event_type": "Block Party",
        "event_agency": "Street Activity Permit Office",
        "event_location": "UNION AVENUE between EAST  158 STREET and EAST  160 STREET",
        "event_borough": "Bronx",
        "start_date": "2023-10-13T15:00:00.000",
        "end_date": "2023-10-13T17:30:00.000",
        "start_formatted": "October 13, 2023 03:00 PM",
        "end_formatted": "October 13, 2023 05:30 PM",
        "street_closure_type": "Full Street Closure",
        "community_board": "1,",
        "police_precinct": "40,"
      }
    },
    {
      "type": "Feature",
      "geometry": {
        "type": "Point",
        "coordinates": [
          -73.946433,
          40.7905965
        ]
      },
      "properties": {
        "event_id": "705551",
        "event_name": "Hope Community Annual Fall Fest",
        "event_type": "Block Party",
        "event_agency": "Street Activity Permit Office",
        "event_location": "EAST  104 STREET between LEXINGTON AVENUE and 3 AVENUE",
        "event_borough": "Manhattan",
        "start_date": "2023-10-09T10:00:00.000",
        "end_date": "2023-10-09T16:00:00.000",
        "start_formatted": "October 09, 2023 10:00 AM",
        "end_formatted": "October 09, 2023 04:00 PM",
        "street_closure_type": "Full Street Closure",
        "community_board": "11,",
        "police_precinct": "23,"
      }
    },
    {
      "type": "Feature",
      "geometry": {
        "type": "Point",
        "coordinates": [
          -73.9691415,
          40.6332175
        ]
      },
      "properties": {
        "event_id": "731739",
        "event_name": "Block Party",
        "event_type": "Block Party",
        "event_agency": "Street Activity Permit Office",
        "event_location": "EAST    8 STREET between NEWKIRK AVENUE and WEBSTER AVENUE",
        "event_borough": "Brooklyn",
        "start_date": "2023-10-08T13:00:00.000",
        "end_date": "2023-10-08T19:00:00.000",
        "start_formatted": "October 08, 2023 01:00 PM",
        "end_formatted": "October 08, 2023 07:00 PM",
        "street_closure_type": "Full Street Closure",
        "community_board": "14,",
        "police_precinct": "70,"
      }
    },
    {
      "type": "Feature",
      "geometry": {
        "type": "Point",
        "coordinates": [
          -74.00530499999999,
          40.6053005
        ]
      },
      "properties": {
        "event_id": "725966",
        "event_name": "Jovenes Cristianos Church Community Event",
        "event_type": "Block Party",
        "event_agency": "Street Activity Permit Office",
        "event_location": "RUTHERFORD PLACE between BAY   17 STREET and 18 AVENUE",
        "event_borough": "Brooklyn",
        "start_date": "2023-10-08T11:00:00.000",
        "end_date": "2023-10-08T20:00:00.000",
        "start_formatted": "October 08, 2023 11:00 AM",
        "end_formatted": "October 08, 2023 08:00 PM",
        "street_closure_type": "Full Street Closure",
        "community_board": "11,",
        "police_precinct": "62,"
      }
    },
    {
      "type": "Feature",
      "geometry": {
        "type": "Point",
        "coordinates": [
          -73.9686525,
          40.692332
        ]
      },
      "properties": {
        "event_id": "735030",
        "event_name": "Clinton Hill Coop Block Party 2023",
        "event_type": "Block Party",
        "event_agency": "Street Activity Permit Office",
        "event_location": "CLINTON AVENUE between WILLOUGHBY AVENUE and MYRTLE AVENUE",
        "event_borough": "Brooklyn",
        "start_date": "2023-10-08T10:00:00.000",
        "end_date": "2023-10-08T19:00:00.000",
        "start_formatted": "October 08, 2023 10:00 AM",
        "end_formatted": "October 08, 2023 07:00 PM",
        "street_closure_type": "Full Street Closure",
        "community_board": "2,",
        "police_precinct": "88,"
      }
    },
    {
      "type": "Feature",
      "geometry": {
        "type": "Point",
        "coordinates": [
          -73.9923885,
          40.681849
        ]
      },
      "properties": {
        "event_id": "718568",
        "event_name": "Annual Sackett Street Block Party and International Pot Luck Party",
        "event_type": "Block Party",
        "event_agency": "Street Activity Permit Office",
        "event_location": "SACKETT STREET between SMITH STREET and HOYT STREET",
        "event_borough": "Brooklyn",
        "start_date": "2023-10-07T16:00:00.000",
        "end_date": "2023-10-07T22:30:00.000",
        "start_formatted": "October 07, 2023 04:00 PM",
        "end_formatted": "October 07, 2023 10:30 PM",
        "street_closure_type": "Full Street Closure",
        "community_board": "6,",
        "police_precinct": "76,"
      }
    },
    {
      "type": "Feature",
      "geometry": {
        "type": "Point",
        "coordinates": [
          -74.124028,
          40.5635245
        ]
      },
      "properties": {
        "event_id": "739735",
        "event_name": "Leeds Street Block Party",
        "event_type": "Block Party",
        "event_agency": "Street Activity Permit Office",
        "event_location": "LEEDS STREET between GUYON AVENUE and ISABELLA AVENUE",
        "event_borough": "Staten Island",
        "start_date": "2023-10-07T13:00:00.000",
        "end_date": "2023-10-07T21:00:00.000",
        "start_formatted": "October 07, 2023 01:00 PM",
        "end_formatted": "October 07, 2023 09:00 PM",
        "street_closure_type": "Full Street Closure",
        "community_board": "3,",
        "police_precinct": "122,"
      }
    },
    {
      "type": "Feature",
      "geometry": {
        "type": "Point",
        "coordinates": [
          -73.951803,
          40.6708235
        ]
      },
      "properties": {
        "event_id": "725300",
        "event_name": "Lincoln-Nostrand-Rogers Block Party 2023",
        "event_type": "Block Party",
        "event_agency": "Street Activity Permit Office",
        "event_location": "LINCOLN PLACE between NOSTRAND AVENUE and ROGERS AVENUE",
        "event_borough": "Brooklyn",
        "start_date": "2023-10-07T12:00:00.000",
        "end_date": "2023-10-07T20:00:00.000",
        "start_formatted": "October 07, 2023 12:00 PM",
        "end_formatted": "October 07, 2023 08:00 PM",
        "street_closure_type": "Full Street Closure",
        "community_board": "8,",
        "police_precinct": "77,"
      }
    },
    {
      "type": "Feature",
      "geometry": {
        "type": "Point",
        "coordinates": [
          -73.8545695,
          40.5770975
        ]
      },
      "properties": {
        "event_id": "734043",
        "event_name": "135th Block Party",
        "event_type": "Block Party",
        "event_agency": "Street Activity Permit Office",
        "event_location": "BEACH  135 STREET between NEWPORT AVENUE and CRONSTON AVENUE",
        "event_borough": "Queens",
        "start_date": "2023-10-07T12:00:00.000",
        "end_date": "2023-10-07T21:00:00.000",
        "start_formatted": "October 07, 2023 12:00 PM",
        "end_formatted": "October 07, 2023 09:00 PM",
        "street_closure_type": "Full Street Closure",
        "community_board": "14,",
        "police_precinct": "100,"
      }
    },
    {
      "type": "Feature",
      "geometry": {
        "type": "Point",
        "coordinates": [
          -73.9401795,
          40.6017675
        ]
      },
      "properties": {
        "event_id": "730580",
        "event_name": "Brown Street Block Party",
        "event_type": "Block Party",
        "event_agency": "Street Activity Permit Office",
        "event_location": "BROWN STREET between AVENUE T and AVENUE U",
        "event_borough": "Brooklyn",
        "start_date": "2023-10-07T12:00:00.000",
        "end_date": "2023-10-07T21:00:00.000",
        "start_formatted": "October 07, 2023 12:00 PM",
        "end_formatted": "October 07, 2023 09:00 PM",
        "street_closure_type": "Full Street Closure",
        "community_board": "15,",
        "police_precinct": "61,"
      }
    },
    {
      "type": "Feature",
      "geometry": {
        "type": "Point",
        "coordinates": [
          -73.9151675,
          40.8075375
        ]
      },
      "properties": {
        "event_id": "733587",
        "event_name": "south bronx church",
        "event_type": "Block Party",
        "event_agency": "Street Activity Permit Office",
        "event_location": "E 140TH STREET between ST ANNS AVENUE and CYPRESS AVENUE",
        "event_borough": "Bronx",
        "start_date": "2023-10-07T12:00:00.000",
        "end_date": "2023-10-07T20:00:00.000",
        "start_formatted": "October 07, 2023 12:00 PM",
        "end_formatted": "October 07, 2023 08:00 PM",
        "street_closure_type": "Full Street Closure",
        "community_board": "1,",
        "police_precinct": "40,"
      }
    },
    {
      "type": "Feature",
      "geometry": {
        "type": "Point",
        "coordinates": [
          -73.8638,
          40.689645
        ]
      },
      "properties": {
        "event_id": "731550",
        "event_name": "Neirs Tavern Block Party",
        "event_type": "Block Party",
        "event_agency": "Street Activity Permit Office",
        "event_location": "88 AVENUE between 78 STREET and 77 STREET",
        "event_borough": "Queens",
        "start_date": "2023-10-07T12:00:00.000",
        "end_date": "2023-10-07T17:00:00.000",
        "start_formatted": "October 07, 2023 12:00 PM",
        "end_formatted": "October 07, 2023 05:00 PM",
        "street_closure_type": "Sidewalk and Street Closure",
        "community_board": "9,",
        "police_precinct": "102,"
      }
    },
    {
      "type": "Feature",
      "geometry": {
        "type": "Point",
        "coordinates": [
          -73.80209049999999,
          40.7023545
        ]
      },
      "properties": {
        "event_id": "698901",
        "event_name": "1 World Fest.",
        "event_type": "Block Party",
        "event_agency": "Street Activity Permit Office",
        "event_location": "153 STREET between JAMAICA AVENUE and ARCHER AVENUE",
        "event_borough": "Queens",
        "start_date": "2023-10-07T12:00:00.000",
        "end_date": "2023-10-07T18:00:00.000",
        "start_formatted": "October 07, 2023 12:00 PM",
        "end_formatted": "October 07, 2023 06:00 PM",
        "street_closure_type": "Full Street Closure",
        "community_board": "12,",
        "police_precinct": "103,"
      }
    },
    {
      "type": "Feature",
      "geometry": {
        "type": "Point",
        "coordinates": [
          -73.91303049999999,
          40.8368975
        ]
      },
      "properties": {
        "event_id": "734592",
        "event_name": "COMMUNITY FUN FEST",
        "event_type": "Block Party",
        "event_agency": "Street Activity Permit Office",
        "event_location": "GRANT AVENUE between EAST  170 STREET and EAST  169 STREET",
        "event_borough": "Bronx",
        "start_date": "2023-10-07T12:00:00.000",
        "end_date": "2023-10-07T17:00:00.000",
        "start_formatted": "October 07, 2023 12:00 PM",
        "end_formatted": "October 07, 2023 05:00 PM",
        "street_closure_type": "Full Street Closure",
        "community_board": "4,",
        "police_precinct": "44,"
      }
    },
    {
      "type": "Feature",
      "geometry": {
        "type": "Point",
        "coordinates": [
          -73.915066,
          40.6790585
        ]
      },
      "properties": {
        "event_id": "699349",
        "event_name": "Childrens Harvest Festival - Saratoga",
        "event_type": "Block Party",
        "event_agency": "Street Activity Permit Office",
        "event_location": "HULL STREET between SARATOGA AVENUE and THOMAS S BOYLAND STREET",
        "event_borough": "Brooklyn",
        "start_date": "2023-10-07T12:00:00.000",
        "end_date": "2023-10-07T16:00:00.000",
        "start_formatted": "October 07, 2023 12:00 PM",
        "end_formatted": "October 07, 2023 04:00 PM",
        "street_closure_type": "Full Street Closure",
        "community_board": "16, 3,",
        "police_precinct": "73, 81,"
      }
    },
    {
      "type": "Feature",
      "geometry": {
        "type": "Point",
        "coordinates": [
          -73.93844200000001,
          40.6093725
        ]
      },
      "properties": {
        "event_id": "731950",
        "event_name": "Marine Parkway Block Party",
        "event_type": "Block Party",
        "event_agency": "Street Activity Permit Office",
        "event_location": "MARINE PARKWAY between AVENUE R and FILLMORE AVENUE",
        "event_borough": "Brooklyn",
        "start_date": "2023-10-07T11:00:00.000",
        "end_date": "2023-10-07T20:00:00.000",
        "start_formatted": "October 07, 2023 11:00 AM",
        "end_formatted": "October 07, 2023 08:00 PM",
        "street_closure_type": "Full Street Closure",
        "community_board": "18,",
        "police_precinct": "63,"
      }
    },
    {
      "type": "Feature",
      "geometry": {
        "type": "Point",
        "coordinates": [
          -73.959911,
          40.681117
        ]
      },
      "properties": {
        "event_id": "734517",
        "event_name": "Lefferts Saint James Grand Association Block Party",
        "event_type": "Block Party",
        "event_agency": "Street Activity Permit Office",
        "event_location": "LEFFERTS PLACE between GRAND AVENUE and CLASSON AVENUE",
        "event_borough": "Brooklyn",
        "start_date": "2023-10-07T11:00:00.000",
        "end_date": "2023-10-07T18:00:00.000",
        "start_formatted": "October 07, 2023 11:00 AM",
        "end_formatted": "October 07, 2023 06:00 PM",
        "street_closure_type": "Full Street Closure",
        "community_board": "2,",
        "police_precinct": "88,"
      }
    },
    {
      "type": "Feature",
      "geometry": {
        "type": "Point",
        "coordinates": [
          -73.925302,
          40.6993175
        ]
      },
      "properties": {
        "event_id": "715054",
        "event_name": "Hart st Association block party",
        "event_type": "Block Party",
        "event_agency": "Street Activity Permit Office",
        "event_location": "HART STREET between CENTRAL AVENUE and WILSON AVENUE",
        "event_borough": "Brooklyn",
        "start_date": "2023-10-07T11:00:00.000",
        "end_date": "2023-10-07T20:00:00.000",
        "start_formatted": "October 07, 2023 11:00 AM",
        "end_formatted": "October 07, 2023 08:00 PM",
        "street_closure_type": "Full Street Closure",
        "community_board": "4,",
        "police_precinct": "83,"
      }
    },
    {
      "type": "Feature",
      "geometry": {
        "type": "Point",
        "coordinates": [
          -73.881163,
          40.7135425
        ]
      },
      "properties": {
        "event_id": "710752",
        "event_name": "Block party",
        "event_type": "Block Party",
        "event_agency": "Street Activity Permit Office",
        "event_location": "66 DRIVE between 73 PLACE and PLEASANTVIEW STREET",
        "event_borough": "Queens",
        "start_date": "2023-10-07T11:00:00.000",
        "end_date": "2023-10-07T20:00:00.000",
        "start_formatted": "October 07, 2023 11:00 AM",
        "end_formatted": "October 07, 2023 08:00 PM",
        "street_closure_type": "Full Street Closure",
        "community_board": "5,",
        "police_precinct": "104,"
      }
    },
    {
      "type": "Feature",
      "geometry": {
        "type": "Point",
        "coordinates": [
          -73.93906100000001,
          40.8191165
        ]
      },
      "properties": {
        "event_id": "704093",
        "event_name": "The 142nd Street Block Association Annual End-of-Summer Block Party",
        "event_type": "Block Party",
        "event_agency": "Street Activity Permit Office",
        "event_location": "WEST  142 STREET between 7 AVENUE and LENOX AVENUE",
        "event_borough": "Manhattan",
        "start_date": "2023-10-07T10:00:00.000",
        "end_date": "2023-10-07T17:30:00.000",
        "start_formatted": "October 07, 2023 10:00 AM",
        "end_formatted": "October 07, 2023 05:30 PM",
        "street_closure_type": "Full Street Closure",
        "community_board": "10,",
        "police_precinct": "32,"
      }
    },
    {
      "type": "Feature",
      "geometry": {
        "type": "Point",
        "coordinates": [
          -73.99906100000001,
          40.678143000000006
        ]
      },
      "properties": {
        "event_id": "719833",
        "event_name": "17th Annual Pumpkinfest",
        "event_type": "Block Party",
        "event_agency": "Street Activity Permit Office",
        "event_location": "4 PLACE between COURT STREET and CLINTON STREET",
        "event_borough": "Brooklyn",
        "start_date": "2023-10-07T10:00:00.000",
        "end_date": "2023-10-07T16:00:00.000",
        "start_formatted": "October 07, 2023 10:00 AM",
        "end_formatted": "October 07, 2023 04:00 PM",
        "street_closure_type": "Full Street Closure",
        "community_board": "6,",
        "police_precinct": "76,"
      }
    },
    {
      "type": "Feature",
      "geometry": {
        "type": "Point",
        "coordinates": [
          -73.941754,
          40.70384
        ]
      },
      "properties": {
        "event_id": "732956",
        "event_name": "Brooklyn Three Kings Day",
        "event_type": "Block Party",
        "event_agency": "Street Activity Permit Office",
        "event_location": "MOORE STREET between HUMBOLDT STREET and GRAHAM AVENUE",
        "event_borough": "Brooklyn",
        "start_date": "2023-10-07T09:00:00.000",
        "end_date": "2023-10-07T18:00:00.000",
        "start_formatted": "October 07, 2023 09:00 AM",
        "end_formatted": "October 07, 2023 06:00 PM",
        "street_closure_type": "Full Street Closure",
        "community_board": "1,",
        "police_precinct": "90,"
      }
    },
    {
      "type": "Feature",
      "geometry": {
        "type": "Point",
        "coordinates": [
          -73.9153885,
          40.6733155
        ]
      },
      "properties": {
        "event_id": "734005",
        "event_name": "Linda Johnson",
        "event_type": "Block Party",
        "event_agency": "Street Activity Permit Office",
        "event_location": "SAINT MARKS AVENUE between THOMAS BOYLAND STREET and SARATOGA AVENUE",
        "event_borough": "Brooklyn",
        "start_date": "2023-10-07T09:00:00.000",
        "end_date": "2023-10-07T17:00:00.000",
        "start_formatted": "October 07, 2023 09:00 AM",
        "end_formatted": "October 07, 2023 05:00 PM",
        "street_closure_type": "Full Street Closure",
        "community_board": "16,",
        "police_precinct": "73,"
      }
    },
    {
      "type": "Feature",
      "geometry": {
        "type": "Point",
        "coordinates": [
          -73.95587499999999,
          40.5910435
        ]
      },
      "properties": {
        "event_id": "742901",
        "event_name": "Sukkot Street Festival",
        "event_type": "Block Party",
        "event_agency": "Street Activity Permit Office",
        "event_location": "EAST   14 STREET between AVENUE X and AVENUE Y",
        "event_borough": "Brooklyn",
        "start_date": "2023-10-05T14:00:00.000",
        "end_date": "2023-10-05T18:30:00.000",
        "start_formatted": "October 05, 2023 02:00 PM",
        "end_formatted": "October 05, 2023 06:30 PM",
        "street_closure_type": "Full Street Closure",
        "community_board": "15,",
        "police_precinct": "61,"
      }
    },
    {
      "type": "Feature",
      "geometry": {
        "type": "Point",
        "coordinates": [
          -73.9431185,
          40.6538045
        ]
      },
      "properties": {
        "event_id": "741826",
        "event_name": "Sukkot celebration",
        "event_type": "Block Party",
        "event_agency": "Street Activity Permit Office",
        "event_location": "EAST   37 STREET between LENOX ROAD and LINDEN BOULEVARD",
        "event_borough": "Brooklyn",
        "start_date": "2023-10-05T13:00:00.000",
        "end_date": "2023-10-05T17:00:00.000",
        "start_formatted": "October 05, 2023 01:00 PM",
        "end_formatted": "October 05, 2023 05:00 PM",
        "street_closure_type": "Full Street Closure",
        "community_board": "17,",
        "police_precinct": "67,"
      }
    },
    {
      "type": "Feature",
      "geometry": {
        "type": "Point",
        "coordinates": [
          -73.93646749999999,
          40.65421
        ]
      },
      "properties": {
        "event_id": "742087",
        "event_name": "Sukkot celebration",
        "event_type": "Block Party",
        "event_agency": "Street Activity Permit Office",
        "event_location": "TROY AVENUE between LENOX ROAD and LINDEN BOULEVARD",
        "event_borough": "Brooklyn",
        "start_date": "2023-10-04T18:30:00.000",
        "end_date": "2023-10-04T20:30:00.000",
        "start_formatted": "October 04, 2023 06:30 PM",
        "end_formatted": "October 04, 2023 08:30 PM",
        "street_closure_type": "Sidewalk and Street Closure",
        "community_board": "17,",
        "police_precinct": "67,"
      }
    },
    {
      "type": "Feature",
      "geometry": {
        "type": "Point",
        "coordinates": [
          -73.925026,
          40.657932
        ]
      },
      "properties": {
        "event_id": "742817",
        "event_name": "Sukahs celebration",
        "event_type": "Block Party",
        "event_agency": "Street Activity Permit Office",
        "event_location": "CLARKSON AVENUE between REMSEN AVENUE and EAST   91 STREET",
        "event_borough": "Brooklyn",
        "start_date": "2023-10-04T18:00:00.000",
        "end_date": "2023-10-04T20:00:00.000",
        "start_formatted": "October 04, 2023 06:00 PM",
        "end_formatted": "October 04, 2023 08:00 PM",
        "street_closure_type": "Full Street Closure",
        "community_board": "17,",
        "police_precinct": "67,"
      }
    },
    {
      "type": "Feature",
      "geometry": {
        "type": "Point",
        "coordinates": [
          -73.910245,
          40.6150105
        ]
      },
      "properties": {
        "event_id": "730089",
        "event_name": "sukkot 2023",
        "event_type": "Block Party",
        "event_agency": "Street Activity Permit Office",
        "event_location": "STRICKLAND AVENUE between EAST   64 STREET and EAST   65 STREET",
        "event_borough": "Brooklyn",
        "start_date": "2023-10-02T16:00:00.000",
        "end_date": "2023-10-02T21:00:00.000",
        "start_formatted": "October 02, 2023 04:00 PM",
        "end_formatted": "October 02, 2023 09:00 PM",
        "street_closure_type": "Full Street Closure",
        "community_board": "18,",
        "police_precinct": "63,"
      }
    },
    {
      "type": "Feature",
      "geometry": {
        "type": "Point",
        "coordinates": [
          -73.96308049999999,
          40.632315500000004
        ]
      },
      "properties": {
        "event_id": "731729",
        "event_name": "West Midwood Block association Block Party",
        "event_type": "Block Party",
        "event_agency": "Street Activity Permit Office",
        "event_location": "GLENWOOD ROAD between RUGBY ROAD and DEAD END",
        "event_borough": "Brooklyn",
        "start_date": "2023-10-01T13:00:00.000",
        "end_date": "2023-10-01T16:00:00.000",
        "start_formatted": "October 01, 2023 01:00 PM",
        "end_formatted": "October 01, 2023 04:00 PM",
        "street_closure_type": "Full Street Closure",
        "community_board": "14,",
        "police_precinct": "70,"
      }
    },
    {
      "type": "Feature",
      "geometry": {
        "type": "Point",
        "coordinates": [
          -73.9647195,
          40.642759
        ]
      },
      "properties": {
        "event_id": "725037",
        "event_name": "Beverley Square West Block Party",
        "event_type": "Block Party",
        "event_agency": "Street Activity Permit Office",
        "event_location": "MARLBOROUGH ROAD between BEVERLEY ROAD and CORTELYOU ROAD",
        "event_borough": "Brooklyn",
        "start_date": "2023-10-01T12:00:00.000",
        "end_date": "2023-10-01T19:00:00.000",
        "start_formatted": "October 01, 2023 12:00 PM",
        "end_formatted": "October 01, 2023 07:00 PM",
        "street_closure_type": "Full Street Closure",
        "community_board": "14,",
        "police_precinct": "70,"
      }
    },
    {
      "type": "Feature",
      "geometry": {
        "type": "Point",
        "coordinates": [
          -73.9797405,
          40.671084
        ]
      },
      "properties": {
        "event_id": "733103",
        "event_name": "Third Street Block Party",
        "event_type": "Block Party",
        "event_agency": "Street Activity Permit Office",
        "event_location": "3 STREET between 6 AVENUE and 7 AVENUE",
        "event_borough": "Brooklyn",
        "start_date": "2023-10-01T12:00:00.000",
        "end_date": "2023-10-01T20:00:00.000",
        "start_formatted": "October 01, 2023 12:00 PM",
        "end_formatted": "October 01, 2023 08:00 PM",
        "street_closure_type": "Full Street Closure",
        "community_board": "6,",
        "police_precinct": "78,"
      }
    },
    {
      "type": "Feature",
      "geometry": {
        "type": "Point",
        "coordinates": [
          -73.981201,
          40.661648
        ]
      },
      "properties": {
        "event_id": "733563",
        "event_name": "Block party of 15th St.",
        "event_type": "Block Party",
        "event_agency": "Street Activity Permit Office",
        "event_location": "15 STREET between PROSPECT PARK WEST and 8 AVENUE",
        "event_borough": "Brooklyn",
        "start_date": "2023-10-01T12:00:00.000",
        "end_date": "2023-10-01T16:00:00.000",
        "start_formatted": "October 01, 2023 12:00 PM",
        "end_formatted": "October 01, 2023 04:00 PM",
        "street_closure_type": "Sidewalk and Street Closure",
        "community_board": "6, 7,",
        "police_precinct": "72, 78,"
      }
    },
    {
      "type": "Feature",
      "geometry": {
        "type": "Point",
        "coordinates": [
          -73.981172,
          40.657606
        ]
      },
      "properties": {
        "event_id": "730948",
        "event_name": "17th Street Neighbor Block Party",
        "event_type": "Block Party",
        "event_agency": "Street Activity Permit Office",
        "event_location": "17 STREET between 10 AVENUE and PROSPECT PARK WEST",
        "event_borough": "Brooklyn",
        "start_date": "2023-10-01T11:00:00.000",
        "end_date": "2023-10-01T18:30:00.000",
        "start_formatted": "October 01, 2023 11:00 AM",
        "end_formatted": "October 01, 2023 06:30 PM",
        "street_closure_type": "Full Street Closure",
        "community_board": "7,",
        "police_precinct": "72,"
      }
    },
    {
      "type": "Feature",
      "geometry": {
        "type": "Point",
        "coordinates": [
          -73.99812750000001,
          40.716224
        ]
      },
      "properties": {
        "event_id": "722277",
        "event_name": "The 21st Autumn Moon Cultural Festival",
        "event_type": "Block Party",
        "event_agency": "Street Activity Permit Office",
        "event_location": "MOTT STREET between CANAL STREET and BAYARD STREET",
        "event_borough": "Manhattan",
        "start_date": "2023-10-01T11:00:00.000",
        "end_date": "2023-10-01T15:00:00.000",
        "start_formatted": "October 01, 2023 11:00 AM",
        "end_formatted": "October 01, 2023 03:00 PM",
        "street_closure_type": "Full Street Closure",
        "community_board": "2, 3,",
        "police_precinct": "5,"
      }
    },
    {
      "type": "Feature",
      "geometry": {
        "type": "Point",
        "coordinates": [
          -73.982989,
          40.675186499999995
        ]
      },
      "properties": {
        "event_id": "716876",
        "event_name": "Garfield Gardens Block Party",
        "event_type": "Block Party",
        "event_agency": "Street Activity Permit Office",
        "event_location": "GARFIELD PLACE between 5 AVENUE and 4 AVENUE",
        "event_borough": "Brooklyn",
        "start_date": "2023-10-01T09:00:00.000",
        "end_date": "2023-10-01T18:00:00.000",
        "start_formatted": "October 01, 2023 09:00 AM",
        "end_formatted": "October 01, 2023 06:00 PM",
        "street_closure_type": "Full Street Closure",
        "community_board": "6,",
        "police_precinct": "78,"
      }
    },
    {
      "type": "Feature",
      "geometry": {
        "type": "Point",
        "coordinates": [
          -73.9427895,
          40.726727499999996
        ]
      },
      "properties": {
        "event_id": "731559",
        "event_name": "Monitor Street Block Party",
        "event_type": "Block Party",
        "event_agency": "Street Activity Permit Office",
        "event_location": "MONITOR STREET between NORMAN AVENUE and NASSAU AVENUE",
        "event_borough": "Brooklyn",
        "start_date": "2023-09-30T15:00:00.000",
        "end_date": "2023-09-30T21:00:00.000",
        "start_formatted": "September 30, 2023 03:00 PM",
        "end_formatted": "September 30, 2023 09:00 PM",
        "street_closure_type": "Full Street Closure",
        "community_board": "1,",
        "police_precinct": "94,"
      }
    },
    {
      "type": "Feature",
      "geometry": {
        "type": "Point",
        "coordinates": [
          -74.14739,
          40.615809
        ]
      },
      "properties": {
        "event_id": "732867",
        "event_name": "September 30th Block Party",
        "event_type": "Block Party",
        "event_agency": "Street Activity Permit Office",
        "event_location": "HAWTHORNE AVENUE between CASWELL AVENUE and WATCHOGUE ROAD",
        "event_borough": "Staten Island",
        "start_date": "2023-09-30T14:30:00.000",
        "end_date": "2023-09-30T21:00:00.000",
        "start_formatted": "September 30, 2023 02:30 PM",
        "end_formatted": "September 30, 2023 09:00 PM",
        "street_closure_type": "Full Street Closure",
        "community_board": "1,",
        "police_precinct": "121,"
      }
    },
    {
      "type": "Feature",
      "geometry": {
        "type": "Point",
        "coordinates": [
          -73.833553,
          40.8495195
        ]
      },
      "properties": {
        "event_id": "732481",
        "event_name": "St. Theresa Parish Family Block Party",
        "event_type": "Block Party",
        "event_agency": "Street Activity Permit Office",
        "event_location": "ST THERESA AVENUE between PILGRIM AVENUE and MAYFLOWER AVENUE",
        "event_borough": "Bronx",
        "start_date": "2023-09-30T14:00:00.000",
        "end_date": "2023-09-30T20:00:00.000",
        "start_formatted": "September 30, 2023 02:00 PM",
        "end_formatted": "September 30, 2023 08:00 PM",
        "street_closure_type": "Full Street Closure",
        "community_board": "10,",
        "police_precinct": "45,"
      }
    },
    {
      "type": "Feature",
      "geometry": {
        "type": "Point",
        "coordinates": [
          -74.160889,
          40.6200895
        ]
      },
      "properties": {
        "event_id": "732667",
        "event_name": "Regis Dr",
        "event_type": "Block Party",
        "event_agency": "Street Activity Permit Office",
        "event_location": "REGIS DRIVE between ELSON COURT and ARLENE COURT",
        "event_borough": "Staten Island",
        "start_date": "2023-09-30T14:00:00.000",
        "end_date": "2023-09-30T21:00:00.000",
        "start_formatted": "September 30, 2023 02:00 PM",
        "end_formatted": "September 30, 2023 09:00 PM",
        "street_closure_type": "Full Street Closure",
        "community_board": "1,",
        "police_precinct": "121,"
      }
    },
    {
      "type": "Feature",
      "geometry": {
        "type": "Point",
        "coordinates": [
          -74.135602,
          40.62065
        ]
      },
      "properties": {
        "event_id": "730690",
        "event_name": "Maine23",
        "event_type": "Block Party",
        "event_agency": "Street Activity Permit Office",
        "event_location": "MAINE AVENUE between BIDWELL AVENUE and NEALDOW AVENUE",
        "event_borough": "Staten Island",
        "start_date": "2023-09-30T13:30:00.000",
        "end_date": "2023-09-30T21:00:00.000",
        "start_formatted": "September 30, 2023 01:30 PM",
        "end_formatted": "September 30, 2023 09:00 PM",
        "street_closure_type": "Full Street Closure",
        "community_board": "1,",
        "police_precinct": "121,"
      }
    },
    {
      "type": "Feature",
      "geometry": {
        "type": "Point",
        "coordinates": [
          -73.8530495,
          40.70985
        ]
      },
      "properties": {
        "event_id": "730584",
        "event_name": "70th Road Block Party",
        "event_type": "Block Party",
        "event_agency": "Street Activity Permit Office",
        "event_location": "70 ROAD between METROPOLITAN AVENUE and SYBILLA STREET",
        "event_borough": "Queens",
        "start_date": "2023-09-30T13:00:00.000",
        "end_date": "2023-09-30T21:00:00.000",
        "start_formatted": "September 30, 2023 01:00 PM",
        "end_formatted": "September 30, 2023 09:00 PM",
        "street_closure_type": "Full Street Closure",
        "community_board": "6,",
        "police_precinct": "112,"
      }
    },
    {
      "type": "Feature",
      "geometry": {
        "type": "Point",
        "coordinates": [
          -73.946095,
          40.672304499999996
        ]
      },
      "properties": {
        "event_id": "727511",
        "event_name": "sterling family summer bounce fest",
        "event_type": "Block Party",
        "event_agency": "Street Activity Permit Office",
        "event_location": "STERLING PLACE between BROOKLYN AVENUE and NEW YORK AVENUE",
        "event_borough": "Brooklyn",
        "start_date": "2023-09-30T13:00:00.000",
        "end_date": "2023-09-30T21:30:00.000",
        "start_formatted": "September 30, 2023 01:00 PM",
        "end_formatted": "September 30, 2023 09:30 PM",
        "street_closure_type": "Sidewalk and Street Closure",
        "community_board": "8,",
        "police_precinct": "77,"
      }
    },
    {
      "type": "Feature",
      "geometry": {
        "type": "Point",
        "coordinates": [
          -74.1355125,
          40.618390000000005
        ]
      },
      "properties": {
        "event_id": "715063",
        "event_name": "Neal Dow Block party",
        "event_type": "Block Party",
        "event_agency": "Street Activity Permit Office",
        "event_location": "NEAL DOW AVENUE between LATHROP AVENUE and LEONARD AVENUE",
        "event_borough": "Staten Island",
        "start_date": "2023-09-30T13:00:00.000",
        "end_date": "2023-09-30T21:00:00.000",
        "start_formatted": "September 30, 2023 01:00 PM",
        "end_formatted": "September 30, 2023 09:00 PM",
        "street_closure_type": "Full Street Closure",
        "community_board": "1,",
        "police_precinct": "121,"
      }
    },
    {
      "type": "Feature",
      "geometry": {
        "type": "Point",
        "coordinates": [
          -73.7450285,
          40.7047965
        ]
      },
      "properties": {
        "event_id": "732873",
        "event_name": "112 Road Block Party",
        "event_type": "Block Party",
        "event_agency": "Street Activity Permit Office",
        "event_location": "112 ROAD between COLFAX STREET and 212 STREET",
        "event_borough": "Queens",
        "start_date": "2023-09-30T13:00:00.000",
        "end_date": "2023-09-30T20:00:00.000",
        "start_formatted": "September 30, 2023 01:00 PM",
        "end_formatted": "September 30, 2023 08:00 PM",
        "street_closure_type": "Full Street Closure",
        "community_board": "13,",
        "police_precinct": "105,"
      }
    },
    {
      "type": "Feature",
      "geometry": {
        "type": "Point",
        "coordinates": [
          -73.9647225,
          40.647761
        ]
      },
      "properties": {
        "event_id": "725984",
        "event_name": "Prospect Park South Block Party",
        "event_type": "Block Party",
        "event_agency": "Street Activity Permit Office",
        "event_location": "BUCKINGHAM ROAD between CHURCH AVENUE and ALBEMARLE ROAD",
        "event_borough": "Brooklyn",
        "start_date": "2023-09-30T13:00:00.000",
        "end_date": "2023-09-30T18:00:00.000",
        "start_formatted": "September 30, 2023 01:00 PM",
        "end_formatted": "September 30, 2023 06:00 PM",
        "street_closure_type": "Full Street Closure",
        "community_board": "14,",
        "police_precinct": "70,"
      }
    },
    {
      "type": "Feature",
      "geometry": {
        "type": "Point",
        "coordinates": [
          -73.9768595,
          40.677069
        ]
      },
      "properties": {
        "event_id": "731407",
        "event_name": "End of Summer Block Party",
        "event_type": "Block Party",
        "event_agency": "Street Activity Permit Office",
        "event_location": "6 AVENUE between LINCOLN PLACE and ST JOHNS PLACE",
        "event_borough": "Brooklyn",
        "start_date": "2023-09-30T13:00:00.000",
        "end_date": "2023-09-30T19:00:00.000",
        "start_formatted": "September 30, 2023 01:00 PM",
        "end_formatted": "September 30, 2023 07:00 PM",
        "street_closure_type": "Full Street Closure",
        "community_board": "6,",
        "police_precinct": "78,"
      }
    },
    {
      "type": "Feature",
      "geometry": {
        "type": "Point",
        "coordinates": [
          -74.025653,
          40.625753
        ]
      },
      "properties": {
        "event_id": "732474",
        "event_name": "10th block party",
        "event_type": "Block Party",
        "event_agency": "Street Activity Permit Office",
        "event_location": "81 STREET between 4 AVENUE and 5 AVENUE",
        "event_borough": "Brooklyn",
        "start_date": "2023-09-30T13:00:00.000",
        "end_date": "2023-09-30T20:00:00.000",
        "start_formatted": "September 30, 2023 01:00 PM",
        "end_formatted": "September 30, 2023 08:00 PM",
        "street_closure_type": "Full Street Closure",
        "community_board": "10,",
        "police_precinct": "68,"
      }
    },
    {
      "type": "Feature",
      "geometry": {
        "type": "Point",
        "coordinates": [
          -73.9279495,
          40.592363500000005
        ]
      },
      "properties": {
        "event_id": "732841",
        "event_name": "Ebony Party",
        "event_type": "Block Party",
        "event_agency": "Street Activity Permit Office",
        "event_location": "EBONY COURT between DEVON AVENUE and EVERETT AVENUE",
        "event_borough": "Brooklyn",
        "start_date": "2023-09-30T13:00:00.000",
        "end_date": "2023-09-30T20:00:00.000",
        "start_formatted": "September 30, 2023 01:00 PM",
        "end_formatted": "September 30, 2023 08:00 PM",
        "street_closure_type": "Full Street Closure",
        "community_board": "15,",
        "police_precinct": "61,"
      }
    },
    {
      "type": "Feature",
      "geometry": {
        "type": "Point",
        "coordinates": [
          -73.986625,
          40.666803
        ]
      },
      "properties": {
        "event_id": "733385",
        "event_name": "12th St. Fall Block Party 9/23/23",
        "event_type": "Block Party",
        "event_agency": "Street Activity Permit Office",
        "event_location": "12 STREET between 5 AVENUE and 6 AVENUE",
        "event_borough": "Brooklyn",
        "start_date": "2023-09-30T12:30:00.000",
        "end_date": "2023-09-30T20:00:00.000",
        "start_formatted": "September 30, 2023 12:30 PM",
        "end_formatted": "September 30, 2023 08:00 PM",
        "street_closure_type": "Full Street Closure",
        "community_board": "6,",
        "police_precinct": "78,"
      }
    },
    {
      "type": "Feature",
      "geometry": {
        "type": "Point",
        "coordinates": [
          -73.97263749999999,
          40.6970635
        ]
      },
      "properties": {
        "event_id": "711540",
        "event_name": "Greene Hill Summer Kick Off",
        "event_type": "Block Party",
        "event_agency": "Street Activity Permit Office",
        "event_location": "ADELPHI STREET between FLUSHING AVENUE and PARK AVENUE",
        "event_borough": "Brooklyn",
        "start_date": "2023-09-30T12:30:00.000",
        "end_date": "2023-09-30T15:30:00.000",
        "start_formatted": "September 30, 2023 12:30 PM",
        "end_formatted": "September 30, 2023 03:30 PM",
        "street_closure_type": "Full Street Closure",
        "community_board": "2,",
        "police_precinct": "88,"
      }
    },
    {
      "type": "Feature",
      "geometry": {
        "type": "Point",
        "coordinates": [
          -73.9780315,
          40.6651825
        ]
      },
      "properties": {
        "event_id": "730521",
        "event_name": "9th Street Block Party",
        "event_type": "Block Party",
        "event_agency": "Street Activity Permit Office",
        "event_location": "9 STREET between 8 AVENUE and PROSPECT PARK WEST",
        "event_borough": "Brooklyn",
        "start_date": "2023-09-30T12:30:00.000",
        "end_date": "2023-09-30T20:30:00.000",
        "start_formatted": "September 30, 2023 12:30 PM",
        "end_formatted": "September 30, 2023 08:30 PM",
        "street_closure_type": "Full Street Closure",
        "community_board": "6,",
        "police_precinct": "78,"
      }
    },
    {
      "type": "Feature",
      "geometry": {
        "type": "Point",
        "coordinates": [
          -73.855533,
          40.8728585
        ]
      },
      "properties": {
        "event_id": "731326",
        "event_name": "Community Family Day",
        "event_type": "Block Party",
        "event_agency": "Street Activity Permit Office",
        "event_location": "LACONIA AVENUE between GUNHILL ROAD and BOSTON ROAD",
        "event_borough": "Bronx",
        "start_date": "2023-09-30T12:00:00.000",
        "end_date": "2023-09-30T20:00:00.000",
        "start_formatted": "September 30, 2023 12:00 PM",
        "end_formatted": "September 30, 2023 08:00 PM",
        "street_closure_type": "Full Street Closure",
        "community_board": "12,",
        "police_precinct": "47,"
      }
    },
    {
      "type": "Feature",
      "geometry": {
        "type": "Point",
        "coordinates": [
          -73.9807445,
          40.669881000000004
        ]
      },
      "properties": {
        "event_id": "732973",
        "event_name": "5th street block party",
        "event_type": "Block Party",
        "event_agency": "Street Activity Permit Office",
        "event_location": "5 STREET between 7 AVENUE and 6 AVENUE",
        "event_borough": "Brooklyn",
        "start_date": "2023-09-30T12:00:00.000",
        "end_date": "2023-09-30T20:00:00.000",
        "start_formatted": "September 30, 2023 12:00 PM",
        "end_formatted": "September 30, 2023 08:00 PM",
        "street_closure_type": "Full Street Closure",
        "community_board": "6,",
        "police_precinct": "78,"
      }
    },
    {
      "type": "Feature",
      "geometry": {
        "type": "Point",
        "coordinates": [
          -73.990115,
          40.6593545
        ]
      },
      "properties": {
        "event_id": "714601",
        "event_name": "21st Street Block Party",
        "event_type": "Block Party",
        "event_agency": "Street Activity Permit Office",
        "event_location": "21 STREET between 6 AVENUE and 7 AVENUE",
        "event_borough": "Brooklyn",
        "start_date": "2023-09-30T12:00:00.000",
        "end_date": "2023-09-30T20:00:00.000",
        "start_formatted": "September 30, 2023 12:00 PM",
        "end_formatted": "September 30, 2023 08:00 PM",
        "street_closure_type": "Full Street Closure",
        "community_board": "7,",
        "police_precinct": "72,"
      }
    },
    {
      "type": "Feature",
      "geometry": {
        "type": "Point",
        "coordinates": [
          -74.0176325,
          40.619112
        ]
      },
      "properties": {
        "event_id": "720208",
        "event_name": "83 street block party",
        "event_type": "Block Party",
        "event_agency": "Street Activity Permit Office",
        "event_location": "83 STREET between 10 AVENUE and 11 AVENUE",
        "event_borough": "Brooklyn",
        "start_date": "2023-09-30T12:00:00.000",
        "end_date": "2023-09-30T21:00:00.000",
        "start_formatted": "September 30, 2023 12:00 PM",
        "end_formatted": "September 30, 2023 09:00 PM",
        "street_closure_type": "Full Street Closure",
        "community_board": "10,",
        "police_precinct": "68,"
      }
    },
    {
      "type": "Feature",
      "geometry": {
        "type": "Point",
        "coordinates": [
          -73.94512399999999,
          40.6801515
        ]
      },
      "properties": {
        "event_id": "734396",
        "event_name": "Brooklyn Rocks",
        "event_type": "Block Party",
        "event_agency": "Street Activity Permit Office",
        "event_location": "FULTON STREET between MARCY AVENUE and BROOKLYN AVENUE",
        "event_borough": "Brooklyn",
        "start_date": "2023-09-30T12:00:00.000",
        "end_date": "2023-09-30T18:00:00.000",
        "start_formatted": "September 30, 2023 12:00 PM",
        "end_formatted": "September 30, 2023 06:00 PM",
        "street_closure_type": "Full Street Closure",
        "community_board": "3,",
        "police_precinct": "79,"
      }
    },
    {
      "type": "Feature",
      "geometry": {
        "type": "Point",
        "coordinates": [
          -73.9792395,
          40.671685
        ]
      },
      "properties": {
        "event_id": "732629",
        "event_name": "2nd Street FALL 2023 Block Party",
        "event_type": "Block Party",
        "event_agency": "Street Activity Permit Office",
        "event_location": "2 STREET between 6 AVENUE and 7 AVENUE",
        "event_borough": "Brooklyn",
        "start_date": "2023-09-30T12:00:00.000",
        "end_date": "2023-09-30T19:00:00.000",
        "start_formatted": "September 30, 2023 12:00 PM",
        "end_formatted": "September 30, 2023 07:00 PM",
        "street_closure_type": "Full Street Closure",
        "community_board": "6,",
        "police_precinct": "78,"
      }
    },
    {
      "type": "Feature",
      "geometry": {
        "type": "Point",
        "coordinates": [
          -73.98637350000001,
          40.6624915
        ]
      },
      "properties": {
        "event_id": "732926",
        "event_name": "Annual Jackson Place Block Party",
        "event_type": "Block Party",
        "event_agency": "Street Activity Permit Office",
        "event_location": "JACKSON PLACE between 16 STREET and PROSPECT AVENUE",
        "event_borough": "Brooklyn",
        "start_date": "2023-09-30T12:00:00.000",
        "end_date": "2023-09-30T21:00:00.000",
        "start_formatted": "September 30, 2023 12:00 PM",
        "end_formatted": "September 30, 2023 09:00 PM",
        "street_closure_type": "Full Street Closure",
        "community_board": "7,",
        "police_precinct": "72,"
      }
    },
    {
      "type": "Feature",
      "geometry": {
        "type": "Point",
        "coordinates": [
          -73.9286565,
          40.612891
        ]
      },
      "properties": {
        "event_id": "727338",
        "event_name": "Coleman Street Block Party",
        "event_type": "Block Party",
        "event_agency": "Street Activity Permit Office",
        "event_location": "COLEMAN STREET between FILLMORE AVENUE and AVENUE S",
        "event_borough": "Brooklyn",
        "start_date": "2023-09-30T12:00:00.000",
        "end_date": "2023-09-30T21:00:00.000",
        "start_formatted": "September 30, 2023 12:00 PM",
        "end_formatted": "September 30, 2023 09:00 PM",
        "street_closure_type": "Full Street Closure",
        "community_board": "18,",
        "police_precinct": "63,"
      }
    },
    {
      "type": "Feature",
      "geometry": {
        "type": "Point",
        "coordinates": [
          -73.942155,
          40.793018000000004
        ]
      },
      "properties": {
        "event_id": "708418",
        "event_name": "Salsa el barrio Multicultural event",
        "event_type": "Block Party",
        "event_agency": "Street Activity Permit Office",
        "event_location": "EAST  109 STREET between 2 AVENUE and 3 AVENUE",
        "event_borough": "Manhattan",
        "start_date": "2023-09-30T12:00:00.000",
        "end_date": "2023-09-30T18:00:00.000",
        "start_formatted": "September 30, 2023 12:00 PM",
        "end_formatted": "September 30, 2023 06:00 PM",
        "street_closure_type": "Full Street Closure",
        "community_board": "11,",
        "police_precinct": "23,"
      }
    },
    {
      "type": "Feature",
      "geometry": {
        "type": "Point",
        "coordinates": [
          -73.8888755,
          40.6961845
        ]
      },
      "properties": {
        "event_id": "731004",
        "event_name": "Liberty Park Annual Block Party",
        "event_type": "Block Party",
        "event_agency": "Street Activity Permit Office",
        "event_location": "80 AVENUE between 64 LANE and 65 STREET",
        "event_borough": "Queens",
        "start_date": "2023-09-30T12:00:00.000",
        "end_date": "2023-09-30T16:30:00.000",
        "start_formatted": "September 30, 2023 12:00 PM",
        "end_formatted": "September 30, 2023 04:30 PM",
        "street_closure_type": "Full Street Closure",
        "community_board": "5,",
        "police_precinct": "104,"
      }
    },
    {
      "type": "Feature",
      "geometry": {
        "type": "Point",
        "coordinates": [
          -73.97257400000001,
          40.671735999999996
        ]
      },
      "properties": {
        "event_id": "730356",
        "event_name": "Carroll Street Block Party",
        "event_type": "Block Party",
        "event_agency": "Street Activity Permit Office",
        "event_location": "CARROLL STREET between 8 AVENUE and PROSPECT PARK WEST",
        "event_borough": "Brooklyn",
        "start_date": "2023-09-30T12:00:00.000",
        "end_date": "2023-09-30T19:00:00.000",
        "start_formatted": "September 30, 2023 12:00 PM",
        "end_formatted": "September 30, 2023 07:00 PM",
        "street_closure_type": "Full Street Closure",
        "community_board": "6,",
        "police_precinct": "78,"
      }
    },
    {
      "type": "Feature",
      "geometry": {
        "type": "Point",
        "coordinates": [
          -73.9893655,
          40.6715135
        ]
      },
      "properties": {
        "event_id": "732293",
        "event_name": "8th Street Block Association Block Party",
        "event_type": "Block Party",
        "event_agency": "Street Activity Permit Office",
        "event_location": "8 STREET between 4 AVENUE and 3 AVENUE",
        "event_borough": "Brooklyn",
        "start_date": "2023-09-30T12:00:00.000",
        "end_date": "2023-09-30T20:00:00.000",
        "start_formatted": "September 30, 2023 12:00 PM",
        "end_formatted": "September 30, 2023 08:00 PM",
        "street_closure_type": "Full Street Closure",
        "community_board": "6,",
        "police_precinct": "78,"
      }
    },
    {
      "type": "Feature",
      "geometry": {
        "type": "Point",
        "coordinates": [
          -73.852779,
          40.713842
        ]
      },
      "properties": {
        "event_id": "735904",
        "event_name": "Loubet Street 4th Annual 2023 Block Party",
        "event_type": "Block Party",
        "event_agency": "Street Activity Permit Office",
        "event_location": "LOUBET STREET between 69 AVENUE and 70 AVENUE",
        "event_borough": "Queens",
        "start_date": "2023-09-30T11:00:00.000",
        "end_date": "2023-09-30T18:30:00.000",
        "start_formatted": "September 30, 2023 11:00 AM",
        "end_formatted": "September 30, 2023 06:30 PM",
        "street_closure_type": "Full Street Closure",
        "community_board": "6,",
        "police_precinct": "112,"
      }
    },
    {
      "type": "Feature",
      "geometry": {
        "type": "Point",
        "coordinates": [
          -73.97350750000001,
          40.670603
        ]
      },
      "properties": {
        "event_id": "681049",
        "event_name": "Sukkot Block Party",
        "event_type": "Block Party",
        "event_agency": "Street Activity Permit Office",
        "event_location": "GARFIELD PLACE between 8 AVENUE and PROSPECT PARK WEST",
        "event_borough": "Brooklyn",
        "start_date": "2023-09-30T11:00:00.000",
        "end_date": "2023-09-30T15:00:00.000",
        "start_formatted": "September 30, 2023 11:00 AM",
        "end_formatted": "September 30, 2023 03:00 PM",
        "street_closure_type": "Full Street Closure",
        "community_board": "6,",
        "police_precinct": "78,"
      }
    },
    {
      "type": "Feature",
      "geometry": {
        "type": "Point",
        "coordinates": [
          -73.976282,
          40.675585
        ]
      },
      "properties": {
        "event_id": "723093",
        "event_name": "Berkeley Block Bash",
        "event_type": "Block Party",
        "event_agency": "Street Activity Permit Office",
        "event_location": "BERKELEY PLACE between 6 AVENUE and 7 AVENUE",
        "event_borough": "Brooklyn",
        "start_date": "2023-09-30T11:00:00.000",
        "end_date": "2023-09-30T17:00:00.000",
        "start_formatted": "September 30, 2023 11:00 AM",
        "end_formatted": "September 30, 2023 05:00 PM",
        "street_closure_type": "Full Street Closure",
        "community_board": "6,",
        "police_precinct": "78,"
      }
    },
    {
      "type": "Feature",
      "geometry": {
        "type": "Point",
        "coordinates": [
          -73.907499,
          40.677338500000005
        ]
      },
      "properties": {
        "event_id": "732849",
        "event_name": "Herkimer Street Block Party",
        "event_type": "Block Party",
        "event_agency": "Street Activity Permit Office",
        "event_location": "HERKIMER STREET between SHERLOCK PLACE and EASTERN PARKWAY",
        "event_borough": "Brooklyn",
        "start_date": "2023-09-30T11:00:00.000",
        "end_date": "2023-09-30T17:00:00.000",
        "start_formatted": "September 30, 2023 11:00 AM",
        "end_formatted": "September 30, 2023 05:00 PM",
        "street_closure_type": "Full Street Closure",
        "community_board": "16,",
        "police_precinct": "73,"
      }
    },
    {
      "type": "Feature",
      "geometry": {
        "type": "Point",
        "coordinates": [
          -73.97784,
          40.657482
        ]
      },
      "properties": {
        "event_id": "696084",
        "event_name": "Sherman Street Block Party",
        "event_type": "Block Party",
        "event_agency": "Street Activity Permit Office",
        "event_location": "SHERMAN STREET between 10 AVENUE and 11 AVENUE",
        "event_borough": "Brooklyn",
        "start_date": "2023-09-30T11:00:00.000",
        "end_date": "2023-09-30T20:00:00.000",
        "start_formatted": "September 30, 2023 11:00 AM",
        "end_formatted": "September 30, 2023 08:00 PM",
        "street_closure_type": "Sidewalk and Street Closure",
        "community_board": "7,",
        "police_precinct": "72,"
      }
    },
    {
      "type": "Feature",
      "geometry": {
        "type": "Point",
        "coordinates": [
          -73.9465715,
          40.8226905
        ]
      },
      "properties": {
        "event_id": "726759",
        "event_name": "Hi Neighbor Day",
        "event_type": "Block Party",
        "event_agency": "Street Activity Permit Office",
        "event_location": "HAMILTON TERRACE between WEST  141 STREET and WEST  144 STREET",
        "event_borough": "Manhattan",
        "start_date": "2023-09-30T11:00:00.000",
        "end_date": "2023-09-30T17:00:00.000",
        "start_formatted": "September 30, 2023 11:00 AM",
        "end_formatted": "September 30, 2023 05:00 PM",
        "street_closure_type": "Full Street Closure",
        "community_board": "9,",
        "police_precinct": "26, 30,"
      }
    },
    {
      "type": "Feature",
      "geometry": {
        "type": "Point",
        "coordinates": [
          -73.976834,
          40.658687
        ]
      },
      "properties": {
        "event_id": "675288",
        "event_name": "16th Street Block Party",
        "event_type": "Block Party",
        "event_agency": "Street Activity Permit Office",
        "event_location": "16 STREET between 10 AVENUE and 11 AVENUE",
        "event_borough": "Brooklyn",
        "start_date": "2023-09-30T11:00:00.000",
        "end_date": "2023-09-30T19:00:00.000",
        "start_formatted": "September 30, 2023 11:00 AM",
        "end_formatted": "September 30, 2023 07:00 PM",
        "street_closure_type": "Full Street Closure",
        "community_board": "7,",
        "police_precinct": "72,"
      }
    },
    {
      "type": "Feature",
      "geometry": {
        "type": "Point",
        "coordinates": [
          -73.97612649999999,
          40.646634000000006
        ]
      },
      "properties": {
        "event_id": "730985",
        "event_name": "East 5th Street Community",
        "event_type": "Block Party",
        "event_agency": "Street Activity Permit Office",
        "event_location": "EAST    5 STREET between CATON AVENUE and ALBEMARLE ROAD",
        "event_borough": "Brooklyn",
        "start_date": "2023-09-30T11:00:00.000",
        "end_date": "2023-09-30T20:00:00.000",
        "start_formatted": "September 30, 2023 11:00 AM",
        "end_formatted": "September 30, 2023 08:00 PM",
        "street_closure_type": "Full Street Closure",
        "community_board": "12, 7,",
        "police_precinct": "66, 72,"
      }
    },
    {
      "type": "Feature",
      "geometry": {
        "type": "Point",
        "coordinates": [
          -74.0377675,
          40.625052499999995
        ]
      },
      "properties": {
        "event_id": "720212",
        "event_name": "86th Street Colonial/ Narrows Block Party",
        "event_type": "Block Party",
        "event_agency": "Street Activity Permit Office",
        "event_location": "86 STREET between COLONIAL ROAD and NARROWS AVENUE",
        "event_borough": "Brooklyn",
        "start_date": "2023-09-30T11:00:00.000",
        "end_date": "2023-09-30T19:00:00.000",
        "start_formatted": "September 30, 2023 11:00 AM",
        "end_formatted": "September 30, 2023 07:00 PM",
        "street_closure_type": "Full Street Closure",
        "community_board": "10,",
        "police_precinct": "68,"
      }
    },
    {
      "type": "Feature",
      "geometry": {
        "type": "Point",
        "coordinates": [
          -73.94100399999999,
          40.606265
        ]
      },
      "properties": {
        "event_id": "729255",
        "event_name": "Brown Street Block party",
        "event_type": "Block Party",
        "event_agency": "Street Activity Permit Office",
        "event_location": "BROWN STREET between AVENUE S and GERRITSEN AVENUE",
        "event_borough": "Brooklyn",
        "start_date": "2023-09-30T11:00:00.000",
        "end_date": "2023-09-30T20:00:00.000",
        "start_formatted": "September 30, 2023 11:00 AM",
        "end_formatted": "September 30, 2023 08:00 PM",
        "street_closure_type": "Sidewalk and Street Closure",
        "community_board": "15,",
        "police_precinct": "61,"
      }
    },
    {
      "type": "Feature",
      "geometry": {
        "type": "Point",
        "coordinates": [
          -73.973003,
          40.6712065
        ]
      },
      "properties": {
        "event_id": "731512",
        "event_name": "Annual Montgomery Place Block Party",
        "event_type": "Block Party",
        "event_agency": "Street Activity Permit Office",
        "event_location": "MONTGOMERY PLACE between 8 AVENUE and PROSPECT PARK WEST",
        "event_borough": "Brooklyn",
        "start_date": "2023-09-30T11:00:00.000",
        "end_date": "2023-09-30T20:00:00.000",
        "start_formatted": "September 30, 2023 11:00 AM",
        "end_formatted": "September 30, 2023 08:00 PM",
        "street_closure_type": "Full Street Closure",
        "community_board": "6,",
        "police_precinct": "78,"
      }
    },
    {
      "type": "Feature",
      "geometry": {
        "type": "Point",
        "coordinates": [
          -73.968875,
          40.788456
        ]
      },
      "properties": {
        "event_id": "730625",
        "event_name": "West 90th Street Block Association",
        "event_type": "Block Party",
        "event_agency": "Street Activity Permit Office",
        "event_location": "WEST   90 STREET between COLUMBUS AVENUE and CENTRAL PARK WEST",
        "event_borough": "Manhattan",
        "start_date": "2023-09-30T10:30:00.000",
        "end_date": "2023-09-30T15:30:00.000",
        "start_formatted": "September 30, 2023 10:30 AM",
        "end_formatted": "September 30, 2023 03:30 PM",
        "street_closure_type": "Full Street Closure",
        "community_board": "7,",
        "police_precinct": "24,"
      }
    },
    {
      "type": "Feature",
      "geometry": {
        "type": "Point",
        "coordinates": [
          -73.9319065,
          40.6135995
        ]
      },
      "properties": {
        "event_id": "730123",
        "event_name": "Ryder Street Block Party",
        "event_type": "Block Party",
        "event_agency": "Street Activity Permit Office",
        "event_location": "RYDER STREET between AVENUE R and FILLMORE AVENUE",
        "event_borough": "Brooklyn",
        "start_date": "2023-09-30T10:00:00.000",
        "end_date": "2023-09-30T19:00:00.000",
        "start_formatted": "September 30, 2023 10:00 AM",
        "end_formatted": "September 30, 2023 07:00 PM",
        "street_closure_type": "Full Street Closure",
        "community_board": "18,",
        "police_precinct": "63,"
      }
    },
    {
      "type": "Feature",
      "geometry": {
        "type": "Point",
        "coordinates": [
          -73.9707635,
          40.6771165
        ]
      },
      "properties": {
        "event_id": "723783",
        "event_name": "Block Party",
        "event_type": "Block Party",
        "event_agency": "Street Activity Permit Office",
        "event_location": "PARK PLACE between CARLTON AVENUE and VANDERBILT AVENUE",
        "event_borough": "Brooklyn",
        "start_date": "2023-09-30T10:00:00.000",
        "end_date": "2023-09-30T18:00:00.000",
        "start_formatted": "September 30, 2023 10:00 AM",
        "end_formatted": "September 30, 2023 06:00 PM",
        "street_closure_type": "Full Street Closure",
        "community_board": "8,",
        "police_precinct": "78,"
      }
    },
    {
      "type": "Feature",
      "geometry": {
        "type": "Point",
        "coordinates": [
          -73.982254,
          40.668071
        ]
      },
      "properties": {
        "event_id": "716801",
        "event_name": "Fall 2023 Block Party",
        "event_type": "Block Party",
        "event_agency": "Street Activity Permit Office",
        "event_location": "8 STREET between 6 AVENUE and 7 AVENUE",
        "event_borough": "Brooklyn",
        "start_date": "2023-09-30T09:00:00.000",
        "end_date": "2023-09-30T17:00:00.000",
        "start_formatted": "September 30, 2023 09:00 AM",
        "end_formatted": "September 30, 2023 05:00 PM",
        "street_closure_type": "Full Street Closure",
        "community_board": "6,",
        "police_precinct": "78,"
      }
    },
    {
      "type": "Feature",
      "geometry": {
        "type": "Point",
        "coordinates": [
          -73.90738350000001,
          40.861410500000005
        ]
      },
      "properties": {
        "event_id": "705462",
        "event_name": "Brilla Schools Fordham Community Event",
        "event_type": "Block Party",
        "event_agency": "Street Activity Permit Office",
        "event_location": "ANDREWS AVENUE NORTH between WEST FORDHAM ROAD and WEST  183 STREET",
        "event_borough": "Bronx",
        "start_date": "2023-09-30T09:00:00.000",
        "end_date": "2023-09-30T13:00:00.000",
        "start_formatted": "September 30, 2023 09:00 AM",
        "end_formatted": "September 30, 2023 01:00 PM",
        "street_closure_type": "Sidewalk and Street Closure",
        "community_board": "7,",
        "police_precinct": "52,"
      }
    },
    {
      "type": "Feature",
      "geometry": {
        "type": "Point",
        "coordinates": [
          -73.918478,
          40.8122745
        ]
      },
      "properties": {
        "event_id": "705454",
        "event_name": "Brilla Schools South Bronx Community Event",
        "event_type": "Block Party",
        "event_agency": "Street Activity Permit Office",
        "event_location": "EAST  144 STREET between WILLIS AVENUE and BROOK AVENUE",
        "event_borough": "Bronx",
        "start_date": "2023-09-30T09:00:00.000",
        "end_date": "2023-09-30T13:00:00.000",
        "start_formatted": "September 30, 2023 09:00 AM",
        "end_formatted": "September 30, 2023 01:00 PM",
        "street_closure_type": "Sidewalk and Street Closure",
        "community_board": "1,",
        "police_precinct": "40,"
      }
    },
    {
      "type": "Feature",
      "geometry": {
        "type": "Point",
        "coordinates": [
          -73.8611525,
          40.574870000000004
        ]
      },
      "properties": {
        "event_id": "728217",
        "event_name": "B143rd party",
        "event_type": "Block Party",
        "event_agency": "Street Activity Permit Office",
        "event_location": "BEACH  143 STREET between NEWPORT AVENUE and CRONSTON AVENUE",
        "event_borough": "Queens",
        "start_date": "2023-09-29T14:00:00.000",
        "end_date": "2023-09-29T21:00:00.000",
        "start_formatted": "September 29, 2023 02:00 PM",
        "end_formatted": "September 29, 2023 09:00 PM",
        "street_closure_type": "Full Street Closure",
        "community_board": "14,",
        "police_precinct": "100,"
      }
    },
    {
      "type": "Feature",
      "geometry": {
        "type": "Point",
        "coordinates": [
          -73.791883,
          40.6726545
        ]
      },
      "properties": {
        "event_id": "731023",
        "event_name": "Third Annual 146 street Block Party",
        "event_type": "Block Party",
        "event_agency": "Street Activity Permit Office",
        "event_location": "146 STREET between ROCKAWAY BOULEVARD and SUTTER AVE",
        "event_borough": "Queens",
        "start_date": "2023-09-29T12:00:00.000",
        "end_date": "2023-09-29T18:00:00.000",
        "start_formatted": "September 29, 2023 12:00 PM",
        "end_formatted": "September 29, 2023 06:00 PM",
        "street_closure_type": "Full Street Closure",
        "community_board": "12,",
        "police_precinct": "113,"
      }
    },
    {
      "type": "Feature",
      "geometry": {
        "type": "Point",
        "coordinates": [
          -73.945385,
          40.643455
        ]
      },
      "properties": {
        "event_id": "728957",
        "event_name": "VBS Block Party",
        "event_type": "Block Party",
        "event_agency": "Street Activity Permit Office",
        "event_location": "CLARENDON ROAD between NEW YORK AVENUE and EAST   34 STREET",
        "event_borough": "Brooklyn",
        "start_date": "2023-09-24T13:00:00.000",
        "end_date": "2023-09-24T17:00:00.000",
        "start_formatted": "September 24, 2023 01:00 PM",
        "end_formatted": "September 24, 2023 05:00 PM",
        "street_closure_type": "Full Street Closure",
        "community_board": "17,",
        "police_precinct": "67,"
      }
    },
    {
      "type": "Feature",
      "geometry": {
        "type": "Point",
        "coordinates": [
          -73.9738795,
          40.688482
        ]
      },
      "properties": {
        "event_id": "732336",
        "event_name": "Fall Block Party",
        "event_type": "Block Party",
        "event_agency": "Street Activity Permit Office",
        "event_location": "SOUTH OXFORD STREET between LAFAYETTE AVENUE and DEKALB AVENUE",
        "event_borough": "Brooklyn",
        "start_date": "2023-09-24T12:00:00.000",
        "end_date": "2023-09-24T16:30:00.000",
        "start_formatted": "September 24, 2023 12:00 PM",
        "end_formatted": "September 24, 2023 04:30 PM",
        "street_closure_type": "Full Street Closure",
        "community_board": "2,",
        "police_precinct": "88,"
      }
    },
    {
      "type": "Feature",
      "geometry": {
        "type": "Point",
        "coordinates": [
          -73.946849,
          40.7238745
        ]
      },
      "properties": {
        "event_id": "723146",
        "event_name": "Parish Fun Day",
        "event_type": "Block Party",
        "event_agency": "Street Activity Permit Office",
        "event_location": "NEWELL STREET between DRIGGS AVENUE and NASSAU AVENUE",
        "event_borough": "Brooklyn",
        "start_date": "2023-09-24T11:00:00.000",
        "end_date": "2023-09-24T17:00:00.000",
        "start_formatted": "September 24, 2023 11:00 AM",
        "end_formatted": "September 24, 2023 05:00 PM",
        "street_closure_type": "Full Street Closure",
        "community_board": "1,",
        "police_precinct": "94,"
      }
    },
    {
      "type": "Feature",
      "geometry": {
        "type": "Point",
        "coordinates": [
          -73.997553,
          40.69426
        ]
      },
      "properties": {
        "event_id": "732018",
        "event_name": "Fall Church BBQ",
        "event_type": "Block Party",
        "event_agency": "Street Activity Permit Office",
        "event_location": "GRACE COURT between HICKS STREET and DEAD END",
        "event_borough": "Brooklyn",
        "start_date": "2023-09-24T11:00:00.000",
        "end_date": "2023-09-24T14:00:00.000",
        "start_formatted": "September 24, 2023 11:00 AM",
        "end_formatted": "September 24, 2023 02:00 PM",
        "street_closure_type": "Full Street Closure",
        "community_board": "2,",
        "police_precinct": "84,"
      }
    },
    {
      "type": "Feature",
      "geometry": {
        "type": "Point",
        "coordinates": [
          -73.93274249999999,
          40.686398999999994
        ]
      },
      "properties": {
        "event_id": "729443",
        "event_name": "Stuyvesant Ave Block Party",
        "event_type": "Block Party",
        "event_agency": "Street Activity Permit Office",
        "event_location": "STUYVESANT AVENUE between PUTNAM AVENUE and MADISON STREET",
        "event_borough": "Brooklyn",
        "start_date": "2023-09-24T11:00:00.000",
        "end_date": "2023-09-24T18:30:00.000",
        "start_formatted": "September 24, 2023 11:00 AM",
        "end_formatted": "September 24, 2023 06:30 PM",
        "street_closure_type": "Full Street Closure",
        "community_board": "3,",
        "police_precinct": "81,"
      }
    },
    {
      "type": "Feature",
      "geometry": {
        "type": "Point",
        "coordinates": [
          -73.9963255,
          40.6924705
        ]
      },
      "properties": {
        "event_id": "724289",
        "event_name": "GARDEN PLACE ANNUAL BLOCK PARTY",
        "event_type": "Block Party",
        "event_agency": "Street Activity Permit Office",
        "event_location": "GARDEN PLACE between JORALEMON STREET and STATE STREET",
        "event_borough": "Brooklyn",
        "start_date": "2023-09-23T15:00:00.000",
        "end_date": "2023-09-23T20:00:00.000",
        "start_formatted": "September 23, 2023 03:00 PM",
        "end_formatted": "September 23, 2023 08:00 PM",
        "street_closure_type": "Full Street Closure",
        "community_board": "2,",
        "police_precinct": "84,"
      }
    },
    {
      "type": "Feature",
      "geometry": {
        "type": "Point",
        "coordinates": [
          -74.00707750000001,
          40.615468
        ]
      },
      "properties": {
        "event_id": "727577",
        "event_name": "80th street block party",
        "event_type": "Block Party",
        "event_agency": "Street Activity Permit Office",
        "event_location": "80 STREET between 14 AVENUE and 15 AVENUE",
        "event_borough": "Brooklyn",
        "start_date": "2023-09-23T14:00:00.000",
        "end_date": "2023-09-23T22:00:00.000",
        "start_formatted": "September 23, 2023 02:00 PM",
        "end_formatted": "September 23, 2023 10:00 PM",
        "street_closure_type": "Full Street Closure",
        "community_board": "11,",
        "police_precinct": "62,"
      }
    },
    {
      "type": "Feature",
      "geometry": {
        "type": "Point",
        "coordinates": [
          -73.986122,
          40.667404
        ]
      },
      "properties": {
        "event_id": "731165",
        "event_name": "11th St Fall Block Party 2023",
        "event_type": "Block Party",
        "event_agency": "Street Activity Permit Office",
        "event_location": "11 STREET between 5 AVENUE and 6 AVENUE",
        "event_borough": "Brooklyn",
        "start_date": "2023-09-23T13:30:00.000",
        "end_date": "2023-09-23T20:30:00.000",
        "start_formatted": "September 23, 2023 01:30 PM",
        "end_formatted": "September 23, 2023 08:30 PM",
        "street_closure_type": "Full Street Closure",
        "community_board": "6,",
        "police_precinct": "78,"
      }
    },
    {
      "type": "Feature",
      "geometry": {
        "type": "Point",
        "coordinates": [
          -73.94557599999999,
          40.716569
        ]
      },
      "properties": {
        "event_id": "719674",
        "event_name": "Jackson Street Block Party 11",
        "event_type": "Block Party",
        "event_agency": "Street Activity Permit Office",
        "event_location": "JACKSON STREET between GRAHAM AVENUE and MANHATTAN AVENUE",
        "event_borough": "Brooklyn",
        "start_date": "2023-09-23T13:30:00.000",
        "end_date": "2023-09-23T20:30:00.000",
        "start_formatted": "September 23, 2023 01:30 PM",
        "end_formatted": "September 23, 2023 08:30 PM",
        "street_closure_type": "Full Street Closure",
        "community_board": "1,",
        "police_precinct": "94,"
      }
    },
    {
      "type": "Feature",
      "geometry": {
        "type": "Point",
        "coordinates": [
          -73.99476000000001,
          40.678339
        ]
      },
      "properties": {
        "event_id": "689665",
        "event_name": "block party",
        "event_type": "Block Party",
        "event_agency": "Street Activity Permit Office",
        "event_location": "THIRD STREET between SMITH STREET and HOYT STREET",
        "event_borough": "Brooklyn",
        "start_date": "2023-09-23T13:00:00.000",
        "end_date": "2023-09-23T21:00:00.000",
        "start_formatted": "September 23, 2023 01:00 PM",
        "end_formatted": "September 23, 2023 09:00 PM",
        "street_closure_type": "Full Street Closure",
        "community_board": "6,",
        "police_precinct": "76,"
      }
    },
    {
      "type": "Feature",
      "geometry": {
        "type": "Point",
        "coordinates": [
          -73.788727,
          40.776136
        ]
      },
      "properties": {
        "event_id": "730935",
        "event_name": "23 street block association",
        "event_type": "Block Party",
        "event_agency": "Street Activity Permit Office",
        "event_location": "204 STREET between 23 AVENUE and 26 AVENUE",
        "event_borough": "Queens",
        "start_date": "2023-09-23T13:00:00.000",
        "end_date": "2023-09-23T21:00:00.000",
        "start_formatted": "September 23, 2023 01:00 PM",
        "end_formatted": "September 23, 2023 09:00 PM",
        "street_closure_type": "Full Sidewalk Closure",
        "community_board": "7,",
        "police_precinct": "109,"
      }
    },
    {
      "type": "Feature",
      "geometry": {
        "type": "Point",
        "coordinates": [
          -73.880291,
          40.718083
        ]
      },
      "properties": {
        "event_id": "723827",
        "event_name": "75th Place End of Summer block party",
        "event_type": "Block Party",
        "event_agency": "Street Activity Permit Office",
        "event_location": "75 PLACE between JUNIPER BLVD SOUTH and PENELOPE AVENUE",
        "event_borough": "Queens",
        "start_date": "2023-09-23T13:00:00.000",
        "end_date": "2023-09-23T21:00:00.000",
        "start_formatted": "September 23, 2023 01:00 PM",
        "end_formatted": "September 23, 2023 09:00 PM",
        "street_closure_type": "Full Street Closure",
        "community_board": "5,",
        "police_precinct": "104,"
      }
    },
    {
      "type": "Feature",
      "geometry": {
        "type": "Point",
        "coordinates": [
          -74.240396,
          40.51652300000001
        ]
      },
      "properties": {
        "event_id": "732152",
        "event_name": "Lion street block party",
        "event_type": "Block Party",
        "event_agency": "Street Activity Permit Office",
        "event_location": "LION STREET between ARTHUR KILL ROAD and MAIDEN LANE",
        "event_borough": "Staten Island",
        "start_date": "2023-09-23T13:00:00.000",
        "end_date": "2023-09-23T21:00:00.000",
        "start_formatted": "September 23, 2023 01:00 PM",
        "end_formatted": "September 23, 2023 09:00 PM",
        "street_closure_type": "Full Street Closure",
        "community_board": "3,",
        "police_precinct": "123,"
      }
    },
    {
      "type": "Feature",
      "geometry": {
        "type": "Point",
        "coordinates": [
          -73.99383499999999,
          40.679717999999994
        ]
      },
      "properties": {
        "event_id": "725541",
        "event_name": "Carroll Street Block Party",
        "event_type": "Block Party",
        "event_agency": "Street Activity Permit Office",
        "event_location": "CARROLL STREET between SMITH STREET and HOYT STREET",
        "event_borough": "Brooklyn",
        "start_date": "2023-09-23T13:00:00.000",
        "end_date": "2023-09-23T22:00:00.000",
        "start_formatted": "September 23, 2023 01:00 PM",
        "end_formatted": "September 23, 2023 10:00 PM",
        "street_closure_type": "Full Street Closure",
        "community_board": "6,",
        "police_precinct": "76,"
      }
    },
    {
      "type": "Feature",
      "geometry": {
        "type": "Point",
        "coordinates": [
          -73.955207,
          40.6605455
        ]
      },
      "properties": {
        "event_id": "717579",
        "event_name": "Maple St Block Party",
        "event_type": "Block Party",
        "event_agency": "Street Activity Permit Office",
        "event_location": "MAPLE STREET between BEDFORD AVENUE and ROGERS AVENUE",
        "event_borough": "Brooklyn",
        "start_date": "2023-09-23T12:00:00.000",
        "end_date": "2023-09-23T20:30:00.000",
        "start_formatted": "September 23, 2023 12:00 PM",
        "end_formatted": "September 23, 2023 08:30 PM",
        "street_closure_type": "Full Street Closure",
        "community_board": "9,",
        "police_precinct": "71,"
      }
    },
    {
      "type": "Feature",
      "geometry": {
        "type": "Point",
        "coordinates": [
          -73.961889,
          40.6837905
        ]
      },
      "properties": {
        "event_id": "731153",
        "event_name": "Grand Avenue Putnam-Gates Block Party",
        "event_type": "Block Party",
        "event_agency": "Street Activity Permit Office",
        "event_location": "GRAND AVENUE between GATES AVENUE and PUTNAM AVENUE",
        "event_borough": "Brooklyn",
        "start_date": "2023-09-23T12:00:00.000",
        "end_date": "2023-09-23T16:00:00.000",
        "start_formatted": "September 23, 2023 12:00 PM",
        "end_formatted": "September 23, 2023 04:00 PM",
        "street_closure_type": "Full Street Closure",
        "community_board": "2,",
        "police_precinct": "88,"
      }
    },
    {
      "type": "Feature",
      "geometry": {
        "type": "Point",
        "coordinates": [
          -73.92407850000001,
          40.668437
        ]
      },
      "properties": {
        "event_id": "731086",
        "event_name": "Yvette Holley",
        "event_type": "Block Party",
        "event_agency": "Street Activity Permit Office",
        "event_location": "EASTERN PARKWAY between PORTAL STREET and RALPH AVENUE",
        "event_borough": "Brooklyn",
        "start_date": "2023-09-23T12:00:00.000",
        "end_date": "2023-09-23T19:00:00.000",
        "start_formatted": "September 23, 2023 12:00 PM",
        "end_formatted": "September 23, 2023 07:00 PM",
        "street_closure_type": "Full Street Closure",
        "community_board": "8,",
        "police_precinct": "77,"
      }
    },
    {
      "type": "Feature",
      "geometry": {
        "type": "Point",
        "coordinates": [
          -73.9805355,
          40.658889
        ]
      },
      "properties": {
        "event_id": "729140",
        "event_name": "Howard Place Block Party 2023",
        "event_type": "Block Party",
        "event_agency": "Street Activity Permit Office",
        "event_location": "HOWARD PLACE between WINDSOR PLACE and PROSPECT AVENUE",
        "event_borough": "Brooklyn",
        "start_date": "2023-09-23T12:00:00.000",
        "end_date": "2023-09-23T21:00:00.000",
        "start_formatted": "September 23, 2023 12:00 PM",
        "end_formatted": "September 23, 2023 09:00 PM",
        "street_closure_type": "Full Street Closure",
        "community_board": "7,",
        "police_precinct": "72,"
      }
    },
    {
      "type": "Feature",
      "geometry": {
        "type": "Point",
        "coordinates": [
          -73.9738795,
          40.688482
        ]
      },
      "properties": {
        "event_id": "716776",
        "event_name": "Fall Block Party",
        "event_type": "Block Party",
        "event_agency": "Street Activity Permit Office",
        "event_location": "SOUTH OXFORD STREET between DEKALB AVENUE and LAFAYETTE AVENUE",
        "event_borough": "Brooklyn",
        "start_date": "2023-09-23T12:00:00.000",
        "end_date": "2023-09-23T17:00:00.000",
        "start_formatted": "September 23, 2023 12:00 PM",
        "end_formatted": "September 23, 2023 05:00 PM",
        "street_closure_type": "Full Street Closure",
        "community_board": "2,",
        "police_precinct": "88,"
      }
    },
    {
      "type": "Feature",
      "geometry": {
        "type": "Point",
        "coordinates": [
          -73.92003,
          40.703498999999994
        ]
      },
      "properties": {
        "event_id": "731199",
        "event_name": "Dekalb Annual Block Party",
        "event_type": "Block Party",
        "event_agency": "Street Activity Permit Office",
        "event_location": "DEKALB AVENUE between WYCKOFF AVENUE and IRVING AVENUE",
        "event_borough": "Brooklyn",
        "start_date": "2023-09-23T12:00:00.000",
        "end_date": "2023-09-23T19:00:00.000",
        "start_formatted": "September 23, 2023 12:00 PM",
        "end_formatted": "September 23, 2023 07:00 PM",
        "street_closure_type": "Full Street Closure",
        "community_board": "4,",
        "police_precinct": "83,"
      }
    },
    {
      "type": "Feature",
      "geometry": {
        "type": "Point",
        "coordinates": [
          -73.9315795,
          40.616617500000004
        ]
      },
      "properties": {
        "event_id": "721190",
        "event_name": "Hendrickson Block Party",
        "event_type": "Block Party",
        "event_agency": "Street Activity Permit Office",
        "event_location": "HENDRICKSON STREET between AVENUE R and QUENTIN ROAD",
        "event_borough": "Brooklyn",
        "start_date": "2023-09-23T12:00:00.000",
        "end_date": "2023-09-23T20:00:00.000",
        "start_formatted": "September 23, 2023 12:00 PM",
        "end_formatted": "September 23, 2023 08:00 PM",
        "street_closure_type": "Full Street Closure",
        "community_board": "18,",
        "police_precinct": "63,"
      }
    },
    {
      "type": "Feature",
      "geometry": {
        "type": "Point",
        "coordinates": [
          -73.8899565,
          40.8277585
        ]
      },
      "properties": {
        "event_id": "731795",
        "event_name": "Festival Del Grito De Lares",
        "event_type": "Block Party",
        "event_agency": "Street Activity Permit Office",
        "event_location": "VYSE AVENUE between EAST  167 STREET and HOME STREET",
        "event_borough": "Bronx",
        "start_date": "2023-09-23T12:00:00.000",
        "end_date": "2023-09-23T19:00:00.000",
        "start_formatted": "September 23, 2023 12:00 PM",
        "end_formatted": "September 23, 2023 07:00 PM",
        "street_closure_type": "Full Street Closure",
        "community_board": "3,",
        "police_precinct": "42,"
      }
    },
    {
      "type": "Feature",
      "geometry": {
        "type": "Point",
        "coordinates": [
          -74.038066,
          40.6243195
        ]
      },
      "properties": {
        "event_id": "730408",
        "event_name": "Block Party",
        "event_type": "Block Party",
        "event_agency": "Street Activity Permit Office",
        "event_location": "87 STREET between COLONIAL ROAD and NARROWS AVENUE",
        "event_borough": "Brooklyn",
        "start_date": "2023-09-23T12:00:00.000",
        "end_date": "2023-09-23T20:30:00.000",
        "start_formatted": "September 23, 2023 12:00 PM",
        "end_formatted": "September 23, 2023 08:30 PM",
        "street_closure_type": "Full Street Closure",
        "community_board": "10,",
        "police_precinct": "68,"
      }
    },
    {
      "type": "Feature",
      "geometry": {
        "type": "Point",
        "coordinates": [
          -73.92987400000001,
          40.69498
        ]
      },
      "properties": {
        "event_id": "727826",
        "event_name": "Dodworth Block Party",
        "event_type": "Block Party",
        "event_agency": "Street Activity Permit Office",
        "event_location": "DODWORTH STREET between BUSHWICK AVENUE and BROADWAY",
        "event_borough": "Brooklyn",
        "start_date": "2023-09-23T12:00:00.000",
        "end_date": "2023-09-23T19:00:00.000",
        "start_formatted": "September 23, 2023 12:00 PM",
        "end_formatted": "September 23, 2023 07:00 PM",
        "street_closure_type": "Full Street Closure",
        "community_board": "4,",
        "police_precinct": "83,"
      }
    },
    {
      "type": "Feature",
      "geometry": {
        "type": "Point",
        "coordinates": [
          -73.9804355,
          40.679618
        ]
      },
      "properties": {
        "event_id": "711247",
        "event_name": "Butler St Block Party",
        "event_type": "Block Party",
        "event_agency": "Street Activity Permit Office",
        "event_location": "BUTLER STREET between GREGORY PLACE and 4 AVENUE",
        "event_borough": "Brooklyn",
        "start_date": "2023-09-23T12:00:00.000",
        "end_date": "2023-09-23T20:30:00.000",
        "start_formatted": "September 23, 2023 12:00 PM",
        "end_formatted": "September 23, 2023 08:30 PM",
        "street_closure_type": "Full Street Closure",
        "community_board": "6,",
        "police_precinct": "78,"
      }
    },
    {
      "type": "Feature",
      "geometry": {
        "type": "Point",
        "coordinates": [
          -73.9974665,
          40.65923
        ]
      },
      "properties": {
        "event_id": "668782",
        "event_name": "26th Street Block Party 2023",
        "event_type": "Block Party",
        "event_agency": "Street Activity Permit Office",
        "event_location": "26 STREET between 4 AVENUE and 5 AVENUE",
        "event_borough": "Brooklyn",
        "start_date": "2023-09-23T12:00:00.000",
        "end_date": "2023-09-23T21:00:00.000",
        "start_formatted": "September 23, 2023 12:00 PM",
        "end_formatted": "September 23, 2023 09:00 PM",
        "street_closure_type": "Full Street Closure",
        "community_board": "7,",
        "police_precinct": "72,"
      }
    },
    {
      "type": "Feature",
      "geometry": {
        "type": "Point",
        "coordinates": [
          -73.94384199999999,
          40.642392
        ]
      },
      "properties": {
        "event_id": "731291",
        "event_name": "35 th street block party",
        "event_type": "Block Party",
        "event_agency": "Street Activity Permit Office",
        "event_location": "EAST   35 STREET between CLARENDON ROAD and AVENUE D",
        "event_borough": "Brooklyn",
        "start_date": "2023-09-23T12:00:00.000",
        "end_date": "2023-09-23T18:30:00.000",
        "start_formatted": "September 23, 2023 12:00 PM",
        "end_formatted": "September 23, 2023 06:30 PM",
        "street_closure_type": "Full Street Closure",
        "community_board": "17,",
        "police_precinct": "67,"
      }
    },
    {
      "type": "Feature",
      "geometry": {
        "type": "Point",
        "coordinates": [
          -74.1654495,
          40.6141
        ]
      },
      "properties": {
        "event_id": "720176",
        "event_name": "Lander Avenue Block Party",
        "event_type": "Block Party",
        "event_agency": "Street Activity Permit Office",
        "event_location": "LANDER AVENUE between ARLENE STREET and ELSON STREET",
        "event_borough": "Staten Island",
        "start_date": "2023-09-23T12:00:00.000",
        "end_date": "2023-09-23T21:00:00.000",
        "start_formatted": "September 23, 2023 12:00 PM",
        "end_formatted": "September 23, 2023 09:00 PM",
        "street_closure_type": "Full Street Closure",
        "community_board": "2,",
        "police_precinct": "121,"
      }
    },
    {
      "type": "Feature",
      "geometry": {
        "type": "Point",
        "coordinates": [
          -73.9821035,
          40.6722265
        ]
      },
      "properties": {
        "event_id": "723934",
        "event_name": "3rd Street Block Party 2023",
        "event_type": "Block Party",
        "event_agency": "Street Activity Permit Office",
        "event_location": "3 STREET between 5 AVENUE and 6 AVENUE",
        "event_borough": "Brooklyn",
        "start_date": "2023-09-23T12:00:00.000",
        "end_date": "2023-09-23T18:30:00.000",
        "start_formatted": "September 23, 2023 12:00 PM",
        "end_formatted": "September 23, 2023 06:30 PM",
        "street_closure_type": "Full Street Closure",
        "community_board": "6,",
        "police_precinct": "78,"
      }
    },
    {
      "type": "Feature",
      "geometry": {
        "type": "Point",
        "coordinates": [
          -74.1704135,
          40.548012
        ]
      },
      "properties": {
        "event_id": "731315",
        "event_name": "Block party",
        "event_type": "Block Party",
        "event_agency": "Street Activity Permit Office",
        "event_location": "LAMOKA AVENUE between WAINWRIGHT AVENUE and POMPEY AVENUE",
        "event_borough": "Staten Island",
        "start_date": "2023-09-23T12:00:00.000",
        "end_date": "2023-09-23T21:00:00.000",
        "start_formatted": "September 23, 2023 12:00 PM",
        "end_formatted": "September 23, 2023 09:00 PM",
        "street_closure_type": "Full Street Closure",
        "community_board": "3,",
        "police_precinct": "123,"
      }
    },
    {
      "type": "Feature",
      "geometry": {
        "type": "Point",
        "coordinates": [
          -73.97835850000001,
          40.6532275
        ]
      },
      "properties": {
        "event_id": "725126",
        "event_name": "19th Street Block Party",
        "event_type": "Block Party",
        "event_agency": "Street Activity Permit Office",
        "event_location": "19 STREET between SEELEY STREET and VANDERBILT STREET",
        "event_borough": "Brooklyn",
        "start_date": "2023-09-23T12:00:00.000",
        "end_date": "2023-09-23T20:00:00.000",
        "start_formatted": "September 23, 2023 12:00 PM",
        "end_formatted": "September 23, 2023 08:00 PM",
        "street_closure_type": "Full Street Closure",
        "community_board": "7,",
        "police_precinct": "72,"
      }
    },
    {
      "type": "Feature",
      "geometry": {
        "type": "Point",
        "coordinates": [
          -73.9648755,
          40.674938499999996
        ]
      },
      "properties": {
        "event_id": "718905",
        "event_name": "Sterling Place Annual Block Party",
        "event_type": "Block Party",
        "event_agency": "Street Activity Permit Office",
        "event_location": "STERLING PLACE between UNDERHILL AVENUE and WASHINGTON AVENUE",
        "event_borough": "Brooklyn",
        "start_date": "2023-09-23T11:00:00.000",
        "end_date": "2023-09-23T18:00:00.000",
        "start_formatted": "September 23, 2023 11:00 AM",
        "end_formatted": "September 23, 2023 06:00 PM",
        "street_closure_type": "Full Street Closure",
        "community_board": "8,",
        "police_precinct": "77,"
      }
    },
    {
      "type": "Feature",
      "geometry": {
        "type": "Point",
        "coordinates": [
          -73.9200615,
          40.627475
        ]
      },
      "properties": {
        "event_id": "728675",
        "event_name": "East 58th Street Annual Block Party",
        "event_type": "Block Party",
        "event_agency": "Street Activity Permit Office",
        "event_location": "EAST   58 STREET between AVENUE J and AVENUE K",
        "event_borough": "Brooklyn",
        "start_date": "2023-09-23T11:00:00.000",
        "end_date": "2023-09-23T20:00:00.000",
        "start_formatted": "September 23, 2023 11:00 AM",
        "end_formatted": "September 23, 2023 08:00 PM",
        "street_closure_type": "Full Street Closure",
        "community_board": "18,",
        "police_precinct": "63,"
      }
    },
    {
      "type": "Feature",
      "geometry": {
        "type": "Point",
        "coordinates": [
          -73.930086,
          40.611968000000005
        ]
      },
      "properties": {
        "event_id": "719922",
        "event_name": "Ryder street block party",
        "event_type": "Block Party",
        "event_agency": "Street Activity Permit Office",
        "event_location": "RYDER STREET between FILLMORE AVENUE and AVENUE S",
        "event_borough": "Brooklyn",
        "start_date": "2023-09-23T11:00:00.000",
        "end_date": "2023-09-23T20:00:00.000",
        "start_formatted": "September 23, 2023 11:00 AM",
        "end_formatted": "September 23, 2023 08:00 PM",
        "street_closure_type": "Full Street Closure",
        "community_board": "18,",
        "police_precinct": "63,"
      }
    },
    {
      "type": "Feature",
      "geometry": {
        "type": "Point",
        "coordinates": [
          -73.9967925,
          40.685198
        ]
      },
      "properties": {
        "event_id": "709124",
        "event_name": "Clinton Street Block Party 2023",
        "event_type": "Block Party",
        "event_agency": "Street Activity Permit Office",
        "event_location": "CLINTON STREET between KANE STREET and DEGRAW STREET",
        "event_borough": "Brooklyn",
        "start_date": "2023-09-23T11:00:00.000",
        "end_date": "2023-09-23T20:00:00.000",
        "start_formatted": "September 23, 2023 11:00 AM",
        "end_formatted": "September 23, 2023 08:00 PM",
        "street_closure_type": "Full Street Closure",
        "community_board": "6,",
        "police_precinct": "76,"
      }
    },
    {
      "type": "Feature",
      "geometry": {
        "type": "Point",
        "coordinates": [
          -73.922455,
          40.692679
        ]
      },
      "properties": {
        "event_id": "728572",
        "event_name": "Block Party Back To School Fun Drive",
        "event_type": "Block Party",
        "event_agency": "Street Activity Permit Office",
        "event_location": "MENAHAN STREET between BUSHWICK AVENUE and EVERGREEN AVENUE",
        "event_borough": "Brooklyn",
        "start_date": "2023-09-23T11:00:00.000",
        "end_date": "2023-09-23T19:00:00.000",
        "start_formatted": "September 23, 2023 11:00 AM",
        "end_formatted": "September 23, 2023 07:00 PM",
        "street_closure_type": "Full Street Closure",
        "community_board": "4,",
        "police_precinct": "83,"
      }
    },
    {
      "type": "Feature",
      "geometry": {
        "type": "Point",
        "coordinates": [
          -73.9000795,
          40.8299785
        ]
      },
      "properties": {
        "event_id": "729181",
        "event_name": "Tre Day",
        "event_type": "Block Party",
        "event_agency": "Street Activity Permit Office",
        "event_location": "TINTON AVENUE between EAST  168 STREET and EAST  169 STREET",
        "event_borough": "Bronx",
        "start_date": "2023-09-23T11:00:00.000",
        "end_date": "2023-09-23T19:00:00.000",
        "start_formatted": "September 23, 2023 11:00 AM",
        "end_formatted": "September 23, 2023 07:00 PM",
        "street_closure_type": "Full Street Closure",
        "community_board": "3,",
        "police_precinct": "42,"
      }
    },
    {
      "type": "Feature",
      "geometry": {
        "type": "Point",
        "coordinates": [
          -73.985697,
          40.6659315
        ]
      },
      "properties": {
        "event_id": "702821",
        "event_name": "6th Avenue Annual Block Party",
        "event_type": "Block Party",
        "event_agency": "Street Activity Permit Office",
        "event_location": "6 AVENUE between 12 STREET and 13 STREET",
        "event_borough": "Brooklyn",
        "start_date": "2023-09-23T11:00:00.000",
        "end_date": "2023-09-23T20:00:00.000",
        "start_formatted": "September 23, 2023 11:00 AM",
        "end_formatted": "September 23, 2023 08:00 PM",
        "street_closure_type": "Full Street Closure",
        "community_board": "6,",
        "police_precinct": "78,"
      }
    },
    {
      "type": "Feature",
      "geometry": {
        "type": "Point",
        "coordinates": [
          -73.982163,
          40.643715
        ]
      },
      "properties": {
        "event_id": "726977",
        "event_name": "Clara Street Block Party",
        "event_type": "Block Party",
        "event_agency": "Street Activity Permit Office",
        "event_location": "CLARA STREET between DAHILL ROAD and CHESTER AVENUE",
        "event_borough": "Brooklyn",
        "start_date": "2023-09-23T11:00:00.000",
        "end_date": "2023-09-23T20:00:00.000",
        "start_formatted": "September 23, 2023 11:00 AM",
        "end_formatted": "September 23, 2023 08:00 PM",
        "street_closure_type": "Full Street Closure",
        "community_board": "12,",
        "police_precinct": "66,"
      }
    },
    {
      "type": "Feature",
      "geometry": {
        "type": "Point",
        "coordinates": [
          -74.1262235,
          40.623366000000004
        ]
      },
      "properties": {
        "event_id": "730035",
        "event_name": "Block party",
        "event_type": "Block Party",
        "event_agency": "Street Activity Permit Office",
        "event_location": "SOUTH GREENLEAF AVENUE between RAVENHURST AVENUE and BENEDICT AVENUE",
        "event_borough": "Staten Island",
        "start_date": "2023-09-23T11:00:00.000",
        "end_date": "2023-09-23T19:00:00.000",
        "start_formatted": "September 23, 2023 11:00 AM",
        "end_formatted": "September 23, 2023 07:00 PM",
        "street_closure_type": "Full Street Closure",
        "community_board": "1,",
        "police_precinct": "120,"
      }
    },
    {
      "type": "Feature",
      "geometry": {
        "type": "Point",
        "coordinates": [
          -73.975849,
          40.6762205
        ]
      },
      "properties": {
        "event_id": "732219",
        "event_name": "Lincoln Place Block Association",
        "event_type": "Block Party",
        "event_agency": "Street Activity Permit Office",
        "event_location": "LINCOLN PLACE between 7 AVENUE and 6 AVENUE",
        "event_borough": "Brooklyn",
        "start_date": "2023-09-23T11:00:00.000",
        "end_date": "2023-09-23T19:00:00.000",
        "start_formatted": "September 23, 2023 11:00 AM",
        "end_formatted": "September 23, 2023 07:00 PM",
        "street_closure_type": "Full Street Closure",
        "community_board": "6,",
        "police_precinct": "78,"
      }
    },
    {
      "type": "Feature",
      "geometry": {
        "type": "Point",
        "coordinates": [
          -73.894367,
          40.8481695
        ]
      },
      "properties": {
        "event_id": "729583",
        "event_name": "Unity in the community",
        "event_type": "Block Party",
        "event_agency": "Street Activity Permit Office",
        "event_location": "MONTEREY AVENUE between EAST  178 STREET and EAST  179 STREET",
        "event_borough": "Bronx",
        "start_date": "2023-09-23T11:00:00.000",
        "end_date": "2023-09-23T18:00:00.000",
        "start_formatted": "September 23, 2023 11:00 AM",
        "end_formatted": "September 23, 2023 06:00 PM",
        "street_closure_type": "Full Street Closure",
        "community_board": "6,",
        "police_precinct": "48,"
      }
    },
    {
      "type": "Feature",
      "geometry": {
        "type": "Point",
        "coordinates": [
          -73.976612,
          40.653366000000005
        ]
      },
      "properties": {
        "event_id": "715390",
        "event_name": "Vanderbilt street",
        "event_type": "Block Party",
        "event_agency": "Street Activity Permit Office",
        "event_location": "VANDERBILT STREET between PROSPECT AVENUE and 18 STREET",
        "event_borough": "Brooklyn",
        "start_date": "2023-09-23T11:00:00.000",
        "end_date": "2023-09-23T19:00:00.000",
        "start_formatted": "September 23, 2023 11:00 AM",
        "end_formatted": "September 23, 2023 07:00 PM",
        "street_closure_type": "Full Street Closure",
        "community_board": "7,",
        "police_precinct": "72,"
      }
    },
    {
      "type": "Feature",
      "geometry": {
        "type": "Point",
        "coordinates": [
          -73.94666050000001,
          40.803279
        ]
      },
      "properties": {
        "event_id": "731387",
        "event_name": "W119th St Block Party",
        "event_type": "Block Party",
        "event_agency": "Street Activity Permit Office",
        "event_location": "WEST  119 STREET between 5 AVENUE and MALCOLM X BOULEVARD",
        "event_borough": "Manhattan",
        "start_date": "2023-09-23T11:00:00.000",
        "end_date": "2023-09-23T17:00:00.000",
        "start_formatted": "September 23, 2023 11:00 AM",
        "end_formatted": "September 23, 2023 05:00 PM",
        "street_closure_type": "Full Street Closure",
        "community_board": "10,",
        "police_precinct": "28,"
      }
    },
    {
      "type": "Feature",
      "geometry": {
        "type": "Point",
        "coordinates": [
          -73.9267665,
          40.593953
        ]
      },
      "properties": {
        "event_id": "719494",
        "event_name": "DANS 5K FUN RUN/WALK FOR CANCER",
        "event_type": "Block Party",
        "event_agency": "Street Activity Permit Office",
        "event_location": "DEVON AVENUE between GERRITSEN AVENUE and ASTER COURT",
        "event_borough": "Brooklyn",
        "start_date": "2023-09-23T11:00:00.000",
        "end_date": "2023-09-23T13:00:00.000",
        "start_formatted": "September 23, 2023 11:00 AM",
        "end_formatted": "September 23, 2023 01:00 PM",
        "street_closure_type": "Full Street Closure",
        "community_board": "15,",
        "police_precinct": "61,"
      }
    },
    {
      "type": "Feature",
      "geometry": {
        "type": "Point",
        "coordinates": [
          -73.983757,
          40.727719
        ]
      },
      "properties": {
        "event_id": "717663",
        "event_name": "9th Street A-1 Block Association Block Party",
        "event_type": "Block Party",
        "event_agency": "Street Activity Permit Office",
        "event_location": "EAST    9 STREET between FIRST AVENUE and AVENUE A",
        "event_borough": "Manhattan",
        "start_date": "2023-09-23T11:00:00.000",
        "end_date": "2023-09-23T17:00:00.000",
        "start_formatted": "September 23, 2023 11:00 AM",
        "end_formatted": "September 23, 2023 05:00 PM",
        "street_closure_type": "Full Street Closure",
        "community_board": "3,",
        "police_precinct": "9,"
      }
    },
    {
      "type": "Feature",
      "geometry": {
        "type": "Point",
        "coordinates": [
          -73.985619,
          40.668008
        ]
      },
      "properties": {
        "event_id": "720120",
        "event_name": "Tenth Street 5th 6th September 2023 Block Party",
        "event_type": "Block Party",
        "event_agency": "Street Activity Permit Office",
        "event_location": "10 STREET between 5 AVENUE and 6 AVENUE",
        "event_borough": "Brooklyn",
        "start_date": "2023-09-23T10:00:00.000",
        "end_date": "2023-09-23T18:00:00.000",
        "start_formatted": "September 23, 2023 10:00 AM",
        "end_formatted": "September 23, 2023 06:00 PM",
        "street_closure_type": "Full Street Closure",
        "community_board": "6,",
        "police_precinct": "78,"
      }
    },
    {
      "type": "Feature",
      "geometry": {
        "type": "Point",
        "coordinates": [
          -73.9560195,
          40.705158
        ]
      },
      "properties": {
        "event_id": "731610",
        "event_name": "Family Day",
        "event_type": "Block Party",
        "event_agency": "Street Activity Permit Office",
        "event_location": "MARCY AVENUE between HEWES STREET and HOOPER STREET",
        "event_borough": "Brooklyn",
        "start_date": "2023-09-23T10:00:00.000",
        "end_date": "2023-09-23T17:00:00.000",
        "start_formatted": "September 23, 2023 10:00 AM",
        "end_formatted": "September 23, 2023 05:00 PM",
        "street_closure_type": "Full Street Closure",
        "community_board": "1,",
        "police_precinct": "90,"
      }
    },
    {
      "type": "Feature",
      "geometry": {
        "type": "Point",
        "coordinates": [
          -73.99057300000001,
          40.662364
        ]
      },
      "properties": {
        "event_id": "731280",
        "event_name": "18th street block party",
        "event_type": "Block Party",
        "event_agency": "Street Activity Permit Office",
        "event_location": "18 STREET between 6 AVENUE and 5 AVENUE",
        "event_borough": "Brooklyn",
        "start_date": "2023-09-23T10:00:00.000",
        "end_date": "2023-09-23T19:00:00.000",
        "start_formatted": "September 23, 2023 10:00 AM",
        "end_formatted": "September 23, 2023 07:00 PM",
        "street_closure_type": "Full Street Closure",
        "community_board": "7,",
        "police_precinct": "72,"
      }
    },
    {
      "type": "Feature",
      "geometry": {
        "type": "Point",
        "coordinates": [
          -73.942541,
          40.6302305
        ]
      },
      "properties": {
        "event_id": "721283",
        "event_name": "Midwood Manor Condo Association / E 35th Street Summer 2023 Block Party",
        "event_type": "Block Party",
        "event_agency": "Street Activity Permit Office",
        "event_location": "EAST   35 STREET between AVENUE I and DEAD END",
        "event_borough": "Brooklyn",
        "start_date": "2023-09-23T10:00:00.000",
        "end_date": "2023-09-23T17:00:00.000",
        "start_formatted": "September 23, 2023 10:00 AM",
        "end_formatted": "September 23, 2023 05:00 PM",
        "street_closure_type": "Sidewalk and Street Closure",
        "community_board": "18,",
        "police_precinct": "63,"
      }
    },
    {
      "type": "Feature",
      "geometry": {
        "type": "Point",
        "coordinates": [
          -73.976377,
          40.671145499999994
        ]
      },
      "properties": {
        "event_id": "690634",
        "event_name": "1st street block party",
        "event_type": "Block Party",
        "event_agency": "Street Activity Permit Office",
        "event_location": "1 STREET between 7 AVENUE and 8 AVENUE",
        "event_borough": "Brooklyn",
        "start_date": "2023-09-23T10:00:00.000",
        "end_date": "2023-09-23T17:00:00.000",
        "start_formatted": "September 23, 2023 10:00 AM",
        "end_formatted": "September 23, 2023 05:00 PM",
        "street_closure_type": "Full Street Closure",
        "community_board": "6,",
        "police_precinct": "78,"
      }
    },
    {
      "type": "Feature",
      "geometry": {
        "type": "Point",
        "coordinates": [
          -73.93407049999999,
          40.612197
        ]
      },
      "properties": {
        "event_id": "708865",
        "event_name": "East 36th St Block Party",
        "event_type": "Block Party",
        "event_agency": "Street Activity Permit Office",
        "event_location": "EAST   36 STREET between FILLMORE AVENUE and AVENUE R",
        "event_borough": "Brooklyn",
        "start_date": "2023-09-23T10:00:00.000",
        "end_date": "2023-09-23T18:00:00.000",
        "start_formatted": "September 23, 2023 10:00 AM",
        "end_formatted": "September 23, 2023 06:00 PM",
        "street_closure_type": "Full Street Closure",
        "community_board": "18,",
        "police_precinct": "63,"
      }
    },
    {
      "type": "Feature",
      "geometry": {
        "type": "Point",
        "coordinates": [
          -73.97377850000001,
          40.67461
        ]
      },
      "properties": {
        "event_id": "728445",
        "event_name": "Berkeley Place Block Pary",
        "event_type": "Block Party",
        "event_agency": "Street Activity Permit Office",
        "event_location": "BERKELEY PLACE between 7 AVENUE and 8 AVENUE",
        "event_borough": "Brooklyn",
        "start_date": "2023-09-23T10:00:00.000",
        "end_date": "2023-09-23T19:00:00.000",
        "start_formatted": "September 23, 2023 10:00 AM",
        "end_formatted": "September 23, 2023 07:00 PM",
        "street_closure_type": "Full Street Closure",
        "community_board": "6,",
        "police_precinct": "78,"
      }
    },
    {
      "type": "Feature",
      "geometry": {
        "type": "Point",
        "coordinates": [
          -73.918537,
          40.8405055
        ]
      },
      "properties": {
        "event_id": "730548",
        "event_name": "There is Hope",
        "event_type": "Block Party",
        "event_agency": "Street Activity Permit Office",
        "event_location": "WEST 170 STREET between JEROME AVENUE and INWOOD AVENUE",
        "event_borough": "Bronx",
        "start_date": "2023-09-23T09:30:00.000",
        "end_date": "2023-09-23T16:00:00.000",
        "start_formatted": "September 23, 2023 09:30 AM",
        "end_formatted": "September 23, 2023 04:00 PM",
        "street_closure_type": "Full Street Closure",
        "community_board": "4,",
        "police_precinct": "44,"
      }
    },
    {
      "type": "Feature",
      "geometry": {
        "type": "Point",
        "coordinates": [
          -73.9486945,
          40.779937000000004
        ]
      },
      "properties": {
        "event_id": "725985",
        "event_name": "East 90th street block association",
        "event_type": "Block Party",
        "event_agency": "Street Activity Permit Office",
        "event_location": "EAST   90 STREET between 1 AVENUE and 2 AVENUE",
        "event_borough": "Manhattan",
        "start_date": "2023-09-23T09:00:00.000",
        "end_date": "2023-09-23T17:00:00.000",
        "start_formatted": "September 23, 2023 09:00 AM",
        "end_formatted": "September 23, 2023 05:00 PM",
        "street_closure_type": "Full Street Closure",
        "community_board": "8,",
        "police_precinct": "19,"
      }
    },
    {
      "type": "Feature",
      "geometry": {
        "type": "Point",
        "coordinates": [
          -73.98441650000001,
          40.661508
        ]
      },
      "properties": {
        "event_id": "729857",
        "event_name": "Windsor Place Block Party",
        "event_type": "Block Party",
        "event_agency": "Street Activity Permit Office",
        "event_location": "WINDSOR PLACE between 7 AVENUE and 8 AVENUE",
        "event_borough": "Brooklyn",
        "start_date": "2023-09-23T09:00:00.000",
        "end_date": "2023-09-23T17:00:00.000",
        "start_formatted": "September 23, 2023 09:00 AM",
        "end_formatted": "September 23, 2023 05:00 PM",
        "street_closure_type": "Full Street Closure",
        "community_board": "7,",
        "police_precinct": "72,"
      }
    },
    {
      "type": "Feature",
      "geometry": {
        "type": "Point",
        "coordinates": [
          -74.0800735,
          40.6214035
        ]
      },
      "properties": {
        "event_id": "731877",
        "event_name": "YMCA  Community School Welcome Back Block Party",
        "event_type": "Block Party",
        "event_agency": "Street Activity Permit Office",
        "event_location": "HILL STREET between WARREN STREET and TOMPKINS AVENUE",
        "event_borough": "Staten Island",
        "start_date": "2023-09-22T15:00:00.000",
        "end_date": "2023-09-22T17:00:00.000",
        "start_formatted": "September 22, 2023 03:00 PM",
        "end_formatted": "September 22, 2023 05:00 PM",
        "street_closure_type": "Sidewalk and Street Closure",
        "community_board": "1,",
        "police_precinct": "120,"
      }
    },
    {
      "type": "Feature",
      "geometry": {
        "type": "Point",
        "coordinates": [
          -73.9949545,
          40.700191000000004
        ]
      },
      "properties": {
        "event_id": "730578",
        "event_name": "Cranberry Block Party",
        "event_type": "Block Party",
        "event_agency": "Street Activity Permit Office",
        "event_location": "CRANBERRY STREET between COLUMBIA HEIGHTS and WILLOW STREET",
        "event_borough": "Brooklyn",
        "start_date": "2023-09-17T14:00:00.000",
        "end_date": "2023-09-17T22:00:00.000",
        "start_formatted": "September 17, 2023 02:00 PM",
        "end_formatted": "September 17, 2023 10:00 PM",
        "street_closure_type": "Full Street Closure",
        "community_board": "2,",
        "police_precinct": "84,"
      }
    },
    {
      "type": "Feature",
      "geometry": {
        "type": "Point",
        "coordinates": [
          -73.9095475,
          40.619432
        ]
      },
      "properties": {
        "event_id": "727164",
        "event_name": "St. Bernard Parish Block Party",
        "event_type": "Block Party",
        "event_agency": "Street Activity Permit Office",
        "event_location": "EAST   69 STREET between VETERANS AVENUE and AVENUE U",
        "event_borough": "Brooklyn",
        "start_date": "2023-09-17T13:00:00.000",
        "end_date": "2023-09-17T18:00:00.000",
        "start_formatted": "September 17, 2023 01:00 PM",
        "end_formatted": "September 17, 2023 06:00 PM",
        "street_closure_type": "Full Street Closure",
        "community_board": "18,",
        "police_precinct": "63,"
      }
    },
    {
      "type": "Feature",
      "geometry": {
        "type": "Point",
        "coordinates": [
          -73.8157185,
          40.691733
        ]
      },
      "properties": {
        "event_id": "730875",
        "event_name": "131st Street Neighborhood Block Party",
        "event_type": "Block Party",
        "event_agency": "Street Activity Permit Office",
        "event_location": "131 STREET between 101 AVENUE and 103 AVENUE",
        "event_borough": "Queens",
        "start_date": "2023-09-17T13:00:00.000",
        "end_date": "2023-09-17T21:00:00.000",
        "start_formatted": "September 17, 2023 01:00 PM",
        "end_formatted": "September 17, 2023 09:00 PM",
        "street_closure_type": "Full Street Closure",
        "community_board": "9,",
        "police_precinct": "102,"
      }
    },
    {
      "type": "Feature",
      "geometry": {
        "type": "Point",
        "coordinates": [
          -73.9414295,
          40.662934
        ]
      },
      "properties": {
        "event_id": "728326",
        "event_name": "Barbara Simmons Way",
        "event_type": "Block Party",
        "event_agency": "Street Activity Permit Office",
        "event_location": "LEFFERTS AVENUE between KINGSTON AVENUE and ALBANY AVENUE",
        "event_borough": "Brooklyn",
        "start_date": "2023-09-17T12:00:00.000",
        "end_date": "2023-09-17T20:00:00.000",
        "start_formatted": "September 17, 2023 12:00 PM",
        "end_formatted": "September 17, 2023 08:00 PM",
        "street_closure_type": "Full Street Closure",
        "community_board": "9,",
        "police_precinct": "71,"
      }
    },
    {
      "type": "Feature",
      "geometry": {
        "type": "Point",
        "coordinates": [
          -74.006845,
          40.6277605
        ]
      },
      "properties": {
        "event_id": "728244",
        "event_name": "St George Annual Festival",
        "event_type": "Block Party",
        "event_agency": "Street Activity Permit Office",
        "event_location": "11 AVENUE between 66 STREET and 67 STREET",
        "event_borough": "Brooklyn",
        "start_date": "2023-09-17T11:00:00.000",
        "end_date": "2023-09-17T16:30:00.000",
        "start_formatted": "September 17, 2023 11:00 AM",
        "end_formatted": "September 17, 2023 04:30 PM",
        "street_closure_type": "Full Street Closure",
        "community_board": "10,",
        "police_precinct": "68,"
      }
    },
    {
      "type": "Feature",
      "geometry": {
        "type": "Point",
        "coordinates": [
          -73.972494,
          40.64226
        ]
      },
      "properties": {
        "event_id": "723005",
        "event_name": "East 7th Street Block Party",
        "event_type": "Block Party",
        "event_agency": "Street Activity Permit Office",
        "event_location": "EAST    7 STREET between BEVERLY ROAD and AVENUE C",
        "event_borough": "Brooklyn",
        "start_date": "2023-09-17T10:00:00.000",
        "end_date": "2023-09-17T19:00:00.000",
        "start_formatted": "September 17, 2023 10:00 AM",
        "end_formatted": "September 17, 2023 07:00 PM",
        "street_closure_type": "Full Street Closure",
        "community_board": "12,",
        "police_precinct": "66,"
      }
    },
    {
      "type": "Feature",
      "geometry": {
        "type": "Point",
        "coordinates": [
          -74.13102549999999,
          40.631834999999995
        ]
      },
      "properties": {
        "event_id": "728611",
        "event_name": "Rally Day- Street Picnic",
        "event_type": "Block Party",
        "event_agency": "Street Activity Permit Office",
        "event_location": "CATHERINE COURT between JEWETT AVENUE and SIMONSON PLACE",
        "event_borough": "Staten Island",
        "start_date": "2023-09-17T10:00:00.000",
        "end_date": "2023-09-17T15:00:00.000",
        "start_formatted": "September 17, 2023 10:00 AM",
        "end_formatted": "September 17, 2023 03:00 PM",
        "street_closure_type": "Full Street Closure",
        "community_board": "1,",
        "police_precinct": "121,"
      }
    },
    {
      "type": "Feature",
      "geometry": {
        "type": "Point",
        "coordinates": [
          -74.0040365,
          40.6270115
        ]
      },
      "properties": {
        "event_id": "722729",
        "event_name": "Our Lady of Cisne Block Party",
        "event_type": "Block Party",
        "event_agency": "Street Activity Permit Office",
        "event_location": "12 AVENUE between 66 STREET and 65 STREET",
        "event_borough": "Brooklyn",
        "start_date": "2023-09-17T09:00:00.000",
        "end_date": "2023-09-17T18:00:00.000",
        "start_formatted": "September 17, 2023 09:00 AM",
        "end_formatted": "September 17, 2023 06:00 PM",
        "street_closure_type": "Sidewalk and Street Closure",
        "community_board": "10,",
        "police_precinct": "68,"
      }
    },
    {
      "type": "Feature",
      "geometry": {
        "type": "Point",
        "coordinates": [
          -73.81257199999999,
          40.7945025
        ]
      },
      "properties": {
        "event_id": "730574",
        "event_name": "End of Summer Party",
        "event_type": "Block Party",
        "event_agency": "Street Activity Permit Office",
        "event_location": "LEGGETT PLACE between 9 AVENUE and 7 AVENUE",
        "event_borough": "Queens",
        "start_date": "2023-09-16T15:00:00.000",
        "end_date": "2023-09-16T21:00:00.000",
        "start_formatted": "September 16, 2023 03:00 PM",
        "end_formatted": "September 16, 2023 09:00 PM",
        "street_closure_type": "Full Street Closure",
        "community_board": "7,",
        "police_precinct": "109,"
      }
    },
    {
      "type": "Feature",
      "geometry": {
        "type": "Point",
        "coordinates": [
          -73.92888049999999,
          40.698916499999996
        ]
      },
      "properties": {
        "event_id": "716948",
        "event_name": "Willoughby Event",
        "event_type": "Block Party",
        "event_agency": "Street Activity Permit Office",
        "event_location": "WILLOUGHBY AVENUE between EVERGREEN AVENUE and CENTRAL AVENUE",
        "event_borough": "Brooklyn",
        "start_date": "2023-09-16T14:30:00.000",
        "end_date": "2023-09-16T20:00:00.000",
        "start_formatted": "September 16, 2023 02:30 PM",
        "end_formatted": "September 16, 2023 08:00 PM",
        "street_closure_type": "Full Street Closure",
        "community_board": "4,",
        "police_precinct": "83,"
      }
    },
    {
      "type": "Feature",
      "geometry": {
        "type": "Point",
        "coordinates": [
          -73.93427449999999,
          40.686595999999994
        ]
      },
      "properties": {
        "event_id": "717211",
        "event_name": "Madison En Blanc White after Labor Day Party",
        "event_type": "Block Party",
        "event_agency": "Street Activity Permit Office",
        "event_location": "MADISON STREET between LEWIS AVENUE and STUYVESANT AVENUE",
        "event_borough": "Brooklyn",
        "start_date": "2023-09-16T14:00:00.000",
        "end_date": "2023-09-16T21:00:00.000",
        "start_formatted": "September 16, 2023 02:00 PM",
        "end_formatted": "September 16, 2023 09:00 PM",
        "street_closure_type": "Full Street Closure",
        "community_board": "3,",
        "police_precinct": "81,"
      }
    },
    {
      "type": "Feature",
      "geometry": {
        "type": "Point",
        "coordinates": [
          -74.0258525,
          40.6387835
        ]
      },
      "properties": {
        "event_id": "726082",
        "event_name": "50 ways to have a block party",
        "event_type": "Block Party",
        "event_agency": "Street Activity Permit Office",
        "event_location": "WAKEMAN PLACE between RIDGE BOULEVARD and THIRD AVENUE",
        "event_borough": "Brooklyn",
        "start_date": "2023-09-16T13:00:00.000",
        "end_date": "2023-09-16T21:00:00.000",
        "start_formatted": "September 16, 2023 01:00 PM",
        "end_formatted": "September 16, 2023 09:00 PM",
        "street_closure_type": "Full Street Closure",
        "community_board": "10,",
        "police_precinct": "68,"
      }
    },
    {
      "type": "Feature",
      "geometry": {
        "type": "Point",
        "coordinates": [
          -74.032707,
          40.615921
        ]
      },
      "properties": {
        "event_id": "724077",
        "event_name": "96th Street Block Party",
        "event_type": "Block Party",
        "event_agency": "Street Activity Permit Office",
        "event_location": "96 STREET between 3 AVENUE and 4 AVENUE",
        "event_borough": "Brooklyn",
        "start_date": "2023-09-16T13:00:00.000",
        "end_date": "2023-09-16T20:00:00.000",
        "start_formatted": "September 16, 2023 01:00 PM",
        "end_formatted": "September 16, 2023 08:00 PM",
        "street_closure_type": "Full Street Closure",
        "community_board": "10,",
        "police_precinct": "68,"
      }
    },
    {
      "type": "Feature",
      "geometry": {
        "type": "Point",
        "coordinates": [
          -73.733294,
          40.667494
        ]
      },
      "properties": {
        "event_id": "727110",
        "event_name": "St. Peters Episcopal Church International Day",
        "event_type": "Block Party",
        "event_agency": "Street Activity Permit Office",
        "event_location": "244 STREET between 137 ROAD and 138 AVE",
        "event_borough": "Queens",
        "start_date": "2023-09-16T13:00:00.000",
        "end_date": "2023-09-16T20:00:00.000",
        "start_formatted": "September 16, 2023 01:00 PM",
        "end_formatted": "September 16, 2023 08:00 PM",
        "street_closure_type": "Full Street Closure",
        "community_board": "13,",
        "police_precinct": "105,"
      }
    },
    {
      "type": "Feature",
      "geometry": {
        "type": "Point",
        "coordinates": [
          -74.0037155,
          40.611617499999994
        ]
      },
      "properties": {
        "event_id": "727283",
        "event_name": "2nd annual 82nd Block Party",
        "event_type": "Block Party",
        "event_agency": "Street Activity Permit Office",
        "event_location": "82 STREET between 17 AVENUE and 16 AVENUE",
        "event_borough": "Brooklyn",
        "start_date": "2023-09-16T13:00:00.000",
        "end_date": "2023-09-16T20:00:00.000",
        "start_formatted": "September 16, 2023 01:00 PM",
        "end_formatted": "September 16, 2023 08:00 PM",
        "street_closure_type": "Full Street Closure",
        "community_board": "11,",
        "police_precinct": "62,"
      }
    },
    {
      "type": "Feature",
      "geometry": {
        "type": "Point",
        "coordinates": [
          -73.880111,
          40.844295
        ]
      },
      "properties": {
        "event_id": "726101",
        "event_name": "Block Party",
        "event_type": "Block Party",
        "event_agency": "Street Activity Permit Office",
        "event_location": "VYSE AVENUE between EAST  180 STREET and EAST  181 STREET",
        "event_borough": "Bronx",
        "start_date": "2023-09-16T13:00:00.000",
        "end_date": "2023-09-16T20:00:00.000",
        "start_formatted": "September 16, 2023 01:00 PM",
        "end_formatted": "September 16, 2023 08:00 PM",
        "street_closure_type": "Sidewalk and Street Closure",
        "community_board": "6,",
        "police_precinct": "48,"
      }
    },
    {
      "type": "Feature",
      "geometry": {
        "type": "Point",
        "coordinates": [
          -73.80506399999999,
          40.687764
        ]
      },
      "properties": {
        "event_id": "727513",
        "event_name": "Y.R.P.U Community BBQ",
        "event_type": "Block Party",
        "event_agency": "Street Activity Permit Office",
        "event_location": "LAKEWOOD AVENUE between 141 STREET and DEAD END",
        "event_borough": "Queens",
        "start_date": "2023-09-16T13:00:00.000",
        "end_date": "2023-09-16T18:00:00.000",
        "start_formatted": "September 16, 2023 01:00 PM",
        "end_formatted": "September 16, 2023 06:00 PM",
        "street_closure_type": "Full Street Closure",
        "community_board": "12,",
        "police_precinct": "103,"
      }
    },
    {
      "type": "Feature",
      "geometry": {
        "type": "Point",
        "coordinates": [
          -73.9842645,
          40.665662499999996
        ]
      },
      "properties": {
        "event_id": "714794",
        "event_name": "12th street 6/7th Block Party",
        "event_type": "Block Party",
        "event_agency": "Street Activity Permit Office",
        "event_location": "12 STREET between 6 AVENUE and 7 AVENUE",
        "event_borough": "Brooklyn",
        "start_date": "2023-09-16T13:00:00.000",
        "end_date": "2023-09-16T21:00:00.000",
        "start_formatted": "September 16, 2023 01:00 PM",
        "end_formatted": "September 16, 2023 09:00 PM",
        "street_closure_type": "Full Street Closure",
        "community_board": "6,",
        "police_precinct": "78,"
      }
    },
    {
      "type": "Feature",
      "geometry": {
        "type": "Point",
        "coordinates": [
          -73.927435,
          40.772542
        ]
      },
      "properties": {
        "event_id": "731117",
        "event_name": "Friends  Family",
        "event_type": "Block Party",
        "event_agency": "Street Activity Permit Office",
        "event_location": "18 STREET between 27 AVENUE and ASTORIA BOULEVARD",
        "event_borough": "Queens",
        "start_date": "2023-09-16T13:00:00.000",
        "end_date": "2023-09-16T20:00:00.000",
        "start_formatted": "September 16, 2023 01:00 PM",
        "end_formatted": "September 16, 2023 08:00 PM",
        "street_closure_type": "Sidewalk and Street Closure",
        "community_board": "1,",
        "police_precinct": "114,"
      }
    },
    {
      "type": "Feature",
      "geometry": {
        "type": "Point",
        "coordinates": [
          -73.99252150000001,
          40.717068999999995
        ]
      },
      "properties": {
        "event_id": "727253",
        "event_name": "Eldridge Street Block Party",
        "event_type": "Block Party",
        "event_agency": "Street Activity Permit Office",
        "event_location": "ELDRIDGE STREET between GRAND STREET and HESTER STREET",
        "event_borough": "Manhattan",
        "start_date": "2023-09-16T13:00:00.000",
        "end_date": "2023-09-16T17:00:00.000",
        "start_formatted": "September 16, 2023 01:00 PM",
        "end_formatted": "September 16, 2023 05:00 PM",
        "street_closure_type": "Full Street Closure",
        "community_board": "3,",
        "police_precinct": "5,"
      }
    },
    {
      "type": "Feature",
      "geometry": {
        "type": "Point",
        "coordinates": [
          -74.118753,
          40.6269075
        ]
      },
      "properties": {
        "event_id": "721710",
        "event_name": "Clove Lake Pl Block Party",
        "event_type": "Block Party",
        "event_agency": "Street Activity Permit Office",
        "event_location": "CLOVE LAKE PLACE between ELIZABETH STREET and CLOVE ROAD",
        "event_borough": "Staten Island",
        "start_date": "2023-09-16T13:00:00.000",
        "end_date": "2023-09-16T20:00:00.000",
        "start_formatted": "September 16, 2023 01:00 PM",
        "end_formatted": "September 16, 2023 08:00 PM",
        "street_closure_type": "Full Street Closure",
        "community_board": "1,",
        "police_precinct": "120,"
      }
    },
    {
      "type": "Feature",
      "geometry": {
        "type": "Point",
        "coordinates": [
          -73.943057,
          40.6863345
        ]
      },
      "properties": {
        "event_id": "729839",
        "event_name": "Monroe Tompkins and Throop Block Party",
        "event_type": "Block Party",
        "event_agency": "Street Activity Permit Office",
        "event_location": "MONROE STREET between TOMPKINS AVENUE and THROOP AVENUE",
        "event_borough": "Brooklyn",
        "start_date": "2023-09-16T13:00:00.000",
        "end_date": "2023-09-16T20:00:00.000",
        "start_formatted": "September 16, 2023 01:00 PM",
        "end_formatted": "September 16, 2023 08:00 PM",
        "street_closure_type": "Full Street Closure",
        "community_board": "3,",
        "police_precinct": "79,"
      }
    },
    {
      "type": "Feature",
      "geometry": {
        "type": "Point",
        "coordinates": [
          -73.8704645,
          40.681023499999995
        ]
      },
      "properties": {
        "event_id": "717275",
        "event_name": "Community Celebration",
        "event_type": "Block Party",
        "event_agency": "Street Activity Permit Office",
        "event_location": "GLEN STREET between AUTUMN AVENUE and CRESCENT STREET",
        "event_borough": "Brooklyn",
        "start_date": "2023-09-16T12:01:00.000",
        "end_date": "2023-09-16T18:00:00.000",
        "start_formatted": "September 16, 2023 12:01 PM",
        "end_formatted": "September 16, 2023 06:00 PM",
        "street_closure_type": "Full Street Closure",
        "community_board": "5,",
        "police_precinct": "75,"
      }
    },
    {
      "type": "Feature",
      "geometry": {
        "type": "Point",
        "coordinates": [
          -73.905434,
          40.616925
        ]
      },
      "properties": {
        "event_id": "718532",
        "event_name": "E 70th Street Block Party",
        "event_type": "Block Party",
        "event_agency": "Street Activity Permit Office",
        "event_location": "EAST   70 STREET between AVENUE V and AVENUE W",
        "event_borough": "Brooklyn",
        "start_date": "2023-09-16T12:00:00.000",
        "end_date": "2023-09-16T19:00:00.000",
        "start_formatted": "September 16, 2023 12:00 PM",
        "end_formatted": "September 16, 2023 07:00 PM",
        "street_closure_type": "Full Street Closure",
        "community_board": "18,",
        "police_precinct": "63,"
      }
    },
    {
      "type": "Feature",
      "geometry": {
        "type": "Point",
        "coordinates": [
          -74.0126465,
          40.617011500000004
        ]
      },
      "properties": {
        "event_id": "727008",
        "event_name": "82nd Street Block Party",
        "event_type": "Block Party",
        "event_agency": "Street Activity Permit Office",
        "event_location": "82 STREET between 12 AVENUE and 13 AVENUE",
        "event_borough": "Brooklyn",
        "start_date": "2023-09-16T12:00:00.000",
        "end_date": "2023-09-16T20:00:00.000",
        "start_formatted": "September 16, 2023 12:00 PM",
        "end_formatted": "September 16, 2023 08:00 PM",
        "street_closure_type": "Full Street Closure",
        "community_board": "10,",
        "police_precinct": "68,"
      }
    },
    {
      "type": "Feature",
      "geometry": {
        "type": "Point",
        "coordinates": [
          -73.9923315,
          40.678015
        ]
      },
      "properties": {
        "event_id": "692838",
        "event_name": "2nd St. Block Party",
        "event_type": "Block Party",
        "event_agency": "Street Activity Permit Office",
        "event_location": "2 STREET between HOYT STREET and BOND STREET",
        "event_borough": "Brooklyn",
        "start_date": "2023-09-16T12:00:00.000",
        "end_date": "2023-09-16T20:00:00.000",
        "start_formatted": "September 16, 2023 12:00 PM",
        "end_formatted": "September 16, 2023 08:00 PM",
        "street_closure_type": "Full Street Closure",
        "community_board": "6,",
        "police_precinct": "76,"
      }
    },
    {
      "type": "Feature",
      "geometry": {
        "type": "Point",
        "coordinates": [
          -73.960159,
          40.8156215
        ]
      },
      "properties": {
        "event_id": "719232",
        "event_name": "West Harlem Coalition Anti Gentrification Street Fair",
        "event_type": "Block Party",
        "event_agency": "Street Activity Permit Office",
        "event_location": "TIEMANN PLACE between BROADWAY and RIVERSIDE DRIVE",
        "event_borough": "Manhattan",
        "start_date": "2023-09-16T12:00:00.000",
        "end_date": "2023-09-16T21:00:00.000",
        "start_formatted": "September 16, 2023 12:00 PM",
        "end_formatted": "September 16, 2023 09:00 PM",
        "street_closure_type": "Full Street Closure",
        "community_board": "9,",
        "police_precinct": "26,"
      }
    },
    {
      "type": "Feature",
      "geometry": {
        "type": "Point",
        "coordinates": [
          -73.816855,
          40.6849615
        ]
      },
      "properties": {
        "event_id": "731868",
        "event_name": "Block party",
        "event_type": "Block Party",
        "event_agency": "Street Activity Permit Office",
        "event_location": "126 STREET between 107 AVENUE and 109 AVENUE",
        "event_borough": "Queens",
        "start_date": "2023-09-16T12:00:00.000",
        "end_date": "2023-09-16T20:00:00.000",
        "start_formatted": "September 16, 2023 12:00 PM",
        "end_formatted": "September 16, 2023 08:00 PM",
        "street_closure_type": "Full Street Closure",
        "community_board": "10,",
        "police_precinct": "106,"
      }
    },
    {
      "type": "Feature",
      "geometry": {
        "type": "Point",
        "coordinates": [
          -74.0039715,
          40.649483000000004
        ]
      },
      "properties": {
        "event_id": "716980",
        "event_name": "End of Summer Celebration",
        "event_type": "Block Party",
        "event_agency": "Street Activity Permit Office",
        "event_location": "41 STREET between 5 AVENUE and 6 AVENUE",
        "event_borough": "Brooklyn",
        "start_date": "2023-09-16T12:00:00.000",
        "end_date": "2023-09-16T21:00:00.000",
        "start_formatted": "September 16, 2023 12:00 PM",
        "end_formatted": "September 16, 2023 09:00 PM",
        "street_closure_type": "Full Street Closure",
        "community_board": "7,",
        "police_precinct": "72,"
      }
    },
    {
      "type": "Feature",
      "geometry": {
        "type": "Point",
        "coordinates": [
          -73.995938,
          40.689173999999994
        ]
      },
      "properties": {
        "event_id": "728638",
        "event_name": "Amity St Block Party",
        "event_type": "Block Party",
        "event_agency": "Street Activity Permit Office",
        "event_location": "AMITY STREET between HENRY STREET and CLINTON STREET",
        "event_borough": "Brooklyn",
        "start_date": "2023-09-16T12:00:00.000",
        "end_date": "2023-09-16T19:00:00.000",
        "start_formatted": "September 16, 2023 12:00 PM",
        "end_formatted": "September 16, 2023 07:00 PM",
        "street_closure_type": "Full Street Closure",
        "community_board": "6,",
        "police_precinct": "76,"
      }
    },
    {
      "type": "Feature",
      "geometry": {
        "type": "Point",
        "coordinates": [
          -73.9281335,
          40.685804000000005
        ]
      },
      "properties": {
        "event_id": "729984",
        "event_name": "700 JABA block party",
        "event_type": "Block Party",
        "event_agency": "Street Activity Permit Office",
        "event_location": "JEFFERSON AVENUE between MALCOLM X BOULEVARD and PATCHEN AVENUE",
        "event_borough": "Brooklyn",
        "start_date": "2023-09-16T12:00:00.000",
        "end_date": "2023-09-16T21:00:00.000",
        "start_formatted": "September 16, 2023 12:00 PM",
        "end_formatted": "September 16, 2023 09:00 PM",
        "street_closure_type": "Full Street Closure",
        "community_board": "3,",
        "police_precinct": "81,"
      }
    },
    {
      "type": "Feature",
      "geometry": {
        "type": "Point",
        "coordinates": [
          -74.0347885,
          40.632346
        ]
      },
      "properties": {
        "event_id": "715680",
        "event_name": "76th Street Block Party",
        "event_type": "Block Party",
        "event_agency": "Street Activity Permit Office",
        "event_location": "76 STREET between COLONIAL ROAD and NARROWS AVENUE",
        "event_borough": "Brooklyn",
        "start_date": "2023-09-16T12:00:00.000",
        "end_date": "2023-09-16T20:00:00.000",
        "start_formatted": "September 16, 2023 12:00 PM",
        "end_formatted": "September 16, 2023 08:00 PM",
        "street_closure_type": "Full Street Closure",
        "community_board": "10,",
        "police_precinct": "68,"
      }
    },
    {
      "type": "Feature",
      "geometry": {
        "type": "Point",
        "coordinates": [
          -74.160844,
          40.5339065
        ]
      },
      "properties": {
        "event_id": "718619",
        "event_name": "Orchard 2023",
        "event_type": "Block Party",
        "event_agency": "Street Activity Permit Office",
        "event_location": "ORCHARD LANE between SHIRLEY AVENUE and OSAGE LANE",
        "event_borough": "Staten Island",
        "start_date": "2023-09-16T12:00:00.000",
        "end_date": "2023-09-16T21:00:00.000",
        "start_formatted": "September 16, 2023 12:00 PM",
        "end_formatted": "September 16, 2023 09:00 PM",
        "street_closure_type": "Sidewalk and Street Closure",
        "community_board": "3,",
        "police_precinct": "123,"
      }
    },
    {
      "type": "Feature",
      "geometry": {
        "type": "Point",
        "coordinates": [
          -74.1874635,
          40.548761999999996
        ]
      },
      "properties": {
        "event_id": "727837",
        "event_name": "Crown Avenue 3rd Annual Block Party",
        "event_type": "Block Party",
        "event_agency": "Street Activity Permit Office",
        "event_location": "CROWN AVENUE between ARDEN AVENUE and JEFFERSON BOULEVARD",
        "event_borough": "Staten Island",
        "start_date": "2023-09-16T12:00:00.000",
        "end_date": "2023-09-16T21:00:00.000",
        "start_formatted": "September 16, 2023 12:00 PM",
        "end_formatted": "September 16, 2023 09:00 PM",
        "street_closure_type": "Full Street Closure",
        "community_board": "3,",
        "police_precinct": "123,"
      }
    },
    {
      "type": "Feature",
      "geometry": {
        "type": "Point",
        "coordinates": [
          -73.949533,
          40.688587999999996
        ]
      },
      "properties": {
        "event_id": "728726",
        "event_name": "Greene Ave Block Party",
        "event_type": "Block Party",
        "event_agency": "Street Activity Permit Office",
        "event_location": "GREENE AVENUE between MARCY AVENUE and NOSTRAND AVENUE",
        "event_borough": "Brooklyn",
        "start_date": "2023-09-16T12:00:00.000",
        "end_date": "2023-09-16T20:30:00.000",
        "start_formatted": "September 16, 2023 12:00 PM",
        "end_formatted": "September 16, 2023 08:30 PM",
        "street_closure_type": "Full Street Closure",
        "community_board": "3,",
        "police_precinct": "79,"
      }
    },
    {
      "type": "Feature",
      "geometry": {
        "type": "Point",
        "coordinates": [
          -73.8259185,
          40.6668535
        ]
      },
      "properties": {
        "event_id": "728139",
        "event_name": "Block party",
        "event_type": "Block Party",
        "event_agency": "Street Activity Permit Office",
        "event_location": "115 STREET between NORTH CONDUIT AVENUE and 150 AVENUE",
        "event_borough": "Queens",
        "start_date": "2023-09-16T12:00:00.000",
        "end_date": "2023-09-16T21:00:00.000",
        "start_formatted": "September 16, 2023 12:00 PM",
        "end_formatted": "September 16, 2023 09:00 PM",
        "street_closure_type": "Full Street Closure",
        "community_board": "10,",
        "police_precinct": "106,"
      }
    },
    {
      "type": "Feature",
      "geometry": {
        "type": "Point",
        "coordinates": [
          -73.983748,
          40.712261999999996
        ]
      },
      "properties": {
        "event_id": "722572",
        "event_name": "Im not Afraid to lift you up stickball classic",
        "event_type": "Block Party",
        "event_agency": "Street Activity Permit Office",
        "event_location": "GOUVERNEUR STREET between MADISON STREET and WATER STREET",
        "event_borough": "Manhattan",
        "start_date": "2023-09-16T12:00:00.000",
        "end_date": "2023-09-16T21:00:00.000",
        "start_formatted": "September 16, 2023 12:00 PM",
        "end_formatted": "September 16, 2023 09:00 PM",
        "street_closure_type": "Full Street Closure",
        "community_board": "3,",
        "police_precinct": "7,"
      }
    },
    {
      "type": "Feature",
      "geometry": {
        "type": "Point",
        "coordinates": [
          -73.89957799999999,
          40.816086
        ]
      },
      "properties": {
        "event_id": "730876",
        "event_name": "Getting to know your neighbors",
        "event_type": "Block Party",
        "event_agency": "Street Activity Permit Office",
        "event_location": "EAST  156 STREET between BECK STREET and KELLY STREET",
        "event_borough": "Bronx",
        "start_date": "2023-09-16T12:00:00.000",
        "end_date": "2023-09-16T17:00:00.000",
        "start_formatted": "September 16, 2023 12:00 PM",
        "end_formatted": "September 16, 2023 05:00 PM",
        "street_closure_type": "Full Street Closure",
        "community_board": "2,",
        "police_precinct": "41,"
      }
    },
    {
      "type": "Feature",
      "geometry": {
        "type": "Point",
        "coordinates": [
          -73.889086,
          40.6678895
        ]
      },
      "properties": {
        "event_id": "715196",
        "event_name": "VAN SICLEN AVE FAMILY AND FRIENDS",
        "event_type": "Block Party",
        "event_agency": "Street Activity Permit Office",
        "event_location": "VAN SICLEN AVENUE between DUMONT AVENUE and BLAKE AVENUE",
        "event_borough": "Brooklyn",
        "start_date": "2023-09-16T12:00:00.000",
        "end_date": "2023-09-16T20:00:00.000",
        "start_formatted": "September 16, 2023 12:00 PM",
        "end_formatted": "September 16, 2023 08:00 PM",
        "street_closure_type": "Full Street Closure",
        "community_board": "5,",
        "police_precinct": "75,"
      }
    },
    {
      "type": "Feature",
      "geometry": {
        "type": "Point",
        "coordinates": [
          -74.165981,
          40.59612
        ]
      },
      "properties": {
        "event_id": "729656",
        "event_name": "Plymouth  road block party",
        "event_type": "Block Party",
        "event_agency": "Street Activity Permit Office",
        "event_location": "PLYMOUTH ROAD between ROCKVILLE AVENUE and MULBERRY AVENUE",
        "event_borough": "Staten Island",
        "start_date": "2023-09-16T12:00:00.000",
        "end_date": "2023-09-16T20:00:00.000",
        "start_formatted": "September 16, 2023 12:00 PM",
        "end_formatted": "September 16, 2023 08:00 PM",
        "street_closure_type": "Full Street Closure",
        "community_board": "2,",
        "police_precinct": "121,"
      }
    },
    {
      "type": "Feature",
      "geometry": {
        "type": "Point",
        "coordinates": [
          -73.9426205,
          40.684137
        ]
      },
      "properties": {
        "event_id": "719919",
        "event_name": "Jefferson Avenue TNT Block Party 2023",
        "event_type": "Block Party",
        "event_agency": "Street Activity Permit Office",
        "event_location": "JEFFERSON AVENUE between THROOP AVENUE and TOMPKINS AVENUE",
        "event_borough": "Brooklyn",
        "start_date": "2023-09-16T11:30:00.000",
        "end_date": "2023-09-16T18:30:00.000",
        "start_formatted": "September 16, 2023 11:30 AM",
        "end_formatted": "September 16, 2023 06:30 PM",
        "street_closure_type": "Full Street Closure",
        "community_board": "3,",
        "police_precinct": "79,"
      }
    },
    {
      "type": "Feature",
      "geometry": {
        "type": "Point",
        "coordinates": [
          -73.95604399999999,
          40.730748500000004
        ]
      },
      "properties": {
        "event_id": "731085",
        "event_name": "The Kent Street Block Party",
        "event_type": "Block Party",
        "event_agency": "Street Activity Permit Office",
        "event_location": "KENT STREET between MANHATTAN AVENUE and FRANKLIN STREET",
        "event_borough": "Brooklyn",
        "start_date": "2023-09-16T11:00:00.000",
        "end_date": "2023-09-16T18:00:00.000",
        "start_formatted": "September 16, 2023 11:00 AM",
        "end_formatted": "September 16, 2023 06:00 PM",
        "street_closure_type": "Full Street Closure",
        "community_board": "1,",
        "police_precinct": "94,"
      }
    },
    {
      "type": "Feature",
      "geometry": {
        "type": "Point",
        "coordinates": [
          -74.01193950000001,
          40.6211385
        ]
      },
      "properties": {
        "event_id": "725751",
        "event_name": "77th Street Annual Block Party",
        "event_type": "Block Party",
        "event_agency": "Street Activity Permit Office",
        "event_location": "77 STREET between 11 AVENUE and 12 AVENUE",
        "event_borough": "Brooklyn",
        "start_date": "2023-09-16T11:00:00.000",
        "end_date": "2023-09-16T20:00:00.000",
        "start_formatted": "September 16, 2023 11:00 AM",
        "end_formatted": "September 16, 2023 08:00 PM",
        "street_closure_type": "Full Street Closure",
        "community_board": "10,",
        "police_precinct": "68,"
      }
    },
    {
      "type": "Feature",
      "geometry": {
        "type": "Point",
        "coordinates": [
          -73.9581245,
          40.655754
        ]
      },
      "properties": {
        "event_id": "721679",
        "event_name": "Parkside Avenue Block Party",
        "event_type": "Block Party",
        "event_agency": "Street Activity Permit Office",
        "event_location": "PARKSIDE AVENUE between FLATBUSH AVENUE and BEDFORD AVENUE",
        "event_borough": "Brooklyn",
        "start_date": "2023-09-16T11:00:00.000",
        "end_date": "2023-09-16T18:00:00.000",
        "start_formatted": "September 16, 2023 11:00 AM",
        "end_formatted": "September 16, 2023 06:00 PM",
        "street_closure_type": "Full Street Closure",
        "community_board": "9,",
        "police_precinct": "71,"
      }
    },
    {
      "type": "Feature",
      "geometry": {
        "type": "Point",
        "coordinates": [
          -73.81564499999999,
          40.679133
        ]
      },
      "properties": {
        "event_id": "727228",
        "event_name": "Block Party",
        "event_type": "Block Party",
        "event_agency": "Street Activity Permit Office",
        "event_location": "124 STREET between 115 AVENUE and LINDEN BOULEVARD",
        "event_borough": "Queens",
        "start_date": "2023-09-16T11:00:00.000",
        "end_date": "2023-09-16T20:00:00.000",
        "start_formatted": "September 16, 2023 11:00 AM",
        "end_formatted": "September 16, 2023 08:00 PM",
        "street_closure_type": "Sidewalk and Street Closure",
        "community_board": "10,",
        "police_precinct": "106,"
      }
    },
    {
      "type": "Feature",
      "geometry": {
        "type": "Point",
        "coordinates": [
          -73.9261245,
          40.611718499999995
        ]
      },
      "properties": {
        "event_id": "711519",
        "event_name": "Hendrickson Street Gathering 2023",
        "event_type": "Block Party",
        "event_agency": "Street Activity Permit Office",
        "event_location": "HENDRICKSON STREET between AVENUE T and AVENUE S",
        "event_borough": "Brooklyn",
        "start_date": "2023-09-16T11:00:00.000",
        "end_date": "2023-09-16T18:00:00.000",
        "start_formatted": "September 16, 2023 11:00 AM",
        "end_formatted": "September 16, 2023 06:00 PM",
        "street_closure_type": "Full Street Closure",
        "community_board": "18,",
        "police_precinct": "63,"
      }
    },
    {
      "type": "Feature",
      "geometry": {
        "type": "Point",
        "coordinates": [
          -73.997998,
          40.712607500000004
        ]
      },
      "properties": {
        "event_id": "725431",
        "event_name": "Mariners Temple Homecomig Celebration",
        "event_type": "Block Party",
        "event_agency": "Street Activity Permit Office",
        "event_location": "OLIVER STREET between MADISON STREET and ST JAMES PLACE",
        "event_borough": "Manhattan",
        "start_date": "2023-09-16T11:00:00.000",
        "end_date": "2023-09-16T16:00:00.000",
        "start_formatted": "September 16, 2023 11:00 AM",
        "end_formatted": "September 16, 2023 04:00 PM",
        "street_closure_type": "Full Street Closure",
        "community_board": "3,",
        "police_precinct": "5,"
      }
    },
    {
      "type": "Feature",
      "geometry": {
        "type": "Point",
        "coordinates": [
          -73.986505,
          40.67097
        ]
      },
      "properties": {
        "event_id": "716926",
        "event_name": "7th street betw 4th and 5th avenue block party2023",
        "event_type": "Block Party",
        "event_agency": "Street Activity Permit Office",
        "event_location": "7 STREET between 4 AVENUE and 5 AVENUE",
        "event_borough": "Brooklyn",
        "start_date": "2023-09-16T11:00:00.000",
        "end_date": "2023-09-16T18:00:00.000",
        "start_formatted": "September 16, 2023 11:00 AM",
        "end_formatted": "September 16, 2023 06:00 PM",
        "street_closure_type": "Full Street Closure",
        "community_board": "6,",
        "police_precinct": "78,"
      }
    },
    {
      "type": "Feature",
      "geometry": {
        "type": "Point",
        "coordinates": [
          -74.0056875,
          40.615083999999996
        ]
      },
      "properties": {
        "event_id": "728614",
        "event_name": "15th avenue block party",
        "event_type": "Block Party",
        "event_agency": "Street Activity Permit Office",
        "event_location": "15 AVENUE between 79 STREET and 80 STREET",
        "event_borough": "Brooklyn",
        "start_date": "2023-09-16T11:00:00.000",
        "end_date": "2023-09-16T20:00:00.000",
        "start_formatted": "September 16, 2023 11:00 AM",
        "end_formatted": "September 16, 2023 08:00 PM",
        "street_closure_type": "Full Street Closure",
        "community_board": "11,",
        "police_precinct": "62,"
      }
    },
    {
      "type": "Feature",
      "geometry": {
        "type": "Point",
        "coordinates": [
          -73.861018,
          40.8150935
        ]
      },
      "properties": {
        "event_id": "725137",
        "event_name": "Dia Del Conquistador",
        "event_type": "Block Party",
        "event_agency": "Street Activity Permit Office",
        "event_location": "LACOMBE AVENUE between TAYLOR AVENUE and THIERIOT AVENUE",
        "event_borough": "Bronx",
        "start_date": "2023-09-16T11:00:00.000",
        "end_date": "2023-09-16T16:00:00.000",
        "start_formatted": "September 16, 2023 11:00 AM",
        "end_formatted": "September 16, 2023 04:00 PM",
        "street_closure_type": "Full Street Closure",
        "community_board": "9,",
        "police_precinct": "43,"
      }
    },
    {
      "type": "Feature",
      "geometry": {
        "type": "Point",
        "coordinates": [
          -73.9355285,
          40.611256
        ]
      },
      "properties": {
        "event_id": "731110",
        "event_name": "E 34th Street Block Party",
        "event_type": "Block Party",
        "event_agency": "Street Activity Permit Office",
        "event_location": "EAST   34 STREET between FILLMORE AVENUE and AVENUE R",
        "event_borough": "Brooklyn",
        "start_date": "2023-09-16T11:00:00.000",
        "end_date": "2023-09-16T18:00:00.000",
        "start_formatted": "September 16, 2023 11:00 AM",
        "end_formatted": "September 16, 2023 06:00 PM",
        "street_closure_type": "Sidewalk and Street Closure",
        "community_board": "18,",
        "police_precinct": "63,"
      }
    },
    {
      "type": "Feature",
      "geometry": {
        "type": "Point",
        "coordinates": [
          -74.1118085,
          40.6265565
        ]
      },
      "properties": {
        "event_id": "730022",
        "event_name": "Bosworth st Block party 2023",
        "event_type": "Block Party",
        "event_agency": "Street Activity Permit Office",
        "event_location": "BOSWORTH STREET between BEMENT AVENUE and N BURGHER AVENUE",
        "event_borough": "Staten Island",
        "start_date": "2023-09-16T11:00:00.000",
        "end_date": "2023-09-16T20:00:00.000",
        "start_formatted": "September 16, 2023 11:00 AM",
        "end_formatted": "September 16, 2023 08:00 PM",
        "street_closure_type": "Full Street Closure",
        "community_board": "1,",
        "police_precinct": "120,"
      }
    },
    {
      "type": "Feature",
      "geometry": {
        "type": "Point",
        "coordinates": [
          -73.955558,
          40.664405
        ]
      },
      "properties": {
        "event_id": "730470",
        "event_name": "Sullivan Ludlam Stoddard Neighborhood Assoc Annual Block Party",
        "event_type": "Block Party",
        "event_agency": "Street Activity Permit Office",
        "event_location": "SULLIVAN PLACE between LUDLAM PLACE and STODDARD PLACE",
        "event_borough": "Brooklyn",
        "start_date": "2023-09-16T11:00:00.000",
        "end_date": "2023-09-16T18:00:00.000",
        "start_formatted": "September 16, 2023 11:00 AM",
        "end_formatted": "September 16, 2023 06:00 PM",
        "street_closure_type": "Full Street Closure",
        "community_board": "9,",
        "police_precinct": "71,"
      }
    },
    {
      "type": "Feature",
      "geometry": {
        "type": "Point",
        "coordinates": [
          -73.89089200000001,
          40.8277085
        ]
      },
      "properties": {
        "event_id": "730806",
        "event_name": "Parish Family Feast",
        "event_type": "Block Party",
        "event_agency": "Street Activity Permit Office",
        "event_location": "HOE AVENUE between EAST  167 STREET and HOME STREET",
        "event_borough": "Bronx",
        "start_date": "2023-09-16T11:00:00.000",
        "end_date": "2023-09-16T19:00:00.000",
        "start_formatted": "September 16, 2023 11:00 AM",
        "end_formatted": "September 16, 2023 07:00 PM",
        "street_closure_type": "Sidewalk and Street Closure",
        "community_board": "3,",
        "police_precinct": "42,"
      }
    },
    {
      "type": "Feature",
      "geometry": {
        "type": "Point",
        "coordinates": [
          -73.76735049999999,
          40.747155500000005
        ]
      },
      "properties": {
        "event_id": "686023",
        "event_name": "2023 Armenian Street Festival",
        "event_type": "Block Party",
        "event_agency": "Street Activity Permit Office",
        "event_location": "210 STREET between HORACE HARDING EXPRESSWAY and 58 AVENUE",
        "event_borough": "Queens",
        "start_date": "2023-09-16T11:00:00.000",
        "end_date": "2023-09-16T20:00:00.000",
        "start_formatted": "September 16, 2023 11:00 AM",
        "end_formatted": "September 16, 2023 08:00 PM",
        "street_closure_type": "Full Street Closure",
        "community_board": "11,",
        "police_precinct": "111,"
      }
    },
    {
      "type": "Feature",
      "geometry": {
        "type": "Point",
        "coordinates": [
          -73.719166,
          40.749423500000006
        ]
      },
      "properties": {
        "event_id": "734569",
        "event_name": "254 St and 73rd Road - Glen Oaks",
        "event_type": "Block Party",
        "event_agency": "Street Activity Permit Office",
        "event_location": "73 ROAD between LITTLE NECK PARKWAY and 255 STREET",
        "event_borough": "Queens",
        "start_date": "2023-09-16T11:00:00.000",
        "end_date": "2023-09-16T19:00:00.000",
        "start_formatted": "September 16, 2023 11:00 AM",
        "end_formatted": "September 16, 2023 07:00 PM",
        "street_closure_type": "Full Street Closure",
        "community_board": "13,",
        "police_precinct": "105,"
      }
    },
    {
      "type": "Feature",
      "geometry": {
        "type": "Point",
        "coordinates": [
          -73.80499850000001,
          40.6945515
        ]
      },
      "properties": {
        "event_id": "730803",
        "event_name": "LPW567 BACK TO SCHOOL",
        "event_type": "Block Party",
        "event_agency": "Street Activity Permit Office",
        "event_location": "105 AVENUE between WALTHAM STREET and LIVERPOOL STREET",
        "event_borough": "Queens",
        "start_date": "2023-09-16T11:00:00.000",
        "end_date": "2023-09-16T18:00:00.000",
        "start_formatted": "September 16, 2023 11:00 AM",
        "end_formatted": "September 16, 2023 06:00 PM",
        "street_closure_type": "Full Street Closure",
        "community_board": "12,",
        "police_precinct": "103,"
      }
    },
    {
      "type": "Feature",
      "geometry": {
        "type": "Point",
        "coordinates": [
          -73.9556695,
          40.6730235
        ]
      },
      "properties": {
        "event_id": "725603",
        "event_name": "I LOVE MY BLOCK",
        "event_type": "Block Party",
        "event_agency": "Street Activity Permit Office",
        "event_location": "STERLING PLACE between BEDFORD AVENUE and FRANKLIN AVENUE",
        "event_borough": "Brooklyn",
        "start_date": "2023-09-16T10:30:00.000",
        "end_date": "2023-09-16T19:30:00.000",
        "start_formatted": "September 16, 2023 10:30 AM",
        "end_formatted": "September 16, 2023 07:30 PM",
        "street_closure_type": "Full Street Closure",
        "community_board": "8,",
        "police_precinct": "77,"
      }
    },
    {
      "type": "Feature",
      "geometry": {
        "type": "Point",
        "coordinates": [
          -73.9369165,
          40.640489
        ]
      },
      "properties": {
        "event_id": "701414",
        "event_name": "East 42 United Block Party",
        "event_type": "Block Party",
        "event_agency": "Street Activity Permit Office",
        "event_location": "EAST   42 STREET between AVENUE D and FOSTER AVENUE",
        "event_borough": "Brooklyn",
        "start_date": "2023-09-16T10:00:00.000",
        "end_date": "2023-09-16T19:00:00.000",
        "start_formatted": "September 16, 2023 10:00 AM",
        "end_formatted": "September 16, 2023 07:00 PM",
        "street_closure_type": "Full Street Closure",
        "community_board": "17,",
        "police_precinct": "67,"
      }
    },
    {
      "type": "Feature",
      "geometry": {
        "type": "Point",
        "coordinates": [
          -74.02446,
          40.628675
        ]
      },
      "properties": {
        "event_id": "730613",
        "event_name": "Block Party",
        "event_type": "Block Party",
        "event_agency": "Street Activity Permit Office",
        "event_location": "77 STREET between 4 AVENUE and 5 AVENUE",
        "event_borough": "Brooklyn",
        "start_date": "2023-09-16T10:00:00.000",
        "end_date": "2023-09-16T19:00:00.000",
        "start_formatted": "September 16, 2023 10:00 AM",
        "end_formatted": "September 16, 2023 07:00 PM",
        "street_closure_type": "Full Street Closure",
        "community_board": "10,",
        "police_precinct": "68,"
      }
    },
    {
      "type": "Feature",
      "geometry": {
        "type": "Point",
        "coordinates": [
          -74.0885745,
          40.635013
        ]
      },
      "properties": {
        "event_id": "730738",
        "event_name": "End of summer",
        "event_type": "Block Party",
        "event_agency": "Street Activity Permit Office",
        "event_location": "STANLEY AVENUE between KINGSLEY PLACE and WEBSTER AVENUE",
        "event_borough": "Staten Island",
        "start_date": "2023-09-16T10:00:00.000",
        "end_date": "2023-09-16T19:00:00.000",
        "start_formatted": "September 16, 2023 10:00 AM",
        "end_formatted": "September 16, 2023 07:00 PM",
        "street_closure_type": "Full Street Closure",
        "community_board": "1,",
        "police_precinct": "120,"
      }
    },
    {
      "type": "Feature",
      "geometry": {
        "type": "Point",
        "coordinates": [
          -73.83068850000001,
          40.7586635
        ]
      },
      "properties": {
        "event_id": "689020",
        "event_name": "Flushing BID Annual Block Party",
        "event_type": "Block Party",
        "event_agency": "Street Activity Permit Office",
        "event_location": "40 ROAD between PRINCE STREET and MAIN STREET",
        "event_borough": "Queens",
        "start_date": "2023-09-16T10:00:00.000",
        "end_date": "2023-09-16T17:00:00.000",
        "start_formatted": "September 16, 2023 10:00 AM",
        "end_formatted": "September 16, 2023 05:00 PM",
        "street_closure_type": "Full Street Closure",
        "community_board": "7,",
        "police_precinct": "109,"
      }
    },
    {
      "type": "Feature",
      "geometry": {
        "type": "Point",
        "coordinates": [
          -73.858163,
          40.755283500000004
        ]
      },
      "properties": {
        "event_id": "732829",
        "event_name": "eternal praise Annual Block Party",
        "event_type": "Block Party",
        "event_agency": "Street Activity Permit Office",
        "event_location": "110 STREET between 34 AVENUE and 37 AVENUE",
        "event_borough": "Queens",
        "start_date": "2023-09-16T10:00:00.000",
        "end_date": "2023-09-16T17:00:00.000",
        "start_formatted": "September 16, 2023 10:00 AM",
        "end_formatted": "September 16, 2023 05:00 PM",
        "street_closure_type": "Full Street Closure",
        "community_board": "3,",
        "police_precinct": "115,"
      }
    },
    {
      "type": "Feature",
      "geometry": {
        "type": "Point",
        "coordinates": [
          -73.9453425,
          40.7151475
        ]
      },
      "properties": {
        "event_id": "730563",
        "event_name": "San Donato 2023",
        "event_type": "Block Party",
        "event_agency": "Street Activity Permit Office",
        "event_location": "CONSELYEA STREET between GRAHAM AVENUE and MANHATTAN AVENUE",
        "event_borough": "Brooklyn",
        "start_date": "2023-09-15T12:30:00.000",
        "end_date": "2023-09-15T20:30:00.000",
        "start_formatted": "September 15, 2023 12:30 PM",
        "end_formatted": "September 15, 2023 08:30 PM",
        "street_closure_type": "Full Street Closure",
        "community_board": "1,",
        "police_precinct": "94,"
      }
    },
    {
      "type": "Feature",
      "geometry": {
        "type": "Point",
        "coordinates": [
          -73.975259,
          40.794416
        ]
      },
      "properties": {
        "event_id": "731585",
        "event_name": "94th Street Neighbors Meet  Greet",
        "event_type": "Block Party",
        "event_agency": "Street Activity Permit Office",
        "event_location": "WEST   94 STREET between WEST END AVENUE and RIVERSIDE DRIVE",
        "event_borough": "Manhattan",
        "start_date": "2023-09-15T11:00:00.000",
        "end_date": "2023-09-15T15:00:00.000",
        "start_formatted": "September 15, 2023 11:00 AM",
        "end_formatted": "September 15, 2023 03:00 PM",
        "street_closure_type": "Full Street Closure",
        "community_board": "7,",
        "police_precinct": "24,"
      }
    },
    {
      "type": "Feature",
      "geometry": {
        "type": "Point",
        "coordinates": [
          -73.99168,
          40.7415575
        ]
      },
      "properties": {
        "event_id": "725886",
        "event_name": "Jewish New Years Street Festival",
        "event_type": "Block Party",
        "event_agency": "Street Activity Permit Office",
        "event_location": "WEST   22 STREET between 6 AVENUE and 5 AVENUE",
        "event_borough": "Manhattan",
        "start_date": "2023-09-12T16:30:00.000",
        "end_date": "2023-09-12T18:30:00.000",
        "start_formatted": "September 12, 2023 04:30 PM",
        "end_formatted": "September 12, 2023 06:30 PM",
        "street_closure_type": "Full Street Closure",
        "community_board": "5,",
        "police_precinct": "13,"
      }
    },
    {
      "type": "Feature",
      "geometry": {
        "type": "Point",
        "coordinates": [
          -74.0020545,
          40.731455499999996
        ]
      },
      "properties": {
        "event_id": "729604",
        "event_name": "Cornelia St Block Party",
        "event_type": "Block Party",
        "event_agency": "Street Activity Permit Office",
        "event_location": "CORNELIA STREET between WEST    4 STREET and BLEECKER STREET",
        "event_borough": "Manhattan",
        "start_date": "2023-09-10T16:00:00.000",
        "end_date": "2023-09-10T19:00:00.000",
        "start_formatted": "September 10, 2023 04:00 PM",
        "end_formatted": "September 10, 2023 07:00 PM",
        "street_closure_type": "Full Street Closure",
        "community_board": "2,",
        "police_precinct": "6,"
      }
    },
    {
      "type": "Feature",
      "geometry": {
        "type": "Point",
        "coordinates": [
          -73.9663965,
          40.62585
        ]
      },
      "properties": {
        "event_id": "735422",
        "event_name": "Carnival 2023",
        "event_type": "Block Party",
        "event_agency": "Street Activity Permit Office",
        "event_location": "EAST   10 STREET between AVENUE I and AVENUE J",
        "event_borough": "Brooklyn",
        "start_date": "2023-09-10T16:00:00.000",
        "end_date": "2023-09-10T19:00:00.000",
        "start_formatted": "September 10, 2023 04:00 PM",
        "end_formatted": "September 10, 2023 07:00 PM",
        "street_closure_type": "Full Street Closure",
        "community_board": "12,",
        "police_precinct": "66,"
      }
    },
    {
      "type": "Feature",
      "geometry": {
        "type": "Point",
        "coordinates": [
          -73.9266275,
          40.691295499999995
        ]
      },
      "properties": {
        "event_id": "728480",
        "event_name": "47th Church Anniversary",
        "event_type": "Block Party",
        "event_agency": "Street Activity Permit Office",
        "event_location": "GREENE AVENUE between PATCHEN AVENUE and BROADWAY",
        "event_borough": "Brooklyn",
        "start_date": "2023-09-10T13:30:00.000",
        "end_date": "2023-09-10T16:30:00.000",
        "start_formatted": "September 10, 2023 01:30 PM",
        "end_formatted": "September 10, 2023 04:30 PM",
        "street_closure_type": "Full Street Closure",
        "community_board": "3,",
        "police_precinct": "81,"
      }
    },
    {
      "type": "Feature",
      "geometry": {
        "type": "Point",
        "coordinates": [
          -73.99290099999999,
          40.660124499999995
        ]
      },
      "properties": {
        "event_id": "728195",
        "event_name": "22nd Street Block Party",
        "event_type": "Block Party",
        "event_agency": "Street Activity Permit Office",
        "event_location": "22 STREET between 5 AVENUE and 6 AVENUE",
        "event_borough": "Brooklyn",
        "start_date": "2023-09-10T13:00:00.000",
        "end_date": "2023-09-10T18:00:00.000",
        "start_formatted": "September 10, 2023 01:00 PM",
        "end_formatted": "September 10, 2023 06:00 PM",
        "street_closure_type": "Full Street Closure",
        "community_board": "7,",
        "police_precinct": "72,"
      }
    },
    {
      "type": "Feature",
      "geometry": {
        "type": "Point",
        "coordinates": [
          -73.9745675,
          40.653324
        ]
      },
      "properties": {
        "event_id": "730081",
        "event_name": "Reeve Place Block Party 2023",
        "event_type": "Block Party",
        "event_agency": "Street Activity Permit Office",
        "event_location": "REEVE PLACE between PROSPECT AVENUE and PROSPECT PARK SOUTHWEST",
        "event_borough": "Brooklyn",
        "start_date": "2023-09-10T12:00:00.000",
        "end_date": "2023-09-10T20:00:00.000",
        "start_formatted": "September 10, 2023 12:00 PM",
        "end_formatted": "September 10, 2023 08:00 PM",
        "street_closure_type": "Full Street Closure",
        "community_board": "7,",
        "police_precinct": "72,"
      }
    },
    {
      "type": "Feature",
      "geometry": {
        "type": "Point",
        "coordinates": [
          -73.961484,
          40.632492
        ]
      },
      "properties": {
        "event_id": "694484",
        "event_name": "Fiske Terrace-Midwood Park Block Party",
        "event_type": "Block Party",
        "event_agency": "Street Activity Permit Office",
        "event_location": "GLENWOOD ROAD between EAST   17 STREET and DEAD END",
        "event_borough": "Brooklyn",
        "start_date": "2023-09-10T12:00:00.000",
        "end_date": "2023-09-10T17:00:00.000",
        "start_formatted": "September 10, 2023 12:00 PM",
        "end_formatted": "September 10, 2023 05:00 PM",
        "street_closure_type": "Full Street Closure",
        "community_board": "14,",
        "police_precinct": "70,"
      }
    },
    {
      "type": "Feature",
      "geometry": {
        "type": "Point",
        "coordinates": [
          -74.0147405,
          40.6459525
        ]
      },
      "properties": {
        "event_id": "707574",
        "event_name": "52nd Street Block Party 2 2023",
        "event_type": "Block Party",
        "event_agency": "Street Activity Permit Office",
        "event_location": "52 STREET between 3 AVENUE and 4 AVENUE",
        "event_borough": "Brooklyn",
        "start_date": "2023-09-10T12:00:00.000",
        "end_date": "2023-09-10T21:00:00.000",
        "start_formatted": "September 10, 2023 12:00 PM",
        "end_formatted": "September 10, 2023 09:00 PM",
        "street_closure_type": "Full Street Closure",
        "community_board": "7,",
        "police_precinct": "72,"
      }
    },
    {
      "type": "Feature",
      "geometry": {
        "type": "Point",
        "coordinates": [
          -73.915022,
          40.8238425
        ]
      },
      "properties": {
        "event_id": "728118",
        "event_name": "St. Davids Block Party",
        "event_type": "Block Party",
        "event_agency": "Street Activity Permit Office",
        "event_location": "EAST  160 STREET between MELROSE AVENUE and COURTLANDT AVENUE",
        "event_borough": "Bronx",
        "start_date": "2023-09-10T12:00:00.000",
        "end_date": "2023-09-10T17:00:00.000",
        "start_formatted": "September 10, 2023 12:00 PM",
        "end_formatted": "September 10, 2023 05:00 PM",
        "street_closure_type": "Sidewalk and Street Closure",
        "community_board": "3,",
        "police_precinct": "42,"
      }
    },
    {
      "type": "Feature",
      "geometry": {
        "type": "Point",
        "coordinates": [
          -73.9914535,
          40.611146500000004
        ]
      },
      "properties": {
        "event_id": "726523",
        "event_name": "Parish Block Party",
        "event_type": "Block Party",
        "event_agency": "Street Activity Permit Office",
        "event_location": "20 AVENUE between BAY RIDGE PARKWAY and 74 STREET",
        "event_borough": "Brooklyn",
        "start_date": "2023-09-10T11:30:00.000",
        "end_date": "2023-09-10T17:30:00.000",
        "start_formatted": "September 10, 2023 11:30 AM",
        "end_formatted": "September 10, 2023 05:30 PM",
        "street_closure_type": "Full Street Closure",
        "community_board": "11,",
        "police_precinct": "62,"
      }
    },
    {
      "type": "Feature",
      "geometry": {
        "type": "Point",
        "coordinates": [
          -73.9323765,
          40.661273
        ]
      },
      "properties": {
        "event_id": "727842",
        "event_name": "Midwood and Maple Street Block Party",
        "event_type": "Block Party",
        "event_agency": "Street Activity Permit Office",
        "event_location": "MIDWOOD STREET between EAST   48 STREET and UTICA AVENUE",
        "event_borough": "Brooklyn",
        "start_date": "2023-09-10T11:30:00.000",
        "end_date": "2023-09-10T19:30:00.000",
        "start_formatted": "September 10, 2023 11:30 AM",
        "end_formatted": "September 10, 2023 07:30 PM",
        "street_closure_type": "Full Street Closure",
        "community_board": "9,",
        "police_precinct": "71,"
      }
    },
    {
      "type": "Feature",
      "geometry": {
        "type": "Point",
        "coordinates": [
          -73.984767,
          40.66506
        ]
      },
      "properties": {
        "event_id": "726722",
        "event_name": "13th Street Block Party",
        "event_type": "Block Party",
        "event_agency": "Street Activity Permit Office",
        "event_location": "13 STREET between 6 AVENUE and 7 AVENUE",
        "event_borough": "Brooklyn",
        "start_date": "2023-09-10T11:30:00.000",
        "end_date": "2023-09-10T19:00:00.000",
        "start_formatted": "September 10, 2023 11:30 AM",
        "end_formatted": "September 10, 2023 07:00 PM",
        "street_closure_type": "Full Street Closure",
        "community_board": "6,",
        "police_precinct": "78,"
      }
    },
    {
      "type": "Feature",
      "geometry": {
        "type": "Point",
        "coordinates": [
          -73.9825115,
          40.7376945
        ]
      },
      "properties": {
        "event_id": "732801",
        "event_name": "Sun. 09/10/2023 Church of the Epiphany Welcome Home Block Party",
        "event_type": "Block Party",
        "event_agency": "Street Activity Permit Office",
        "event_location": "EAST   22 STREET between 2 AVENUE and 3 AVENUE",
        "event_borough": "Manhattan",
        "start_date": "2023-09-10T11:30:00.000",
        "end_date": "2023-09-10T15:00:00.000",
        "start_formatted": "September 10, 2023 11:30 AM",
        "end_formatted": "September 10, 2023 03:00 PM",
        "street_closure_type": "Full Street Closure",
        "community_board": "6,",
        "police_precinct": "13,"
      }
    },
    {
      "type": "Feature",
      "geometry": {
        "type": "Point",
        "coordinates": [
          -73.97919250000001,
          40.659828
        ]
      },
      "properties": {
        "event_id": "699208",
        "event_name": "Block Party 2023 2",
        "event_type": "Block Party",
        "event_agency": "Street Activity Permit Office",
        "event_location": "16 STREET between PROSPECT PARK WEST and 10 AVENUE",
        "event_borough": "Brooklyn",
        "start_date": "2023-09-10T11:00:00.000",
        "end_date": "2023-09-10T20:00:00.000",
        "start_formatted": "September 10, 2023 11:00 AM",
        "end_formatted": "September 10, 2023 08:00 PM",
        "street_closure_type": "Full Street Closure",
        "community_board": "7,",
        "police_precinct": "72,"
      }
    },
    {
      "type": "Feature",
      "geometry": {
        "type": "Point",
        "coordinates": [
          -73.9651265,
          40.770762
        ]
      },
      "properties": {
        "event_id": "721417",
        "event_name": "St. James Church Fall Picnic",
        "event_type": "Block Party",
        "event_agency": "Street Activity Permit Office",
        "event_location": "EAST   71 STREET between MADISON AVENUE and PARK AVENUE",
        "event_borough": "Manhattan",
        "start_date": "2023-09-10T11:00:00.000",
        "end_date": "2023-09-10T14:00:00.000",
        "start_formatted": "September 10, 2023 11:00 AM",
        "end_formatted": "September 10, 2023 02:00 PM",
        "street_closure_type": "Full Street Closure",
        "community_board": "8,",
        "police_precinct": "19,"
      }
    },
    {
      "type": "Feature",
      "geometry": {
        "type": "Point",
        "coordinates": [
          -73.951335,
          40.6502155
        ]
      },
      "properties": {
        "event_id": "729899",
        "event_name": "Lloyd Street",
        "event_type": "Block Party",
        "event_agency": "Street Activity Permit Office",
        "event_location": "LLOYD STREET between CHURCH AVENUE and ERASMUS STREET",
        "event_borough": "Brooklyn",
        "start_date": "2023-09-10T11:00:00.000",
        "end_date": "2023-09-10T19:00:00.000",
        "start_formatted": "September 10, 2023 11:00 AM",
        "end_formatted": "September 10, 2023 07:00 PM",
        "street_closure_type": "Full Street Closure",
        "community_board": "17,",
        "police_precinct": "67,"
      }
    },
    {
      "type": "Feature",
      "geometry": {
        "type": "Point",
        "coordinates": [
          -74.00101849999999,
          40.686487
        ]
      },
      "properties": {
        "event_id": "728228",
        "event_name": "Tiffany Place Block Party",
        "event_type": "Block Party",
        "event_agency": "Street Activity Permit Office",
        "event_location": "TIFFANY PLACE between KANE STREET and DEGRAW STREET",
        "event_borough": "Brooklyn",
        "start_date": "2023-09-10T11:00:00.000",
        "end_date": "2023-09-10T18:00:00.000",
        "start_formatted": "September 10, 2023 11:00 AM",
        "end_formatted": "September 10, 2023 06:00 PM",
        "street_closure_type": "Full Street Closure",
        "community_board": "6,",
        "police_precinct": "76,"
      }
    },
    {
      "type": "Feature",
      "geometry": {
        "type": "Point",
        "coordinates": [
          -73.977891,
          40.68262300000001
        ]
      },
      "properties": {
        "event_id": "705652",
        "event_name": "September Dean Street  Block Party",
        "event_type": "Block Party",
        "event_agency": "Street Activity Permit Office",
        "event_location": "DEAN STREET between FOURTH AVENUE and FIFTH AVENUE",
        "event_borough": "Brooklyn",
        "start_date": "2023-09-10T11:00:00.000",
        "end_date": "2023-09-10T20:00:00.000",
        "start_formatted": "September 10, 2023 11:00 AM",
        "end_formatted": "September 10, 2023 08:00 PM",
        "street_closure_type": "Full Street Closure",
        "community_board": "6,",
        "police_precinct": "78,"
      }
    },
    {
      "type": "Feature",
      "geometry": {
        "type": "Point",
        "coordinates": [
          -73.972542,
          40.6866855
        ]
      },
      "properties": {
        "event_id": "702794",
        "event_name": "Cumberland Street Block",
        "event_type": "Block Party",
        "event_agency": "Street Activity Permit Office",
        "event_location": "CUMBERLAND STREET between GREENE AVENUE and LAFAYETTE AVENUE",
        "event_borough": "Brooklyn",
        "start_date": "2023-09-10T11:00:00.000",
        "end_date": "2023-09-10T18:00:00.000",
        "start_formatted": "September 10, 2023 11:00 AM",
        "end_formatted": "September 10, 2023 06:00 PM",
        "street_closure_type": "Full Street Closure",
        "community_board": "2,",
        "police_precinct": "88,"
      }
    },
    {
      "type": "Feature",
      "geometry": {
        "type": "Point",
        "coordinates": [
          -73.7905535,
          40.6993605
        ]
      },
      "properties": {
        "event_id": "728205",
        "event_name": "Back to School Event",
        "event_type": "Block Party",
        "event_agency": "Street Activity Permit Office",
        "event_location": "165 STREET between SOUTH ROAD and 108 AVENUE",
        "event_borough": "Queens",
        "start_date": "2023-09-10T11:00:00.000",
        "end_date": "2023-09-10T18:30:00.000",
        "start_formatted": "September 10, 2023 11:00 AM",
        "end_formatted": "September 10, 2023 06:30 PM",
        "street_closure_type": "Full Street Closure",
        "community_board": "12,",
        "police_precinct": "103,"
      }
    },
    {
      "type": "Feature",
      "geometry": {
        "type": "Point",
        "coordinates": [
          -73.898915,
          40.822476
        ]
      },
      "properties": {
        "event_id": "728216",
        "event_name": "Annual Dressdown Sunday/Summerfest",
        "event_type": "Block Party",
        "event_agency": "Street Activity Permit Office",
        "event_location": "REV. JAMES A. POLITE AVENUE between E 163 STREET and E 164 STREET",
        "event_borough": "Bronx",
        "start_date": "2023-09-10T11:00:00.000",
        "end_date": "2023-09-10T17:00:00.000",
        "start_formatted": "September 10, 2023 11:00 AM",
        "end_formatted": "September 10, 2023 05:00 PM",
        "street_closure_type": "Full Street Closure",
        "community_board": "2,",
        "police_precinct": "41,"
      }
    },
    {
      "type": "Feature",
      "geometry": {
        "type": "Point",
        "coordinates": [
          -73.969662,
          40.796293500000004
        ]
      },
      "properties": {
        "event_id": "729705",
        "event_name": "St. Michaels Church Block Party",
        "event_type": "Block Party",
        "event_agency": "Street Activity Permit Office",
        "event_location": "WEST   99 STREET between AMSTERDAM AVENUE and BROADWAY",
        "event_borough": "Manhattan",
        "start_date": "2023-09-10T11:00:00.000",
        "end_date": "2023-09-10T14:00:00.000",
        "start_formatted": "September 10, 2023 11:00 AM",
        "end_formatted": "September 10, 2023 02:00 PM",
        "street_closure_type": "Full Street Closure",
        "community_board": "7,",
        "police_precinct": "24,"
      }
    },
    {
      "type": "Feature",
      "geometry": {
        "type": "Point",
        "coordinates": [
          -73.89036200000001,
          40.6692925
        ]
      },
      "properties": {
        "event_id": "723052",
        "event_name": "MILLER AVE BLOCK PARTY",
        "event_type": "Block Party",
        "event_agency": "Street Activity Permit Office",
        "event_location": "MILLER AVENUE between SUTTER AVENUE and BLAKE AVENUE",
        "event_borough": "Brooklyn",
        "start_date": "2023-09-10T11:00:00.000",
        "end_date": "2023-09-10T18:00:00.000",
        "start_formatted": "September 10, 2023 11:00 AM",
        "end_formatted": "September 10, 2023 06:00 PM",
        "street_closure_type": "Full Street Closure",
        "community_board": "5,",
        "police_precinct": "75,"
      }
    },
    {
      "type": "Feature",
      "geometry": {
        "type": "Point",
        "coordinates": [
          -73.7517105,
          40.7705615
        ]
      },
      "properties": {
        "event_id": "726367",
        "event_name": "St. Sarkis Annual Picnic",
        "event_type": "Block Party",
        "event_agency": "Street Activity Permit Office",
        "event_location": "234 STREET between 38 DRIVE and 39 AVENUE",
        "event_borough": "Queens",
        "start_date": "2023-09-10T10:00:00.000",
        "end_date": "2023-09-10T17:00:00.000",
        "start_formatted": "September 10, 2023 10:00 AM",
        "end_formatted": "September 10, 2023 05:00 PM",
        "street_closure_type": "Full Street Closure",
        "community_board": "11,",
        "police_precinct": "111,"
      }
    },
    {
      "type": "Feature",
      "geometry": {
        "type": "Point",
        "coordinates": [
          -73.967102,
          40.678242499999996
        ]
      },
      "properties": {
        "event_id": "729111",
        "event_name": "Back to School Block Party",
        "event_type": "Block Party",
        "event_agency": "Street Activity Permit Office",
        "event_location": "ST MARKS AVENUE between VANDERBILT AVENUE and UNDERHILL AVENUE",
        "event_borough": "Brooklyn",
        "start_date": "2023-09-10T10:00:00.000",
        "end_date": "2023-09-10T15:00:00.000",
        "start_formatted": "September 10, 2023 10:00 AM",
        "end_formatted": "September 10, 2023 03:00 PM",
        "street_closure_type": "Full Street Closure",
        "community_board": "8,",
        "police_precinct": "77,"
      }
    },
    {
      "type": "Feature",
      "geometry": {
        "type": "Point",
        "coordinates": [
          -73.9810975,
          40.6734285
        ]
      },
      "properties": {
        "event_id": "726136",
        "event_name": "Autumn Block Party 2023",
        "event_type": "Block Party",
        "event_agency": "Street Activity Permit Office",
        "event_location": "1 STREET between 5 AVENUE and 6 AVENUE",
        "event_borough": "Brooklyn",
        "start_date": "2023-09-10T10:00:00.000",
        "end_date": "2023-09-10T19:00:00.000",
        "start_formatted": "September 10, 2023 10:00 AM",
        "end_formatted": "September 10, 2023 07:00 PM",
        "street_closure_type": "Full Street Closure",
        "community_board": "6,",
        "police_precinct": "78,"
      }
    },
    {
      "type": "Feature",
      "geometry": {
        "type": "Point",
        "coordinates": [
          -73.97964,
          40.675292
        ]
      },
      "properties": {
        "event_id": "717598",
        "event_name": "Block Party 2023",
        "event_type": "Block Party",
        "event_agency": "Street Activity Permit Office",
        "event_location": "PRESIDENT STREET between 5 AVENUE and 6 AVENUE",
        "event_borough": "Brooklyn",
        "start_date": "2023-09-10T10:00:00.000",
        "end_date": "2023-09-10T19:00:00.000",
        "start_formatted": "September 10, 2023 10:00 AM",
        "end_formatted": "September 10, 2023 07:00 PM",
        "street_closure_type": "Full Street Closure",
        "community_board": "6,",
        "police_precinct": "78,"
      }
    },
    {
      "type": "Feature",
      "geometry": {
        "type": "Point",
        "coordinates": [
          -73.9791735,
          40.680721000000005
        ]
      },
      "properties": {
        "event_id": "729534",
        "event_name": "Warren Street Block Party",
        "event_type": "Block Party",
        "event_agency": "Street Activity Permit Office",
        "event_location": "WARREN STREET between FIFTH AVENUE and FOURTH AVENUE",
        "event_borough": "Brooklyn",
        "start_date": "2023-09-10T10:00:00.000",
        "end_date": "2023-09-10T17:30:00.000",
        "start_formatted": "September 10, 2023 10:00 AM",
        "end_formatted": "September 10, 2023 05:30 PM",
        "street_closure_type": "Full Street Closure",
        "community_board": "6,",
        "police_precinct": "78,"
      }
    },
    {
      "type": "Feature",
      "geometry": {
        "type": "Point",
        "coordinates": [
          -73.945065,
          40.7082685
        ]
      },
      "properties": {
        "event_id": "711464",
        "event_name": "Rescatando Almas Para Cristo",
        "event_type": "Block Party",
        "event_agency": "Street Activity Permit Office",
        "event_location": "MANHATTAN AVENUE between SCHOLES STREET and MESEROLE STREET",
        "event_borough": "Brooklyn",
        "start_date": "2023-09-10T10:00:00.000",
        "end_date": "2023-09-10T17:00:00.000",
        "start_formatted": "September 10, 2023 10:00 AM",
        "end_formatted": "September 10, 2023 05:00 PM",
        "street_closure_type": "Sidewalk and Street Closure",
        "community_board": "1,",
        "police_precinct": "90,"
      }
    },
    {
      "type": "Feature",
      "geometry": {
        "type": "Point",
        "coordinates": [
          -73.80676600000001,
          40.677669
        ]
      },
      "properties": {
        "event_id": "725483",
        "event_name": "Block Party: Stronger Together",
        "event_type": "Block Party",
        "event_agency": "Street Activity Permit Office",
        "event_location": "133 STREET between FOCH BOULEVARD and 116 AVENUE",
        "event_borough": "Queens",
        "start_date": "2023-09-09T17:30:00.000",
        "end_date": "2023-09-09T20:30:00.000",
        "start_formatted": "September 09, 2023 05:30 PM",
        "end_formatted": "September 09, 2023 08:30 PM",
        "street_closure_type": "Full Street Closure",
        "community_board": "10,",
        "police_precinct": "106,"
      }
    },
    {
      "type": "Feature",
      "geometry": {
        "type": "Point",
        "coordinates": [
          -73.7934305,
          40.751944
        ]
      },
      "properties": {
        "event_id": "717762",
        "event_name": "Bagley Avenue Block Party",
        "event_type": "Block Party",
        "event_agency": "Street Activity Permit Office",
        "event_location": "BAGLEY AVENUE between UTOPIA PARKWAY and AUBURNDALE LANE",
        "event_borough": "Queens",
        "start_date": "2023-09-09T15:00:00.000",
        "end_date": "2023-09-09T21:00:00.000",
        "start_formatted": "September 09, 2023 03:00 PM",
        "end_formatted": "September 09, 2023 09:00 PM",
        "street_closure_type": "Full Street Closure",
        "community_board": "11,",
        "police_precinct": "111,"
      }
    },
    {
      "type": "Feature",
      "geometry": {
        "type": "Point",
        "coordinates": [
          -73.9979575,
          40.732932500000004
        ]
      },
      "properties": {
        "event_id": "704057",
        "event_name": "8th Street Block Party",
        "event_type": "Block Party",
        "event_agency": "Street Activity Permit Office",
        "event_location": "WEST    8 STREET between FIFTH AVENUE and AVENUE OF THE AMERICAS",
        "event_borough": "Manhattan",
        "start_date": "2023-09-09T14:00:00.000",
        "end_date": "2023-09-09T18:00:00.000",
        "start_formatted": "September 09, 2023 02:00 PM",
        "end_formatted": "September 09, 2023 06:00 PM",
        "street_closure_type": "Full Street Closure",
        "community_board": "2,",
        "police_precinct": "6,"
      }
    },
    {
      "type": "Feature",
      "geometry": {
        "type": "Point",
        "coordinates": [
          -74.0001965,
          40.680311
        ]
      },
      "properties": {
        "event_id": "728003",
        "event_name": "2nd Place Block Party 2023",
        "event_type": "Block Party",
        "event_agency": "Street Activity Permit Office",
        "event_location": "2 PLACE between CLINTON STREET and HENRY STREET",
        "event_borough": "Brooklyn",
        "start_date": "2023-09-09T14:00:00.000",
        "end_date": "2023-09-09T22:00:00.000",
        "start_formatted": "September 09, 2023 02:00 PM",
        "end_formatted": "September 09, 2023 10:00 PM",
        "street_closure_type": "Sidewalk and Street Closure",
        "community_board": "6,",
        "police_precinct": "76,"
      }
    },
    {
      "type": "Feature",
      "geometry": {
        "type": "Point",
        "coordinates": [
          -74.1296215,
          40.618406500000006
        ]
      },
      "properties": {
        "event_id": "729247",
        "event_name": "Keiber court block party",
        "event_type": "Block Party",
        "event_agency": "Street Activity Permit Office",
        "event_location": "KEIBER COURT between WESCOTT BOULEVARD and JEWETT AVENUE",
        "event_borough": "Staten Island",
        "start_date": "2023-09-09T13:30:00.000",
        "end_date": "2023-09-09T21:00:00.000",
        "start_formatted": "September 09, 2023 01:30 PM",
        "end_formatted": "September 09, 2023 09:00 PM",
        "street_closure_type": "Full Street Closure",
        "community_board": "1,",
        "police_precinct": "120,"
      }
    },
    {
      "type": "Feature",
      "geometry": {
        "type": "Point",
        "coordinates": [
          -73.97788449999999,
          40.6693395
        ]
      },
      "properties": {
        "event_id": "721267",
        "event_name": "4th St Block Party",
        "event_type": "Block Party",
        "event_agency": "Street Activity Permit Office",
        "event_location": "4 STREET between 7 AVENUE and 8 AVENUE",
        "event_borough": "Brooklyn",
        "start_date": "2023-09-09T13:00:00.000",
        "end_date": "2023-09-09T19:00:00.000",
        "start_formatted": "September 09, 2023 01:00 PM",
        "end_formatted": "September 09, 2023 07:00 PM",
        "street_closure_type": "Full Street Closure",
        "community_board": "6,",
        "police_precinct": "78,"
      }
    },
    {
      "type": "Feature",
      "geometry": {
        "type": "Point",
        "coordinates": [
          -73.8625855,
          40.711039
        ]
      },
      "properties": {
        "event_id": "718963",
        "event_name": "Aubrey Avenue Block Party",
        "event_type": "Block Party",
        "event_agency": "Street Activity Permit Office",
        "event_location": "AUBREY AVENUE between 88 STREET and METROPOLITAN AVENUE",
        "event_borough": "Queens",
        "start_date": "2023-09-09T13:00:00.000",
        "end_date": "2023-09-09T21:00:00.000",
        "start_formatted": "September 09, 2023 01:00 PM",
        "end_formatted": "September 09, 2023 09:00 PM",
        "street_closure_type": "Full Street Closure",
        "community_board": "5,",
        "police_precinct": "104,"
      }
    },
    {
      "type": "Feature",
      "geometry": {
        "type": "Point",
        "coordinates": [
          -73.9977215,
          40.685480999999996
        ]
      },
      "properties": {
        "event_id": "721383",
        "event_name": "Strong place Party",
        "event_type": "Block Party",
        "event_agency": "Street Activity Permit Office",
        "event_location": "STRONG PLACE between KANE STREET and DEGRAW STREET",
        "event_borough": "Brooklyn",
        "start_date": "2023-09-09T13:00:00.000",
        "end_date": "2023-09-09T20:00:00.000",
        "start_formatted": "September 09, 2023 01:00 PM",
        "end_formatted": "September 09, 2023 08:00 PM",
        "street_closure_type": "Full Street Closure",
        "community_board": "6,",
        "police_precinct": "76,"
      }
    },
    {
      "type": "Feature",
      "geometry": {
        "type": "Point",
        "coordinates": [
          -73.9821815,
          40.6762765
        ]
      },
      "properties": {
        "event_id": "729896",
        "event_name": "Fall Block Party 2023",
        "event_type": "Block Party",
        "event_agency": "Street Activity Permit Office",
        "event_location": "PRESIDENT STREET between 4 AVENUE and 5 AVENUE",
        "event_borough": "Brooklyn",
        "start_date": "2023-09-09T13:00:00.000",
        "end_date": "2023-09-09T21:00:00.000",
        "start_formatted": "September 09, 2023 01:00 PM",
        "end_formatted": "September 09, 2023 09:00 PM",
        "street_closure_type": "Full Street Closure",
        "community_board": "6,",
        "police_precinct": "78,"
      }
    },
    {
      "type": "Feature",
      "geometry": {
        "type": "Point",
        "coordinates": [
          -73.9928845,
          40.667294
        ]
      },
      "properties": {
        "event_id": "729799",
        "event_name": "15th St Block Party",
        "event_type": "Block Party",
        "event_agency": "Street Activity Permit Office",
        "event_location": "15 STREET between 3 AVENUE and 4 AVENUE",
        "event_borough": "Brooklyn",
        "start_date": "2023-09-09T13:00:00.000",
        "end_date": "2023-09-09T20:00:00.000",
        "start_formatted": "September 09, 2023 01:00 PM",
        "end_formatted": "September 09, 2023 08:00 PM",
        "street_closure_type": "Full Street Closure",
        "community_board": "6, 7,",
        "police_precinct": "72, 78,"
      }
    },
    {
      "type": "Feature",
      "geometry": {
        "type": "Point",
        "coordinates": [
          -73.918597,
          40.700184500000006
        ]
      },
      "properties": {
        "event_id": "729224",
        "event_name": "Harman Street Festival",
        "event_type": "Block Party",
        "event_agency": "Street Activity Permit Office",
        "event_location": "HARMAN STREET between KNICKERBOCKER AVENUE and IRVING AVENUE",
        "event_borough": "Brooklyn",
        "start_date": "2023-09-09T13:00:00.000",
        "end_date": "2023-09-09T22:00:00.000",
        "start_formatted": "September 09, 2023 01:00 PM",
        "end_formatted": "September 09, 2023 10:00 PM",
        "street_closure_type": "Full Street Closure",
        "community_board": "4,",
        "police_precinct": "83,"
      }
    },
    {
      "type": "Feature",
      "geometry": {
        "type": "Point",
        "coordinates": [
          -73.9729095,
          40.644454499999995
        ]
      },
      "properties": {
        "event_id": "722916",
        "event_name": "Annual E. 7th Street Block Party",
        "event_type": "Block Party",
        "event_agency": "Street Activity Permit Office",
        "event_location": "EAST    7 STREET between CHURCH AVENUE and BEVERLY ROAD",
        "event_borough": "Brooklyn",
        "start_date": "2023-09-09T13:00:00.000",
        "end_date": "2023-09-09T20:00:00.000",
        "start_formatted": "September 09, 2023 01:00 PM",
        "end_formatted": "September 09, 2023 08:00 PM",
        "street_closure_type": "Full Street Closure",
        "community_board": "12,",
        "police_precinct": "66,"
      }
    },
    {
      "type": "Feature",
      "geometry": {
        "type": "Point",
        "coordinates": [
          -73.872828,
          40.705574
        ]
      },
      "properties": {
        "event_id": "705751",
        "event_name": "78th Street Block Party",
        "event_type": "Block Party",
        "event_agency": "Street Activity Permit Office",
        "event_location": "78 STREET between 78 AVENUE and 77 AVENUE",
        "event_borough": "Queens",
        "start_date": "2023-09-09T13:00:00.000",
        "end_date": "2023-09-09T21:00:00.000",
        "start_formatted": "September 09, 2023 01:00 PM",
        "end_formatted": "September 09, 2023 09:00 PM",
        "street_closure_type": "Full Street Closure",
        "community_board": "5,",
        "police_precinct": "104,"
      }
    },
    {
      "type": "Feature",
      "geometry": {
        "type": "Point",
        "coordinates": [
          -73.97771750000001,
          40.688671
        ]
      },
      "properties": {
        "event_id": "725266",
        "event_name": "St. Felix Block Party",
        "event_type": "Block Party",
        "event_agency": "Street Activity Permit Office",
        "event_location": "SAINT FELIX STREET between DEKALB AVENUE and FULTON STREET",
        "event_borough": "Brooklyn",
        "start_date": "2023-09-09T13:00:00.000",
        "end_date": "2023-09-09T20:00:00.000",
        "start_formatted": "September 09, 2023 01:00 PM",
        "end_formatted": "September 09, 2023 08:00 PM",
        "street_closure_type": "Full Street Closure",
        "community_board": "2,",
        "police_precinct": "88,"
      }
    },
    {
      "type": "Feature",
      "geometry": {
        "type": "Point",
        "coordinates": [
          -73.949242,
          40.6871205
        ]
      },
      "properties": {
        "event_id": "701532",
        "event_name": "Quincy/Marcy/Nostrand Block Party",
        "event_type": "Block Party",
        "event_agency": "Street Activity Permit Office",
        "event_location": "QUINCY STREET between MARCY AVENUE and NOSTRAND AVENUE",
        "event_borough": "Brooklyn",
        "start_date": "2023-09-09T13:00:00.000",
        "end_date": "2023-09-09T20:00:00.000",
        "start_formatted": "September 09, 2023 01:00 PM",
        "end_formatted": "September 09, 2023 08:00 PM",
        "street_closure_type": "Full Street Closure",
        "community_board": "3,",
        "police_precinct": "79,"
      }
    },
    {
      "type": "Feature",
      "geometry": {
        "type": "Point",
        "coordinates": [
          -74.1392725,
          40.6131415
        ]
      },
      "properties": {
        "event_id": "729265",
        "event_name": "Block party",
        "event_type": "Block Party",
        "event_agency": "Street Activity Permit Office",
        "event_location": "CASWELL AVENUE between HARVEY AVENUE and LIVERMORE AVENUE",
        "event_borough": "Staten Island",
        "start_date": "2023-09-09T13:00:00.000",
        "end_date": "2023-09-09T21:00:00.000",
        "start_formatted": "September 09, 2023 01:00 PM",
        "end_formatted": "September 09, 2023 09:00 PM",
        "street_closure_type": "Full Street Closure",
        "community_board": "1,",
        "police_precinct": "121,"
      }
    },
    {
      "type": "Feature",
      "geometry": {
        "type": "Point",
        "coordinates": [
          -74.00363250000001,
          40.6815215
        ]
      },
      "properties": {
        "event_id": "729229",
        "event_name": "Woodhull St Block Party",
        "event_type": "Block Party",
        "event_agency": "Street Activity Permit Office",
        "event_location": "WOODHULL STREET between COLUMBIA STREET and HICKS STREET",
        "event_borough": "Brooklyn",
        "start_date": "2023-09-09T13:00:00.000",
        "end_date": "2023-09-09T22:00:00.000",
        "start_formatted": "September 09, 2023 01:00 PM",
        "end_formatted": "September 09, 2023 10:00 PM",
        "street_closure_type": "Full Street Closure",
        "community_board": "6,",
        "police_precinct": "76,"
      }
    },
    {
      "type": "Feature",
      "geometry": {
        "type": "Point",
        "coordinates": [
          -74.0009805,
          40.678678000000005
        ]
      },
      "properties": {
        "event_id": "727025",
        "event_name": "4th Place 10th Annual Block Party",
        "event_type": "Block Party",
        "event_agency": "Street Activity Permit Office",
        "event_location": "4 PLACE between CLINTON STREET and HENRY STREET",
        "event_borough": "Brooklyn",
        "start_date": "2023-09-09T13:00:00.000",
        "end_date": "2023-09-09T22:00:00.000",
        "start_formatted": "September 09, 2023 01:00 PM",
        "end_formatted": "September 09, 2023 10:00 PM",
        "street_closure_type": "Full Street Closure",
        "community_board": "6,",
        "police_precinct": "76,"
      }
    },
    {
      "type": "Feature",
      "geometry": {
        "type": "Point",
        "coordinates": [
          -74.110772,
          40.629312
        ]
      },
      "properties": {
        "event_id": "725656",
        "event_name": "Green St Game Day",
        "event_type": "Block Party",
        "event_agency": "Street Activity Permit Office",
        "event_location": "GREEN STREET between BEMENT AVENUE and DEAD END",
        "event_borough": "Staten Island",
        "start_date": "2023-09-09T13:00:00.000",
        "end_date": "2023-09-09T19:00:00.000",
        "start_formatted": "September 09, 2023 01:00 PM",
        "end_formatted": "September 09, 2023 07:00 PM",
        "street_closure_type": "Full Street Closure",
        "community_board": "1,",
        "police_precinct": "120,"
      }
    },
    {
      "type": "Feature",
      "geometry": {
        "type": "Point",
        "coordinates": [
          -74.028018,
          40.634518
        ]
      },
      "properties": {
        "event_id": "734756",
        "event_name": "71st Block Party",
        "event_type": "Block Party",
        "event_agency": "Street Activity Permit Office",
        "event_location": "71 STREET between 3 AVENUE and RIDGE BOULEVARD",
        "event_borough": "Brooklyn",
        "start_date": "2023-09-09T13:00:00.000",
        "end_date": "2023-09-09T20:00:00.000",
        "start_formatted": "September 09, 2023 01:00 PM",
        "end_formatted": "September 09, 2023 08:00 PM",
        "street_closure_type": "Full Street Closure",
        "community_board": "10,",
        "police_precinct": "68,"
      }
    },
    {
      "type": "Feature",
      "geometry": {
        "type": "Point",
        "coordinates": [
          -73.8818275,
          40.67266
        ]
      },
      "properties": {
        "event_id": "690839",
        "event_name": "St. Paul AME Church Community Day-Block Party",
        "event_type": "Block Party",
        "event_agency": "Street Activity Permit Office",
        "event_location": "BELMONT AVENUE between LINWOOD STREET and ESSEX STREET",
        "event_borough": "Brooklyn",
        "start_date": "2023-09-09T13:00:00.000",
        "end_date": "2023-09-09T18:00:00.000",
        "start_formatted": "September 09, 2023 01:00 PM",
        "end_formatted": "September 09, 2023 06:00 PM",
        "street_closure_type": "Full Street Closure",
        "community_board": "5,",
        "police_precinct": "75,"
      }
    },
    {
      "type": "Feature",
      "geometry": {
        "type": "Point",
        "coordinates": [
          -74.1059625,
          40.6269365
        ]
      },
      "properties": {
        "event_id": "723532",
        "event_name": "2023 Hart Ave Block Party",
        "event_type": "Block Party",
        "event_agency": "Street Activity Permit Office",
        "event_location": "HART AVENUE between HARVEST AVENUE and MATTHEWS AVENUE",
        "event_borough": "Staten Island",
        "start_date": "2023-09-09T12:30:00.000",
        "end_date": "2023-09-09T21:00:00.000",
        "start_formatted": "September 09, 2023 12:30 PM",
        "end_formatted": "September 09, 2023 09:00 PM",
        "street_closure_type": "Full Street Closure",
        "community_board": "1,",
        "police_precinct": "120,"
      }
    },
    {
      "type": "Feature",
      "geometry": {
        "type": "Point",
        "coordinates": [
          -74.2439155,
          40.500383
        ]
      },
      "properties": {
        "event_id": "714612",
        "event_name": "Main Street",
        "event_type": "Block Party",
        "event_agency": "Street Activity Permit Office",
        "event_location": "MAIN STREET between CLERMONT AVENUE and BILLOP AVENUE",
        "event_borough": "Staten Island",
        "start_date": "2023-09-09T12:30:00.000",
        "end_date": "2023-09-09T20:00:00.000",
        "start_formatted": "September 09, 2023 12:30 PM",
        "end_formatted": "September 09, 2023 08:00 PM",
        "street_closure_type": "Full Street Closure",
        "community_board": "3,",
        "police_precinct": "123,"
      }
    },
    {
      "type": "Feature",
      "geometry": {
        "type": "Point",
        "coordinates": [
          -73.978972,
          40.656273
        ]
      },
      "properties": {
        "event_id": "727619",
        "event_name": "2023 17th St. block party",
        "event_type": "Block Party",
        "event_agency": "Street Activity Permit Office",
        "event_location": "17 STREET between 10 AVENUE and 11 AVENUE",
        "event_borough": "Brooklyn",
        "start_date": "2023-09-09T12:30:00.000",
        "end_date": "2023-09-09T19:30:00.000",
        "start_formatted": "September 09, 2023 12:30 PM",
        "end_formatted": "September 09, 2023 07:30 PM",
        "street_closure_type": "Full Street Closure",
        "community_board": "7,",
        "police_precinct": "72,"
      }
    },
    {
      "type": "Feature",
      "geometry": {
        "type": "Point",
        "coordinates": [
          -73.9831075,
          40.6710205
        ]
      },
      "properties": {
        "event_id": "717150",
        "event_name": "5th Street 300 Block Party Park Slope Brooklyn",
        "event_type": "Block Party",
        "event_agency": "Street Activity Permit Office",
        "event_location": "5 STREET between 5 AVENUE and 6 AVENUE",
        "event_borough": "Brooklyn",
        "start_date": "2023-09-09T12:30:00.000",
        "end_date": "2023-09-09T20:30:00.000",
        "start_formatted": "September 09, 2023 12:30 PM",
        "end_formatted": "September 09, 2023 08:30 PM",
        "street_closure_type": "Full Street Closure",
        "community_board": "6,",
        "police_precinct": "78,"
      }
    },
    {
      "type": "Feature",
      "geometry": {
        "type": "Point",
        "coordinates": [
          -74.00533250000001,
          40.617148
        ]
      },
      "properties": {
        "event_id": "716518",
        "event_name": "Block Party",
        "event_type": "Block Party",
        "event_agency": "Street Activity Permit Office",
        "event_location": "77 STREET between 14 AVENUE and 15 AVENUE",
        "event_borough": "Brooklyn",
        "start_date": "2023-09-09T12:30:00.000",
        "end_date": "2023-09-09T20:30:00.000",
        "start_formatted": "September 09, 2023 12:30 PM",
        "end_formatted": "September 09, 2023 08:30 PM",
        "street_closure_type": "Full Street Closure",
        "community_board": "11,",
        "police_precinct": "62,"
      }
    },
    {
      "type": "Feature",
      "geometry": {
        "type": "Point",
        "coordinates": [
          -73.91574449999999,
          40.651301000000004
        ]
      },
      "properties": {
        "event_id": "728307",
        "event_name": "92 nd street family fun day",
        "event_type": "Block Party",
        "event_agency": "Street Activity Permit Office",
        "event_location": "EAST   92 STREET between AVENUE A and AVENUE B",
        "event_borough": "Brooklyn",
        "start_date": "2023-09-09T12:30:00.000",
        "end_date": "2023-09-09T19:30:00.000",
        "start_formatted": "September 09, 2023 12:30 PM",
        "end_formatted": "September 09, 2023 07:30 PM",
        "street_closure_type": "Full Street Closure",
        "community_board": "17,",
        "police_precinct": "67,"
      }
    },
    {
      "type": "Feature",
      "geometry": {
        "type": "Point",
        "coordinates": [
          -73.955599,
          40.805403
        ]
      },
      "properties": {
        "event_id": "728872",
        "event_name": "117 Block Associaton",
        "event_type": "Block Party",
        "event_agency": "Street Activity Permit Office",
        "event_location": "WEST  117 STREET between FREDRICK DOUGLAS BOULEVARD and MANHATTAN AVENUE",
        "event_borough": "Manhattan",
        "start_date": "2023-09-09T12:30:00.000",
        "end_date": "2023-09-09T20:30:00.000",
        "start_formatted": "September 09, 2023 12:30 PM",
        "end_formatted": "September 09, 2023 08:30 PM",
        "street_closure_type": "Full Street Closure",
        "community_board": "10,",
        "police_precinct": "28,"
      }
    },
    {
      "type": "Feature",
      "geometry": {
        "type": "Point",
        "coordinates": [
          -73.87481299999999,
          40.6662805
        ]
      },
      "properties": {
        "event_id": "705793",
        "event_name": "xclusivesound",
        "event_type": "Block Party",
        "event_agency": "Street Activity Permit Office",
        "event_location": "MONTAUK AVENUE between LINDEN BOULEVARD and HEGEMAN AVENUE",
        "event_borough": "Brooklyn",
        "start_date": "2023-09-09T12:30:00.000",
        "end_date": "2023-09-09T18:00:00.000",
        "start_formatted": "September 09, 2023 12:30 PM",
        "end_formatted": "September 09, 2023 06:00 PM",
        "street_closure_type": "Full Street Closure",
        "community_board": "5,",
        "police_precinct": "75,"
      }
    },
    {
      "type": "Feature",
      "geometry": {
        "type": "Point",
        "coordinates": [
          -73.93617850000001,
          40.6811305
        ]
      },
      "properties": {
        "event_id": "721291",
        "event_name": "Fun with 3rd Decatur Street Block Association",
        "event_type": "Block Party",
        "event_agency": "Street Activity Permit Office",
        "event_location": "DECATUR STREET between MARCUS GARVEY BOULEVARD and LEWIS AVENUE",
        "event_borough": "Brooklyn",
        "start_date": "2023-09-09T12:30:00.000",
        "end_date": "2023-09-09T20:30:00.000",
        "start_formatted": "September 09, 2023 12:30 PM",
        "end_formatted": "September 09, 2023 08:30 PM",
        "street_closure_type": "Sidewalk and Street Closure",
        "community_board": "3,",
        "police_precinct": "81,"
      }
    },
    {
      "type": "Feature",
      "geometry": {
        "type": "Point",
        "coordinates": [
          -74.1360255,
          40.616494
        ]
      },
      "properties": {
        "event_id": "729022",
        "event_name": "Neal dow block party",
        "event_type": "Block Party",
        "event_agency": "Street Activity Permit Office",
        "event_location": "NEAL DOW AVENUE between WATERS AVENUE and WATCHOGUE ROAD",
        "event_borough": "Staten Island",
        "start_date": "2023-09-09T12:00:00.000",
        "end_date": "2023-09-09T21:00:00.000",
        "start_formatted": "September 09, 2023 12:00 PM",
        "end_formatted": "September 09, 2023 09:00 PM",
        "street_closure_type": "Full Street Closure",
        "community_board": "1,",
        "police_precinct": "121,"
      }
    },
    {
      "type": "Feature",
      "geometry": {
        "type": "Point",
        "coordinates": [
          -73.9278735,
          40.607777999999996
        ]
      },
      "properties": {
        "event_id": "696133",
        "event_name": "37 Street Block Party",
        "event_type": "Block Party",
        "event_agency": "Street Activity Permit Office",
        "event_location": "EAST   37 STREET between AVENUE T and AVENUE U",
        "event_borough": "Brooklyn",
        "start_date": "2023-09-09T12:00:00.000",
        "end_date": "2023-09-09T20:00:00.000",
        "start_formatted": "September 09, 2023 12:00 PM",
        "end_formatted": "September 09, 2023 08:00 PM",
        "street_closure_type": "Full Street Closure",
        "community_board": "18,",
        "police_precinct": "63,"
      }
    },
    {
      "type": "Feature",
      "geometry": {
        "type": "Point",
        "coordinates": [
          -73.9854675,
          40.683966
        ]
      },
      "properties": {
        "event_id": "728747",
        "event_name": "WYBBAN block Assoc. Block Party",
        "event_type": "Block Party",
        "event_agency": "Street Activity Permit Office",
        "event_location": "WYCKOFF STREET between BOND STREET and NEVINS STREET",
        "event_borough": "Brooklyn",
        "start_date": "2023-09-09T12:00:00.000",
        "end_date": "2023-09-09T20:00:00.000",
        "start_formatted": "September 09, 2023 12:00 PM",
        "end_formatted": "September 09, 2023 08:00 PM",
        "street_closure_type": "Full Street Closure",
        "community_board": "2,",
        "police_precinct": "84,"
      }
    },
    {
      "type": "Feature",
      "geometry": {
        "type": "Point",
        "coordinates": [
          -73.9579985,
          40.6549445
        ]
      },
      "properties": {
        "event_id": "724710",
        "event_name": "Clarkson Avenue Block Party",
        "event_type": "Block Party",
        "event_agency": "Street Activity Permit Office",
        "event_location": "CLARKSON AVENUE between FLATBUSH AVENUE and BEDFORD AVENUE",
        "event_borough": "Brooklyn",
        "start_date": "2023-09-09T12:00:00.000",
        "end_date": "2023-09-09T19:00:00.000",
        "start_formatted": "September 09, 2023 12:00 PM",
        "end_formatted": "September 09, 2023 07:00 PM",
        "street_closure_type": "Full Street Closure",
        "community_board": "14, 9,",
        "police_precinct": "70, 71,"
      }
    },
    {
      "type": "Feature",
      "geometry": {
        "type": "Point",
        "coordinates": [
          -73.9758465,
          40.688411
        ]
      },
      "properties": {
        "event_id": "705408",
        "event_name": "The 20th Annual South Elliot Place Block Party",
        "event_type": "Block Party",
        "event_agency": "Street Activity Permit Office",
        "event_location": "SOUTH ELLIOTT PLACE between DEKALB AVENUE and LAFAYETTE AVENUE",
        "event_borough": "Brooklyn",
        "start_date": "2023-09-09T12:00:00.000",
        "end_date": "2023-09-09T20:00:00.000",
        "start_formatted": "September 09, 2023 12:00 PM",
        "end_formatted": "September 09, 2023 08:00 PM",
        "street_closure_type": "Full Street Closure",
        "community_board": "2,",
        "police_precinct": "88,"
      }
    },
    {
      "type": "Feature",
      "geometry": {
        "type": "Point",
        "coordinates": [
          -74.00562,
          40.651388
        ]
      },
      "properties": {
        "event_id": "724855",
        "event_name": "September Block Party",
        "event_type": "Block Party",
        "event_agency": "Street Activity Permit Office",
        "event_location": "40 STREET between 4 AVENUE and 5 AVENUE",
        "event_borough": "Brooklyn",
        "start_date": "2023-09-09T12:00:00.000",
        "end_date": "2023-09-09T20:00:00.000",
        "start_formatted": "September 09, 2023 12:00 PM",
        "end_formatted": "September 09, 2023 08:00 PM",
        "street_closure_type": "Full Street Closure",
        "community_board": "7,",
        "police_precinct": "72,"
      }
    },
    {
      "type": "Feature",
      "geometry": {
        "type": "Point",
        "coordinates": [
          -73.93844949999999,
          40.61498
        ]
      },
      "properties": {
        "event_id": "717520",
        "event_name": "Block party",
        "event_type": "Block Party",
        "event_agency": "Street Activity Permit Office",
        "event_location": "EAST   35 STREET between AVENUE P and QUENTIN ROAD",
        "event_borough": "Brooklyn",
        "start_date": "2023-09-09T12:00:00.000",
        "end_date": "2023-09-09T20:00:00.000",
        "start_formatted": "September 09, 2023 12:00 PM",
        "end_formatted": "September 09, 2023 08:00 PM",
        "street_closure_type": "Full Street Closure",
        "community_board": "18,",
        "police_precinct": "63,"
      }
    },
    {
      "type": "Feature",
      "geometry": {
        "type": "Point",
        "coordinates": [
          -74.0277575,
          40.6351195
        ]
      },
      "properties": {
        "event_id": "727688",
        "event_name": "Ovington Avenue 200 Block Party",
        "event_type": "Block Party",
        "event_agency": "Street Activity Permit Office",
        "event_location": "OVINGTON AVENUE between 3 AVENUE and RIDGE BOULEVARD",
        "event_borough": "Brooklyn",
        "start_date": "2023-09-09T12:00:00.000",
        "end_date": "2023-09-09T21:00:00.000",
        "start_formatted": "September 09, 2023 12:00 PM",
        "end_formatted": "September 09, 2023 09:00 PM",
        "street_closure_type": "Sidewalk and Street Closure",
        "community_board": "10,",
        "police_precinct": "68,"
      }
    },
    {
      "type": "Feature",
      "geometry": {
        "type": "Point",
        "coordinates": [
          -73.8455805,
          40.662664
        ]
      },
      "properties": {
        "event_id": "716556",
        "event_name": "88th st Block Party",
        "event_type": "Block Party",
        "event_agency": "Street Activity Permit Office",
        "event_location": "88 STREET between 156 AVENUE and 157 AVENUE",
        "event_borough": "Queens",
        "start_date": "2023-09-09T12:00:00.000",
        "end_date": "2023-09-09T21:00:00.000",
        "start_formatted": "September 09, 2023 12:00 PM",
        "end_formatted": "September 09, 2023 09:00 PM",
        "street_closure_type": "Full Street Closure",
        "community_board": "10,",
        "police_precinct": "106,"
      }
    },
    {
      "type": "Feature",
      "geometry": {
        "type": "Point",
        "coordinates": [
          -73.982056,
          40.660365999999996
        ]
      },
      "properties": {
        "event_id": "719616",
        "event_name": "Windsor Place 8-PPW Block Party",
        "event_type": "Block Party",
        "event_agency": "Street Activity Permit Office",
        "event_location": "WINDSOR PLACE between 8 AVENUE and PROSPECT PARK WEST",
        "event_borough": "Brooklyn",
        "start_date": "2023-09-09T12:00:00.000",
        "end_date": "2023-09-09T20:30:00.000",
        "start_formatted": "September 09, 2023 12:00 PM",
        "end_formatted": "September 09, 2023 08:30 PM",
        "street_closure_type": "Full Street Closure",
        "community_board": "7,",
        "police_precinct": "72,"
      }
    },
    {
      "type": "Feature",
      "geometry": {
        "type": "Point",
        "coordinates": [
          -73.8951975,
          40.8336195
        ]
      },
      "properties": {
        "event_id": "727501",
        "event_name": "YES",
        "event_type": "Block Party",
        "event_agency": "Street Activity Permit Office",
        "event_location": "BRISTOW STREET between BOSTON ROAD and EAST  170 STREET",
        "event_borough": "Bronx",
        "start_date": "2023-09-09T12:00:00.000",
        "end_date": "2023-09-09T16:00:00.000",
        "start_formatted": "September 09, 2023 12:00 PM",
        "end_formatted": "September 09, 2023 04:00 PM",
        "street_closure_type": "Full Street Closure",
        "community_board": "3,",
        "police_precinct": "42,"
      }
    },
    {
      "type": "Feature",
      "geometry": {
        "type": "Point",
        "coordinates": [
          -73.969274,
          40.68522299999999
        ]
      },
      "properties": {
        "event_id": "726099",
        "event_name": "Clermont Avenue Annual Block Party",
        "event_type": "Block Party",
        "event_agency": "Street Activity Permit Office",
        "event_location": "CLERMONT AVENUE between FULTON STREET and GREENE AVENUE",
        "event_borough": "Brooklyn",
        "start_date": "2023-09-09T12:00:00.000",
        "end_date": "2023-09-09T21:00:00.000",
        "start_formatted": "September 09, 2023 12:00 PM",
        "end_formatted": "September 09, 2023 09:00 PM",
        "street_closure_type": "Full Street Closure",
        "community_board": "2,",
        "police_precinct": "88,"
      }
    },
    {
      "type": "Feature",
      "geometry": {
        "type": "Point",
        "coordinates": [
          -73.9966465,
          40.687698499999996
        ]
      },
      "properties": {
        "event_id": "726985",
        "event_name": "Warren Street Block Party",
        "event_type": "Block Party",
        "event_agency": "Street Activity Permit Office",
        "event_location": "WARREN STREET between CLINTON STREET and HENRY STREET",
        "event_borough": "Brooklyn",
        "start_date": "2023-09-09T12:00:00.000",
        "end_date": "2023-09-09T20:00:00.000",
        "start_formatted": "September 09, 2023 12:00 PM",
        "end_formatted": "September 09, 2023 08:00 PM",
        "street_closure_type": "Full Street Closure",
        "community_board": "6,",
        "police_precinct": "76,"
      }
    },
    {
      "type": "Feature",
      "geometry": {
        "type": "Point",
        "coordinates": [
          -73.921906,
          40.7365905
        ]
      },
      "properties": {
        "event_id": "726699",
        "event_name": "277Q Fam Fest",
        "event_type": "Block Party",
        "event_agency": "Street Activity Permit Office",
        "event_location": "44 STREET between LAUREL HILL BOULEVARD and 50 AVENUE",
        "event_borough": "Queens",
        "start_date": "2023-09-09T12:00:00.000",
        "end_date": "2023-09-09T15:00:00.000",
        "start_formatted": "September 09, 2023 12:00 PM",
        "end_formatted": "September 09, 2023 03:00 PM",
        "street_closure_type": "Full Street Closure",
        "community_board": "2,",
        "police_precinct": "108,"
      }
    },
    {
      "type": "Feature",
      "geometry": {
        "type": "Point",
        "coordinates": [
          -73.927943,
          40.6133515
        ]
      },
      "properties": {
        "event_id": "710427",
        "event_name": "Hendrickson Street Block Party",
        "event_type": "Block Party",
        "event_agency": "Street Activity Permit Office",
        "event_location": "HENDRICKSON STREET between FILLMORE AVENUE and AVENUE S",
        "event_borough": "Brooklyn",
        "start_date": "2023-09-09T12:00:00.000",
        "end_date": "2023-09-09T19:30:00.000",
        "start_formatted": "September 09, 2023 12:00 PM",
        "end_formatted": "September 09, 2023 07:30 PM",
        "street_closure_type": "Full Street Closure",
        "community_board": "18,",
        "police_precinct": "63,"
      }
    },
    {
      "type": "Feature",
      "geometry": {
        "type": "Point",
        "coordinates": [
          -73.9906955,
          40.6587975
        ]
      },
      "properties": {
        "event_id": "703720",
        "event_name": "22nd Street Block party - 2023",
        "event_type": "Block Party",
        "event_agency": "Street Activity Permit Office",
        "event_location": "22 STREET between 6 AVENUE and 7 AVENUE",
        "event_borough": "Brooklyn",
        "start_date": "2023-09-09T12:00:00.000",
        "end_date": "2023-09-09T20:00:00.000",
        "start_formatted": "September 09, 2023 12:00 PM",
        "end_formatted": "September 09, 2023 08:00 PM",
        "street_closure_type": "Full Street Closure",
        "community_board": "7,",
        "police_precinct": "72,"
      }
    },
    {
      "type": "Feature",
      "geometry": {
        "type": "Point",
        "coordinates": [
          -73.9356185,
          40.8168635
        ]
      },
      "properties": {
        "event_id": "715207",
        "event_name": "G.R.A.C.E INC community block party",
        "event_type": "Block Party",
        "event_agency": "Street Activity Permit Office",
        "event_location": "WEST  141 STREET between 5 AVENUE and CHISUM PLACE",
        "event_borough": "Manhattan",
        "start_date": "2023-09-09T12:00:00.000",
        "end_date": "2023-09-09T18:00:00.000",
        "start_formatted": "September 09, 2023 12:00 PM",
        "end_formatted": "September 09, 2023 06:00 PM",
        "street_closure_type": "Full Street Closure",
        "community_board": "10,",
        "police_precinct": "32,"
      }
    },
    {
      "type": "Feature",
      "geometry": {
        "type": "Point",
        "coordinates": [
          -73.99433400000001,
          40.678981
        ]
      },
      "properties": {
        "event_id": "695953",
        "event_name": "2nd Street Block Party Smith  Hoyt",
        "event_type": "Block Party",
        "event_agency": "Street Activity Permit Office",
        "event_location": "2 STREET between HOYT STREET and SMITH STREET",
        "event_borough": "Brooklyn",
        "start_date": "2023-09-09T12:00:00.000",
        "end_date": "2023-09-09T21:00:00.000",
        "start_formatted": "September 09, 2023 12:00 PM",
        "end_formatted": "September 09, 2023 09:00 PM",
        "street_closure_type": "Full Street Closure",
        "community_board": "6,",
        "police_precinct": "76,"
      }
    },
    {
      "type": "Feature",
      "geometry": {
        "type": "Point",
        "coordinates": [
          -73.948774,
          40.805813
        ]
      },
      "properties": {
        "event_id": "700026",
        "event_name": "Block Party 2023",
        "event_type": "Block Party",
        "event_agency": "Street Activity Permit Office",
        "event_location": "WEST  121 STREET between MALCOLM X BOULEVARD and ADAM CLAYTON POWELL JR BOULEVARD",
        "event_borough": "Manhattan",
        "start_date": "2023-09-09T12:00:00.000",
        "end_date": "2023-09-09T15:30:00.000",
        "start_formatted": "September 09, 2023 12:00 PM",
        "end_formatted": "September 09, 2023 03:30 PM",
        "street_closure_type": "Full Street Closure",
        "community_board": "10,",
        "police_precinct": "28,"
      }
    },
    {
      "type": "Feature",
      "geometry": {
        "type": "Point",
        "coordinates": [
          -73.9776605,
          40.6497255
        ]
      },
      "properties": {
        "event_id": "716474",
        "event_name": "Block Party",
        "event_type": "Block Party",
        "event_agency": "Street Activity Permit Office",
        "event_location": "EAST    4 STREET between GREENWOOD AVENUE and FORT HAMILTON AVENUE",
        "event_borough": "Brooklyn",
        "start_date": "2023-09-09T12:00:00.000",
        "end_date": "2023-09-09T20:00:00.000",
        "start_formatted": "September 09, 2023 12:00 PM",
        "end_formatted": "September 09, 2023 08:00 PM",
        "street_closure_type": "Full Street Closure",
        "community_board": "7,",
        "police_precinct": "72,"
      }
    },
    {
      "type": "Feature",
      "geometry": {
        "type": "Point",
        "coordinates": [
          -73.991928,
          40.6785515
        ]
      },
      "properties": {
        "event_id": "728341",
        "event_name": "12th Annual First Street Block Party",
        "event_type": "Block Party",
        "event_agency": "Street Activity Permit Office",
        "event_location": "1 STREET between HOYT STREET and BOND STREET",
        "event_borough": "Brooklyn",
        "start_date": "2023-09-09T12:00:00.000",
        "end_date": "2023-09-09T19:00:00.000",
        "start_formatted": "September 09, 2023 12:00 PM",
        "end_formatted": "September 09, 2023 07:00 PM",
        "street_closure_type": "Full Street Closure",
        "community_board": "6,",
        "police_precinct": "76,"
      }
    },
    {
      "type": "Feature",
      "geometry": {
        "type": "Point",
        "coordinates": [
          -73.92715749999999,
          40.6082345
        ]
      },
      "properties": {
        "event_id": "727408",
        "event_name": "E 38th Street Annual Block Party",
        "event_type": "Block Party",
        "event_agency": "Street Activity Permit Office",
        "event_location": "EAST   38 STREET between AVENUE U and AVENUE T",
        "event_borough": "Brooklyn",
        "start_date": "2023-09-09T12:00:00.000",
        "end_date": "2023-09-09T21:00:00.000",
        "start_formatted": "September 09, 2023 12:00 PM",
        "end_formatted": "September 09, 2023 09:00 PM",
        "street_closure_type": "Full Street Closure",
        "community_board": "18,",
        "police_precinct": "63,"
      }
    },
    {
      "type": "Feature",
      "geometry": {
        "type": "Point",
        "coordinates": [
          -73.9804015,
          40.666326
        ]
      },
      "properties": {
        "event_id": "724885",
        "event_name": "9th Street Block Party",
        "event_type": "Block Party",
        "event_agency": "Street Activity Permit Office",
        "event_location": "9 STREET between 7 AVENUE and 8 AVENUE",
        "event_borough": "Brooklyn",
        "start_date": "2023-09-09T12:00:00.000",
        "end_date": "2023-09-09T20:00:00.000",
        "start_formatted": "September 09, 2023 12:00 PM",
        "end_formatted": "September 09, 2023 08:00 PM",
        "street_closure_type": "Full Street Closure",
        "community_board": "6,",
        "police_precinct": "78,"
      }
    },
    {
      "type": "Feature",
      "geometry": {
        "type": "Point",
        "coordinates": [
          -74.15345500000001,
          40.547362
        ]
      },
      "properties": {
        "event_id": "727069",
        "event_name": "block party",
        "event_type": "Block Party",
        "event_agency": "Street Activity Permit Office",
        "event_location": "MONTVALE PLACE between BETH PLACE and OAKDALE STREET",
        "event_borough": "Staten Island",
        "start_date": "2023-09-09T12:00:00.000",
        "end_date": "2023-09-09T21:00:00.000",
        "start_formatted": "September 09, 2023 12:00 PM",
        "end_formatted": "September 09, 2023 09:00 PM",
        "street_closure_type": "Full Street Closure",
        "community_board": "3,",
        "police_precinct": "122,"
      }
    },
    {
      "type": "Feature",
      "geometry": {
        "type": "Point",
        "coordinates": [
          -74.1140785,
          40.571019
        ]
      },
      "properties": {
        "event_id": "726635",
        "event_name": "Rose Ave Block Party",
        "event_type": "Block Party",
        "event_agency": "Street Activity Permit Office",
        "event_location": "ROSE AVENUE between CLAWSON STREET and TENTH STREET",
        "event_borough": "Staten Island",
        "start_date": "2023-09-09T12:00:00.000",
        "end_date": "2023-09-09T21:00:00.000",
        "start_formatted": "September 09, 2023 12:00 PM",
        "end_formatted": "September 09, 2023 09:00 PM",
        "street_closure_type": "Full Street Closure",
        "community_board": "2,",
        "police_precinct": "122,"
      }
    },
    {
      "type": "Feature",
      "geometry": {
        "type": "Point",
        "coordinates": [
          -74.0335415,
          40.6210035
        ]
      },
      "properties": {
        "event_id": "727517",
        "event_name": "90th Street-21st Annual Block Party",
        "event_type": "Block Party",
        "event_agency": "Street Activity Permit Office",
        "event_location": "90 STREET between RIDGE BOULEVARD and 3 AVENUE",
        "event_borough": "Brooklyn",
        "start_date": "2023-09-09T12:00:00.000",
        "end_date": "2023-09-09T21:00:00.000",
        "start_formatted": "September 09, 2023 12:00 PM",
        "end_formatted": "September 09, 2023 09:00 PM",
        "street_closure_type": "Full Street Closure",
        "community_board": "10,",
        "police_precinct": "68,"
      }
    },
    {
      "type": "Feature",
      "geometry": {
        "type": "Point",
        "coordinates": [
          -73.978916,
          40.651335
        ]
      },
      "properties": {
        "event_id": "706102",
        "event_name": "E. 3rd St., Bloc party",
        "event_type": "Block Party",
        "event_agency": "Street Activity Permit Office",
        "event_location": "EAST    3 STREET between GREENWOOD AVENUE and VANDERBILT STREET",
        "event_borough": "Brooklyn",
        "start_date": "2023-09-09T12:00:00.000",
        "end_date": "2023-09-09T19:00:00.000",
        "start_formatted": "September 09, 2023 12:00 PM",
        "end_formatted": "September 09, 2023 07:00 PM",
        "street_closure_type": "Full Street Closure",
        "community_board": "7,",
        "police_precinct": "72,"
      }
    },
    {
      "type": "Feature",
      "geometry": {
        "type": "Point",
        "coordinates": [
          -74.021063,
          40.629746499999996
        ]
      },
      "properties": {
        "event_id": "720135",
        "event_name": "74th Street Annual Block Party",
        "event_type": "Block Party",
        "event_agency": "Street Activity Permit Office",
        "event_location": "74 STREET between 5 AVENUE and 6 AVENUE",
        "event_borough": "Brooklyn",
        "start_date": "2023-09-09T12:00:00.000",
        "end_date": "2023-09-09T20:00:00.000",
        "start_formatted": "September 09, 2023 12:00 PM",
        "end_formatted": "September 09, 2023 08:00 PM",
        "street_closure_type": "Full Street Closure",
        "community_board": "10,",
        "police_precinct": "68,"
      }
    },
    {
      "type": "Feature",
      "geometry": {
        "type": "Point",
        "coordinates": [
          -74.0197795,
          40.626785999999996
        ]
      },
      "properties": {
        "event_id": "722026",
        "event_name": "76th Street Block Party",
        "event_type": "Block Party",
        "event_agency": "Street Activity Permit Office",
        "event_location": "76 STREET between 7 AVENUE and 6 AVENUE",
        "event_borough": "Brooklyn",
        "start_date": "2023-09-09T12:00:00.000",
        "end_date": "2023-09-09T21:00:00.000",
        "start_formatted": "September 09, 2023 12:00 PM",
        "end_formatted": "September 09, 2023 09:00 PM",
        "street_closure_type": "Full Street Closure",
        "community_board": "10,",
        "police_precinct": "68,"
      }
    },
    {
      "type": "Feature",
      "geometry": {
        "type": "Point",
        "coordinates": [
          -74.022076,
          40.6272575
        ]
      },
      "properties": {
        "event_id": "727670",
        "event_name": "77th Street Block Association Annual Block Party",
        "event_type": "Block Party",
        "event_agency": "Street Activity Permit Office",
        "event_location": "77 STREET between 5 AVENUE and 6 AVENUE",
        "event_borough": "Brooklyn",
        "start_date": "2023-09-09T12:00:00.000",
        "end_date": "2023-09-09T19:00:00.000",
        "start_formatted": "September 09, 2023 12:00 PM",
        "end_formatted": "September 09, 2023 07:00 PM",
        "street_closure_type": "Full Street Closure",
        "community_board": "10,",
        "police_precinct": "68,"
      }
    },
    {
      "type": "Feature",
      "geometry": {
        "type": "Point",
        "coordinates": [
          -73.9589065,
          40.661849000000004
        ]
      },
      "properties": {
        "event_id": "726305",
        "event_name": "Community Block Party",
        "event_type": "Block Party",
        "event_agency": "Street Activity Permit Office",
        "event_location": "LEFFERTS AVENUE between WASHINGTON AVENUE and BEDFORD AVENUE",
        "event_borough": "Brooklyn",
        "start_date": "2023-09-09T12:00:00.000",
        "end_date": "2023-09-09T19:00:00.000",
        "start_formatted": "September 09, 2023 12:00 PM",
        "end_formatted": "September 09, 2023 07:00 PM",
        "street_closure_type": "Full Street Closure",
        "community_board": "9,",
        "police_precinct": "71,"
      }
    },
    {
      "type": "Feature",
      "geometry": {
        "type": "Point",
        "coordinates": [
          -73.9794245,
          40.649034
        ]
      },
      "properties": {
        "event_id": "704346",
        "event_name": "East 2 St. Block Party",
        "event_type": "Block Party",
        "event_agency": "Street Activity Permit Office",
        "event_location": "EAST    2 STREET between GREENWOOD AVENUE and FT HAMILTON PARKWAY",
        "event_borough": "Brooklyn",
        "start_date": "2023-09-09T12:00:00.000",
        "end_date": "2023-09-09T20:00:00.000",
        "start_formatted": "September 09, 2023 12:00 PM",
        "end_formatted": "September 09, 2023 08:00 PM",
        "street_closure_type": "Full Street Closure",
        "community_board": "7,",
        "police_precinct": "72,"
      }
    },
    {
      "type": "Feature",
      "geometry": {
        "type": "Point",
        "coordinates": [
          -73.9207815,
          40.6991545
        ]
      },
      "properties": {
        "event_id": "723762",
        "event_name": "Himrod Block Party",
        "event_type": "Block Party",
        "event_agency": "Street Activity Permit Office",
        "event_location": "HIMROD STREET between MYRTLE AVENUE and KNICKER BOCKER AVENUE",
        "event_borough": "Brooklyn",
        "start_date": "2023-09-09T12:00:00.000",
        "end_date": "2023-09-09T19:00:00.000",
        "start_formatted": "September 09, 2023 12:00 PM",
        "end_formatted": "September 09, 2023 07:00 PM",
        "street_closure_type": "Sidewalk and Street Closure",
        "community_board": "4,",
        "police_precinct": "83,"
      }
    },
    {
      "type": "Feature",
      "geometry": {
        "type": "Point",
        "coordinates": [
          -73.97733500000001,
          40.658086
        ]
      },
      "properties": {
        "event_id": "702991",
        "event_name": "Annual Windsor Place Block Party",
        "event_type": "Block Party",
        "event_agency": "Street Activity Permit Office",
        "event_location": "WINDSOR PLACE between 10 AVENUE and 11 AVENUE",
        "event_borough": "Brooklyn",
        "start_date": "2023-09-09T12:00:00.000",
        "end_date": "2023-09-09T20:00:00.000",
        "start_formatted": "September 09, 2023 12:00 PM",
        "end_formatted": "September 09, 2023 08:00 PM",
        "street_closure_type": "Full Street Closure",
        "community_board": "7,",
        "police_precinct": "72,"
      }
    },
    {
      "type": "Feature",
      "geometry": {
        "type": "Point",
        "coordinates": [
          -73.7766135,
          40.687387
        ]
      },
      "properties": {
        "event_id": "723239",
        "event_name": "171st Street Block Association",
        "event_type": "Block Party",
        "event_agency": "Street Activity Permit Office",
        "event_location": "171 STREET between 116 AVENUE and FOCH BOULEVARD",
        "event_borough": "Queens",
        "start_date": "2023-09-09T12:00:00.000",
        "end_date": "2023-09-09T17:00:00.000",
        "start_formatted": "September 09, 2023 12:00 PM",
        "end_formatted": "September 09, 2023 05:00 PM",
        "street_closure_type": "Full Street Closure",
        "community_board": "12,",
        "police_precinct": "113,"
      }
    },
    {
      "type": "Feature",
      "geometry": {
        "type": "Point",
        "coordinates": [
          -73.95124799999999,
          40.706939000000006
        ]
      },
      "properties": {
        "event_id": "718497",
        "event_name": "South 5th Tenant Association Annual Block Party",
        "event_type": "Block Party",
        "event_agency": "Street Activity Permit Office",
        "event_location": "SOUTH    5 STREET between HEWES STREET and UNION AVENUE",
        "event_borough": "Brooklyn",
        "start_date": "2023-09-09T12:00:00.000",
        "end_date": "2023-09-09T16:00:00.000",
        "start_formatted": "September 09, 2023 12:00 PM",
        "end_formatted": "September 09, 2023 04:00 PM",
        "street_closure_type": "Full Street Closure",
        "community_board": "1,",
        "police_precinct": "90,"
      }
    },
    {
      "type": "Feature",
      "geometry": {
        "type": "Point",
        "coordinates": [
          -74.0021285,
          40.654749
        ]
      },
      "properties": {
        "event_id": "714978",
        "event_name": "34th Street Block Party",
        "event_type": "Block Party",
        "event_agency": "Street Activity Permit Office",
        "event_location": "34 STREET between 4 AVENUE and 5 AVENUE",
        "event_borough": "Brooklyn",
        "start_date": "2023-09-09T12:00:00.000",
        "end_date": "2023-09-09T21:00:00.000",
        "start_formatted": "September 09, 2023 12:00 PM",
        "end_formatted": "September 09, 2023 09:00 PM",
        "street_closure_type": "Full Street Closure",
        "community_board": "7,",
        "police_precinct": "72,"
      }
    },
    {
      "type": "Feature",
      "geometry": {
        "type": "Point",
        "coordinates": [
          -73.92740749999999,
          40.682139500000005
        ]
      },
      "properties": {
        "event_id": "723805",
        "event_name": "368A-429 Decatur Street Block Association Block Party",
        "event_type": "Block Party",
        "event_agency": "Street Activity Permit Office",
        "event_location": "DECATUR STREET between MALCOLM X BOULEVARD and PATCHEN AVENUE",
        "event_borough": "Brooklyn",
        "start_date": "2023-09-09T12:00:00.000",
        "end_date": "2023-09-09T20:00:00.000",
        "start_formatted": "September 09, 2023 12:00 PM",
        "end_formatted": "September 09, 2023 08:00 PM",
        "street_closure_type": "Sidewalk and Street Closure",
        "community_board": "3,",
        "police_precinct": "81,"
      }
    },
    {
      "type": "Feature",
      "geometry": {
        "type": "Point",
        "coordinates": [
          -73.8404625,
          40.7824625
        ]
      },
      "properties": {
        "event_id": "728910",
        "event_name": "Summer Festival",
        "event_type": "Block Party",
        "event_agency": "Street Activity Permit Office",
        "event_location": "128 STREET between 20 AVENUE and 18 AVENUE",
        "event_borough": "Queens",
        "start_date": "2023-09-09T12:00:00.000",
        "end_date": "2023-09-09T18:30:00.000",
        "start_formatted": "September 09, 2023 12:00 PM",
        "end_formatted": "September 09, 2023 06:30 PM",
        "street_closure_type": "Full Street Closure",
        "community_board": "7,",
        "police_precinct": "109,"
      }
    },
    {
      "type": "Feature",
      "geometry": {
        "type": "Point",
        "coordinates": [
          -73.9284275,
          40.687269
        ]
      },
      "properties": {
        "event_id": "718206",
        "event_name": "700 Madison Annual",
        "event_type": "Block Party",
        "event_agency": "Street Activity Permit Office",
        "event_location": "MADISON STREET between MALCOLM X BOULEVARD and PATCHEN AVENUE",
        "event_borough": "Brooklyn",
        "start_date": "2023-09-09T12:00:00.000",
        "end_date": "2023-09-09T19:00:00.000",
        "start_formatted": "September 09, 2023 12:00 PM",
        "end_formatted": "September 09, 2023 07:00 PM",
        "street_closure_type": "Full Street Closure",
        "community_board": "3,",
        "police_precinct": "81,"
      }
    },
    {
      "type": "Feature",
      "geometry": {
        "type": "Point",
        "coordinates": [
          -73.73967250000001,
          40.768007
        ]
      },
      "properties": {
        "event_id": "724317",
        "event_name": "248th Street Block Party",
        "event_type": "Block Party",
        "event_agency": "Street Activity Permit Office",
        "event_location": "248 STREET between 43 AVENUE and NORTHERN BOULEVARD",
        "event_borough": "Queens",
        "start_date": "2023-09-09T12:00:00.000",
        "end_date": "2023-09-09T20:00:00.000",
        "start_formatted": "September 09, 2023 12:00 PM",
        "end_formatted": "September 09, 2023 08:00 PM",
        "street_closure_type": "Full Street Closure",
        "community_board": "11,",
        "police_precinct": "111,"
      }
    },
    {
      "type": "Feature",
      "geometry": {
        "type": "Point",
        "coordinates": [
          -73.9913755,
          40.6691025
        ]
      },
      "properties": {
        "event_id": "728585",
        "event_name": "12th Street Block Party",
        "event_type": "Block Party",
        "event_agency": "Street Activity Permit Office",
        "event_location": "12 STREET between 3 AVENUE and 4 AVENUE",
        "event_borough": "Brooklyn",
        "start_date": "2023-09-09T12:00:00.000",
        "end_date": "2023-09-09T20:00:00.000",
        "start_formatted": "September 09, 2023 12:00 PM",
        "end_formatted": "September 09, 2023 08:00 PM",
        "street_closure_type": "Full Street Closure",
        "community_board": "6,",
        "police_precinct": "78,"
      }
    },
    {
      "type": "Feature",
      "geometry": {
        "type": "Point",
        "coordinates": [
          -73.745547,
          40.697075999999996
        ]
      },
      "properties": {
        "event_id": "729551",
        "event_name": "Whos True Podcast",
        "event_type": "Block Party",
        "event_agency": "Street Activity Permit Office",
        "event_location": "207 STREET between 116 AVENUE and LINDEN BOULEVARD",
        "event_borough": "Queens",
        "start_date": "2023-09-09T12:00:00.000",
        "end_date": "2023-09-09T20:00:00.000",
        "start_formatted": "September 09, 2023 12:00 PM",
        "end_formatted": "September 09, 2023 08:00 PM",
        "street_closure_type": "Full Street Closure",
        "community_board": "13,",
        "police_precinct": "105,"
      }
    },
    {
      "type": "Feature",
      "geometry": {
        "type": "Point",
        "coordinates": [
          -73.980861,
          40.654625
        ]
      },
      "properties": {
        "event_id": "726210",
        "event_name": "20th Street Block Party",
        "event_type": "Block Party",
        "event_agency": "Street Activity Permit Office",
        "event_location": "20 STREET between 10 AVENUE and TERRACE PLACE",
        "event_borough": "Brooklyn",
        "start_date": "2023-09-09T12:00:00.000",
        "end_date": "2023-09-09T20:00:00.000",
        "start_formatted": "September 09, 2023 12:00 PM",
        "end_formatted": "September 09, 2023 08:00 PM",
        "street_closure_type": "Full Street Closure",
        "community_board": "7,",
        "police_precinct": "72,"
      }
    },
    {
      "type": "Feature",
      "geometry": {
        "type": "Point",
        "coordinates": [
          -73.8931735,
          40.6605365
        ]
      },
      "properties": {
        "event_id": "702043",
        "event_name": "SHEFFIELD AVE BLOCK ASSOCIATION",
        "event_type": "Block Party",
        "event_agency": "Street Activity Permit Office",
        "event_location": "SHEFFIELD AVENUE between NEW LOTS AVENUE and HEGEMAN AVENUE",
        "event_borough": "Brooklyn",
        "start_date": "2023-09-09T12:00:00.000",
        "end_date": "2023-09-09T18:00:00.000",
        "start_formatted": "September 09, 2023 12:00 PM",
        "end_formatted": "September 09, 2023 06:00 PM",
        "street_closure_type": "Full Street Closure",
        "community_board": "5,",
        "police_precinct": "75,"
      }
    },
    {
      "type": "Feature",
      "geometry": {
        "type": "Point",
        "coordinates": [
          -73.881238,
          40.72613
        ]
      },
      "properties": {
        "event_id": "722785",
        "event_name": "79 Street Block Party",
        "event_type": "Block Party",
        "event_agency": "Street Activity Permit Office",
        "event_location": "79 STREET between CALDWELL AVENUE and 58 AVENUE",
        "event_borough": "Queens",
        "start_date": "2023-09-09T12:00:00.000",
        "end_date": "2023-09-09T21:00:00.000",
        "start_formatted": "September 09, 2023 12:00 PM",
        "end_formatted": "September 09, 2023 09:00 PM",
        "street_closure_type": "Full Street Closure",
        "community_board": "5,",
        "police_precinct": "104,"
      }
    },
    {
      "type": "Feature",
      "geometry": {
        "type": "Point",
        "coordinates": [
          -73.97903249999999,
          40.663976500000004
        ]
      },
      "properties": {
        "event_id": "729619",
        "event_name": "11th Street Block Association Block Party",
        "event_type": "Block Party",
        "event_agency": "Street Activity Permit Office",
        "event_location": "11 STREET between PROSPECT PARK WEST and 8 AVENUE",
        "event_borough": "Brooklyn",
        "start_date": "2023-09-09T12:00:00.000",
        "end_date": "2023-09-09T19:00:00.000",
        "start_formatted": "September 09, 2023 12:00 PM",
        "end_formatted": "September 09, 2023 07:00 PM",
        "street_closure_type": "Full Street Closure",
        "community_board": "6,",
        "police_precinct": "78,"
      }
    },
    {
      "type": "Feature",
      "geometry": {
        "type": "Point",
        "coordinates": [
          -73.747255,
          40.6778405
        ]
      },
      "properties": {
        "event_id": "737606",
        "event_name": "Block party",
        "event_type": "Block Party",
        "event_agency": "Street Activity Permit Office",
        "event_location": "222 STREET between MERRICK BOULEVARD and 134 ROAD",
        "event_borough": "Queens",
        "start_date": "2023-09-09T12:00:00.000",
        "end_date": "2023-09-09T18:00:00.000",
        "start_formatted": "September 09, 2023 12:00 PM",
        "end_formatted": "September 09, 2023 06:00 PM",
        "street_closure_type": "Full Street Closure",
        "community_board": "13,",
        "police_precinct": "105,"
      }
    },
    {
      "type": "Feature",
      "geometry": {
        "type": "Point",
        "coordinates": [
          -73.9937625,
          40.6839875
        ]
      },
      "properties": {
        "event_id": "726783",
        "event_name": "Douglass Street Block Party",
        "event_type": "Block Party",
        "event_agency": "Street Activity Permit Office",
        "event_location": "DOUGLASS STREET between SMITH STREET and COURT STREET",
        "event_borough": "Brooklyn",
        "start_date": "2023-09-09T12:00:00.000",
        "end_date": "2023-09-09T21:00:00.000",
        "start_formatted": "September 09, 2023 12:00 PM",
        "end_formatted": "September 09, 2023 09:00 PM",
        "street_closure_type": "Full Street Closure",
        "community_board": "6,",
        "police_precinct": "76,"
      }
    },
    {
      "type": "Feature",
      "geometry": {
        "type": "Point",
        "coordinates": [
          -73.8880125,
          40.7052025
        ]
      },
      "properties": {
        "event_id": "719554",
        "event_name": "67 st block party",
        "event_type": "Block Party",
        "event_agency": "Street Activity Permit Office",
        "event_location": "67 STREET between OTTO ROAD and 70 AVENUE",
        "event_borough": "Queens",
        "start_date": "2023-09-09T12:00:00.000",
        "end_date": "2023-09-09T21:00:00.000",
        "start_formatted": "September 09, 2023 12:00 PM",
        "end_formatted": "September 09, 2023 09:00 PM",
        "street_closure_type": "Full Street Closure",
        "community_board": "5,",
        "police_precinct": "104,"
      }
    },
    {
      "type": "Feature",
      "geometry": {
        "type": "Point",
        "coordinates": [
          -74.01575700000001,
          40.648386
        ]
      },
      "properties": {
        "event_id": "708669",
        "event_name": "50th st block party 2023 2",
        "event_type": "Block Party",
        "event_agency": "Street Activity Permit Office",
        "event_location": "50 STREET between 2 AVENUE and 3 AVENUE",
        "event_borough": "Brooklyn",
        "start_date": "2023-09-09T12:00:00.000",
        "end_date": "2023-09-09T20:30:00.000",
        "start_formatted": "September 09, 2023 12:00 PM",
        "end_formatted": "September 09, 2023 08:30 PM",
        "street_closure_type": "Full Street Closure",
        "community_board": "7,",
        "police_precinct": "72,"
      }
    },
    {
      "type": "Feature",
      "geometry": {
        "type": "Point",
        "coordinates": [
          -73.93481349999999,
          40.6117155
        ]
      },
      "properties": {
        "event_id": "718133",
        "event_name": "East 35th street block party",
        "event_type": "Block Party",
        "event_agency": "Street Activity Permit Office",
        "event_location": "EAST   35 STREET between FILLMORE AVENUE and AVENUE R",
        "event_borough": "Brooklyn",
        "start_date": "2023-09-09T12:00:00.000",
        "end_date": "2023-09-09T20:00:00.000",
        "start_formatted": "September 09, 2023 12:00 PM",
        "end_formatted": "September 09, 2023 08:00 PM",
        "street_closure_type": "Full Street Closure",
        "community_board": "18,",
        "police_precinct": "63,"
      }
    },
    {
      "type": "Feature",
      "geometry": {
        "type": "Point",
        "coordinates": [
          -74.107889,
          40.623235
        ]
      },
      "properties": {
        "event_id": "721874",
        "event_name": "Pelton Block Party",
        "event_type": "Block Party",
        "event_agency": "Street Activity Permit Office",
        "event_location": "PELTON AVENUE between WHITEWOOD AVENUE and DEAD END",
        "event_borough": "Staten Island",
        "start_date": "2023-09-09T12:00:00.000",
        "end_date": "2023-09-09T21:00:00.000",
        "start_formatted": "September 09, 2023 12:00 PM",
        "end_formatted": "September 09, 2023 09:00 PM",
        "street_closure_type": "Full Street Closure",
        "community_board": "1,",
        "police_precinct": "120,"
      }
    },
    {
      "type": "Feature",
      "geometry": {
        "type": "Point",
        "coordinates": [
          -74.21019100000001,
          40.536849000000004
        ]
      },
      "properties": {
        "event_id": "728434",
        "event_name": "Rensselaer Block Party",
        "event_type": "Block Party",
        "event_agency": "Street Activity Permit Office",
        "event_location": "RENSSELAER AVENUE between LENEVAR AVENUE and MAGUIRE AVENUE",
        "event_borough": "Staten Island",
        "start_date": "2023-09-09T12:00:00.000",
        "end_date": "2023-09-09T21:00:00.000",
        "start_formatted": "September 09, 2023 12:00 PM",
        "end_formatted": "September 09, 2023 09:00 PM",
        "street_closure_type": "Full Street Closure",
        "community_board": "3,",
        "police_precinct": "123,"
      }
    },
    {
      "type": "Feature",
      "geometry": {
        "type": "Point",
        "coordinates": [
          -73.77794449999999,
          40.7564565
        ]
      },
      "properties": {
        "event_id": "728931",
        "event_name": "Summer Block Party",
        "event_type": "Block Party",
        "event_agency": "Street Activity Permit Office",
        "event_location": "45 DRIVE between 204 STREET and CLEARVIEW EXPRESSWAY",
        "event_borough": "Queens",
        "start_date": "2023-09-09T12:00:00.000",
        "end_date": "2023-09-09T21:00:00.000",
        "start_formatted": "September 09, 2023 12:00 PM",
        "end_formatted": "September 09, 2023 09:00 PM",
        "street_closure_type": "Full Street Closure",
        "community_board": "11,",
        "police_precinct": "111,"
      }
    },
    {
      "type": "Feature",
      "geometry": {
        "type": "Point",
        "coordinates": [
          -74.033259,
          40.6216845
        ]
      },
      "properties": {
        "event_id": "725401",
        "event_name": "89th Street Block Party 2023",
        "event_type": "Block Party",
        "event_agency": "Street Activity Permit Office",
        "event_location": "89 STREET between 3 AVENUE and RIDGE BOULEVARD",
        "event_borough": "Brooklyn",
        "start_date": "2023-09-09T11:30:00.000",
        "end_date": "2023-09-09T20:00:00.000",
        "start_formatted": "September 09, 2023 11:30 AM",
        "end_formatted": "September 09, 2023 08:00 PM",
        "street_closure_type": "Full Street Closure",
        "community_board": "10,",
        "police_precinct": "68,"
      }
    },
    {
      "type": "Feature",
      "geometry": {
        "type": "Point",
        "coordinates": [
          -73.985897,
          40.6833375
        ]
      },
      "properties": {
        "event_id": "719859",
        "event_name": "Warren Street Block Party 2023",
        "event_type": "Block Party",
        "event_agency": "Street Activity Permit Office",
        "event_location": "WARREN STREET between BOND STREET and NEVINS STREET",
        "event_borough": "Brooklyn",
        "start_date": "2023-09-09T11:30:00.000",
        "end_date": "2023-09-09T19:30:00.000",
        "start_formatted": "September 09, 2023 11:30 AM",
        "end_formatted": "September 09, 2023 07:30 PM",
        "street_closure_type": "Full Street Closure",
        "community_board": "2, 6,",
        "police_precinct": "76, 84,"
      }
    },
    {
      "type": "Feature",
      "geometry": {
        "type": "Point",
        "coordinates": [
          -73.911531,
          40.6613655
        ]
      },
      "properties": {
        "event_id": "728795",
        "event_name": "Thomas S Boyland Block Party",
        "event_type": "Block Party",
        "event_agency": "Street Activity Permit Office",
        "event_location": "THOMAS S BOYLAND STREET between LIVONIA AVENUE and RIVERDALE AVENUE",
        "event_borough": "Brooklyn",
        "start_date": "2023-09-09T11:30:00.000",
        "end_date": "2023-09-09T18:00:00.000",
        "start_formatted": "September 09, 2023 11:30 AM",
        "end_formatted": "September 09, 2023 06:00 PM",
        "street_closure_type": "Full Street Closure",
        "community_board": "16,",
        "police_precinct": "73,"
      }
    },
    {
      "type": "Feature",
      "geometry": {
        "type": "Point",
        "coordinates": [
          -74.00818100000001,
          40.6419925
        ]
      },
      "properties": {
        "event_id": "720326",
        "event_name": "2023 August Block Party",
        "event_type": "Block Party",
        "event_agency": "Street Activity Permit Office",
        "event_location": "52 STREET between 6 AVENUE and 7 AVENUE",
        "event_borough": "Brooklyn",
        "start_date": "2023-09-09T11:30:00.000",
        "end_date": "2023-09-09T20:30:00.000",
        "start_formatted": "September 09, 2023 11:30 AM",
        "end_formatted": "September 09, 2023 08:30 PM",
        "street_closure_type": "Full Street Closure",
        "community_board": "7,",
        "police_precinct": "72,"
      }
    },
    {
      "type": "Feature",
      "geometry": {
        "type": "Point",
        "coordinates": [
          -73.978746,
          40.681352000000004
        ]
      },
      "properties": {
        "event_id": "725910",
        "event_name": "Saint Marks Place btw 4th and 5th ave Block Party",
        "event_type": "Block Party",
        "event_agency": "Street Activity Permit Office",
        "event_location": "SAINT MARKS PLACE between 4 AVENUE and 5 AVENUE",
        "event_borough": "Brooklyn",
        "start_date": "2023-09-09T11:00:00.000",
        "end_date": "2023-09-09T18:00:00.000",
        "start_formatted": "September 09, 2023 11:00 AM",
        "end_formatted": "September 09, 2023 06:00 PM",
        "street_closure_type": "Full Street Closure",
        "community_board": "6,",
        "police_precinct": "78,"
      }
    },
    {
      "type": "Feature",
      "geometry": {
        "type": "Point",
        "coordinates": [
          -73.98261249999999,
          40.675648
        ]
      },
      "properties": {
        "event_id": "728189",
        "event_name": "Carroll Street btw 4th and 5th Block Party",
        "event_type": "Block Party",
        "event_agency": "Street Activity Permit Office",
        "event_location": "CARROLL STREET between 4 AVENUE and 5 AVENUE",
        "event_borough": "Brooklyn",
        "start_date": "2023-09-09T11:00:00.000",
        "end_date": "2023-09-09T20:00:00.000",
        "start_formatted": "September 09, 2023 11:00 AM",
        "end_formatted": "September 09, 2023 08:00 PM",
        "street_closure_type": "Full Street Closure",
        "community_board": "6,",
        "police_precinct": "78,"
      }
    },
    {
      "type": "Feature",
      "geometry": {
        "type": "Point",
        "coordinates": [
          -74.0336585,
          40.6351095
        ]
      },
      "properties": {
        "event_id": "726467",
        "event_name": "72nd Street Block Party",
        "event_type": "Block Party",
        "event_agency": "Street Activity Permit Office",
        "event_location": "72 STREET between NARROWS AVENUE and COLONIAL ROAD",
        "event_borough": "Brooklyn",
        "start_date": "2023-09-09T11:00:00.000",
        "end_date": "2023-09-09T20:00:00.000",
        "start_formatted": "September 09, 2023 11:00 AM",
        "end_formatted": "September 09, 2023 08:00 PM",
        "street_closure_type": "Full Street Closure",
        "community_board": "10,",
        "police_precinct": "68,"
      }
    },
    {
      "type": "Feature",
      "geometry": {
        "type": "Point",
        "coordinates": [
          -73.93189050000001,
          40.6079905
        ]
      },
      "properties": {
        "event_id": "713314",
        "event_name": "E. 34 Street Party",
        "event_type": "Block Party",
        "event_agency": "Street Activity Permit Office",
        "event_location": "EAST   34 STREET between AVENUE S and AVENUE T",
        "event_borough": "Brooklyn",
        "start_date": "2023-09-09T11:00:00.000",
        "end_date": "2023-09-09T18:00:00.000",
        "start_formatted": "September 09, 2023 11:00 AM",
        "end_formatted": "September 09, 2023 06:00 PM",
        "street_closure_type": "Full Street Closure",
        "community_board": "18,",
        "police_precinct": "63,"
      }
    },
    {
      "type": "Feature",
      "geometry": {
        "type": "Point",
        "coordinates": [
          -74.000966,
          40.6558675
        ]
      },
      "properties": {
        "event_id": "723328",
        "event_name": "32nd St Block Party",
        "event_type": "Block Party",
        "event_agency": "Street Activity Permit Office",
        "event_location": "32 STREET between FIFTH AVENUE and FOURTH AVENUE",
        "event_borough": "Brooklyn",
        "start_date": "2023-09-09T11:00:00.000",
        "end_date": "2023-09-09T18:00:00.000",
        "start_formatted": "September 09, 2023 11:00 AM",
        "end_formatted": "September 09, 2023 06:00 PM",
        "street_closure_type": "Full Street Closure",
        "community_board": "7,",
        "police_precinct": "72,"
      }
    },
    {
      "type": "Feature",
      "geometry": {
        "type": "Point",
        "coordinates": [
          -73.99414250000001,
          40.683326
        ]
      },
      "properties": {
        "event_id": "727630",
        "event_name": "Degraw Street Block Party",
        "event_type": "Block Party",
        "event_agency": "Street Activity Permit Office",
        "event_location": "DEGRAW STREET between COURT STREET and SMITH STREET",
        "event_borough": "Brooklyn",
        "start_date": "2023-09-09T11:00:00.000",
        "end_date": "2023-09-09T20:00:00.000",
        "start_formatted": "September 09, 2023 11:00 AM",
        "end_formatted": "September 09, 2023 08:00 PM",
        "street_closure_type": "Sidewalk and Street Closure",
        "community_board": "6,",
        "police_precinct": "76,"
      }
    },
    {
      "type": "Feature",
      "geometry": {
        "type": "Point",
        "coordinates": [
          -74.0032975,
          40.682187
        ]
      },
      "properties": {
        "event_id": "729097",
        "event_name": "Summit Street Block PArty",
        "event_type": "Block Party",
        "event_agency": "Street Activity Permit Office",
        "event_location": "SUMMIT STREET between HICKS STREET and COLUMBIA STREET",
        "event_borough": "Brooklyn",
        "start_date": "2023-09-09T11:00:00.000",
        "end_date": "2023-09-09T20:00:00.000",
        "start_formatted": "September 09, 2023 11:00 AM",
        "end_formatted": "September 09, 2023 08:00 PM",
        "street_closure_type": "Full Street Closure",
        "community_board": "6,",
        "police_precinct": "76,"
      }
    },
    {
      "type": "Feature",
      "geometry": {
        "type": "Point",
        "coordinates": [
          -73.79641799999999,
          40.706284499999995
        ]
      },
      "properties": {
        "event_id": "727626",
        "event_name": "First Church Intercultural Community Fair",
        "event_type": "Block Party",
        "event_agency": "Street Activity Permit Office",
        "event_location": "164 STREET between 89 AVENUE and JAMAICA AVENUE",
        "event_borough": "Queens",
        "start_date": "2023-09-09T11:00:00.000",
        "end_date": "2023-09-09T17:00:00.000",
        "start_formatted": "September 09, 2023 11:00 AM",
        "end_formatted": "September 09, 2023 05:00 PM",
        "street_closure_type": "Full Street Closure",
        "community_board": "12,",
        "police_precinct": "103,"
      }
    },
    {
      "type": "Feature",
      "geometry": {
        "type": "Point",
        "coordinates": [
          -73.9043935,
          40.620405
        ]
      },
      "properties": {
        "event_id": "709798",
        "event_name": "2023 E 74th Street Block Party",
        "event_type": "Block Party",
        "event_agency": "Street Activity Permit Office",
        "event_location": "EAST   74 STREET between AVENUE U and AVENUE V",
        "event_borough": "Brooklyn",
        "start_date": "2023-09-09T11:00:00.000",
        "end_date": "2023-09-09T20:00:00.000",
        "start_formatted": "September 09, 2023 11:00 AM",
        "end_formatted": "September 09, 2023 08:00 PM",
        "street_closure_type": "Full Street Closure",
        "community_board": "18,",
        "police_precinct": "63,"
      }
    },
    {
      "type": "Feature",
      "geometry": {
        "type": "Point",
        "coordinates": [
          -73.7551,
          40.696504000000004
        ]
      },
      "properties": {
        "event_id": "728774",
        "event_name": "198TH STREET BLOCK PARTY",
        "event_type": "Block Party",
        "event_agency": "Street Activity Permit Office",
        "event_location": "198 STREET between 115 AVENUE and 116 AVENUE",
        "event_borough": "Queens",
        "start_date": "2023-09-09T11:00:00.000",
        "end_date": "2023-09-09T20:00:00.000",
        "start_formatted": "September 09, 2023 11:00 AM",
        "end_formatted": "September 09, 2023 08:00 PM",
        "street_closure_type": "Full Street Closure",
        "community_board": "12,",
        "police_precinct": "113,"
      }
    },
    {
      "type": "Feature",
      "geometry": {
        "type": "Point",
        "coordinates": [
          -73.97737950000001,
          40.6699435
        ]
      },
      "properties": {
        "event_id": "722866",
        "event_name": "3rd Street Block Party",
        "event_type": "Block Party",
        "event_agency": "Street Activity Permit Office",
        "event_location": "3 STREET between 7 AVENUE and 8 AVENUE",
        "event_borough": "Brooklyn",
        "start_date": "2023-09-09T11:00:00.000",
        "end_date": "2023-09-09T19:00:00.000",
        "start_formatted": "September 09, 2023 11:00 AM",
        "end_formatted": "September 09, 2023 07:00 PM",
        "street_closure_type": "Full Street Closure",
        "community_board": "6,",
        "police_precinct": "78,"
      }
    },
    {
      "type": "Feature",
      "geometry": {
        "type": "Point",
        "coordinates": [
          -73.94936150000001,
          40.662444
        ]
      },
      "properties": {
        "event_id": "721499",
        "event_name": "Lefferts Circle Bock Association  Block Party",
        "event_type": "Block Party",
        "event_agency": "Street Activity Permit Office",
        "event_location": "LEFFERTS AVENUE between NOSTRAND AVENUE and NEW YORK AVENUE",
        "event_borough": "Brooklyn",
        "start_date": "2023-09-09T11:00:00.000",
        "end_date": "2023-09-09T19:00:00.000",
        "start_formatted": "September 09, 2023 11:00 AM",
        "end_formatted": "September 09, 2023 07:00 PM",
        "street_closure_type": "Full Street Closure",
        "community_board": "9,",
        "police_precinct": "71,"
      }
    },
    {
      "type": "Feature",
      "geometry": {
        "type": "Point",
        "coordinates": [
          -73.95675,
          40.682511000000005
        ]
      },
      "properties": {
        "event_id": "715780",
        "event_name": "Annual Block Party",
        "event_type": "Block Party",
        "event_agency": "Street Activity Permit Office",
        "event_location": "JEFFERSON AVENUE between CLAVER PLACE and FRANKLIN AVENUE",
        "event_borough": "Brooklyn",
        "start_date": "2023-09-09T11:00:00.000",
        "end_date": "2023-09-09T19:00:00.000",
        "start_formatted": "September 09, 2023 11:00 AM",
        "end_formatted": "September 09, 2023 07:00 PM",
        "street_closure_type": "Full Street Closure",
        "community_board": "3,",
        "police_precinct": "79,"
      }
    },
    {
      "type": "Feature",
      "geometry": {
        "type": "Point",
        "coordinates": [
          -73.900305,
          40.6396425
        ]
      },
      "properties": {
        "event_id": "728998",
        "event_name": "E 94th Block Party",
        "event_type": "Block Party",
        "event_agency": "Street Activity Permit Office",
        "event_location": "EAST   94 STREET between AVENUE J and AVENUE K",
        "event_borough": "Brooklyn",
        "start_date": "2023-09-09T11:00:00.000",
        "end_date": "2023-09-09T20:00:00.000",
        "start_formatted": "September 09, 2023 11:00 AM",
        "end_formatted": "September 09, 2023 08:00 PM",
        "street_closure_type": "Full Street Closure",
        "community_board": "18,",
        "police_precinct": "69,"
      }
    },
    {
      "type": "Feature",
      "geometry": {
        "type": "Point",
        "coordinates": [
          -73.9986355,
          40.685758
        ]
      },
      "properties": {
        "event_id": "722602",
        "event_name": "Henry Street Block Party",
        "event_type": "Block Party",
        "event_agency": "Street Activity Permit Office",
        "event_location": "HENRY STREET between KANE STREET and DEGRAW STREET",
        "event_borough": "Brooklyn",
        "start_date": "2023-09-09T11:00:00.000",
        "end_date": "2023-09-09T20:00:00.000",
        "start_formatted": "September 09, 2023 11:00 AM",
        "end_formatted": "September 09, 2023 08:00 PM",
        "street_closure_type": "Full Street Closure",
        "community_board": "6,",
        "police_precinct": "76,"
      }
    },
    {
      "type": "Feature",
      "geometry": {
        "type": "Point",
        "coordinates": [
          -73.91134149999999,
          40.668288000000004
        ]
      },
      "properties": {
        "event_id": "723918",
        "event_name": "Chester St. Annual Block Party",
        "event_type": "Block Party",
        "event_agency": "Street Activity Permit Office",
        "event_location": "CHESTER STREET between SUTTER AVENUE and PITKIN AVENUE",
        "event_borough": "Brooklyn",
        "start_date": "2023-09-09T11:00:00.000",
        "end_date": "2023-09-09T20:00:00.000",
        "start_formatted": "September 09, 2023 11:00 AM",
        "end_formatted": "September 09, 2023 08:00 PM",
        "street_closure_type": "Full Street Closure",
        "community_board": "16,",
        "police_precinct": "73,"
      }
    },
    {
      "type": "Feature",
      "geometry": {
        "type": "Point",
        "coordinates": [
          -73.9085765,
          40.682947
        ]
      },
      "properties": {
        "event_id": "725532",
        "event_name": "Blick party",
        "event_type": "Block Party",
        "event_agency": "Street Activity Permit Office",
        "event_location": "PILLING STREET between BUSHWICK AVENUE and BROADWAY",
        "event_borough": "Brooklyn",
        "start_date": "2023-09-09T11:00:00.000",
        "end_date": "2023-09-09T20:00:00.000",
        "start_formatted": "September 09, 2023 11:00 AM",
        "end_formatted": "September 09, 2023 08:00 PM",
        "street_closure_type": "Full Street Closure",
        "community_board": "4,",
        "police_precinct": "83,"
      }
    },
    {
      "type": "Feature",
      "geometry": {
        "type": "Point",
        "coordinates": [
          -73.937716,
          40.681329000000005
        ]
      },
      "properties": {
        "event_id": "692436",
        "event_name": "Community Block Party",
        "event_type": "Block Party",
        "event_agency": "Street Activity Permit Office",
        "event_location": "MARCUS GARVEY BOULEVARD between MACDONOUGH STREET and DECATUR STREET",
        "event_borough": "Brooklyn",
        "start_date": "2023-09-09T11:00:00.000",
        "end_date": "2023-09-09T18:30:00.000",
        "start_formatted": "September 09, 2023 11:00 AM",
        "end_formatted": "September 09, 2023 06:30 PM",
        "street_closure_type": "Full Street Closure",
        "community_board": "3,",
        "police_precinct": "79, 81,"
      }
    },
    {
      "type": "Feature",
      "geometry": {
        "type": "Point",
        "coordinates": [
          -74.0241925,
          40.636624
        ]
      },
      "properties": {
        "event_id": "729018",
        "event_name": "Senator Street Block Party",
        "event_type": "Block Party",
        "event_agency": "Street Activity Permit Office",
        "event_location": "SENATOR STREET between 4 AVENUE and 3 AVENUE",
        "event_borough": "Brooklyn",
        "start_date": "2023-09-09T11:00:00.000",
        "end_date": "2023-09-09T20:00:00.000",
        "start_formatted": "September 09, 2023 11:00 AM",
        "end_formatted": "September 09, 2023 08:00 PM",
        "street_closure_type": "Full Street Closure",
        "community_board": "10,",
        "police_precinct": "68,"
      }
    },
    {
      "type": "Feature",
      "geometry": {
        "type": "Point",
        "coordinates": [
          -73.97587050000001,
          40.672402000000005
        ]
      },
      "properties": {
        "event_id": "725814",
        "event_name": "Polhemus Place Block Party",
        "event_type": "Block Party",
        "event_agency": "Street Activity Permit Office",
        "event_location": "POLHEMUS PLACE between CARROLL STREET and GARFIELD PLACE",
        "event_borough": "Brooklyn",
        "start_date": "2023-09-09T11:00:00.000",
        "end_date": "2023-09-09T18:00:00.000",
        "start_formatted": "September 09, 2023 11:00 AM",
        "end_formatted": "September 09, 2023 06:00 PM",
        "street_closure_type": "Full Street Closure",
        "community_board": "6,",
        "police_precinct": "78,"
      }
    },
    {
      "type": "Feature",
      "geometry": {
        "type": "Point",
        "coordinates": [
          -73.981751,
          40.668675
        ]
      },
      "properties": {
        "event_id": "718575",
        "event_name": "7th Street Block Party",
        "event_type": "Block Party",
        "event_agency": "Street Activity Permit Office",
        "event_location": "7 STREET between 6 AVENUE and 7 AVENUE",
        "event_borough": "Brooklyn",
        "start_date": "2023-09-09T11:00:00.000",
        "end_date": "2023-09-09T20:00:00.000",
        "start_formatted": "September 09, 2023 11:00 AM",
        "end_formatted": "September 09, 2023 08:00 PM",
        "street_closure_type": "Full Street Closure",
        "community_board": "6,",
        "police_precinct": "78,"
      }
    },
    {
      "type": "Feature",
      "geometry": {
        "type": "Point",
        "coordinates": [
          -73.93441849999999,
          40.687329000000005
        ]
      },
      "properties": {
        "event_id": "709034",
        "event_name": "500 Monroe St. Block Association",
        "event_type": "Block Party",
        "event_agency": "Street Activity Permit Office",
        "event_location": "MONROE STREET between STUYVESANT AVENUE and LEWIS AVENUE",
        "event_borough": "Brooklyn",
        "start_date": "2023-09-09T11:00:00.000",
        "end_date": "2023-09-09T18:00:00.000",
        "start_formatted": "September 09, 2023 11:00 AM",
        "end_formatted": "September 09, 2023 06:00 PM",
        "street_closure_type": "Full Street Closure",
        "community_board": "3,",
        "police_precinct": "81,"
      }
    },
    {
      "type": "Feature",
      "geometry": {
        "type": "Point",
        "coordinates": [
          -73.95505499999999,
          40.659121999999996
        ]
      },
      "properties": {
        "event_id": "717900",
        "event_name": "Rutland 2 Block Party 2023",
        "event_type": "Block Party",
        "event_agency": "Street Activity Permit Office",
        "event_location": "RUTLAND ROAD between BEDFORD AVENUE and ROGERS AVENUE",
        "event_borough": "Brooklyn",
        "start_date": "2023-09-09T11:00:00.000",
        "end_date": "2023-09-09T20:00:00.000",
        "start_formatted": "September 09, 2023 11:00 AM",
        "end_formatted": "September 09, 2023 08:00 PM",
        "street_closure_type": "Full Street Closure",
        "community_board": "9,",
        "police_precinct": "71,"
      }
    },
    {
      "type": "Feature",
      "geometry": {
        "type": "Point",
        "coordinates": [
          -73.9768785,
          40.670544500000005
        ]
      },
      "properties": {
        "event_id": "728824",
        "event_name": "2nd st annual block party",
        "event_type": "Block Party",
        "event_agency": "Street Activity Permit Office",
        "event_location": "2 STREET between 7 AVENUE and 8 AVENUE",
        "event_borough": "Brooklyn",
        "start_date": "2023-09-09T11:00:00.000",
        "end_date": "2023-09-09T20:00:00.000",
        "start_formatted": "September 09, 2023 11:00 AM",
        "end_formatted": "September 09, 2023 08:00 PM",
        "street_closure_type": "Full Street Closure",
        "community_board": "6,",
        "police_precinct": "78,"
      }
    },
    {
      "type": "Feature",
      "geometry": {
        "type": "Point",
        "coordinates": [
          -73.9832585,
          40.666866
        ]
      },
      "properties": {
        "event_id": "723660",
        "event_name": "2023 10th Street Fall Block Party",
        "event_type": "Block Party",
        "event_agency": "Street Activity Permit Office",
        "event_location": "10 STREET between 6 AVENUE and 7 AVENUE",
        "event_borough": "Brooklyn",
        "start_date": "2023-09-09T11:00:00.000",
        "end_date": "2023-09-09T19:00:00.000",
        "start_formatted": "September 09, 2023 11:00 AM",
        "end_formatted": "September 09, 2023 07:00 PM",
        "street_closure_type": "Full Street Closure",
        "community_board": "6,",
        "police_precinct": "78,"
      }
    },
    {
      "type": "Feature",
      "geometry": {
        "type": "Point",
        "coordinates": [
          -73.91408849999999,
          40.6976175
        ]
      },
      "properties": {
        "event_id": "727854",
        "event_name": "Block Party",
        "event_type": "Block Party",
        "event_agency": "Street Activity Permit Office",
        "event_location": "GATES AVENUE between IRVING AVENUE and KNICKERBOCKER AVENUE",
        "event_borough": "Brooklyn",
        "start_date": "2023-09-09T11:00:00.000",
        "end_date": "2023-09-09T20:00:00.000",
        "start_formatted": "September 09, 2023 11:00 AM",
        "end_formatted": "September 09, 2023 08:00 PM",
        "street_closure_type": "Full Street Closure",
        "community_board": "4,",
        "police_precinct": "83,"
      }
    },
    {
      "type": "Feature",
      "geometry": {
        "type": "Point",
        "coordinates": [
          -73.980075,
          40.674659500000004
        ]
      },
      "properties": {
        "event_id": "710757",
        "event_name": "Carroll Street Block Party",
        "event_type": "Block Party",
        "event_agency": "Street Activity Permit Office",
        "event_location": "CARROLL STREET between FIFTH AVENUE and SIXTH AVENUE",
        "event_borough": "Brooklyn",
        "start_date": "2023-09-09T11:00:00.000",
        "end_date": "2023-09-09T20:00:00.000",
        "start_formatted": "September 09, 2023 11:00 AM",
        "end_formatted": "September 09, 2023 08:00 PM",
        "street_closure_type": "Full Street Closure",
        "community_board": "6,",
        "police_precinct": "78,"
      }
    },
    {
      "type": "Feature",
      "geometry": {
        "type": "Point",
        "coordinates": [
          -74.083046,
          40.614774
        ]
      },
      "properties": {
        "event_id": "722882",
        "event_name": "FRIENDS AND FAMILY DAY",
        "event_type": "Block Party",
        "event_agency": "Street Activity Permit Office",
        "event_location": "BOWEN STREET between SOBEL COURT and ROFF STREET",
        "event_borough": "Staten Island",
        "start_date": "2023-09-09T11:00:00.000",
        "end_date": "2023-09-09T17:00:00.000",
        "start_formatted": "September 09, 2023 11:00 AM",
        "end_formatted": "September 09, 2023 05:00 PM",
        "street_closure_type": "Full Street Closure",
        "community_board": "1,",
        "police_precinct": "120,"
      }
    },
    {
      "type": "Feature",
      "geometry": {
        "type": "Point",
        "coordinates": [
          -73.85856799999999,
          40.885130000000004
        ]
      },
      "properties": {
        "event_id": "726322",
        "event_name": "Grandparents Day Celebration",
        "event_type": "Block Party",
        "event_agency": "Street Activity Permit Office",
        "event_location": "BARNES AVENUE between EAST  222 STREET and EAST  223 STREET",
        "event_borough": "Bronx",
        "start_date": "2023-09-09T11:00:00.000",
        "end_date": "2023-09-09T16:00:00.000",
        "start_formatted": "September 09, 2023 11:00 AM",
        "end_formatted": "September 09, 2023 04:00 PM",
        "street_closure_type": "Full Street Closure",
        "community_board": "12,",
        "police_precinct": "47,"
      }
    },
    {
      "type": "Feature",
      "geometry": {
        "type": "Point",
        "coordinates": [
          -73.9225105,
          40.695008
        ]
      },
      "properties": {
        "event_id": "729192",
        "event_name": "Greene Ave Block Party",
        "event_type": "Block Party",
        "event_agency": "Street Activity Permit Office",
        "event_location": "GREENE AVENUE between EVERGREEN AVENUE and CENTRAL AVENUE",
        "event_borough": "Brooklyn",
        "start_date": "2023-09-09T11:00:00.000",
        "end_date": "2023-09-09T20:00:00.000",
        "start_formatted": "September 09, 2023 11:00 AM",
        "end_formatted": "September 09, 2023 08:00 PM",
        "street_closure_type": "Full Street Closure",
        "community_board": "4,",
        "police_precinct": "83,"
      }
    },
    {
      "type": "Feature",
      "geometry": {
        "type": "Point",
        "coordinates": [
          -73.957767,
          40.6846415
        ]
      },
      "properties": {
        "event_id": "702755",
        "event_name": "Monroe Number One Block Party",
        "event_type": "Block Party",
        "event_agency": "Street Activity Permit Office",
        "event_location": "MONROE STREET between CLASSON AVENUE and FRANKLIN AVENUE",
        "event_borough": "Brooklyn",
        "start_date": "2023-09-09T10:30:00.000",
        "end_date": "2023-09-09T19:00:00.000",
        "start_formatted": "September 09, 2023 10:30 AM",
        "end_formatted": "September 09, 2023 07:00 PM",
        "street_closure_type": "Full Street Closure",
        "community_board": "3,",
        "police_precinct": "79,"
      }
    },
    {
      "type": "Feature",
      "geometry": {
        "type": "Point",
        "coordinates": [
          -73.98417649999999,
          40.6858725
        ]
      },
      "properties": {
        "event_id": "708894",
        "event_name": "Pacific 400 Block Annual Party 2023",
        "event_type": "Block Party",
        "event_agency": "Street Activity Permit Office",
        "event_location": "PACIFIC STREET between NEVINS STREET and BOND STREET",
        "event_borough": "Brooklyn",
        "start_date": "2023-09-09T10:30:00.000",
        "end_date": "2023-09-09T18:30:00.000",
        "start_formatted": "September 09, 2023 10:30 AM",
        "end_formatted": "September 09, 2023 06:30 PM",
        "street_closure_type": "Full Street Closure",
        "community_board": "2,",
        "police_precinct": "84,"
      }
    },
    {
      "type": "Feature",
      "geometry": {
        "type": "Point",
        "coordinates": [
          -73.955286,
          40.661284
        ]
      },
      "properties": {
        "event_id": "718998",
        "event_name": "Annual Lincoln Road Block Party",
        "event_type": "Block Party",
        "event_agency": "Street Activity Permit Office",
        "event_location": "LINCOLN ROAD between ROGERS AVENUE and BEDFORD AVENUE",
        "event_borough": "Brooklyn",
        "start_date": "2023-09-09T10:30:00.000",
        "end_date": "2023-09-09T18:30:00.000",
        "start_formatted": "September 09, 2023 10:30 AM",
        "end_formatted": "September 09, 2023 06:30 PM",
        "street_closure_type": "Full Street Closure",
        "community_board": "9,",
        "police_precinct": "71,"
      }
    },
    {
      "type": "Feature",
      "geometry": {
        "type": "Point",
        "coordinates": [
          -73.9562415,
          40.6420115
        ]
      },
      "properties": {
        "event_id": "725026",
        "event_name": "Vanderveer Place Block Party",
        "event_type": "Block Party",
        "event_agency": "Street Activity Permit Office",
        "event_location": "VANDERVEER PLACE between FLATBUSH AVENUE and EAST   23 STREET",
        "event_borough": "Brooklyn",
        "start_date": "2023-09-09T10:00:00.000",
        "end_date": "2023-09-09T16:00:00.000",
        "start_formatted": "September 09, 2023 10:00 AM",
        "end_formatted": "September 09, 2023 04:00 PM",
        "street_closure_type": "Full Street Closure",
        "community_board": "14,",
        "police_precinct": "70,"
      }
    },
    {
      "type": "Feature",
      "geometry": {
        "type": "Point",
        "coordinates": [
          -73.976206,
          40.680365
        ]
      },
      "properties": {
        "event_id": "732939",
        "event_name": "Block Party on Saint Marks Ave btwn 5th Ave  6th Ave",
        "event_type": "Block Party",
        "event_agency": "Street Activity Permit Office",
        "event_location": "SAINT MARKS AVENUE between 5 AVENUE and 6 AVENUE",
        "event_borough": "Brooklyn",
        "start_date": "2023-09-09T10:00:00.000",
        "end_date": "2023-09-09T18:00:00.000",
        "start_formatted": "September 09, 2023 10:00 AM",
        "end_formatted": "September 09, 2023 06:00 PM",
        "street_closure_type": "Full Street Closure",
        "community_board": "6,",
        "police_precinct": "78,"
      }
    },
    {
      "type": "Feature",
      "geometry": {
        "type": "Point",
        "coordinates": [
          -73.98503450000001,
          40.6846045
        ]
      },
      "properties": {
        "event_id": "730274",
        "event_name": "9/9 Bergen Street Block Party",
        "event_type": "Block Party",
        "event_agency": "Street Activity Permit Office",
        "event_location": "BERGEN STREET between BOND STREET and NEVINS STREET",
        "event_borough": "Brooklyn",
        "start_date": "2023-09-09T10:00:00.000",
        "end_date": "2023-09-09T18:00:00.000",
        "start_formatted": "September 09, 2023 10:00 AM",
        "end_formatted": "September 09, 2023 06:00 PM",
        "street_closure_type": "Full Street Closure",
        "community_board": "2,",
        "police_precinct": "84,"
      }
    },
    {
      "type": "Feature",
      "geometry": {
        "type": "Point",
        "coordinates": [
          -73.9584255,
          40.6299825
        ]
      },
      "properties": {
        "event_id": "722363",
        "event_name": "Childrens Party",
        "event_type": "Block Party",
        "event_agency": "Street Activity Permit Office",
        "event_location": "EAST   19 STREET between AVENUE H and  DEAD END",
        "event_borough": "Brooklyn",
        "start_date": "2023-09-09T10:00:00.000",
        "end_date": "2023-09-09T17:00:00.000",
        "start_formatted": "September 09, 2023 10:00 AM",
        "end_formatted": "September 09, 2023 05:00 PM",
        "street_closure_type": "Full Street Closure",
        "community_board": "14,",
        "police_precinct": "70,"
      }
    },
    {
      "type": "Feature",
      "geometry": {
        "type": "Point",
        "coordinates": [
          -73.938682,
          40.724981
        ]
      },
      "properties": {
        "event_id": "725629",
        "event_name": "Hausman Street Block Party",
        "event_type": "Block Party",
        "event_agency": "Street Activity Permit Office",
        "event_location": "HAUSMAN STREET between NASSAU AVENUE and MEEKER AVENUE",
        "event_borough": "Brooklyn",
        "start_date": "2023-09-09T10:00:00.000",
        "end_date": "2023-09-09T18:30:00.000",
        "start_formatted": "September 09, 2023 10:00 AM",
        "end_formatted": "September 09, 2023 06:30 PM",
        "street_closure_type": "Full Street Closure",
        "community_board": "1,",
        "police_precinct": "94,"
      }
    },
    {
      "type": "Feature",
      "geometry": {
        "type": "Point",
        "coordinates": [
          -73.95513,
          40.659833
        ]
      },
      "properties": {
        "event_id": "718102",
        "event_name": "Midwood II Block Party",
        "event_type": "Block Party",
        "event_agency": "Street Activity Permit Office",
        "event_location": "MIDWOOD STREET between BEDFORD AVENUE and ROGERS AVENUE",
        "event_borough": "Brooklyn",
        "start_date": "2023-09-09T10:00:00.000",
        "end_date": "2023-09-09T19:00:00.000",
        "start_formatted": "September 09, 2023 10:00 AM",
        "end_formatted": "September 09, 2023 07:00 PM",
        "street_closure_type": "Full Street Closure",
        "community_board": "9,",
        "police_precinct": "71,"
      }
    },
    {
      "type": "Feature",
      "geometry": {
        "type": "Point",
        "coordinates": [
          -73.94808549999999,
          40.64606
        ]
      },
      "properties": {
        "event_id": "728736",
        "event_name": "E. 31st Block Party",
        "event_type": "Block Party",
        "event_agency": "Street Activity Permit Office",
        "event_location": "EAST   31 STREET between BEVERLY ROAD and TILDEN AVENUE",
        "event_borough": "Brooklyn",
        "start_date": "2023-09-09T10:00:00.000",
        "end_date": "2023-09-09T19:00:00.000",
        "start_formatted": "September 09, 2023 10:00 AM",
        "end_formatted": "September 09, 2023 07:00 PM",
        "street_closure_type": "Full Street Closure",
        "community_board": "17,",
        "police_precinct": "67,"
      }
    },
    {
      "type": "Feature",
      "geometry": {
        "type": "Point",
        "coordinates": [
          -73.9836105,
          40.670418
        ]
      },
      "properties": {
        "event_id": "714035",
        "event_name": "6th Street Summer 2023 Block Party",
        "event_type": "Block Party",
        "event_agency": "Street Activity Permit Office",
        "event_location": "6 STREET between 5 AVENUE and 6 AVENUE",
        "event_borough": "Brooklyn",
        "start_date": "2023-09-09T10:00:00.000",
        "end_date": "2023-09-09T18:00:00.000",
        "start_formatted": "September 09, 2023 10:00 AM",
        "end_formatted": "September 09, 2023 06:00 PM",
        "street_closure_type": "Full Street Closure",
        "community_board": "6,",
        "police_precinct": "78,"
      }
    },
    {
      "type": "Feature",
      "geometry": {
        "type": "Point",
        "coordinates": [
          -73.95170200000001,
          40.822413
        ]
      },
      "properties": {
        "event_id": "728624",
        "event_name": "Hamilton Place Block Party",
        "event_type": "Block Party",
        "event_agency": "Street Activity Permit Office",
        "event_location": "HAMILTON PLACE between WEST  139 STREET and WEST  140 STREET",
        "event_borough": "Manhattan",
        "start_date": "2023-09-09T10:00:00.000",
        "end_date": "2023-09-09T17:00:00.000",
        "start_formatted": "September 09, 2023 10:00 AM",
        "end_formatted": "September 09, 2023 05:00 PM",
        "street_closure_type": "Full Street Closure",
        "community_board": "9,",
        "police_precinct": "30,"
      }
    },
    {
      "type": "Feature",
      "geometry": {
        "type": "Point",
        "coordinates": [
          -73.9399335,
          40.6851935
        ]
      },
      "properties": {
        "event_id": "705780",
        "event_name": "500 Putnam Avenue Block Party",
        "event_type": "Block Party",
        "event_agency": "Street Activity Permit Office",
        "event_location": "PUTNAM AVENUE between THROOP AVENUE and MARCUS GARVEY BOULEVARD",
        "event_borough": "Brooklyn",
        "start_date": "2023-09-09T10:00:00.000",
        "end_date": "2023-09-09T17:00:00.000",
        "start_formatted": "September 09, 2023 10:00 AM",
        "end_formatted": "September 09, 2023 05:00 PM",
        "street_closure_type": "Full Street Closure",
        "community_board": "3,",
        "police_precinct": "79,"
      }
    }
  ],
  "metadata": {
    "generated": "2026-01-16T17:45:29.759627",
    "year": 2023,
    "total_events": 473,
    "geocoded_successfully": 459,
    "failed": 14,
    "source": "NYC Open Data - Permitted Event Information"
  }
}