{
  "type": "FeatureCollection",
  "features": [
    {
      "type": "Feature",
      "geometry": {
        "type": "Point",
        "coordinates": [
          -73.9821035,
          40.6722265
        ]
      },
      "properties": {
        "event_id": "818182",
        "event_name": "3rd St New Years Eve Block Party",
        "event_type": "Block Party",
        "event_agency": "Street Activity Permit Office",
        "event_location": "3 STREET between 5 AVENUE and 6 AVENUE",
        "event_borough": "Brooklyn",
        "start_date": "2024-12-31T13:00:00.000",
        "end_date": "2024-12-31T20:00:00.000",
        "start_formatted": "December 31, 2024 01:00 PM",
        "end_formatted": "December 31, 2024 08:00 PM",
        "street_closure_type": "Full Street Closure",
        "community_board": "6,",
        "police_precinct": "78,"
      }
    },
    {
      "type": "Feature",
      "geometry": {
        "type": "Point",
        "coordinates": [
          -73.96462700000001,
          40.7532355
        ]
      },
      "properties": {
        "event_id": "814677",
        "event_name": "Beekman Place Association Holiday Caroling Party",
        "event_type": "Block Party",
        "event_agency": "Street Activity Permit Office",
        "event_location": "EAST 50TH STREET between BEEKMAN PLACE and DEAD END",
        "event_borough": "Manhattan",
        "start_date": "2024-12-15T17:00:00.000",
        "end_date": "2024-12-15T18:00:00.000",
        "start_formatted": "December 15, 2024 05:00 PM",
        "end_formatted": "December 15, 2024 06:00 PM",
        "street_closure_type": "Full Street Closure",
        "community_board": "6,",
        "police_precinct": "17,"
      }
    },
    {
      "type": "Feature",
      "geometry": {
        "type": "Point",
        "coordinates": [
          -73.88635550000001,
          40.750572000000005
        ]
      },
      "properties": {
        "event_id": "775129",
        "event_name": "Greystones Tree Lighting Ceremony December 3, 2023",
        "event_type": "Block Party",
        "event_agency": "Street Activity Permit Office",
        "event_location": "80 STREET between 35 AVENUE and 37 AVENUE",
        "event_borough": "Queens",
        "start_date": "2024-12-08T17:00:00.000",
        "end_date": "2024-12-08T19:30:00.000",
        "start_formatted": "December 08, 2024 05:00 PM",
        "end_formatted": "December 08, 2024 07:30 PM",
        "street_closure_type": "Full Street Closure",
        "community_board": "3,",
        "police_precinct": "115,"
      }
    },
    {
      "type": "Feature",
      "geometry": {
        "type": "Point",
        "coordinates": [
          -73.99195950000001,
          40.6824845
        ]
      },
      "properties": {
        "event_id": "813596",
        "event_name": "Fall Music Party",
        "event_type": "Block Party",
        "event_agency": "Street Activity Permit Office",
        "event_location": "DEGRAW STREET between SMITH STREET and HOYT STREET",
        "event_borough": "Brooklyn",
        "start_date": "2024-11-30T12:30:00.000",
        "end_date": "2024-11-30T20:30:00.000",
        "start_formatted": "November 30, 2024 12:30 PM",
        "end_formatted": "November 30, 2024 08:30 PM",
        "street_closure_type": "Full Street Closure",
        "community_board": "6,",
        "police_precinct": "76,"
      }
    },
    {
      "type": "Feature",
      "geometry": {
        "type": "Point",
        "coordinates": [
          -73.978612,
          40.790087
        ]
      },
      "properties": {
        "event_id": "810871",
        "event_name": "Hallowneen Party",
        "event_type": "Block Party",
        "event_agency": "Street Activity Permit Office",
        "event_location": "WEST   87 STREET between WEST END AVENUE and RIVERSIDE DRIVE",
        "event_borough": "Manhattan",
        "start_date": "2024-11-11T17:00:00.000",
        "end_date": "2024-11-11T19:00:00.000",
        "start_formatted": "November 11, 2024 05:00 PM",
        "end_formatted": "November 11, 2024 07:00 PM",
        "street_closure_type": "Full Street Closure",
        "community_board": "7,",
        "police_precinct": "24,"
      }
    },
    {
      "type": "Feature",
      "geometry": {
        "type": "Point",
        "coordinates": [
          -73.92987400000001,
          40.69498
        ]
      },
      "properties": {
        "event_id": "807316",
        "event_name": "Dodworth Block Party",
        "event_type": "Block Party",
        "event_agency": "Street Activity Permit Office",
        "event_location": "DODWORTH STREET between BUSHWICK AVENUE and BROADWAY",
        "event_borough": "Brooklyn",
        "start_date": "2024-11-02T15:00:00.000",
        "end_date": "2024-11-02T19:00:00.000",
        "start_formatted": "November 02, 2024 03:00 PM",
        "end_formatted": "November 02, 2024 07:00 PM",
        "street_closure_type": "Full Street Closure",
        "community_board": "4,",
        "police_precinct": "83,"
      }
    },
    {
      "type": "Feature",
      "geometry": {
        "type": "Point",
        "coordinates": [
          -73.93715399999999,
          40.715257
        ]
      },
      "properties": {
        "event_id": "798907",
        "event_name": "Cooper Park Block Party",
        "event_type": "Block Party",
        "event_agency": "Street Activity Permit Office",
        "event_location": "SHARON STREET between OLIVE STREET and MORGAN AVENUE",
        "event_borough": "Brooklyn",
        "start_date": "2024-11-02T13:00:00.000",
        "end_date": "2024-11-02T16:00:00.000",
        "start_formatted": "November 02, 2024 01:00 PM",
        "end_formatted": "November 02, 2024 04:00 PM",
        "street_closure_type": "Full Street Closure",
        "community_board": "1,",
        "police_precinct": "90,"
      }
    },
    {
      "type": "Feature",
      "geometry": {
        "type": "Point",
        "coordinates": [
          -73.97286249999999,
          40.675957499999996
        ]
      },
      "properties": {
        "event_id": "808338",
        "event_name": "St Johns Pl Block Party",
        "event_type": "Block Party",
        "event_agency": "Street Activity Permit Office",
        "event_location": "ST JOHNS PLACE between 7 AVENUE and 8 AVENUE",
        "event_borough": "Brooklyn",
        "start_date": "2024-11-02T11:30:00.000",
        "end_date": "2024-11-02T19:00:00.000",
        "start_formatted": "November 02, 2024 11:30 AM",
        "end_formatted": "November 02, 2024 07:00 PM",
        "street_closure_type": "Full Street Closure",
        "community_board": "6,",
        "police_precinct": "78,"
      }
    },
    {
      "type": "Feature",
      "geometry": {
        "type": "Point",
        "coordinates": [
          -73.9832585,
          40.666866
        ]
      },
      "properties": {
        "event_id": "807437",
        "event_name": "2024 10th Street Fall Block Party",
        "event_type": "Block Party",
        "event_agency": "Street Activity Permit Office",
        "event_location": "10 STREET between 6 AVENUE and 7 AVENUE",
        "event_borough": "Brooklyn",
        "start_date": "2024-11-02T11:00:00.000",
        "end_date": "2024-11-02T19:00:00.000",
        "start_formatted": "November 02, 2024 11:00 AM",
        "end_formatted": "November 02, 2024 07:00 PM",
        "street_closure_type": "Full Street Closure",
        "community_board": "6,",
        "police_precinct": "78,"
      }
    },
    {
      "type": "Feature",
      "geometry": {
        "type": "Point",
        "coordinates": [
          -73.981252,
          40.68634
        ]
      },
      "properties": {
        "event_id": "803210",
        "event_name": "Halloween",
        "event_type": "Block Party",
        "event_agency": "Street Activity Permit Office",
        "event_location": "STATE STREET between 3 AVENUE and NEVINS STREET",
        "event_borough": "Brooklyn",
        "start_date": "2024-10-31T20:00:00.000",
        "end_date": "2024-10-31T21:00:00.000",
        "start_formatted": "October 31, 2024 08:00 PM",
        "end_formatted": "October 31, 2024 09:00 PM",
        "street_closure_type": "Sidewalk and Street Closure",
        "community_board": "2,",
        "police_precinct": "84,"
      }
    },
    {
      "type": "Feature",
      "geometry": {
        "type": "Point",
        "coordinates": [
          -73.96659600000001,
          40.7915885
        ]
      },
      "properties": {
        "event_id": "805221",
        "event_name": "West 95th Street 2024 Halloween Party",
        "event_type": "Block Party",
        "event_agency": "Street Activity Permit Office",
        "event_location": "WEST   95 STREET between CENTRAL PARK WEST and COLUMBUS AVENUE",
        "event_borough": "Manhattan",
        "start_date": "2024-10-31T17:30:00.000",
        "end_date": "2024-10-31T20:00:00.000",
        "start_formatted": "October 31, 2024 05:30 PM",
        "end_formatted": "October 31, 2024 08:00 PM",
        "street_closure_type": "Full Street Closure",
        "community_board": "7,",
        "police_precinct": "24,"
      }
    },
    {
      "type": "Feature",
      "geometry": {
        "type": "Point",
        "coordinates": [
          -73.9774085,
          40.78187
        ]
      },
      "properties": {
        "event_id": "807235",
        "event_name": "Halloween 2024",
        "event_type": "Block Party",
        "event_agency": "Street Activity Permit Office",
        "event_location": "WEST   78 STREET between AMSTERDAM AVENUE and COLUMBUS AVENUE",
        "event_borough": "Manhattan",
        "start_date": "2024-10-31T17:00:00.000",
        "end_date": "2024-10-31T20:00:00.000",
        "start_formatted": "October 31, 2024 05:00 PM",
        "end_formatted": "October 31, 2024 08:00 PM",
        "street_closure_type": "Full Street Closure",
        "community_board": "7,",
        "police_precinct": "20,"
      }
    },
    {
      "type": "Feature",
      "geometry": {
        "type": "Point",
        "coordinates": [
          -73.968875,
          40.788456
        ]
      },
      "properties": {
        "event_id": "807260",
        "event_name": "Halloween Event on west 90th Street",
        "event_type": "Block Party",
        "event_agency": "Street Activity Permit Office",
        "event_location": "WEST   90 STREET between COLUMBUS AVENUE and CENTRAL PARK WEST",
        "event_borough": "Manhattan",
        "start_date": "2024-10-31T17:00:00.000",
        "end_date": "2024-10-31T19:30:00.000",
        "start_formatted": "October 31, 2024 05:00 PM",
        "end_formatted": "October 31, 2024 07:30 PM",
        "street_closure_type": "Full Street Closure",
        "community_board": "7,",
        "police_precinct": "24,"
      }
    },
    {
      "type": "Feature",
      "geometry": {
        "type": "Point",
        "coordinates": [
          -73.96686199999999,
          40.646546
        ]
      },
      "properties": {
        "event_id": "804455",
        "event_name": "Prospect Park South Annual Halloween Celebration",
        "event_type": "Block Party",
        "event_agency": "Street Activity Permit Office",
        "event_location": "ALBEMARLE ROAD between EAST   13 STREET and EAST   14 STREET",
        "event_borough": "Brooklyn",
        "start_date": "2024-10-31T17:00:00.000",
        "end_date": "2024-10-31T20:00:00.000",
        "start_formatted": "October 31, 2024 05:00 PM",
        "end_formatted": "October 31, 2024 08:00 PM",
        "street_closure_type": "Full Street Closure",
        "community_board": "14,",
        "police_precinct": "70,"
      }
    },
    {
      "type": "Feature",
      "geometry": {
        "type": "Point",
        "coordinates": [
          -73.94923299999999,
          40.805186
        ]
      },
      "properties": {
        "event_id": "808345",
        "event_name": "Halloween street closure for the kids",
        "event_type": "Block Party",
        "event_agency": "Street Activity Permit Office",
        "event_location": "WEST  120 STREET between MALCOLM X BOULEVARD and ADAM CLAYTON POWELL BOULEVARD",
        "event_borough": "Manhattan",
        "start_date": "2024-10-31T16:00:00.000",
        "end_date": "2024-10-31T20:00:00.000",
        "start_formatted": "October 31, 2024 04:00 PM",
        "end_formatted": "October 31, 2024 08:00 PM",
        "street_closure_type": "Full Street Closure",
        "community_board": "10,",
        "police_precinct": "28,"
      }
    },
    {
      "type": "Feature",
      "geometry": {
        "type": "Point",
        "coordinates": [
          -73.98637350000001,
          40.6624915
        ]
      },
      "properties": {
        "event_id": "806857",
        "event_name": "Jackson Place Block Party",
        "event_type": "Block Party",
        "event_agency": "Street Activity Permit Office",
        "event_location": "JACKSON PLACE between 16 STREET and PROSPECT AVENUE",
        "event_borough": "Brooklyn",
        "start_date": "2024-10-31T16:00:00.000",
        "end_date": "2024-10-31T21:00:00.000",
        "start_formatted": "October 31, 2024 04:00 PM",
        "end_formatted": "October 31, 2024 09:00 PM",
        "street_closure_type": "Full Street Closure",
        "community_board": "7,",
        "police_precinct": "72,"
      }
    },
    {
      "type": "Feature",
      "geometry": {
        "type": "Point",
        "coordinates": [
          -73.95522349999999,
          40.78433
        ]
      },
      "properties": {
        "event_id": "797595",
        "event_name": "CHN Annual Halloween Spooktacular",
        "event_type": "Block Party",
        "event_agency": "Street Activity Permit Office",
        "event_location": "EAST   92 STREET between PARK AVENUE and MADISON AVENUE",
        "event_borough": "Manhattan",
        "start_date": "2024-10-31T16:00:00.000",
        "end_date": "2024-10-31T17:30:00.000",
        "start_formatted": "October 31, 2024 04:00 PM",
        "end_formatted": "October 31, 2024 05:30 PM",
        "street_closure_type": "Full Street Closure",
        "community_board": "8,",
        "police_precinct": "19,"
      }
    },
    {
      "type": "Feature",
      "geometry": {
        "type": "Point",
        "coordinates": [
          -73.985581,
          40.660264
        ]
      },
      "properties": {
        "event_id": "796297",
        "event_name": "Halloween 2024",
        "event_type": "Block Party",
        "event_agency": "Street Activity Permit Office",
        "event_location": "17 STREET between 7 AVENUE and 8 AVENUE",
        "event_borough": "Brooklyn",
        "start_date": "2024-10-31T15:30:00.000",
        "end_date": "2024-10-31T22:00:00.000",
        "start_formatted": "October 31, 2024 03:30 PM",
        "end_formatted": "October 31, 2024 10:00 PM",
        "street_closure_type": "Full Street Closure",
        "community_board": "7,",
        "police_precinct": "72,"
      }
    },
    {
      "type": "Feature",
      "geometry": {
        "type": "Point",
        "coordinates": [
          -73.98423700000001,
          40.735313500000004
        ]
      },
      "properties": {
        "event_id": "753000",
        "event_name": "Halloween Block Party",
        "event_type": "Block Party",
        "event_agency": "Street Activity Permit Office",
        "event_location": "EAST   18 STREET between 3 AVENUE and 2 AVENUE",
        "event_borough": "Manhattan",
        "start_date": "2024-10-31T15:30:00.000",
        "end_date": "2024-10-31T20:30:00.000",
        "start_formatted": "October 31, 2024 03:30 PM",
        "end_formatted": "October 31, 2024 08:30 PM",
        "street_closure_type": "Full Street Closure",
        "community_board": "6,",
        "police_precinct": "13,"
      }
    },
    {
      "type": "Feature",
      "geometry": {
        "type": "Point",
        "coordinates": [
          -73.943265,
          40.818447500000005
        ]
      },
      "properties": {
        "event_id": "801881",
        "event_name": "Strivers Row Halloween Festival",
        "event_type": "Block Party",
        "event_agency": "Street Activity Permit Office",
        "event_location": "WEST  139 STREET between ADAM CLAYTON POWELL JR BOULEVARD and FREDERICK DOUGLASS BOULEVARD",
        "event_borough": "Manhattan",
        "start_date": "2024-10-31T15:00:00.000",
        "end_date": "2024-10-31T20:00:00.000",
        "start_formatted": "October 31, 2024 03:00 PM",
        "end_formatted": "October 31, 2024 08:00 PM",
        "street_closure_type": "Full Street Closure",
        "community_board": "10,",
        "police_precinct": "32,"
      }
    },
    {
      "type": "Feature",
      "geometry": {
        "type": "Point",
        "coordinates": [
          -73.98460549999999,
          40.6852385
        ]
      },
      "properties": {
        "event_id": "807066",
        "event_name": "Dean Street Halloween Block Closure",
        "event_type": "Block Party",
        "event_agency": "Street Activity Permit Office",
        "event_location": "DEAN STREET between BOND STREET and NEVINS STREET",
        "event_borough": "Brooklyn",
        "start_date": "2024-10-31T15:00:00.000",
        "end_date": "2024-10-31T21:00:00.000",
        "start_formatted": "October 31, 2024 03:00 PM",
        "end_formatted": "October 31, 2024 09:00 PM",
        "street_closure_type": "Full Street Closure",
        "community_board": "2,",
        "police_precinct": "84,"
      }
    },
    {
      "type": "Feature",
      "geometry": {
        "type": "Point",
        "coordinates": [
          -73.97903249999999,
          40.663976500000004
        ]
      },
      "properties": {
        "event_id": "807147",
        "event_name": "Halloween",
        "event_type": "Block Party",
        "event_agency": "Street Activity Permit Office",
        "event_location": "11 STREET between 8 AVENUE and PROSPECT PARK WEST",
        "event_borough": "Brooklyn",
        "start_date": "2024-10-31T15:00:00.000",
        "end_date": "2024-10-31T19:30:00.000",
        "start_formatted": "October 31, 2024 03:00 PM",
        "end_formatted": "October 31, 2024 07:30 PM",
        "street_closure_type": "Curb Lane Only",
        "community_board": "6,",
        "police_precinct": "78,"
      }
    },
    {
      "type": "Feature",
      "geometry": {
        "type": "Point",
        "coordinates": [
          -73.9976225,
          40.7296265
        ]
      },
      "properties": {
        "event_id": "792232",
        "event_name": "NYU and CB2 Childrens Halloween Parade",
        "event_type": "Block Party",
        "event_agency": "Street Activity Permit Office",
        "event_location": "LAGUARDIA PLACE between WASHINGTON SQUARE SOUTH and WEST    3 STREET",
        "event_borough": "Manhattan",
        "start_date": "2024-10-31T15:00:00.000",
        "end_date": "2024-10-31T18:00:00.000",
        "start_formatted": "October 31, 2024 03:00 PM",
        "end_formatted": "October 31, 2024 06:00 PM",
        "street_closure_type": "Full Street Closure",
        "community_board": "2,",
        "police_precinct": "6,"
      }
    },
    {
      "type": "Feature",
      "geometry": {
        "type": "Point",
        "coordinates": [
          -73.990115,
          40.6593545
        ]
      },
      "properties": {
        "event_id": "790006",
        "event_name": "Halloween on 21st Street",
        "event_type": "Block Party",
        "event_agency": "Street Activity Permit Office",
        "event_location": "21 STREET between 6 AVENUE and 7 AVENUE",
        "event_borough": "Brooklyn",
        "start_date": "2024-10-31T14:30:00.000",
        "end_date": "2024-10-31T20:00:00.000",
        "start_formatted": "October 31, 2024 02:30 PM",
        "end_formatted": "October 31, 2024 08:00 PM",
        "street_closure_type": "Full Street Closure",
        "community_board": "7,",
        "police_precinct": "72,"
      }
    },
    {
      "type": "Feature",
      "geometry": {
        "type": "Point",
        "coordinates": [
          -74.03508550000001,
          40.6316145
        ]
      },
      "properties": {
        "event_id": "812843",
        "event_name": "Block Party  77 St Bet Narrows and Colonial",
        "event_type": "Block Party",
        "event_agency": "Street Activity Permit Office",
        "event_location": "77 STREET between COLONIAL ROAD and NARROWS AVENUE",
        "event_borough": "Brooklyn",
        "start_date": "2024-10-31T14:00:00.000",
        "end_date": "2024-10-31T20:30:00.000",
        "start_formatted": "October 31, 2024 02:00 PM",
        "end_formatted": "October 31, 2024 08:30 PM",
        "street_closure_type": "Full Street Closure",
        "community_board": "10,",
        "police_precinct": "68,"
      }
    },
    {
      "type": "Feature",
      "geometry": {
        "type": "Point",
        "coordinates": [
          -74.1360255,
          40.616494
        ]
      },
      "properties": {
        "event_id": "806555",
        "event_name": "274 neal dow block party",
        "event_type": "Block Party",
        "event_agency": "Street Activity Permit Office",
        "event_location": "NEAL DOW AVENUE between WATERS AVENUE and WATCHOGUE ROAD",
        "event_borough": "Staten Island",
        "start_date": "2024-10-31T12:01:00.000",
        "end_date": "2024-10-31T20:00:00.000",
        "start_formatted": "October 31, 2024 12:01 PM",
        "end_formatted": "October 31, 2024 08:00 PM",
        "street_closure_type": "Full Street Closure",
        "community_board": "1,",
        "police_precinct": "121,"
      }
    },
    {
      "type": "Feature",
      "geometry": {
        "type": "Point",
        "coordinates": [
          -74.0365765,
          40.6279635
        ]
      },
      "properties": {
        "event_id": "801530",
        "event_name": "Halloween Block Party",
        "event_type": "Block Party",
        "event_agency": "Street Activity Permit Office",
        "event_location": "82 STREET between NARROWS AVENUE and COLONIAL ROAD",
        "event_borough": "Brooklyn",
        "start_date": "2024-10-31T12:00:00.000",
        "end_date": "2024-10-31T21:00:00.000",
        "start_formatted": "October 31, 2024 12:00 PM",
        "end_formatted": "October 31, 2024 09:00 PM",
        "street_closure_type": "Full Street Closure",
        "community_board": "10,",
        "police_precinct": "68,"
      }
    },
    {
      "type": "Feature",
      "geometry": {
        "type": "Point",
        "coordinates": [
          -74.021063,
          40.629746499999996
        ]
      },
      "properties": {
        "event_id": "808260",
        "event_name": "74th Street Trick or Treat Halloween Party",
        "event_type": "Block Party",
        "event_agency": "Street Activity Permit Office",
        "event_location": "74 STREET between 6 AVENUE and 5 AVENUE",
        "event_borough": "Brooklyn",
        "start_date": "2024-10-31T12:00:00.000",
        "end_date": "2024-10-31T21:00:00.000",
        "start_formatted": "October 31, 2024 12:00 PM",
        "end_formatted": "October 31, 2024 09:00 PM",
        "street_closure_type": "Full Street Closure",
        "community_board": "10,",
        "police_precinct": "68,"
      }
    },
    {
      "type": "Feature",
      "geometry": {
        "type": "Point",
        "coordinates": [
          -73.8912135,
          40.862413000000004
        ]
      },
      "properties": {
        "event_id": "808226",
        "event_name": "12th Annual Miss Abbies Childrens Halloween Extravaganza",
        "event_type": "Block Party",
        "event_agency": "Street Activity Permit Office",
        "event_location": "DECATUR AVENUE between EAST FORDHAM ROAD and EAST  193 STREET",
        "event_borough": "Bronx",
        "start_date": "2024-10-31T11:00:00.000",
        "end_date": "2024-10-31T17:00:00.000",
        "start_formatted": "October 31, 2024 11:00 AM",
        "end_formatted": "October 31, 2024 05:00 PM",
        "street_closure_type": "Full Street Closure",
        "community_board": "7,",
        "police_precinct": "52,"
      }
    },
    {
      "type": "Feature",
      "geometry": {
        "type": "Point",
        "coordinates": [
          -73.9991935,
          40.714477
        ]
      },
      "properties": {
        "event_id": "807474",
        "event_name": "Chinatown Block Party",
        "event_type": "Block Party",
        "event_agency": "Street Activity Permit Office",
        "event_location": "MOSCO STREET between MOTT STREET and MULBERRY STREET",
        "event_borough": "Manhattan",
        "start_date": "2024-10-27T16:00:00.000",
        "end_date": "2024-10-27T20:00:00.000",
        "start_formatted": "October 27, 2024 04:00 PM",
        "end_formatted": "October 27, 2024 08:00 PM",
        "street_closure_type": "Sidewalk and Street Closure",
        "community_board": "3,",
        "police_precinct": "5,"
      }
    },
    {
      "type": "Feature",
      "geometry": {
        "type": "Point",
        "coordinates": [
          -73.949033,
          40.6706725
        ]
      },
      "properties": {
        "event_id": "813365",
        "event_name": "Halloween Block Party",
        "event_type": "Block Party",
        "event_agency": "Street Activity Permit Office",
        "event_location": "LINCOLN PLACE between NOSTRAND AVENUE and NEW YORK AVENUE",
        "event_borough": "Brooklyn",
        "start_date": "2024-10-27T15:00:00.000",
        "end_date": "2024-10-27T19:00:00.000",
        "start_formatted": "October 27, 2024 03:00 PM",
        "end_formatted": "October 27, 2024 07:00 PM",
        "street_closure_type": "Full Street Closure",
        "community_board": "8,",
        "police_precinct": "77,"
      }
    },
    {
      "type": "Feature",
      "geometry": {
        "type": "Point",
        "coordinates": [
          -73.96462700000001,
          40.7532355
        ]
      },
      "properties": {
        "event_id": "783727",
        "event_name": "Beekman Place Association Halloween Party",
        "event_type": "Block Party",
        "event_agency": "Street Activity Permit Office",
        "event_location": "EAST   50 STREET between BEEKMAN PLACE and DEAD END",
        "event_borough": "Manhattan",
        "start_date": "2024-10-27T15:00:00.000",
        "end_date": "2024-10-27T17:00:00.000",
        "start_formatted": "October 27, 2024 03:00 PM",
        "end_formatted": "October 27, 2024 05:00 PM",
        "street_closure_type": "Full Street Closure",
        "community_board": "6,",
        "police_precinct": "17,"
      }
    },
    {
      "type": "Feature",
      "geometry": {
        "type": "Point",
        "coordinates": [
          -73.95407650000001,
          40.677302
        ]
      },
      "properties": {
        "event_id": "803575",
        "event_name": "Franklin Ave Block Party",
        "event_type": "Block Party",
        "event_agency": "Street Activity Permit Office",
        "event_location": "DEAN STREET between FRANKLIN AVENUE and BEDFORD AVENUE",
        "event_borough": "Brooklyn",
        "start_date": "2024-10-27T14:00:00.000",
        "end_date": "2024-10-27T16:00:00.000",
        "start_formatted": "October 27, 2024 02:00 PM",
        "end_formatted": "October 27, 2024 04:00 PM",
        "street_closure_type": "Full Street Closure",
        "community_board": "8,",
        "police_precinct": "77,"
      }
    },
    {
      "type": "Feature",
      "geometry": {
        "type": "Point",
        "coordinates": [
          -74.0907545,
          40.641534
        ]
      },
      "properties": {
        "event_id": "806393",
        "event_name": "Hamilton Park Halloween Block Party",
        "event_type": "Block Party",
        "event_agency": "Street Activity Permit Office",
        "event_location": "PARK PLACE between HARVARD AVE  and FRANKLIN AVE",
        "event_borough": "Staten Island",
        "start_date": "2024-10-27T13:00:00.000",
        "end_date": "2024-10-27T18:00:00.000",
        "start_formatted": "October 27, 2024 01:00 PM",
        "end_formatted": "October 27, 2024 06:00 PM",
        "street_closure_type": "Full Street Closure",
        "community_board": "1,",
        "police_precinct": "120,"
      }
    },
    {
      "type": "Feature",
      "geometry": {
        "type": "Point",
        "coordinates": [
          -74.00572249999999,
          40.647799
        ]
      },
      "properties": {
        "event_id": "794692",
        "event_name": "Day of the Dead Celebration",
        "event_type": "Block Party",
        "event_agency": "Street Activity Permit Office",
        "event_location": "44 STREET between 5 AVENUE and 6 AVENUE",
        "event_borough": "Brooklyn",
        "start_date": "2024-10-27T12:30:00.000",
        "end_date": "2024-10-27T18:00:00.000",
        "start_formatted": "October 27, 2024 12:30 PM",
        "end_formatted": "October 27, 2024 06:00 PM",
        "street_closure_type": "Full Street Closure",
        "community_board": "7,",
        "police_precinct": "72,"
      }
    },
    {
      "type": "Feature",
      "geometry": {
        "type": "Point",
        "coordinates": [
          -73.9760195,
          40.6675965
        ]
      },
      "properties": {
        "event_id": "804930",
        "event_name": "5th Street Block Association.",
        "event_type": "Block Party",
        "event_agency": "Street Activity Permit Office",
        "event_location": "5 STREET between 8 AVENUE and PROSPECT PARK WEST",
        "event_borough": "Brooklyn",
        "start_date": "2024-10-27T12:00:00.000",
        "end_date": "2024-10-27T18:00:00.000",
        "start_formatted": "October 27, 2024 12:00 PM",
        "end_formatted": "October 27, 2024 06:00 PM",
        "street_closure_type": "Full Street Closure",
        "community_board": "6,",
        "police_precinct": "78,"
      }
    },
    {
      "type": "Feature",
      "geometry": {
        "type": "Point",
        "coordinates": [
          -73.9798935,
          40.666929999999994
        ]
      },
      "properties": {
        "event_id": "806576",
        "event_name": "8th Street Block Party",
        "event_type": "Block Party",
        "event_agency": "Street Activity Permit Office",
        "event_location": "8 STREET between 7 AVENUE and 8 AVENUE",
        "event_borough": "Brooklyn",
        "start_date": "2024-10-27T10:30:00.000",
        "end_date": "2024-10-27T19:30:00.000",
        "start_formatted": "October 27, 2024 10:30 AM",
        "end_formatted": "October 27, 2024 07:30 PM",
        "street_closure_type": "Full Street Closure",
        "community_board": "6,",
        "police_precinct": "78,"
      }
    },
    {
      "type": "Feature",
      "geometry": {
        "type": "Point",
        "coordinates": [
          -73.96425149999999,
          40.6857665
        ]
      },
      "properties": {
        "event_id": "807246",
        "event_name": "Saint James Place block Assocation",
        "event_type": "Block Party",
        "event_agency": "Street Activity Permit Office",
        "event_location": "SAINT JAMES PLACE between GATES AVENUE and GREENE AVENUE",
        "event_borough": "Brooklyn",
        "start_date": "2024-10-26T14:00:00.000",
        "end_date": "2024-10-26T20:00:00.000",
        "start_formatted": "October 26, 2024 02:00 PM",
        "end_formatted": "October 26, 2024 08:00 PM",
        "street_closure_type": "Full Street Closure",
        "community_board": "2,",
        "police_precinct": "88,"
      }
    },
    {
      "type": "Feature",
      "geometry": {
        "type": "Point",
        "coordinates": [
          -73.855876,
          40.717348
        ]
      },
      "properties": {
        "event_id": "807307",
        "event_name": "Ingram Street Block Party",
        "event_type": "Block Party",
        "event_agency": "Street Activity Permit Office",
        "event_location": "INGRAM STREET between YELLOWSTONE BOULEVARD and 68 AVENUE",
        "event_borough": "Queens",
        "start_date": "2024-10-26T14:00:00.000",
        "end_date": "2024-10-26T20:00:00.000",
        "start_formatted": "October 26, 2024 02:00 PM",
        "end_formatted": "October 26, 2024 08:00 PM",
        "street_closure_type": "Full Street Closure",
        "community_board": "6,",
        "police_precinct": "112,"
      }
    },
    {
      "type": "Feature",
      "geometry": {
        "type": "Point",
        "coordinates": [
          -74.0063045,
          40.647242
        ]
      },
      "properties": {
        "event_id": "807131",
        "event_name": "45th Street Block Party",
        "event_type": "Block Party",
        "event_agency": "Street Activity Permit Office",
        "event_location": "45 STREET between 5 AVENUE and 6 AVENUE",
        "event_borough": "Brooklyn",
        "start_date": "2024-10-26T13:00:00.000",
        "end_date": "2024-10-26T20:00:00.000",
        "start_formatted": "October 26, 2024 01:00 PM",
        "end_formatted": "October 26, 2024 08:00 PM",
        "street_closure_type": "Full Street Closure",
        "community_board": "7,",
        "police_precinct": "72,"
      }
    },
    {
      "type": "Feature",
      "geometry": {
        "type": "Point",
        "coordinates": [
          -73.9068435,
          40.621501
        ]
      },
      "properties": {
        "event_id": "807722",
        "event_name": "73 rd street block party",
        "event_type": "Block Party",
        "event_agency": "Street Activity Permit Office",
        "event_location": "EAST   73 STREET between AVENUE U and AVENUE T",
        "event_borough": "Brooklyn",
        "start_date": "2024-10-26T13:00:00.000",
        "end_date": "2024-10-26T19:00:00.000",
        "start_formatted": "October 26, 2024 01:00 PM",
        "end_formatted": "October 26, 2024 07:00 PM",
        "street_closure_type": "Full Street Closure",
        "community_board": "18,",
        "police_precinct": "63,"
      }
    },
    {
      "type": "Feature",
      "geometry": {
        "type": "Point",
        "coordinates": [
          -73.976612,
          40.653366000000005
        ]
      },
      "properties": {
        "event_id": "807717",
        "event_name": "Block Party",
        "event_type": "Block Party",
        "event_agency": "Street Activity Permit Office",
        "event_location": "VANDERBILT STREET between PROSPECT AVENUE and 18 STREET",
        "event_borough": "Brooklyn",
        "start_date": "2024-10-26T13:00:00.000",
        "end_date": "2024-10-26T21:00:00.000",
        "start_formatted": "October 26, 2024 01:00 PM",
        "end_formatted": "October 26, 2024 09:00 PM",
        "street_closure_type": "Full Street Closure",
        "community_board": "7,",
        "police_precinct": "72,"
      }
    },
    {
      "type": "Feature",
      "geometry": {
        "type": "Point",
        "coordinates": [
          -74.068705,
          40.600673
        ]
      },
      "properties": {
        "event_id": "807739",
        "event_name": "ANOTHER DAY IN PARADISE",
        "event_type": "Block Party",
        "event_agency": "Street Activity Permit Office",
        "event_location": "LANDIS AVENUE between CHICAGO AVENUE and PICKERSGILL AVENUE",
        "event_borough": "Staten Island",
        "start_date": "2024-10-26T13:00:00.000",
        "end_date": "2024-10-26T20:00:00.000",
        "start_formatted": "October 26, 2024 01:00 PM",
        "end_formatted": "October 26, 2024 08:00 PM",
        "street_closure_type": "Full Street Closure",
        "community_board": "2,",
        "police_precinct": "122,"
      }
    },
    {
      "type": "Feature",
      "geometry": {
        "type": "Point",
        "coordinates": [
          -74.01575700000001,
          40.648386
        ]
      },
      "properties": {
        "event_id": "762904",
        "event_name": "50th St block party 3",
        "event_type": "Block Party",
        "event_agency": "Street Activity Permit Office",
        "event_location": "50 STREET between 2 AVENUE and 3 AVENUE",
        "event_borough": "Brooklyn",
        "start_date": "2024-10-26T12:00:00.000",
        "end_date": "2024-10-26T21:00:00.000",
        "start_formatted": "October 26, 2024 12:00 PM",
        "end_formatted": "October 26, 2024 09:00 PM",
        "street_closure_type": "Full Street Closure",
        "community_board": "7,",
        "police_precinct": "72,"
      }
    },
    {
      "type": "Feature",
      "geometry": {
        "type": "Point",
        "coordinates": [
          -73.83787849999999,
          40.6490395
        ]
      },
      "properties": {
        "event_id": "783935",
        "event_name": "Howard Beach Kiowanis Halloween Block Party",
        "event_type": "Block Party",
        "event_agency": "Street Activity Permit Office",
        "event_location": "165 AVENUE between CROSS BAY BOULEVARD and 92 STREET",
        "event_borough": "Queens",
        "start_date": "2024-10-26T12:00:00.000",
        "end_date": "2024-10-26T14:00:00.000",
        "start_formatted": "October 26, 2024 12:00 PM",
        "end_formatted": "October 26, 2024 02:00 PM",
        "street_closure_type": "Full Street Closure",
        "community_board": "10,",
        "police_precinct": "106,"
      }
    },
    {
      "type": "Feature",
      "geometry": {
        "type": "Point",
        "coordinates": [
          -74.131286,
          40.633313
        ]
      },
      "properties": {
        "event_id": "801094",
        "event_name": "Halloween block party",
        "event_type": "Block Party",
        "event_agency": "Street Activity Permit Office",
        "event_location": "ANDERSON AVENUE between SIMONSON PLACE and WASHINGTON PLACE",
        "event_borough": "Staten Island",
        "start_date": "2024-10-26T12:00:00.000",
        "end_date": "2024-10-26T19:00:00.000",
        "start_formatted": "October 26, 2024 12:00 PM",
        "end_formatted": "October 26, 2024 07:00 PM",
        "street_closure_type": "Full Street Closure",
        "community_board": "1,",
        "police_precinct": "121,"
      }
    },
    {
      "type": "Feature",
      "geometry": {
        "type": "Point",
        "coordinates": [
          -73.940413,
          40.6285675
        ]
      },
      "properties": {
        "event_id": "811325",
        "event_name": "East 37th Street Octoberfest",
        "event_type": "Block Party",
        "event_agency": "Street Activity Permit Office",
        "event_location": "EAST   37 STREET between AVENUE I and AVENUE J",
        "event_borough": "Brooklyn",
        "start_date": "2024-10-26T12:00:00.000",
        "end_date": "2024-10-26T18:00:00.000",
        "start_formatted": "October 26, 2024 12:00 PM",
        "end_formatted": "October 26, 2024 06:00 PM",
        "street_closure_type": "Full Street Closure",
        "community_board": "18,",
        "police_precinct": "63,"
      }
    },
    {
      "type": "Feature",
      "geometry": {
        "type": "Point",
        "coordinates": [
          -73.986625,
          40.666803
        ]
      },
      "properties": {
        "event_id": "805070",
        "event_name": "12th Street Fall Block Party 2024 Sept 14th",
        "event_type": "Block Party",
        "event_agency": "Street Activity Permit Office",
        "event_location": "12 STREET between 5 AVENUE and 6 AVENUE",
        "event_borough": "Brooklyn",
        "start_date": "2024-10-26T12:00:00.000",
        "end_date": "2024-10-26T19:00:00.000",
        "start_formatted": "October 26, 2024 12:00 PM",
        "end_formatted": "October 26, 2024 07:00 PM",
        "street_closure_type": "Full Street Closure",
        "community_board": "6,",
        "police_precinct": "78,"
      }
    },
    {
      "type": "Feature",
      "geometry": {
        "type": "Point",
        "coordinates": [
          -73.97752349999999,
          40.6657875
        ]
      },
      "properties": {
        "event_id": "802992",
        "event_name": "8th Street Block Party",
        "event_type": "Block Party",
        "event_agency": "Street Activity Permit Office",
        "event_location": "8 STREET between 8 AVENUE and PROSPECT PARK WEST",
        "event_borough": "Brooklyn",
        "start_date": "2024-10-26T12:00:00.000",
        "end_date": "2024-10-26T19:00:00.000",
        "start_formatted": "October 26, 2024 12:00 PM",
        "end_formatted": "October 26, 2024 07:00 PM",
        "street_closure_type": "Full Street Closure",
        "community_board": "6,",
        "police_precinct": "78,"
      }
    },
    {
      "type": "Feature",
      "geometry": {
        "type": "Point",
        "coordinates": [
          -73.9804355,
          40.679618
        ]
      },
      "properties": {
        "event_id": "801344",
        "event_name": "Butler Street Halloween Block Party",
        "event_type": "Block Party",
        "event_agency": "Street Activity Permit Office",
        "event_location": "BUTLER STREET between 4 AVENUE and GREGORY PLACE",
        "event_borough": "Brooklyn",
        "start_date": "2024-10-26T11:00:00.000",
        "end_date": "2024-10-26T18:00:00.000",
        "start_formatted": "October 26, 2024 11:00 AM",
        "end_formatted": "October 26, 2024 06:00 PM",
        "street_closure_type": "Full Street Closure",
        "community_board": "6,",
        "police_precinct": "78,"
      }
    },
    {
      "type": "Feature",
      "geometry": {
        "type": "Point",
        "coordinates": [
          -73.9765265,
          40.6669955
        ]
      },
      "properties": {
        "event_id": "807605",
        "event_name": "6th Street and 8th Ave Block Party",
        "event_type": "Block Party",
        "event_agency": "Street Activity Permit Office",
        "event_location": "6 STREET between 8 AVENUE and PROSPECT PARK WEST",
        "event_borough": "Brooklyn",
        "start_date": "2024-10-26T10:30:00.000",
        "end_date": "2024-10-26T17:30:00.000",
        "start_formatted": "October 26, 2024 10:30 AM",
        "end_formatted": "October 26, 2024 05:30 PM",
        "street_closure_type": "Full Street Closure",
        "community_board": "6,",
        "police_precinct": "78,"
      }
    },
    {
      "type": "Feature",
      "geometry": {
        "type": "Point",
        "coordinates": [
          -73.98089949999999,
          40.665724999999995
        ]
      },
      "properties": {
        "event_id": "807340",
        "event_name": "Fall block party",
        "event_type": "Block Party",
        "event_agency": "Street Activity Permit Office",
        "event_location": "10 STREET between 7 AVENUE and 8 AVENUE",
        "event_borough": "Brooklyn",
        "start_date": "2024-10-26T10:00:00.000",
        "end_date": "2024-10-26T17:00:00.000",
        "start_formatted": "October 26, 2024 10:00 AM",
        "end_formatted": "October 26, 2024 05:00 PM",
        "street_closure_type": "Full Street Closure",
        "community_board": "6,",
        "police_precinct": "78,"
      }
    },
    {
      "type": "Feature",
      "geometry": {
        "type": "Point",
        "coordinates": [
          -74.095549,
          40.6343335
        ]
      },
      "properties": {
        "event_id": "802931",
        "event_name": "4th Annual Oktoberfest",
        "event_type": "Block Party",
        "event_agency": "Street Activity Permit Office",
        "event_location": "STANLEY AVENUE between BRIGHTON AVENUE and PORTLAND PLACE",
        "event_borough": "Staten Island",
        "start_date": "2024-10-26T10:00:00.000",
        "end_date": "2024-10-26T19:00:00.000",
        "start_formatted": "October 26, 2024 10:00 AM",
        "end_formatted": "October 26, 2024 07:00 PM",
        "street_closure_type": "Full Street Closure",
        "community_board": "1,",
        "police_precinct": "120,"
      }
    },
    {
      "type": "Feature",
      "geometry": {
        "type": "Point",
        "coordinates": [
          -73.98039299999999,
          40.652989500000004
        ]
      },
      "properties": {
        "event_id": "807256",
        "event_name": "Seeley Street Block Party",
        "event_type": "Block Party",
        "event_agency": "Street Activity Permit Office",
        "event_location": "SEELEY STREET between MCDONALD AVENUE and 20 STREET",
        "event_borough": "Brooklyn",
        "start_date": "2024-10-26T09:00:00.000",
        "end_date": "2024-10-26T17:00:00.000",
        "start_formatted": "October 26, 2024 09:00 AM",
        "end_formatted": "October 26, 2024 05:00 PM",
        "street_closure_type": "Full Street Closure",
        "community_board": "7,",
        "police_precinct": "72,"
      }
    },
    {
      "type": "Feature",
      "geometry": {
        "type": "Point",
        "coordinates": [
          -73.9431185,
          40.6538045
        ]
      },
      "properties": {
        "event_id": "811061",
        "event_name": "Sukkot celebration",
        "event_type": "Block Party",
        "event_agency": "Street Activity Permit Office",
        "event_location": "EAST   37 STREET between LENOX ROAD and LINDEN BOULEVARD",
        "event_borough": "Brooklyn",
        "start_date": "2024-10-22T13:00:00.000",
        "end_date": "2024-10-22T17:00:00.000",
        "start_formatted": "October 22, 2024 01:00 PM",
        "end_formatted": "October 22, 2024 05:00 PM",
        "street_closure_type": "Full Street Closure",
        "community_board": "17,",
        "police_precinct": "67,"
      }
    },
    {
      "type": "Feature",
      "geometry": {
        "type": "Point",
        "coordinates": [
          -73.96508349999999,
          40.6496825
        ]
      },
      "properties": {
        "event_id": "808259",
        "event_name": "Caton Park Block Party",
        "event_type": "Block Party",
        "event_agency": "Street Activity Permit Office",
        "event_location": "EAST   16 STREET between CHURCH AVENUE and CATON AVENUE",
        "event_borough": "Brooklyn",
        "start_date": "2024-10-20T12:00:00.000",
        "end_date": "2024-10-20T19:30:00.000",
        "start_formatted": "October 20, 2024 12:00 PM",
        "end_formatted": "October 20, 2024 07:30 PM",
        "street_closure_type": "Full Street Closure",
        "community_board": "14,",
        "police_precinct": "70,"
      }
    },
    {
      "type": "Feature",
      "geometry": {
        "type": "Point",
        "coordinates": [
          -73.956228,
          40.727882
        ]
      },
      "properties": {
        "event_id": "806644",
        "event_name": "Oak Street Block Party",
        "event_type": "Block Party",
        "event_agency": "Street Activity Permit Office",
        "event_location": "OAK STREET between GUERNSEY STREET and FRANKLIN STREET",
        "event_borough": "Brooklyn",
        "start_date": "2024-10-19T15:00:00.000",
        "end_date": "2024-10-19T20:00:00.000",
        "start_formatted": "October 19, 2024 03:00 PM",
        "end_formatted": "October 19, 2024 08:00 PM",
        "street_closure_type": "Full Street Closure",
        "community_board": "1,",
        "police_precinct": "94,"
      }
    },
    {
      "type": "Feature",
      "geometry": {
        "type": "Point",
        "coordinates": [
          -73.99318600000001,
          40.6989675
        ]
      },
      "properties": {
        "event_id": "806319",
        "event_name": "Orange Block Party",
        "event_type": "Block Party",
        "event_agency": "Street Activity Permit Office",
        "event_location": "ORANGE STREET between HENRY STREET and HICKS STREET",
        "event_borough": "Brooklyn",
        "start_date": "2024-10-19T13:00:00.000",
        "end_date": "2024-10-19T19:00:00.000",
        "start_formatted": "October 19, 2024 01:00 PM",
        "end_formatted": "October 19, 2024 07:00 PM",
        "street_closure_type": "Full Street Closure",
        "community_board": "2,",
        "police_precinct": "84,"
      }
    },
    {
      "type": "Feature",
      "geometry": {
        "type": "Point",
        "coordinates": [
          -73.98208299999999,
          40.6465875
        ]
      },
      "properties": {
        "event_id": "806339",
        "event_name": "Block Party Fall Feast",
        "event_type": "Block Party",
        "event_agency": "Street Activity Permit Office",
        "event_location": "MICIELI PLACE between MINNA STREET and FORT HAMILTON PARKWAY",
        "event_borough": "Brooklyn",
        "start_date": "2024-10-19T13:00:00.000",
        "end_date": "2024-10-19T20:00:00.000",
        "start_formatted": "October 19, 2024 01:00 PM",
        "end_formatted": "October 19, 2024 08:00 PM",
        "street_closure_type": "Full Street Closure",
        "community_board": "12,",
        "police_precinct": "66,"
      }
    },
    {
      "type": "Feature",
      "geometry": {
        "type": "Point",
        "coordinates": [
          -74.147609,
          40.5452675
        ]
      },
      "properties": {
        "event_id": "804934",
        "event_name": "Monticello Terrace Block party",
        "event_type": "Block Party",
        "event_agency": "Street Activity Permit Office",
        "event_location": "MONTICELLO TERRACE between NELSON AVENUE and CLEVELAND AVENUE",
        "event_borough": "Staten Island",
        "start_date": "2024-10-19T13:00:00.000",
        "end_date": "2024-10-19T22:00:00.000",
        "start_formatted": "October 19, 2024 01:00 PM",
        "end_formatted": "October 19, 2024 10:00 PM",
        "street_closure_type": "Full Street Closure",
        "community_board": "3,",
        "police_precinct": "122,"
      }
    },
    {
      "type": "Feature",
      "geometry": {
        "type": "Point",
        "coordinates": [
          -73.9795355,
          40.6633755
        ]
      },
      "properties": {
        "event_id": "798721",
        "event_name": "12th Street Block Party",
        "event_type": "Block Party",
        "event_agency": "Street Activity Permit Office",
        "event_location": "12 STREET between 8 AVENUE and PROSPECT PARK WEST",
        "event_borough": "Brooklyn",
        "start_date": "2024-10-19T13:00:00.000",
        "end_date": "2024-10-19T21:00:00.000",
        "start_formatted": "October 19, 2024 01:00 PM",
        "end_formatted": "October 19, 2024 09:00 PM",
        "street_closure_type": "Full Street Closure",
        "community_board": "6,",
        "police_precinct": "78,"
      }
    },
    {
      "type": "Feature",
      "geometry": {
        "type": "Point",
        "coordinates": [
          -74.1331355,
          40.6195115
        ]
      },
      "properties": {
        "event_id": "780527",
        "event_name": "161 clinton b Fisk ave",
        "event_type": "Block Party",
        "event_agency": "Street Activity Permit Office",
        "event_location": "FISK AVENUE between THE BOULEVARD and MAINE AVENUE",
        "event_borough": "Staten Island",
        "start_date": "2024-10-19T13:00:00.000",
        "end_date": "2024-10-19T20:00:00.000",
        "start_formatted": "October 19, 2024 01:00 PM",
        "end_formatted": "October 19, 2024 08:00 PM",
        "street_closure_type": "Full Street Closure",
        "community_board": "1,",
        "police_precinct": "121,"
      }
    },
    {
      "type": "Feature",
      "geometry": {
        "type": "Point",
        "coordinates": [
          -73.8537075,
          40.716556
        ]
      },
      "properties": {
        "event_id": "806107",
        "event_name": "Ingram Street Block Party",
        "event_type": "Block Party",
        "event_agency": "Street Activity Permit Office",
        "event_location": "INGRAM STREET between 68 AVENUE and 69 AVENUE",
        "event_borough": "Queens",
        "start_date": "2024-10-19T12:30:00.000",
        "end_date": "2024-10-19T20:30:00.000",
        "start_formatted": "October 19, 2024 12:30 PM",
        "end_formatted": "October 19, 2024 08:30 PM",
        "street_closure_type": "Full Street Closure",
        "community_board": "6,",
        "police_precinct": "112,"
      }
    },
    {
      "type": "Feature",
      "geometry": {
        "type": "Point",
        "coordinates": [
          -73.99087449999999,
          40.6697025
        ]
      },
      "properties": {
        "event_id": "805522",
        "event_name": "11th street Block Party",
        "event_type": "Block Party",
        "event_agency": "Street Activity Permit Office",
        "event_location": "11 STREET between 3 AVENUE and 4 AVENUE",
        "event_borough": "Brooklyn",
        "start_date": "2024-10-19T12:00:00.000",
        "end_date": "2024-10-19T20:30:00.000",
        "start_formatted": "October 19, 2024 12:00 PM",
        "end_formatted": "October 19, 2024 08:30 PM",
        "street_closure_type": "Curb Lane Only",
        "community_board": "6,",
        "police_precinct": "78,"
      }
    },
    {
      "type": "Feature",
      "geometry": {
        "type": "Point",
        "coordinates": [
          -73.9465715,
          40.8226905
        ]
      },
      "properties": {
        "event_id": "806203",
        "event_name": "Hi Neighbor Day",
        "event_type": "Block Party",
        "event_agency": "Street Activity Permit Office",
        "event_location": "HAMILTON TERRACE between WEST  141 STREET and WEST  144 STREET",
        "event_borough": "Manhattan",
        "start_date": "2024-10-19T12:00:00.000",
        "end_date": "2024-10-19T19:00:00.000",
        "start_formatted": "October 19, 2024 12:00 PM",
        "end_formatted": "October 19, 2024 07:00 PM",
        "street_closure_type": "Full Street Closure",
        "community_board": "9,",
        "police_precinct": "26, 30,"
      }
    },
    {
      "type": "Feature",
      "geometry": {
        "type": "Point",
        "coordinates": [
          -73.991153,
          40.661804000000004
        ]
      },
      "properties": {
        "event_id": "796599",
        "event_name": "October 2024 Block Party",
        "event_type": "Block Party",
        "event_agency": "Street Activity Permit Office",
        "event_location": "19 STREET between 5 AVENUE and 6 AVENUE",
        "event_borough": "Brooklyn",
        "start_date": "2024-10-19T12:00:00.000",
        "end_date": "2024-10-19T18:00:00.000",
        "start_formatted": "October 19, 2024 12:00 PM",
        "end_formatted": "October 19, 2024 06:00 PM",
        "street_closure_type": "Full Street Closure",
        "community_board": "7,",
        "police_precinct": "72,"
      }
    },
    {
      "type": "Feature",
      "geometry": {
        "type": "Point",
        "coordinates": [
          -73.967419,
          40.64202
        ]
      },
      "properties": {
        "event_id": "797426",
        "event_name": "Annual Block Party",
        "event_type": "Block Party",
        "event_agency": "Street Activity Permit Office",
        "event_location": "WESTMINSTER ROAD between BEVERLEY ROAD and CORTELYOU ROAD",
        "event_borough": "Brooklyn",
        "start_date": "2024-10-19T10:30:00.000",
        "end_date": "2024-10-19T18:30:00.000",
        "start_formatted": "October 19, 2024 10:30 AM",
        "end_formatted": "October 19, 2024 06:30 PM",
        "street_closure_type": "Full Street Closure",
        "community_board": "14,",
        "police_precinct": "70,"
      }
    },
    {
      "type": "Feature",
      "geometry": {
        "type": "Point",
        "coordinates": [
          -73.97474700000001,
          40.6540765
        ]
      },
      "properties": {
        "event_id": "799673",
        "event_name": "2024 VANDERBILT STREET BLOCK PARTY",
        "event_type": "Block Party",
        "event_agency": "Street Activity Permit Office",
        "event_location": "VANDERBILT STREET between PROSPECT AVENUE and PROSPECT PARK SOUTHWEST",
        "event_borough": "Brooklyn",
        "start_date": "2024-10-19T10:00:00.000",
        "end_date": "2024-10-19T18:00:00.000",
        "start_formatted": "October 19, 2024 10:00 AM",
        "end_formatted": "October 19, 2024 06:00 PM",
        "street_closure_type": "Full Street Closure",
        "community_board": "7,",
        "police_precinct": "72,"
      }
    },
    {
      "type": "Feature",
      "geometry": {
        "type": "Point",
        "coordinates": [
          -73.9991205,
          40.682545000000005
        ]
      },
      "properties": {
        "event_id": "803578",
        "event_name": "KidsPlay on President Street",
        "event_type": "Block Party",
        "event_agency": "Street Activity Permit Office",
        "event_location": "PRESIDENT STREET between CLINTON STREET and HENRY STREET",
        "event_borough": "Brooklyn",
        "start_date": "2024-10-19T10:00:00.000",
        "end_date": "2024-10-19T16:00:00.000",
        "start_formatted": "October 19, 2024 10:00 AM",
        "end_formatted": "October 19, 2024 04:00 PM",
        "street_closure_type": "Full Street Closure",
        "community_board": "6,",
        "police_precinct": "76,"
      }
    },
    {
      "type": "Feature",
      "geometry": {
        "type": "Point",
        "coordinates": [
          -73.96170649999999,
          40.7970395
        ]
      },
      "properties": {
        "event_id": "786348",
        "event_name": "West 104th St Garden Community Garden Block Party",
        "event_type": "Block Party",
        "event_agency": "Street Activity Permit Office",
        "event_location": "WEST  104 STREET between CENTRAL PARK WEST and MANHATTAN AVENUE",
        "event_borough": "Manhattan",
        "start_date": "2024-10-19T09:00:00.000",
        "end_date": "2024-10-19T19:00:00.000",
        "start_formatted": "October 19, 2024 09:00 AM",
        "end_formatted": "October 19, 2024 07:00 PM",
        "street_closure_type": "Full Street Closure",
        "community_board": "7,",
        "police_precinct": "24,"
      }
    },
    {
      "type": "Feature",
      "geometry": {
        "type": "Point",
        "coordinates": [
          -73.91609600000001,
          40.687216500000005
        ]
      },
      "properties": {
        "event_id": "805509",
        "event_name": "Mars Toro",
        "event_type": "Block Party",
        "event_agency": "Street Activity Permit Office",
        "event_location": "HANCOCK STREET between BROADWAY and BUSHWICK AVENUE",
        "event_borough": "Brooklyn",
        "start_date": "2024-10-13T14:30:00.000",
        "end_date": "2024-10-13T18:30:00.000",
        "start_formatted": "October 13, 2024 02:30 PM",
        "end_formatted": "October 13, 2024 06:30 PM",
        "street_closure_type": "Full Street Closure",
        "community_board": "4,",
        "police_precinct": "83,"
      }
    },
    {
      "type": "Feature",
      "geometry": {
        "type": "Point",
        "coordinates": [
          -73.986505,
          40.67097
        ]
      },
      "properties": {
        "event_id": "803441",
        "event_name": "7th street betw 4th and 5th ave community party",
        "event_type": "Block Party",
        "event_agency": "Street Activity Permit Office",
        "event_location": "7 STREET between 4 AVENUE and 5 AVENUE",
        "event_borough": "Brooklyn",
        "start_date": "2024-10-13T13:00:00.000",
        "end_date": "2024-10-13T18:00:00.000",
        "start_formatted": "October 13, 2024 01:00 PM",
        "end_formatted": "October 13, 2024 06:00 PM",
        "street_closure_type": "Full Street Closure",
        "community_board": "6,",
        "police_precinct": "78,"
      }
    },
    {
      "type": "Feature",
      "geometry": {
        "type": "Point",
        "coordinates": [
          -73.96308049999999,
          40.632315500000004
        ]
      },
      "properties": {
        "event_id": "804458",
        "event_name": "West Midwood Block association Block Party",
        "event_type": "Block Party",
        "event_agency": "Street Activity Permit Office",
        "event_location": "GLENWOOD ROAD between RUGBY ROAD and DEAD END",
        "event_borough": "Brooklyn",
        "start_date": "2024-10-13T13:00:00.000",
        "end_date": "2024-10-13T16:00:00.000",
        "start_formatted": "October 13, 2024 01:00 PM",
        "end_formatted": "October 13, 2024 04:00 PM",
        "street_closure_type": "Full Street Closure",
        "community_board": "14,",
        "police_precinct": "70,"
      }
    },
    {
      "type": "Feature",
      "geometry": {
        "type": "Point",
        "coordinates": [
          -73.93844949999999,
          40.61498
        ]
      },
      "properties": {
        "event_id": "803686",
        "event_name": "Block party",
        "event_type": "Block Party",
        "event_agency": "Street Activity Permit Office",
        "event_location": "EAST   35 STREET between AVENUE P and QUENTIN ROAD",
        "event_borough": "Brooklyn",
        "start_date": "2024-10-13T12:00:00.000",
        "end_date": "2024-10-13T19:00:00.000",
        "start_formatted": "October 13, 2024 12:00 PM",
        "end_formatted": "October 13, 2024 07:00 PM",
        "street_closure_type": "Full Street Closure",
        "community_board": "18,",
        "police_precinct": "63,"
      }
    },
    {
      "type": "Feature",
      "geometry": {
        "type": "Point",
        "coordinates": [
          -73.894856,
          40.680484
        ]
      },
      "properties": {
        "event_id": "814111",
        "event_name": "Block Party",
        "event_type": "Block Party",
        "event_agency": "Street Activity Permit Office",
        "event_location": "SUNNYSIDE AVENUE between MILLER AVENUE and VERMONT STREET",
        "event_borough": "Brooklyn",
        "start_date": "2024-10-13T12:00:00.000",
        "end_date": "2024-10-13T19:00:00.000",
        "start_formatted": "October 13, 2024 12:00 PM",
        "end_formatted": "October 13, 2024 07:00 PM",
        "street_closure_type": "Full Street Closure",
        "community_board": "5,",
        "police_precinct": "75,"
      }
    },
    {
      "type": "Feature",
      "geometry": {
        "type": "Point",
        "coordinates": [
          -74.135602,
          40.62065
        ]
      },
      "properties": {
        "event_id": "798175",
        "event_name": "Maine2024",
        "event_type": "Block Party",
        "event_agency": "Street Activity Permit Office",
        "event_location": "MAINE AVENUE between BIDWELL AVENUE and NEAL DOW AVENUE",
        "event_borough": "Staten Island",
        "start_date": "2024-10-12T13:00:00.000",
        "end_date": "2024-10-12T20:00:00.000",
        "start_formatted": "October 12, 2024 01:00 PM",
        "end_formatted": "October 12, 2024 08:00 PM",
        "street_closure_type": "Full Street Closure",
        "community_board": "1,",
        "police_precinct": "121,"
      }
    },
    {
      "type": "Feature",
      "geometry": {
        "type": "Point",
        "coordinates": [
          -74.158731,
          40.542462
        ]
      },
      "properties": {
        "event_id": "809648",
        "event_name": "Block Party",
        "event_type": "Block Party",
        "event_agency": "Street Activity Permit Office",
        "event_location": "PACIFIC AVENUE between OAKDALE STREET and SYCAMORE STREET",
        "event_borough": "Staten Island",
        "start_date": "2024-10-12T12:00:00.000",
        "end_date": "2024-10-12T20:00:00.000",
        "start_formatted": "October 12, 2024 12:00 PM",
        "end_formatted": "October 12, 2024 08:00 PM",
        "street_closure_type": "Full Street Closure",
        "community_board": "3,",
        "police_precinct": "122,"
      }
    },
    {
      "type": "Feature",
      "geometry": {
        "type": "Point",
        "coordinates": [
          -74.118686,
          40.617799500000004
        ]
      },
      "properties": {
        "event_id": "803087",
        "event_name": "Rice Avenue Block Party",
        "event_type": "Block Party",
        "event_agency": "Street Activity Permit Office",
        "event_location": "RICE AVENUE between SLOSSON AVENUE and FAIRVIEW AVENUE",
        "event_borough": "Staten Island",
        "start_date": "2024-10-12T12:00:00.000",
        "end_date": "2024-10-12T20:00:00.000",
        "start_formatted": "October 12, 2024 12:00 PM",
        "end_formatted": "October 12, 2024 08:00 PM",
        "street_closure_type": "Full Street Closure",
        "community_board": "1,",
        "police_precinct": "120,"
      }
    },
    {
      "type": "Feature",
      "geometry": {
        "type": "Point",
        "coordinates": [
          -73.913277,
          40.658714
        ]
      },
      "properties": {
        "event_id": "804977",
        "event_name": "Back school fun for the kids",
        "event_type": "Block Party",
        "event_agency": "Street Activity Permit Office",
        "event_location": "NEWPORT STREET between STRAUSS STREET and HERZEL STREET",
        "event_borough": "Brooklyn",
        "start_date": "2024-10-12T12:00:00.000",
        "end_date": "2024-10-12T19:00:00.000",
        "start_formatted": "October 12, 2024 12:00 PM",
        "end_formatted": "October 12, 2024 07:00 PM",
        "street_closure_type": "Full Street Closure",
        "community_board": "16,",
        "police_precinct": "73,"
      }
    },
    {
      "type": "Feature",
      "geometry": {
        "type": "Point",
        "coordinates": [
          -73.937341,
          40.686993
        ]
      },
      "properties": {
        "event_id": "810024",
        "event_name": "Neighbors of Monroe Street",
        "event_type": "Block Party",
        "event_agency": "Street Activity Permit Office",
        "event_location": "MONROE STREET between LEWIS AVENUE and MARCUS GARVEY BOULEVARD",
        "event_borough": "Brooklyn",
        "start_date": "2024-10-12T11:00:00.000",
        "end_date": "2024-10-12T17:00:00.000",
        "start_formatted": "October 12, 2024 11:00 AM",
        "end_formatted": "October 12, 2024 05:00 PM",
        "street_closure_type": "Full Street Closure",
        "community_board": "3,",
        "police_precinct": "81,"
      }
    },
    {
      "type": "Feature",
      "geometry": {
        "type": "Point",
        "coordinates": [
          -73.9432245,
          40.813413499999996
        ]
      },
      "properties": {
        "event_id": "790569",
        "event_name": "13th year kids halloween block party",
        "event_type": "Block Party",
        "event_agency": "Street Activity Permit Office",
        "event_location": "WEST  133 STREET between 7 AVENUE and LENOX AVENUE",
        "event_borough": "Manhattan",
        "start_date": "2024-10-12T10:00:00.000",
        "end_date": "2024-10-12T17:00:00.000",
        "start_formatted": "October 12, 2024 10:00 AM",
        "end_formatted": "October 12, 2024 05:00 PM",
        "street_closure_type": "Full Street Closure",
        "community_board": "10,",
        "police_precinct": "32,"
      }
    },
    {
      "type": "Feature",
      "geometry": {
        "type": "Point",
        "coordinates": [
          -73.9791735,
          40.680721000000005
        ]
      },
      "properties": {
        "event_id": "804223",
        "event_name": "Warren Street Block Party",
        "event_type": "Block Party",
        "event_agency": "Street Activity Permit Office",
        "event_location": "WARREN STREET between 4 AVENUE and 5 AVENUE",
        "event_borough": "Brooklyn",
        "start_date": "2024-10-06T10:00:00.000",
        "end_date": "2024-10-06T16:00:00.000",
        "start_formatted": "October 06, 2024 10:00 AM",
        "end_formatted": "October 06, 2024 04:00 PM",
        "street_closure_type": "Full Street Closure",
        "community_board": "6,",
        "police_precinct": "78,"
      }
    },
    {
      "type": "Feature",
      "geometry": {
        "type": "Point",
        "coordinates": [
          -73.846675,
          40.875578000000004
        ]
      },
      "properties": {
        "event_id": "803737",
        "event_name": "Block Party",
        "event_type": "Block Party",
        "event_agency": "Street Activity Permit Office",
        "event_location": "CORSA AVENUE between BOSTON ROAD and GIVAN AVENUE",
        "event_borough": "Bronx",
        "start_date": "2024-10-05T13:00:00.000",
        "end_date": "2024-10-05T18:00:00.000",
        "start_formatted": "October 05, 2024 01:00 PM",
        "end_formatted": "October 05, 2024 06:00 PM",
        "street_closure_type": "Sidewalk and Street Closure",
        "community_board": "12,",
        "police_precinct": "47,"
      }
    },
    {
      "type": "Feature",
      "geometry": {
        "type": "Point",
        "coordinates": [
          -73.932288,
          40.771755999999996
        ]
      },
      "properties": {
        "event_id": "804030",
        "event_name": "WCNA block party",
        "event_type": "Block Party",
        "event_agency": "Street Activity Permit Office",
        "event_location": "WELLING COURT between 30 AVENUE and MAIN AVENUE",
        "event_borough": "Queens",
        "start_date": "2024-10-05T13:00:00.000",
        "end_date": "2024-10-05T20:00:00.000",
        "start_formatted": "October 05, 2024 01:00 PM",
        "end_formatted": "October 05, 2024 08:00 PM",
        "street_closure_type": "Full Street Closure",
        "community_board": "1,",
        "police_precinct": "114,"
      }
    },
    {
      "type": "Feature",
      "geometry": {
        "type": "Point",
        "coordinates": [
          -73.7307745,
          40.720935999999995
        ]
      },
      "properties": {
        "event_id": "803926",
        "event_name": "Block Party",
        "event_type": "Block Party",
        "event_agency": "Street Activity Permit Office",
        "event_location": "224 STREET between JAMAICA AVENUE and 95 AVENUE",
        "event_borough": "Queens",
        "start_date": "2024-10-05T12:30:00.000",
        "end_date": "2024-10-05T20:00:00.000",
        "start_formatted": "October 05, 2024 12:30 PM",
        "end_formatted": "October 05, 2024 08:00 PM",
        "street_closure_type": "Full Street Closure",
        "community_board": "13,",
        "police_precinct": "105,"
      }
    },
    {
      "type": "Feature",
      "geometry": {
        "type": "Point",
        "coordinates": [
          -73.981752,
          40.6570465
        ]
      },
      "properties": {
        "event_id": "803253",
        "event_name": "18th Street Block Party",
        "event_type": "Block Party",
        "event_agency": "Street Activity Permit Office",
        "event_location": "18 STREET between PROSPECT PARK WEST and 10 AVENUE",
        "event_borough": "Brooklyn",
        "start_date": "2024-10-05T12:00:00.000",
        "end_date": "2024-10-05T19:00:00.000",
        "start_formatted": "October 05, 2024 12:00 PM",
        "end_formatted": "October 05, 2024 07:00 PM",
        "street_closure_type": "Full Street Closure",
        "community_board": "7,",
        "police_precinct": "72,"
      }
    },
    {
      "type": "Feature",
      "geometry": {
        "type": "Point",
        "coordinates": [
          -74.033259,
          40.6216845
        ]
      },
      "properties": {
        "event_id": "799733",
        "event_name": "89th Street Block Party 2024",
        "event_type": "Block Party",
        "event_agency": "Street Activity Permit Office",
        "event_location": "89 STREET between 3 AVENUE and RIDGE BOULEVARD",
        "event_borough": "Brooklyn",
        "start_date": "2024-10-05T12:00:00.000",
        "end_date": "2024-10-05T20:00:00.000",
        "start_formatted": "October 05, 2024 12:00 PM",
        "end_formatted": "October 05, 2024 08:00 PM",
        "street_closure_type": "Full Street Closure",
        "community_board": "10,",
        "police_precinct": "68,"
      }
    },
    {
      "type": "Feature",
      "geometry": {
        "type": "Point",
        "coordinates": [
          -73.9841135,
          40.6698155
        ]
      },
      "properties": {
        "event_id": "802495",
        "event_name": "7th Street Annual Block Party",
        "event_type": "Block Party",
        "event_agency": "Street Activity Permit Office",
        "event_location": "7 STREET between 5 AVENUE and 6 AVENUE",
        "event_borough": "Brooklyn",
        "start_date": "2024-10-05T11:00:00.000",
        "end_date": "2024-10-05T20:00:00.000",
        "start_formatted": "October 05, 2024 11:00 AM",
        "end_formatted": "October 05, 2024 08:00 PM",
        "street_closure_type": "Full Street Closure",
        "community_board": "6,",
        "police_precinct": "78,"
      }
    },
    {
      "type": "Feature",
      "geometry": {
        "type": "Point",
        "coordinates": [
          -73.99906100000001,
          40.678143000000006
        ]
      },
      "properties": {
        "event_id": "790829",
        "event_name": "18th Annual Pumpkinfest",
        "event_type": "Block Party",
        "event_agency": "Street Activity Permit Office",
        "event_location": "4 PLACE between COURT STREET and CLINTON STREET",
        "event_borough": "Brooklyn",
        "start_date": "2024-10-05T10:00:00.000",
        "end_date": "2024-10-05T15:00:00.000",
        "start_formatted": "October 05, 2024 10:00 AM",
        "end_formatted": "October 05, 2024 03:00 PM",
        "street_closure_type": "Full Street Closure",
        "community_board": "6,",
        "police_precinct": "76,"
      }
    },
    {
      "type": "Feature",
      "geometry": {
        "type": "Point",
        "coordinates": [
          -73.998619,
          40.6929905
        ]
      },
      "properties": {
        "event_id": "802484",
        "event_name": "Fall Event",
        "event_type": "Block Party",
        "event_agency": "Street Activity Permit Office",
        "event_location": "COLUMBIA PLACE between JORALEMON STREET and STATE STREET",
        "event_borough": "Brooklyn",
        "start_date": "2024-09-29T12:00:00.000",
        "end_date": "2024-09-29T19:00:00.000",
        "start_formatted": "September 29, 2024 12:00 PM",
        "end_formatted": "September 29, 2024 07:00 PM",
        "street_closure_type": "Sidewalk and Street Closure",
        "community_board": "2,",
        "police_precinct": "84,"
      }
    },
    {
      "type": "Feature",
      "geometry": {
        "type": "Point",
        "coordinates": [
          -73.961484,
          40.632492
        ]
      },
      "properties": {
        "event_id": "797773",
        "event_name": "Fiske Terrace Fall 2024 Block Party",
        "event_type": "Block Party",
        "event_agency": "Street Activity Permit Office",
        "event_location": "GLENWOOD ROAD between DEAD END and EAST   17 STREET",
        "event_borough": "Brooklyn",
        "start_date": "2024-09-29T12:00:00.000",
        "end_date": "2024-09-29T17:00:00.000",
        "start_formatted": "September 29, 2024 12:00 PM",
        "end_formatted": "September 29, 2024 05:00 PM",
        "street_closure_type": "Full Street Closure",
        "community_board": "14,",
        "police_precinct": "70,"
      }
    },
    {
      "type": "Feature",
      "geometry": {
        "type": "Point",
        "coordinates": [
          -73.946849,
          40.7238745
        ]
      },
      "properties": {
        "event_id": "793850",
        "event_name": "PARISH FUN DAY",
        "event_type": "Block Party",
        "event_agency": "Street Activity Permit Office",
        "event_location": "NEWEL STREET between DRIGGS AVENUE and NASSAU AVENUE",
        "event_borough": "Brooklyn",
        "start_date": "2024-09-29T11:00:00.000",
        "end_date": "2024-09-29T17:00:00.000",
        "start_formatted": "September 29, 2024 11:00 AM",
        "end_formatted": "September 29, 2024 05:00 PM",
        "street_closure_type": "Full Street Closure",
        "community_board": "1,",
        "police_precinct": "94,"
      }
    },
    {
      "type": "Feature",
      "geometry": {
        "type": "Point",
        "coordinates": [
          -73.982989,
          40.675186499999995
        ]
      },
      "properties": {
        "event_id": "782133",
        "event_name": "Garfield Gardens Block Party",
        "event_type": "Block Party",
        "event_agency": "Street Activity Permit Office",
        "event_location": "GARFIELD PLACE between 5 AVENUE and 4 AVENUE",
        "event_borough": "Brooklyn",
        "start_date": "2024-09-29T09:00:00.000",
        "end_date": "2024-09-29T18:00:00.000",
        "start_formatted": "September 29, 2024 09:00 AM",
        "end_formatted": "September 29, 2024 06:00 PM",
        "street_closure_type": "Full Street Closure",
        "community_board": "6,",
        "police_precinct": "78,"
      }
    },
    {
      "type": "Feature",
      "geometry": {
        "type": "Point",
        "coordinates": [
          -73.9427895,
          40.726727499999996
        ]
      },
      "properties": {
        "event_id": "799003",
        "event_name": "Monitor Street Block Party",
        "event_type": "Block Party",
        "event_agency": "Street Activity Permit Office",
        "event_location": "MONITOR STREET between NASSAU AVENUE and NORMAN AVENUE",
        "event_borough": "Brooklyn",
        "start_date": "2024-09-28T15:00:00.000",
        "end_date": "2024-09-28T21:00:00.000",
        "start_formatted": "September 28, 2024 03:00 PM",
        "end_formatted": "September 28, 2024 09:00 PM",
        "street_closure_type": "Full Street Closure",
        "community_board": "1,",
        "police_precinct": "94,"
      }
    },
    {
      "type": "Feature",
      "geometry": {
        "type": "Point",
        "coordinates": [
          -73.9009165,
          40.732689500000006
        ]
      },
      "properties": {
        "event_id": "795284",
        "event_name": "62nd street block party",
        "event_type": "Block Party",
        "event_agency": "Street Activity Permit Office",
        "event_location": "62 STREET between 52 AVENUE and 53 AVENUE",
        "event_borough": "Queens",
        "start_date": "2024-09-28T15:00:00.000",
        "end_date": "2024-09-28T20:00:00.000",
        "start_formatted": "September 28, 2024 03:00 PM",
        "end_formatted": "September 28, 2024 08:00 PM",
        "street_closure_type": "Full Street Closure",
        "community_board": "5,",
        "police_precinct": "104,"
      }
    },
    {
      "type": "Feature",
      "geometry": {
        "type": "Point",
        "coordinates": [
          -73.9903695,
          40.6703075
        ]
      },
      "properties": {
        "event_id": "791598",
        "event_name": "10 street block party",
        "event_type": "Block Party",
        "event_agency": "Street Activity Permit Office",
        "event_location": "10 STREET between 4 AVENUE and 3 AVENUE",
        "event_borough": "Brooklyn",
        "start_date": "2024-09-28T14:00:00.000",
        "end_date": "2024-09-28T21:00:00.000",
        "start_formatted": "September 28, 2024 02:00 PM",
        "end_formatted": "September 28, 2024 09:00 PM",
        "street_closure_type": "Full Street Closure",
        "community_board": "6,",
        "police_precinct": "78,"
      }
    },
    {
      "type": "Feature",
      "geometry": {
        "type": "Point",
        "coordinates": [
          -74.0131025,
          40.6200195
        ]
      },
      "properties": {
        "event_id": "799882",
        "event_name": "79th st block party",
        "event_type": "Block Party",
        "event_agency": "Street Activity Permit Office",
        "event_location": "79 STREET between 11 AVENUE and 12 AVENUE",
        "event_borough": "Brooklyn",
        "start_date": "2024-09-28T14:00:00.000",
        "end_date": "2024-09-28T21:00:00.000",
        "start_formatted": "September 28, 2024 02:00 PM",
        "end_formatted": "September 28, 2024 09:00 PM",
        "street_closure_type": "Full Street Closure",
        "community_board": "10,",
        "police_precinct": "68,"
      }
    },
    {
      "type": "Feature",
      "geometry": {
        "type": "Point",
        "coordinates": [
          -73.855764,
          40.682448
        ]
      },
      "properties": {
        "event_id": "802667",
        "event_name": "Block party",
        "event_type": "Block Party",
        "event_agency": "Street Activity Permit Office",
        "event_location": "84 STREET between 101 AVENUE and 97 AVENUE",
        "event_borough": "Queens",
        "start_date": "2024-09-28T13:30:00.000",
        "end_date": "2024-09-28T20:00:00.000",
        "start_formatted": "September 28, 2024 01:30 PM",
        "end_formatted": "September 28, 2024 08:00 PM",
        "street_closure_type": "Full Street Closure",
        "community_board": "9,",
        "police_precinct": "102,"
      }
    },
    {
      "type": "Feature",
      "geometry": {
        "type": "Point",
        "coordinates": [
          -73.94384199999999,
          40.642392
        ]
      },
      "properties": {
        "event_id": "802468",
        "event_name": "35 th street block party",
        "event_type": "Block Party",
        "event_agency": "Street Activity Permit Office",
        "event_location": "EAST   35 STREET between CLARENDON ROAD and AVENUE D",
        "event_borough": "Brooklyn",
        "start_date": "2024-09-28T13:30:00.000",
        "end_date": "2024-09-28T18:00:00.000",
        "start_formatted": "September 28, 2024 01:30 PM",
        "end_formatted": "September 28, 2024 06:00 PM",
        "street_closure_type": "Full Street Closure",
        "community_board": "17,",
        "police_precinct": "67,"
      }
    },
    {
      "type": "Feature",
      "geometry": {
        "type": "Point",
        "coordinates": [
          -74.1355125,
          40.618390000000005
        ]
      },
      "properties": {
        "event_id": "783897",
        "event_name": "Neal Dow Block Party",
        "event_type": "Block Party",
        "event_agency": "Street Activity Permit Office",
        "event_location": "NEAL DOW AVENUE between LATHROP AVENUE and LEONARD AVENUE",
        "event_borough": "Staten Island",
        "start_date": "2024-09-28T13:00:00.000",
        "end_date": "2024-09-28T21:00:00.000",
        "start_formatted": "September 28, 2024 01:00 PM",
        "end_formatted": "September 28, 2024 09:00 PM",
        "street_closure_type": "Full Street Closure",
        "community_board": "1,",
        "police_precinct": "121,"
      }
    },
    {
      "type": "Feature",
      "geometry": {
        "type": "Point",
        "coordinates": [
          -73.9647225,
          40.647761
        ]
      },
      "properties": {
        "event_id": "799504",
        "event_name": "Prospect Park South Block Party",
        "event_type": "Block Party",
        "event_agency": "Street Activity Permit Office",
        "event_location": "BUCKINGHAM ROAD between ALBEMARLE ROAD and CHURCH AVENUE",
        "event_borough": "Brooklyn",
        "start_date": "2024-09-28T13:00:00.000",
        "end_date": "2024-09-28T18:00:00.000",
        "start_formatted": "September 28, 2024 01:00 PM",
        "end_formatted": "September 28, 2024 06:00 PM",
        "street_closure_type": "Full Street Closure",
        "community_board": "14,",
        "police_precinct": "70,"
      }
    },
    {
      "type": "Feature",
      "geometry": {
        "type": "Point",
        "coordinates": [
          -74.1031965,
          40.625239
        ]
      },
      "properties": {
        "event_id": "801003",
        "event_name": "Block Party",
        "event_type": "Block Party",
        "event_agency": "Street Activity Permit Office",
        "event_location": "SHAWNEE STREET between CITY BOULEVARD and METROPOLITAN AVENUE",
        "event_borough": "Staten Island",
        "start_date": "2024-09-28T13:00:00.000",
        "end_date": "2024-09-28T20:30:00.000",
        "start_formatted": "September 28, 2024 01:00 PM",
        "end_formatted": "September 28, 2024 08:30 PM",
        "street_closure_type": "Full Street Closure",
        "community_board": "1,",
        "police_precinct": "120,"
      }
    },
    {
      "type": "Feature",
      "geometry": {
        "type": "Point",
        "coordinates": [
          -73.960159,
          40.8156215
        ]
      },
      "properties": {
        "event_id": "802924",
        "event_name": "36th Annual West Harlem Coalition Anti-Gentrification Block Party",
        "event_type": "Block Party",
        "event_agency": "Street Activity Permit Office",
        "event_location": "TIEMANN PLACE between BROADWAY and RIVERSIDE DRIVE",
        "event_borough": "Manhattan",
        "start_date": "2024-09-28T13:00:00.000",
        "end_date": "2024-09-28T19:00:00.000",
        "start_formatted": "September 28, 2024 01:00 PM",
        "end_formatted": "September 28, 2024 07:00 PM",
        "street_closure_type": "Full Street Closure",
        "community_board": "9,",
        "police_precinct": "26,"
      }
    },
    {
      "type": "Feature",
      "geometry": {
        "type": "Point",
        "coordinates": [
          -74.1501395,
          40.616248999999996
        ]
      },
      "properties": {
        "event_id": "794811",
        "event_name": "Tremont block party",
        "event_type": "Block Party",
        "event_agency": "Street Activity Permit Office",
        "event_location": "TREMONT AVENUE between CASWELL AVENUE and WATCHOGUE ROAD",
        "event_borough": "Staten Island",
        "start_date": "2024-09-28T12:30:00.000",
        "end_date": "2024-09-28T21:00:00.000",
        "start_formatted": "September 28, 2024 12:30 PM",
        "end_formatted": "September 28, 2024 09:00 PM",
        "street_closure_type": "Full Street Closure",
        "community_board": "1,",
        "police_precinct": "121,"
      }
    },
    {
      "type": "Feature",
      "geometry": {
        "type": "Point",
        "coordinates": [
          -74.0356625,
          40.6230015
        ]
      },
      "properties": {
        "event_id": "803136",
        "event_name": "88th Street Block Party",
        "event_type": "Block Party",
        "event_agency": "Street Activity Permit Office",
        "event_location": "88 STREET between RIDGE BOULEVARD and COLONIAL ROAD",
        "event_borough": "Brooklyn",
        "start_date": "2024-09-28T12:00:00.000",
        "end_date": "2024-09-28T21:00:00.000",
        "start_formatted": "September 28, 2024 12:00 PM",
        "end_formatted": "September 28, 2024 09:00 PM",
        "street_closure_type": "Full Street Closure",
        "community_board": "10,",
        "police_precinct": "68,"
      }
    },
    {
      "type": "Feature",
      "geometry": {
        "type": "Point",
        "coordinates": [
          -73.976834,
          40.658687
        ]
      },
      "properties": {
        "event_id": "794557",
        "event_name": "16th Street Block Party",
        "event_type": "Block Party",
        "event_agency": "Street Activity Permit Office",
        "event_location": "16 STREET between 10 AVENUE and 11 AVENUE",
        "event_borough": "Brooklyn",
        "start_date": "2024-09-28T12:00:00.000",
        "end_date": "2024-09-28T19:00:00.000",
        "start_formatted": "September 28, 2024 12:00 PM",
        "end_formatted": "September 28, 2024 07:00 PM",
        "street_closure_type": "Full Street Closure",
        "community_board": "7,",
        "police_precinct": "72,"
      }
    },
    {
      "type": "Feature",
      "geometry": {
        "type": "Point",
        "coordinates": [
          -73.8685895,
          40.858456000000004
        ]
      },
      "properties": {
        "event_id": "801322",
        "event_name": "Back-to-School Block Party",
        "event_type": "Block Party",
        "event_agency": "Street Activity Permit Office",
        "event_location": "OLINVILLE AVENUE between PELHAM PARKWAY NORTH and THWAITES PLACE",
        "event_borough": "Bronx",
        "start_date": "2024-09-28T12:00:00.000",
        "end_date": "2024-09-28T19:00:00.000",
        "start_formatted": "September 28, 2024 12:00 PM",
        "end_formatted": "September 28, 2024 07:00 PM",
        "street_closure_type": "Full Street Closure",
        "community_board": "11,",
        "police_precinct": "49,"
      }
    },
    {
      "type": "Feature",
      "geometry": {
        "type": "Point",
        "coordinates": [
          -73.94557599999999,
          40.716569
        ]
      },
      "properties": {
        "event_id": "765222",
        "event_name": "Jackson Street Spring Block Party",
        "event_type": "Block Party",
        "event_agency": "Street Activity Permit Office",
        "event_location": "JACKSON STREET between GRAHAM AVENUE and MANHATTAN AVENUE",
        "event_borough": "Brooklyn",
        "start_date": "2024-09-28T12:00:00.000",
        "end_date": "2024-09-28T20:00:00.000",
        "start_formatted": "September 28, 2024 12:00 PM",
        "end_formatted": "September 28, 2024 08:00 PM",
        "street_closure_type": "Full Street Closure",
        "community_board": "1,",
        "police_precinct": "94,"
      }
    },
    {
      "type": "Feature",
      "geometry": {
        "type": "Point",
        "coordinates": [
          -73.962857,
          40.6836865
        ]
      },
      "properties": {
        "event_id": "801948",
        "event_name": "CAMBRIDGE PLACE BLOCK PARTY",
        "event_type": "Block Party",
        "event_agency": "Street Activity Permit Office",
        "event_location": "CAMBRIDGE PLACE between GATES AVENUE and FULTON STREET",
        "event_borough": "Brooklyn",
        "start_date": "2024-09-28T12:00:00.000",
        "end_date": "2024-09-28T21:00:00.000",
        "start_formatted": "September 28, 2024 12:00 PM",
        "end_formatted": "September 28, 2024 09:00 PM",
        "street_closure_type": "Full Street Closure",
        "community_board": "2,",
        "police_precinct": "88,"
      }
    },
    {
      "type": "Feature",
      "geometry": {
        "type": "Point",
        "coordinates": [
          -73.8435265,
          40.578684499999994
        ]
      },
      "properties": {
        "event_id": "802644",
        "event_name": "Beach 123 block party",
        "event_type": "Block Party",
        "event_agency": "Street Activity Permit Office",
        "event_location": "BEACH  123 STREET between NEWPORT AVENUE and ROCKAWAY BEACH BOULEVARD",
        "event_borough": "Queens",
        "start_date": "2024-09-28T12:00:00.000",
        "end_date": "2024-09-28T21:00:00.000",
        "start_formatted": "September 28, 2024 12:00 PM",
        "end_formatted": "September 28, 2024 09:00 PM",
        "street_closure_type": "Full Street Closure",
        "community_board": "14,",
        "police_precinct": "100,"
      }
    },
    {
      "type": "Feature",
      "geometry": {
        "type": "Point",
        "coordinates": [
          -74.1874635,
          40.548761999999996
        ]
      },
      "properties": {
        "event_id": "801962",
        "event_name": "Crown Ave Block Party",
        "event_type": "Block Party",
        "event_agency": "Street Activity Permit Office",
        "event_location": "CROWN AVENUE between ARDEN AVENUE and JEFFERSON BOULEVARD",
        "event_borough": "Staten Island",
        "start_date": "2024-09-28T12:00:00.000",
        "end_date": "2024-09-28T21:00:00.000",
        "start_formatted": "September 28, 2024 12:00 PM",
        "end_formatted": "September 28, 2024 09:00 PM",
        "street_closure_type": "Full Street Closure",
        "community_board": "3,",
        "police_precinct": "123,"
      }
    },
    {
      "type": "Feature",
      "geometry": {
        "type": "Point",
        "coordinates": [
          -73.944177,
          40.8172
        ]
      },
      "properties": {
        "event_id": "810039",
        "event_name": "West 137 St Longest table Harlem",
        "event_type": "Block Party",
        "event_agency": "Street Activity Permit Office",
        "event_location": "WEST  137 STREET between FREDERICK DOUGLASS BOULEVARD and ADAM CLAYTON POWELL BOULEVARD",
        "event_borough": "Manhattan",
        "start_date": "2024-09-28T12:00:00.000",
        "end_date": "2024-09-28T17:00:00.000",
        "start_formatted": "September 28, 2024 12:00 PM",
        "end_formatted": "September 28, 2024 05:00 PM",
        "street_closure_type": "Full Street Closure",
        "community_board": "10,",
        "police_precinct": "32,"
      }
    },
    {
      "type": "Feature",
      "geometry": {
        "type": "Point",
        "coordinates": [
          -73.975849,
          40.6762205
        ]
      },
      "properties": {
        "event_id": "802723",
        "event_name": "Lincoln Place Block Association",
        "event_type": "Block Party",
        "event_agency": "Street Activity Permit Office",
        "event_location": "LINCOLN PLACE between 7 AVENUE and 6 AVENUE",
        "event_borough": "Brooklyn",
        "start_date": "2024-09-28T12:00:00.000",
        "end_date": "2024-09-28T19:00:00.000",
        "start_formatted": "September 28, 2024 12:00 PM",
        "end_formatted": "September 28, 2024 07:00 PM",
        "street_closure_type": "Full Street Closure",
        "community_board": "6,",
        "police_precinct": "78,"
      }
    },
    {
      "type": "Feature",
      "geometry": {
        "type": "Point",
        "coordinates": [
          -73.84112250000001,
          40.6845135
        ]
      },
      "properties": {
        "event_id": "801753",
        "event_name": "Community appreciation",
        "event_type": "Block Party",
        "event_agency": "Street Activity Permit Office",
        "event_location": "101 STREET between 103 AVENUE and 101 AVENUE",
        "event_borough": "Queens",
        "start_date": "2024-09-28T12:00:00.000",
        "end_date": "2024-09-28T17:00:00.000",
        "start_formatted": "September 28, 2024 12:00 PM",
        "end_formatted": "September 28, 2024 05:00 PM",
        "street_closure_type": "Full Street Closure",
        "community_board": "9,",
        "police_precinct": "102,"
      }
    },
    {
      "type": "Feature",
      "geometry": {
        "type": "Point",
        "coordinates": [
          -74.03834499999999,
          40.623639
        ]
      },
      "properties": {
        "event_id": "803136",
        "event_name": "88th Street Block Party",
        "event_type": "Block Party",
        "event_agency": "Street Activity Permit Office",
        "event_location": "88 STREET between NARROWS AVENUE and COLONIAL ROAD",
        "event_borough": "Brooklyn",
        "start_date": "2024-09-28T12:00:00.000",
        "end_date": "2024-09-28T20:30:00.000",
        "start_formatted": "September 28, 2024 12:00 PM",
        "end_formatted": "September 28, 2024 08:30 PM",
        "street_closure_type": "Full Street Closure",
        "community_board": "10,",
        "police_precinct": "68,"
      }
    },
    {
      "type": "Feature",
      "geometry": {
        "type": "Point",
        "coordinates": [
          -74.0802995,
          40.578630000000004
        ]
      },
      "properties": {
        "event_id": "796328",
        "event_name": "Buel Block Party",
        "event_type": "Block Party",
        "event_agency": "Street Activity Permit Office",
        "event_location": "BUEL AVENUE between OCEANSIDE AVENUE and QUINCY AVENUE",
        "event_borough": "Staten Island",
        "start_date": "2024-09-28T12:00:00.000",
        "end_date": "2024-09-28T20:00:00.000",
        "start_formatted": "September 28, 2024 12:00 PM",
        "end_formatted": "September 28, 2024 08:00 PM",
        "street_closure_type": "Full Street Closure",
        "community_board": "2,",
        "police_precinct": "122,"
      }
    },
    {
      "type": "Feature",
      "geometry": {
        "type": "Point",
        "coordinates": [
          -73.894856,
          40.680484
        ]
      },
      "properties": {
        "event_id": "803968",
        "event_name": "Sunnyside We Rise",
        "event_type": "Block Party",
        "event_agency": "Street Activity Permit Office",
        "event_location": "SUNNYSIDE AVENUE between MILLER AVENUE and VERMONT STREET",
        "event_borough": "Brooklyn",
        "start_date": "2024-09-28T12:00:00.000",
        "end_date": "2024-09-28T18:00:00.000",
        "start_formatted": "September 28, 2024 12:00 PM",
        "end_formatted": "September 28, 2024 06:00 PM",
        "street_closure_type": "Full Street Closure",
        "community_board": "5,",
        "police_precinct": "75,"
      }
    },
    {
      "type": "Feature",
      "geometry": {
        "type": "Point",
        "coordinates": [
          -74.0377675,
          40.625052499999995
        ]
      },
      "properties": {
        "event_id": "787461",
        "event_name": "86th Street Colonial/ Narrows Block Party",
        "event_type": "Block Party",
        "event_agency": "Street Activity Permit Office",
        "event_location": "86 STREET between COLONIAL ROAD and NARROWS AVENUE",
        "event_borough": "Brooklyn",
        "start_date": "2024-09-28T11:00:00.000",
        "end_date": "2024-09-28T18:00:00.000",
        "start_formatted": "September 28, 2024 11:00 AM",
        "end_formatted": "September 28, 2024 06:00 PM",
        "street_closure_type": "Full Street Closure",
        "community_board": "10,",
        "police_precinct": "68,"
      }
    },
    {
      "type": "Feature",
      "geometry": {
        "type": "Point",
        "coordinates": [
          -73.930086,
          40.611968000000005
        ]
      },
      "properties": {
        "event_id": "793851",
        "event_name": "Ryder street block party",
        "event_type": "Block Party",
        "event_agency": "Street Activity Permit Office",
        "event_location": "RYDER STREET between FILLMORE AVENUE and AVENUE S",
        "event_borough": "Brooklyn",
        "start_date": "2024-09-28T11:00:00.000",
        "end_date": "2024-09-28T20:00:00.000",
        "start_formatted": "September 28, 2024 11:00 AM",
        "end_formatted": "September 28, 2024 08:00 PM",
        "street_closure_type": "Full Street Closure",
        "community_board": "18,",
        "police_precinct": "63,"
      }
    },
    {
      "type": "Feature",
      "geometry": {
        "type": "Point",
        "coordinates": [
          -73.846829,
          40.8426805
        ]
      },
      "properties": {
        "event_id": "787093",
        "event_name": "Fun In The Sun/Outreach",
        "event_type": "Block Party",
        "event_agency": "Street Activity Permit Office",
        "event_location": "BENSON STREET between ST RAYMOND AVENUE and MACLAY AVENUE",
        "event_borough": "Bronx",
        "start_date": "2024-09-28T11:00:00.000",
        "end_date": "2024-09-28T16:00:00.000",
        "start_formatted": "September 28, 2024 11:00 AM",
        "end_formatted": "September 28, 2024 04:00 PM",
        "street_closure_type": "Full Street Closure",
        "community_board": "10,",
        "police_precinct": "45,"
      }
    },
    {
      "type": "Feature",
      "geometry": {
        "type": "Point",
        "coordinates": [
          -73.9337115,
          40.609624499999995
        ]
      },
      "properties": {
        "event_id": "715315",
        "event_name": "34th street block party",
        "event_type": "Block Party",
        "event_agency": "Street Activity Permit Office",
        "event_location": "EAST   34 STREET between AVENUE S and FILLMORE AVENUE",
        "event_borough": "Brooklyn",
        "start_date": "2024-09-28T11:00:00.000",
        "end_date": "2024-09-28T19:00:00.000",
        "start_formatted": "September 28, 2024 11:00 AM",
        "end_formatted": "September 28, 2024 07:00 PM",
        "street_closure_type": "Full Street Closure",
        "community_board": "18,",
        "police_precinct": "63,"
      }
    },
    {
      "type": "Feature",
      "geometry": {
        "type": "Point",
        "coordinates": [
          -73.985697,
          40.6659315
        ]
      },
      "properties": {
        "event_id": "783917",
        "event_name": "6th Avenue Annual Block Party",
        "event_type": "Block Party",
        "event_agency": "Street Activity Permit Office",
        "event_location": "6 AVENUE between 12 STREET and 13 STREET",
        "event_borough": "Brooklyn",
        "start_date": "2024-09-28T11:00:00.000",
        "end_date": "2024-09-28T20:00:00.000",
        "start_formatted": "September 28, 2024 11:00 AM",
        "end_formatted": "September 28, 2024 08:00 PM",
        "street_closure_type": "Full Street Closure",
        "community_board": "6,",
        "police_precinct": "78,"
      }
    },
    {
      "type": "Feature",
      "geometry": {
        "type": "Point",
        "coordinates": [
          -73.90738350000001,
          40.861410500000005
        ]
      },
      "properties": {
        "event_id": "792339",
        "event_name": "Brilla Schools Fordham Community Event",
        "event_type": "Block Party",
        "event_agency": "Street Activity Permit Office",
        "event_location": "ANDREWS AVENUE NORTH between WEST FORDHAM ROAD and WEST  183 STREET",
        "event_borough": "Bronx",
        "start_date": "2024-09-28T10:00:00.000",
        "end_date": "2024-09-28T14:00:00.000",
        "start_formatted": "September 28, 2024 10:00 AM",
        "end_formatted": "September 28, 2024 02:00 PM",
        "street_closure_type": "Full Street Closure",
        "community_board": "7,",
        "police_precinct": "52,"
      }
    },
    {
      "type": "Feature",
      "geometry": {
        "type": "Point",
        "coordinates": [
          -73.93830700000001,
          40.6443765
        ]
      },
      "properties": {
        "event_id": "797778",
        "event_name": "New Horizon Block Association Block Party",
        "event_type": "Block Party",
        "event_agency": "Street Activity Permit Office",
        "event_location": "ALBANY AVENUE between CLARENDON ROAD and CORTELYOU ROAD",
        "event_borough": "Brooklyn",
        "start_date": "2024-09-28T10:00:00.000",
        "end_date": "2024-09-28T18:00:00.000",
        "start_formatted": "September 28, 2024 10:00 AM",
        "end_formatted": "September 28, 2024 06:00 PM",
        "street_closure_type": "Full Street Closure",
        "community_board": "17,",
        "police_precinct": "67,"
      }
    },
    {
      "type": "Feature",
      "geometry": {
        "type": "Point",
        "coordinates": [
          -73.98417649999999,
          40.6858725
        ]
      },
      "properties": {
        "event_id": "782678",
        "event_name": "Pacific 400 block annual party 2024",
        "event_type": "Block Party",
        "event_agency": "Street Activity Permit Office",
        "event_location": "PACIFIC STREET between NEVINS STREET and BOND STREET",
        "event_borough": "Brooklyn",
        "start_date": "2024-09-28T10:00:00.000",
        "end_date": "2024-09-28T18:00:00.000",
        "start_formatted": "September 28, 2024 10:00 AM",
        "end_formatted": "September 28, 2024 06:00 PM",
        "street_closure_type": "Full Street Closure",
        "community_board": "2,",
        "police_precinct": "84,"
      }
    },
    {
      "type": "Feature",
      "geometry": {
        "type": "Point",
        "coordinates": [
          -73.972494,
          40.64226
        ]
      },
      "properties": {
        "event_id": "802387",
        "event_name": "East 7th street block party",
        "event_type": "Block Party",
        "event_agency": "Street Activity Permit Office",
        "event_location": "EAST    7 STREET between BEVERLY ROAD and AVENUE C",
        "event_borough": "Brooklyn",
        "start_date": "2024-09-28T10:00:00.000",
        "end_date": "2024-09-28T18:00:00.000",
        "start_formatted": "September 28, 2024 10:00 AM",
        "end_formatted": "September 28, 2024 06:00 PM",
        "street_closure_type": "Full Street Closure",
        "community_board": "12,",
        "police_precinct": "66,"
      }
    },
    {
      "type": "Feature",
      "geometry": {
        "type": "Point",
        "coordinates": [
          -73.997553,
          40.69426
        ]
      },
      "properties": {
        "event_id": "802025",
        "event_name": "2 Grace Court",
        "event_type": "Block Party",
        "event_agency": "Street Activity Permit Office",
        "event_location": "GRACE COURT between HICKS STREET and DEAD END",
        "event_borough": "Brooklyn",
        "start_date": "2024-09-28T10:00:00.000",
        "end_date": "2024-09-28T17:00:00.000",
        "start_formatted": "September 28, 2024 10:00 AM",
        "end_formatted": "September 28, 2024 05:00 PM",
        "street_closure_type": "Full Street Closure",
        "community_board": "2,",
        "police_precinct": "84,"
      }
    },
    {
      "type": "Feature",
      "geometry": {
        "type": "Point",
        "coordinates": [
          -73.982163,
          40.643715
        ]
      },
      "properties": {
        "event_id": "790907",
        "event_name": "Clara Street Block Party",
        "event_type": "Block Party",
        "event_agency": "Street Activity Permit Office",
        "event_location": "CLARA STREET between DAHILL ROAD and CHESTER AVENUE",
        "event_borough": "Brooklyn",
        "start_date": "2024-09-28T10:00:00.000",
        "end_date": "2024-09-28T19:00:00.000",
        "start_formatted": "September 28, 2024 10:00 AM",
        "end_formatted": "September 28, 2024 07:00 PM",
        "street_closure_type": "Full Street Closure",
        "community_board": "12,",
        "police_precinct": "66,"
      }
    },
    {
      "type": "Feature",
      "geometry": {
        "type": "Point",
        "coordinates": [
          -73.918478,
          40.8122745
        ]
      },
      "properties": {
        "event_id": "792340",
        "event_name": "Brilla Schools South Bronx Community Event",
        "event_type": "Block Party",
        "event_agency": "Street Activity Permit Office",
        "event_location": "EAST  144 STREET between WILLIS AVENUE and BROOK AVENUE",
        "event_borough": "Bronx",
        "start_date": "2024-09-28T10:00:00.000",
        "end_date": "2024-09-28T14:00:00.000",
        "start_formatted": "September 28, 2024 10:00 AM",
        "end_formatted": "September 28, 2024 02:00 PM",
        "street_closure_type": "Full Street Closure",
        "community_board": "1,",
        "police_precinct": "40,"
      }
    },
    {
      "type": "Feature",
      "geometry": {
        "type": "Point",
        "coordinates": [
          -73.9785315,
          40.664584
        ]
      },
      "properties": {
        "event_id": "794095",
        "event_name": "10th Street Block Association",
        "event_type": "Block Party",
        "event_agency": "Street Activity Permit Office",
        "event_location": "10 STREET between 8 AVENUE and PROSPECT PARK WEST",
        "event_borough": "Brooklyn",
        "start_date": "2024-09-28T10:00:00.000",
        "end_date": "2024-09-28T19:00:00.000",
        "start_formatted": "September 28, 2024 10:00 AM",
        "end_formatted": "September 28, 2024 07:00 PM",
        "street_closure_type": "Full Street Closure",
        "community_board": "6,",
        "police_precinct": "78,"
      }
    },
    {
      "type": "Feature",
      "geometry": {
        "type": "Point",
        "coordinates": [
          -73.98813200000001,
          40.664996
        ]
      },
      "properties": {
        "event_id": "798506",
        "event_name": "6/15 Green Community garden Fall Festival 2024",
        "event_type": "Block Party",
        "event_agency": "Street Activity Permit Office",
        "event_location": "15 STREET between 6 AVENUE and 5 AVENUE",
        "event_borough": "Brooklyn",
        "start_date": "2024-09-28T10:00:00.000",
        "end_date": "2024-09-28T17:00:00.000",
        "start_formatted": "September 28, 2024 10:00 AM",
        "end_formatted": "September 28, 2024 05:00 PM",
        "street_closure_type": "Full Street Closure",
        "community_board": "6, 7,",
        "police_precinct": "72, 78,"
      }
    },
    {
      "type": "Feature",
      "geometry": {
        "type": "Point",
        "coordinates": [
          -73.89010300000001,
          40.664545000000004
        ]
      },
      "properties": {
        "event_id": "802137",
        "event_name": "Bradford Street Block Party 2024",
        "event_type": "Block Party",
        "event_agency": "Street Activity Permit Office",
        "event_location": "BRADFORD STREET between RIVERDALE AVENUE and LIVONIA AVENUE",
        "event_borough": "Brooklyn",
        "start_date": "2024-09-28T10:00:00.000",
        "end_date": "2024-09-28T19:00:00.000",
        "start_formatted": "September 28, 2024 10:00 AM",
        "end_formatted": "September 28, 2024 07:00 PM",
        "street_closure_type": "Full Street Closure",
        "community_board": "5,",
        "police_precinct": "75,"
      }
    },
    {
      "type": "Feature",
      "geometry": {
        "type": "Point",
        "coordinates": [
          -73.932923,
          40.66442
        ]
      },
      "properties": {
        "event_id": "801946",
        "event_name": "Montgomery Unity Fest",
        "event_type": "Block Party",
        "event_agency": "Street Activity Permit Office",
        "event_location": "MONTGOMERY STREET between SCHENECTADY AVENUE and UTICA AVENUE",
        "event_borough": "Brooklyn",
        "start_date": "2024-09-22T12:00:00.000",
        "end_date": "2024-09-22T18:00:00.000",
        "start_formatted": "September 22, 2024 12:00 PM",
        "end_formatted": "September 22, 2024 06:00 PM",
        "street_closure_type": "Full Street Closure",
        "community_board": "9,",
        "police_precinct": "71,"
      }
    },
    {
      "type": "Feature",
      "geometry": {
        "type": "Point",
        "coordinates": [
          -73.9518865,
          40.669937000000004
        ]
      },
      "properties": {
        "event_id": "801691",
        "event_name": "Back 2 School",
        "event_type": "Block Party",
        "event_agency": "Street Activity Permit Office",
        "event_location": "EASTERN PARKWAY between ROGERS AVENUE and NOSTRAND AVENUE",
        "event_borough": "Brooklyn",
        "start_date": "2024-09-22T11:30:00.000",
        "end_date": "2024-09-22T18:30:00.000",
        "start_formatted": "September 22, 2024 11:30 AM",
        "end_formatted": "September 22, 2024 06:30 PM",
        "street_closure_type": "Full Street Closure",
        "community_board": "8, 9,",
        "police_precinct": "71, 77,"
      }
    },
    {
      "type": "Feature",
      "geometry": {
        "type": "Point",
        "coordinates": [
          -73.9745085,
          40.6693995
        ]
      },
      "properties": {
        "event_id": "798613",
        "event_name": "2nd Street Block Party",
        "event_type": "Block Party",
        "event_agency": "Street Activity Permit Office",
        "event_location": "2 STREET between 8 AVENUE and PROSPECT PARK WEST",
        "event_borough": "Brooklyn",
        "start_date": "2024-09-22T11:00:00.000",
        "end_date": "2024-09-22T20:00:00.000",
        "start_formatted": "September 22, 2024 11:00 AM",
        "end_formatted": "September 22, 2024 08:00 PM",
        "street_closure_type": "Full Street Closure",
        "community_board": "6,",
        "police_precinct": "78,"
      }
    },
    {
      "type": "Feature",
      "geometry": {
        "type": "Point",
        "coordinates": [
          -73.981172,
          40.657606
        ]
      },
      "properties": {
        "event_id": "786892",
        "event_name": "17th Street Neighbors Block Party",
        "event_type": "Block Party",
        "event_agency": "Street Activity Permit Office",
        "event_location": "17 STREET between PROSPECT PARK WEST and 10 AVENUE",
        "event_borough": "Brooklyn",
        "start_date": "2024-09-22T10:00:00.000",
        "end_date": "2024-09-22T18:00:00.000",
        "start_formatted": "September 22, 2024 10:00 AM",
        "end_formatted": "September 22, 2024 06:00 PM",
        "street_closure_type": "Full Street Closure",
        "community_board": "7,",
        "police_precinct": "72,"
      }
    },
    {
      "type": "Feature",
      "geometry": {
        "type": "Point",
        "coordinates": [
          -73.9802435,
          40.6704805
        ]
      },
      "properties": {
        "event_id": "789923",
        "event_name": "4th Street Block Party",
        "event_type": "Block Party",
        "event_agency": "Street Activity Permit Office",
        "event_location": "4 STREET between 7 AVENUE and 6 AVENUE",
        "event_borough": "Brooklyn",
        "start_date": "2024-09-22T10:00:00.000",
        "end_date": "2024-09-22T19:00:00.000",
        "start_formatted": "September 22, 2024 10:00 AM",
        "end_formatted": "September 22, 2024 07:00 PM",
        "street_closure_type": "Full Street Closure",
        "community_board": "6,",
        "police_precinct": "78,"
      }
    },
    {
      "type": "Feature",
      "geometry": {
        "type": "Point",
        "coordinates": [
          -73.99383499999999,
          40.679717999999994
        ]
      },
      "properties": {
        "event_id": "798267",
        "event_name": "Carroll Street Block Party",
        "event_type": "Block Party",
        "event_agency": "Street Activity Permit Office",
        "event_location": "CARROLL STREET between HOYT STREET and SMITH STREET",
        "event_borough": "Brooklyn",
        "start_date": "2024-09-21T14:00:00.000",
        "end_date": "2024-09-21T20:00:00.000",
        "start_formatted": "September 21, 2024 02:00 PM",
        "end_formatted": "September 21, 2024 08:00 PM",
        "street_closure_type": "Full Street Closure",
        "community_board": "6,",
        "police_precinct": "76,"
      }
    },
    {
      "type": "Feature",
      "geometry": {
        "type": "Point",
        "coordinates": [
          -73.927435,
          40.772542
        ]
      },
      "properties": {
        "event_id": "799561",
        "event_name": "Friends  Family",
        "event_type": "Block Party",
        "event_agency": "Street Activity Permit Office",
        "event_location": "18 STREET between 27 AVENUE and ASTORIA BOULEVARD",
        "event_borough": "Queens",
        "start_date": "2024-09-21T13:30:00.000",
        "end_date": "2024-09-21T21:00:00.000",
        "start_formatted": "September 21, 2024 01:30 PM",
        "end_formatted": "September 21, 2024 09:00 PM",
        "street_closure_type": "Sidewalk and Street Closure",
        "community_board": "1,",
        "police_precinct": "114,"
      }
    },
    {
      "type": "Feature",
      "geometry": {
        "type": "Point",
        "coordinates": [
          -74.025653,
          40.625753
        ]
      },
      "properties": {
        "event_id": "794159",
        "event_name": "81st Street Annual Block party 2024",
        "event_type": "Block Party",
        "event_agency": "Street Activity Permit Office",
        "event_location": "81 STREET between 4 AVENUE and 5 AVENUE",
        "event_borough": "Brooklyn",
        "start_date": "2024-09-21T13:00:00.000",
        "end_date": "2024-09-21T21:00:00.000",
        "start_formatted": "September 21, 2024 01:00 PM",
        "end_formatted": "September 21, 2024 09:00 PM",
        "street_closure_type": "Full Street Closure",
        "community_board": "10,",
        "police_precinct": "68,"
      }
    },
    {
      "type": "Feature",
      "geometry": {
        "type": "Point",
        "coordinates": [
          -74.11265800000001,
          40.623981
        ]
      },
      "properties": {
        "event_id": "801128",
        "event_name": "Douglas Ave Block Party",
        "event_type": "Block Party",
        "event_agency": "Street Activity Permit Office",
        "event_location": "DOUGLAS AVENUE between BROADWAY and DEAD END",
        "event_borough": "Staten Island",
        "start_date": "2024-09-21T13:00:00.000",
        "end_date": "2024-09-21T21:00:00.000",
        "start_formatted": "September 21, 2024 01:00 PM",
        "end_formatted": "September 21, 2024 09:00 PM",
        "street_closure_type": "Full Street Closure",
        "community_board": "1,",
        "police_precinct": "120,"
      }
    },
    {
      "type": "Feature",
      "geometry": {
        "type": "Point",
        "coordinates": [
          -73.8899565,
          40.8277585
        ]
      },
      "properties": {
        "event_id": "799627",
        "event_name": "Festival Del Grito De Lares",
        "event_type": "Block Party",
        "event_agency": "Street Activity Permit Office",
        "event_location": "VYSE AVENUE between EAST  167 STREET and HOME STREET",
        "event_borough": "Bronx",
        "start_date": "2024-09-21T13:00:00.000",
        "end_date": "2024-09-21T19:00:00.000",
        "start_formatted": "September 21, 2024 01:00 PM",
        "end_formatted": "September 21, 2024 07:00 PM",
        "street_closure_type": "Full Street Closure",
        "community_board": "3,",
        "police_precinct": "42,"
      }
    },
    {
      "type": "Feature",
      "geometry": {
        "type": "Point",
        "coordinates": [
          -73.981751,
          40.668675
        ]
      },
      "properties": {
        "event_id": "778468",
        "event_name": "Seventh Street Block Party",
        "event_type": "Block Party",
        "event_agency": "Street Activity Permit Office",
        "event_location": "7 STREET between 6 AVENUE and 7 AVENUE",
        "event_borough": "Brooklyn",
        "start_date": "2024-09-21T13:00:00.000",
        "end_date": "2024-09-21T19:00:00.000",
        "start_formatted": "September 21, 2024 01:00 PM",
        "end_formatted": "September 21, 2024 07:00 PM",
        "street_closure_type": "Full Street Closure",
        "community_board": "6,",
        "police_precinct": "78,"
      }
    },
    {
      "type": "Feature",
      "geometry": {
        "type": "Point",
        "coordinates": [
          -73.738427,
          40.760762
        ]
      },
      "properties": {
        "event_id": "791955",
        "event_name": "245th Street Block Party",
        "event_type": "Block Party",
        "event_agency": "Street Activity Permit Office",
        "event_location": "245 STREET between VAN ZANDT AVENUE and THORNHILL AVENUE",
        "event_borough": "Queens",
        "start_date": "2024-09-21T13:00:00.000",
        "end_date": "2024-09-21T20:00:00.000",
        "start_formatted": "September 21, 2024 01:00 PM",
        "end_formatted": "September 21, 2024 08:00 PM",
        "street_closure_type": "Full Street Closure",
        "community_board": "11,",
        "police_precinct": "111,"
      }
    },
    {
      "type": "Feature",
      "geometry": {
        "type": "Point",
        "coordinates": [
          -73.84319550000001,
          40.649172
        ]
      },
      "properties": {
        "event_id": "789638",
        "event_name": "87th st 2024",
        "event_type": "Block Party",
        "event_agency": "Street Activity Permit Office",
        "event_location": "87 STREET between 164 AVENUE and 165 AVENUE",
        "event_borough": "Queens",
        "start_date": "2024-09-21T13:00:00.000",
        "end_date": "2024-09-21T21:00:00.000",
        "start_formatted": "September 21, 2024 01:00 PM",
        "end_formatted": "September 21, 2024 09:00 PM",
        "street_closure_type": "Full Street Closure",
        "community_board": "10,",
        "police_precinct": "106,"
      }
    },
    {
      "type": "Feature",
      "geometry": {
        "type": "Point",
        "coordinates": [
          -73.9780315,
          40.6651825
        ]
      },
      "properties": {
        "event_id": "796311",
        "event_name": "9th Street Block Party",
        "event_type": "Block Party",
        "event_agency": "Street Activity Permit Office",
        "event_location": "9 STREET between 8 AVENUE and PROSPECT PARK WEST",
        "event_borough": "Brooklyn",
        "start_date": "2024-09-21T12:30:00.000",
        "end_date": "2024-09-21T20:30:00.000",
        "start_formatted": "September 21, 2024 12:30 PM",
        "end_formatted": "September 21, 2024 08:30 PM",
        "street_closure_type": "Full Street Closure",
        "community_board": "6,",
        "police_precinct": "78,"
      }
    },
    {
      "type": "Feature",
      "geometry": {
        "type": "Point",
        "coordinates": [
          -73.949033,
          40.6706725
        ]
      },
      "properties": {
        "event_id": "800986",
        "event_name": "Annual Lincoln Civic Association Block Party",
        "event_type": "Block Party",
        "event_agency": "Street Activity Permit Office",
        "event_location": "LINCOLN PLACE between NEW YORK AVENUE and NOSTRAND AVENUE",
        "event_borough": "Brooklyn",
        "start_date": "2024-09-21T12:30:00.000",
        "end_date": "2024-09-21T20:30:00.000",
        "start_formatted": "September 21, 2024 12:30 PM",
        "end_formatted": "September 21, 2024 08:30 PM",
        "street_closure_type": "Full Street Closure",
        "community_board": "8,",
        "police_precinct": "77,"
      }
    },
    {
      "type": "Feature",
      "geometry": {
        "type": "Point",
        "coordinates": [
          -73.8530495,
          40.70985
        ]
      },
      "properties": {
        "event_id": "799266",
        "event_name": "70th Road Block Party",
        "event_type": "Block Party",
        "event_agency": "Street Activity Permit Office",
        "event_location": "70 ROAD between METROPOLITAN AVENUE and SYBILLA STREET",
        "event_borough": "Queens",
        "start_date": "2024-09-21T12:00:00.000",
        "end_date": "2024-09-21T20:00:00.000",
        "start_formatted": "September 21, 2024 12:00 PM",
        "end_formatted": "September 21, 2024 08:00 PM",
        "street_closure_type": "Full Street Closure",
        "community_board": "6,",
        "police_precinct": "112,"
      }
    },
    {
      "type": "Feature",
      "geometry": {
        "type": "Point",
        "coordinates": [
          -73.9805355,
          40.658889
        ]
      },
      "properties": {
        "event_id": "741807",
        "event_name": "Howard Place Block Party 2024 - Fall",
        "event_type": "Block Party",
        "event_agency": "Street Activity Permit Office",
        "event_location": "HOWARD PLACE between WINDSOR PLACE and PROSPECT AVENUE",
        "event_borough": "Brooklyn",
        "start_date": "2024-09-21T12:00:00.000",
        "end_date": "2024-09-21T21:00:00.000",
        "start_formatted": "September 21, 2024 12:00 PM",
        "end_formatted": "September 21, 2024 09:00 PM",
        "street_closure_type": "Full Street Closure",
        "community_board": "7,",
        "police_precinct": "72,"
      }
    },
    {
      "type": "Feature",
      "geometry": {
        "type": "Point",
        "coordinates": [
          -73.90075999999999,
          40.617138
        ]
      },
      "properties": {
        "event_id": "786728",
        "event_name": "E 74th Street 2nd Annual Block Party",
        "event_type": "Block Party",
        "event_agency": "Street Activity Permit Office",
        "event_location": "EAST   74 STREET between AVENUE W and AVENUE X",
        "event_borough": "Brooklyn",
        "start_date": "2024-09-21T12:00:00.000",
        "end_date": "2024-09-21T21:00:00.000",
        "start_formatted": "September 21, 2024 12:00 PM",
        "end_formatted": "September 21, 2024 09:00 PM",
        "street_closure_type": "Full Street Closure",
        "community_board": "18,",
        "police_precinct": "63,"
      }
    },
    {
      "type": "Feature",
      "geometry": {
        "type": "Point",
        "coordinates": [
          -73.889772,
          40.695978
        ]
      },
      "properties": {
        "event_id": "804328",
        "event_name": "Liberty Park Block Party",
        "event_type": "Block Party",
        "event_agency": "Street Activity Permit Office",
        "event_location": "80 AVENUE between 64 LANE and 64 PLACE",
        "event_borough": "Queens",
        "start_date": "2024-09-21T12:00:00.000",
        "end_date": "2024-09-21T16:00:00.000",
        "start_formatted": "September 21, 2024 12:00 PM",
        "end_formatted": "September 21, 2024 04:00 PM",
        "street_closure_type": "Full Street Closure",
        "community_board": "5,",
        "police_precinct": "104,"
      }
    },
    {
      "type": "Feature",
      "geometry": {
        "type": "Point",
        "coordinates": [
          -74.0176325,
          40.619112
        ]
      },
      "properties": {
        "event_id": "790359",
        "event_name": "83 street block party",
        "event_type": "Block Party",
        "event_agency": "Street Activity Permit Office",
        "event_location": "83 STREET between 10 AVENUE and 11 AVENUE",
        "event_borough": "Brooklyn",
        "start_date": "2024-09-21T12:00:00.000",
        "end_date": "2024-09-21T21:00:00.000",
        "start_formatted": "September 21, 2024 12:00 PM",
        "end_formatted": "September 21, 2024 09:00 PM",
        "street_closure_type": "Full Street Closure",
        "community_board": "10,",
        "police_precinct": "68,"
      }
    },
    {
      "type": "Feature",
      "geometry": {
        "type": "Point",
        "coordinates": [
          -73.9923315,
          40.678015
        ]
      },
      "properties": {
        "event_id": "761559",
        "event_name": "2nd St. Block Party",
        "event_type": "Block Party",
        "event_agency": "Street Activity Permit Office",
        "event_location": "2 STREET between HOYT STREET and BOND STREET",
        "event_borough": "Brooklyn",
        "start_date": "2024-09-21T12:00:00.000",
        "end_date": "2024-09-21T20:00:00.000",
        "start_formatted": "September 21, 2024 12:00 PM",
        "end_formatted": "September 21, 2024 08:00 PM",
        "street_closure_type": "Full Street Closure",
        "community_board": "6,",
        "police_precinct": "76,"
      }
    },
    {
      "type": "Feature",
      "geometry": {
        "type": "Point",
        "coordinates": [
          -73.9854675,
          40.683966
        ]
      },
      "properties": {
        "event_id": "805162",
        "event_name": "WYBBAN BLOCK ASSOCIATION",
        "event_type": "Block Party",
        "event_agency": "Street Activity Permit Office",
        "event_location": "WYCKOFF STREET between BOND STREET and NEVINS STREET",
        "event_borough": "Brooklyn",
        "start_date": "2024-09-21T12:00:00.000",
        "end_date": "2024-09-21T21:00:00.000",
        "start_formatted": "September 21, 2024 12:00 PM",
        "end_formatted": "September 21, 2024 09:00 PM",
        "street_closure_type": "Full Street Closure",
        "community_board": "2,",
        "police_precinct": "84,"
      }
    },
    {
      "type": "Feature",
      "geometry": {
        "type": "Point",
        "coordinates": [
          -73.943057,
          40.6863345
        ]
      },
      "properties": {
        "event_id": "794990",
        "event_name": "Monroe Tompkins and Throop Block Party",
        "event_type": "Block Party",
        "event_agency": "Street Activity Permit Office",
        "event_location": "MONROE STREET between TOMPKINS AVENUE and THROOP AVENUE",
        "event_borough": "Brooklyn",
        "start_date": "2024-09-21T12:00:00.000",
        "end_date": "2024-09-21T19:30:00.000",
        "start_formatted": "September 21, 2024 12:00 PM",
        "end_formatted": "September 21, 2024 07:30 PM",
        "street_closure_type": "Full Street Closure",
        "community_board": "3,",
        "police_precinct": "79,"
      }
    },
    {
      "type": "Feature",
      "geometry": {
        "type": "Point",
        "coordinates": [
          -73.906518,
          40.677284
        ]
      },
      "properties": {
        "event_id": "781605",
        "event_name": "The Junction Neighborhood Association Block Party",
        "event_type": "Block Party",
        "event_agency": "Street Activity Permit Office",
        "event_location": "HERKIMER STREET between SHERLOCK PLACE and SACKMAN STREET",
        "event_borough": "Brooklyn",
        "start_date": "2024-09-21T12:00:00.000",
        "end_date": "2024-09-21T17:30:00.000",
        "start_formatted": "September 21, 2024 12:00 PM",
        "end_formatted": "September 21, 2024 05:30 PM",
        "street_closure_type": "Full Street Closure",
        "community_board": "16,",
        "police_precinct": "73,"
      }
    },
    {
      "type": "Feature",
      "geometry": {
        "type": "Point",
        "coordinates": [
          -74.0342165,
          40.633745000000005
        ]
      },
      "properties": {
        "event_id": "791524",
        "event_name": "74th Street Block Party",
        "event_type": "Block Party",
        "event_agency": "Street Activity Permit Office",
        "event_location": "74 STREET between COLONIAL ROAD and NARROWS AVENUE",
        "event_borough": "Brooklyn",
        "start_date": "2024-09-21T12:00:00.000",
        "end_date": "2024-09-21T21:00:00.000",
        "start_formatted": "September 21, 2024 12:00 PM",
        "end_formatted": "September 21, 2024 09:00 PM",
        "street_closure_type": "Full Street Closure",
        "community_board": "10,",
        "police_precinct": "68,"
      }
    },
    {
      "type": "Feature",
      "geometry": {
        "type": "Point",
        "coordinates": [
          -73.9792395,
          40.671685
        ]
      },
      "properties": {
        "event_id": "797012",
        "event_name": "2nd St Block Party",
        "event_type": "Block Party",
        "event_agency": "Street Activity Permit Office",
        "event_location": "2 STREET between 7 AVENUE and 6 AVENUE",
        "event_borough": "Brooklyn",
        "start_date": "2024-09-21T12:00:00.000",
        "end_date": "2024-09-21T19:00:00.000",
        "start_formatted": "September 21, 2024 12:00 PM",
        "end_formatted": "September 21, 2024 07:00 PM",
        "street_closure_type": "Full Street Closure",
        "community_board": "6,",
        "police_precinct": "78,"
      }
    },
    {
      "type": "Feature",
      "geometry": {
        "type": "Point",
        "coordinates": [
          -73.978031,
          40.6516795
        ]
      },
      "properties": {
        "event_id": "801696",
        "event_name": "E4th Block Party",
        "event_type": "Block Party",
        "event_agency": "Street Activity Permit Office",
        "event_location": "EAST    4 STREET between GREENWOOD AVENUE and VANDERBILT STREET",
        "event_borough": "Brooklyn",
        "start_date": "2024-09-21T12:00:00.000",
        "end_date": "2024-09-21T20:00:00.000",
        "start_formatted": "September 21, 2024 12:00 PM",
        "end_formatted": "September 21, 2024 08:00 PM",
        "street_closure_type": "Sidewalk and Street Closure",
        "community_board": "7,",
        "police_precinct": "72,"
      }
    },
    {
      "type": "Feature",
      "geometry": {
        "type": "Point",
        "coordinates": [
          -73.869142,
          40.8660005
        ]
      },
      "properties": {
        "event_id": "808210",
        "event_name": "Allerton Coops Tenants Association Block Party",
        "event_type": "Block Party",
        "event_agency": "Street Activity Permit Office",
        "event_location": "BARKER AVENUE between ALLERTON AVENUE and BRITTON STREET",
        "event_borough": "Bronx",
        "start_date": "2024-09-21T12:00:00.000",
        "end_date": "2024-09-21T19:00:00.000",
        "start_formatted": "September 21, 2024 12:00 PM",
        "end_formatted": "September 21, 2024 07:00 PM",
        "street_closure_type": "Full Street Closure",
        "community_board": "11,",
        "police_precinct": "49,"
      }
    },
    {
      "type": "Feature",
      "geometry": {
        "type": "Point",
        "coordinates": [
          -74.0001965,
          40.680311
        ]
      },
      "properties": {
        "event_id": "791975",
        "event_name": "2nd Place Block Party 2024",
        "event_type": "Block Party",
        "event_agency": "Street Activity Permit Office",
        "event_location": "2 PLACE between CLINTON STREET and HENRY STREET",
        "event_borough": "Brooklyn",
        "start_date": "2024-09-21T12:00:00.000",
        "end_date": "2024-09-21T21:00:00.000",
        "start_formatted": "September 21, 2024 12:00 PM",
        "end_formatted": "September 21, 2024 09:00 PM",
        "street_closure_type": "Full Street Closure",
        "community_board": "6,",
        "police_precinct": "76,"
      }
    },
    {
      "type": "Feature",
      "geometry": {
        "type": "Point",
        "coordinates": [
          -73.976461,
          40.6484005
        ]
      },
      "properties": {
        "event_id": "777105",
        "event_name": "Block Party",
        "event_type": "Block Party",
        "event_agency": "Street Activity Permit Office",
        "event_location": "EAST    5 STREET between FORT HAMILTON PARKWAY and CATON AVENUE",
        "event_borough": "Brooklyn",
        "start_date": "2024-09-21T12:00:00.000",
        "end_date": "2024-09-21T21:00:00.000",
        "start_formatted": "September 21, 2024 12:00 PM",
        "end_formatted": "September 21, 2024 09:00 PM",
        "street_closure_type": "Full Street Closure",
        "community_board": "7,",
        "police_precinct": "72,"
      }
    },
    {
      "type": "Feature",
      "geometry": {
        "type": "Point",
        "coordinates": [
          -73.8692335,
          40.719477499999996
        ]
      },
      "properties": {
        "event_id": "796343",
        "event_name": "83rd Place Block Party",
        "event_type": "Block Party",
        "event_agency": "Street Activity Permit Office",
        "event_location": "83 PLACE between FURMANVILLE AVENUE and 64 ROAD",
        "event_borough": "Queens",
        "start_date": "2024-09-21T12:00:00.000",
        "end_date": "2024-09-21T20:00:00.000",
        "start_formatted": "September 21, 2024 12:00 PM",
        "end_formatted": "September 21, 2024 08:00 PM",
        "street_closure_type": "Full Street Closure",
        "community_board": "5,",
        "police_precinct": "104,"
      }
    },
    {
      "type": "Feature",
      "geometry": {
        "type": "Point",
        "coordinates": [
          -73.94100399999999,
          40.606265
        ]
      },
      "properties": {
        "event_id": "793656",
        "event_name": "Brown Street Block party",
        "event_type": "Block Party",
        "event_agency": "Street Activity Permit Office",
        "event_location": "BROWN STREET between AVENUE S and GERRITSEN AVENUE",
        "event_borough": "Brooklyn",
        "start_date": "2024-09-21T12:00:00.000",
        "end_date": "2024-09-21T20:00:00.000",
        "start_formatted": "September 21, 2024 12:00 PM",
        "end_formatted": "September 21, 2024 08:00 PM",
        "street_closure_type": "Full Street Closure",
        "community_board": "15,",
        "police_precinct": "61,"
      }
    },
    {
      "type": "Feature",
      "geometry": {
        "type": "Point",
        "coordinates": [
          -73.991928,
          40.6785515
        ]
      },
      "properties": {
        "event_id": "804990",
        "event_name": "13th Annual First Street Block Party",
        "event_type": "Block Party",
        "event_agency": "Street Activity Permit Office",
        "event_location": "1 STREET between HOYT STREET and BOND STREET",
        "event_borough": "Brooklyn",
        "start_date": "2024-09-21T12:00:00.000",
        "end_date": "2024-09-21T19:00:00.000",
        "start_formatted": "September 21, 2024 12:00 PM",
        "end_formatted": "September 21, 2024 07:00 PM",
        "street_closure_type": "Full Street Closure",
        "community_board": "6,",
        "police_precinct": "76,"
      }
    },
    {
      "type": "Feature",
      "geometry": {
        "type": "Point",
        "coordinates": [
          -73.97257400000001,
          40.671735999999996
        ]
      },
      "properties": {
        "event_id": "795791",
        "event_name": "Carroll Street Block Party",
        "event_type": "Block Party",
        "event_agency": "Street Activity Permit Office",
        "event_location": "CARROLL STREET between 8 AVENUE and PROSPECT PARK WEST",
        "event_borough": "Brooklyn",
        "start_date": "2024-09-21T12:00:00.000",
        "end_date": "2024-09-21T20:00:00.000",
        "start_formatted": "September 21, 2024 12:00 PM",
        "end_formatted": "September 21, 2024 08:00 PM",
        "street_closure_type": "Full Street Closure",
        "community_board": "6,",
        "police_precinct": "78,"
      }
    },
    {
      "type": "Feature",
      "geometry": {
        "type": "Point",
        "coordinates": [
          -73.96098950000001,
          40.67696
        ]
      },
      "properties": {
        "event_id": "801099",
        "event_name": "St Marks Block Party",
        "event_type": "Block Party",
        "event_agency": "Street Activity Permit Office",
        "event_location": "ST MARKS AVENUE between CLASSON AVENUE and GRAND AVENUE",
        "event_borough": "Brooklyn",
        "start_date": "2024-09-21T12:00:00.000",
        "end_date": "2024-09-21T19:00:00.000",
        "start_formatted": "September 21, 2024 12:00 PM",
        "end_formatted": "September 21, 2024 07:00 PM",
        "street_closure_type": "Full Street Closure",
        "community_board": "8,",
        "police_precinct": "77,"
      }
    },
    {
      "type": "Feature",
      "geometry": {
        "type": "Point",
        "coordinates": [
          -73.9279495,
          40.592363500000005
        ]
      },
      "properties": {
        "event_id": "798702",
        "event_name": "EBONY CT BLOCK PARTY",
        "event_type": "Block Party",
        "event_agency": "Street Activity Permit Office",
        "event_location": "EBONY COURT between DEVON AVENUE and EVERETT AVENUE",
        "event_borough": "Brooklyn",
        "start_date": "2024-09-21T11:30:00.000",
        "end_date": "2024-09-21T19:00:00.000",
        "start_formatted": "September 21, 2024 11:30 AM",
        "end_formatted": "September 21, 2024 07:00 PM",
        "street_closure_type": "Full Street Closure",
        "community_board": "15,",
        "police_precinct": "61,"
      }
    },
    {
      "type": "Feature",
      "geometry": {
        "type": "Point",
        "coordinates": [
          -73.93644699999999,
          40.671330499999996
        ]
      },
      "properties": {
        "event_id": "759968",
        "event_name": "Block Gathering and Meet and Greet",
        "event_type": "Block Party",
        "event_agency": "Street Activity Permit Office",
        "event_location": "TROY AVENUE between SAINT JOHNS PLACE and STERLING PLACE",
        "event_borough": "Brooklyn",
        "start_date": "2024-09-21T11:00:00.000",
        "end_date": "2024-09-21T18:00:00.000",
        "start_formatted": "September 21, 2024 11:00 AM",
        "end_formatted": "September 21, 2024 06:00 PM",
        "street_closure_type": "Full Street Closure",
        "community_board": "8,",
        "police_precinct": "77,"
      }
    },
    {
      "type": "Feature",
      "geometry": {
        "type": "Point",
        "coordinates": [
          -73.9267665,
          40.593953
        ]
      },
      "properties": {
        "event_id": "782535",
        "event_name": "DANS 5K FUN RUN/WALK FOR CANCER",
        "event_type": "Block Party",
        "event_agency": "Street Activity Permit Office",
        "event_location": "DEVON AVENUE between GERRITSEN AVENUE and ASTER COURT",
        "event_borough": "Brooklyn",
        "start_date": "2024-09-21T11:00:00.000",
        "end_date": "2024-09-21T13:00:00.000",
        "start_formatted": "September 21, 2024 11:00 AM",
        "end_formatted": "September 21, 2024 01:00 PM",
        "street_closure_type": "Full Street Closure",
        "community_board": "15,",
        "police_precinct": "61,"
      }
    },
    {
      "type": "Feature",
      "geometry": {
        "type": "Point",
        "coordinates": [
          -73.95505499999999,
          40.659121999999996
        ]
      },
      "properties": {
        "event_id": "791788",
        "event_name": "Rutland 2 Block Party 2024",
        "event_type": "Block Party",
        "event_agency": "Street Activity Permit Office",
        "event_location": "RUTLAND ROAD between BEDFORD AVENUE and ROGERS AVENUE",
        "event_borough": "Brooklyn",
        "start_date": "2024-09-21T11:00:00.000",
        "end_date": "2024-09-21T20:00:00.000",
        "start_formatted": "September 21, 2024 11:00 AM",
        "end_formatted": "September 21, 2024 08:00 PM",
        "street_closure_type": "Full Street Closure",
        "community_board": "9,",
        "police_precinct": "71,"
      }
    },
    {
      "type": "Feature",
      "geometry": {
        "type": "Point",
        "coordinates": [
          -73.8141315,
          40.688790499999996
        ]
      },
      "properties": {
        "event_id": "799370",
        "event_name": "131 Block Party",
        "event_type": "Block Party",
        "event_agency": "Street Activity Permit Office",
        "event_location": "131 STREET between LIBERTY AVENUE and VAN SICLEN STREET",
        "event_borough": "Queens",
        "start_date": "2024-09-21T11:00:00.000",
        "end_date": "2024-09-21T20:00:00.000",
        "start_formatted": "September 21, 2024 11:00 AM",
        "end_formatted": "September 21, 2024 08:00 PM",
        "street_closure_type": "Full Street Closure",
        "community_board": "10,",
        "police_precinct": "106,"
      }
    },
    {
      "type": "Feature",
      "geometry": {
        "type": "Point",
        "coordinates": [
          -74.02446,
          40.628675
        ]
      },
      "properties": {
        "event_id": "797559",
        "event_name": "Block Party",
        "event_type": "Block Party",
        "event_agency": "Street Activity Permit Office",
        "event_location": "77 STREET between 4 AVENUE and 5 AVENUE",
        "event_borough": "Brooklyn",
        "start_date": "2024-09-21T11:00:00.000",
        "end_date": "2024-09-21T19:30:00.000",
        "start_formatted": "September 21, 2024 11:00 AM",
        "end_formatted": "September 21, 2024 07:30 PM",
        "street_closure_type": "Full Street Closure",
        "community_board": "10,",
        "police_precinct": "68,"
      }
    },
    {
      "type": "Feature",
      "geometry": {
        "type": "Point",
        "coordinates": [
          -73.9043935,
          40.620405
        ]
      },
      "properties": {
        "event_id": "788074",
        "event_name": "2024 E 74th Street Block Party",
        "event_type": "Block Party",
        "event_agency": "Street Activity Permit Office",
        "event_location": "EAST   74 STREET between AVENUE U and AVENUE V",
        "event_borough": "Brooklyn",
        "start_date": "2024-09-21T11:00:00.000",
        "end_date": "2024-09-21T20:00:00.000",
        "start_formatted": "September 21, 2024 11:00 AM",
        "end_formatted": "September 21, 2024 08:00 PM",
        "street_closure_type": "Full Street Closure",
        "community_board": "18,",
        "police_precinct": "63,"
      }
    },
    {
      "type": "Feature",
      "geometry": {
        "type": "Point",
        "coordinates": [
          -73.9335315,
          40.611141
        ]
      },
      "properties": {
        "event_id": "795184",
        "event_name": "Fillmore Block Party",
        "event_type": "Block Party",
        "event_agency": "Street Activity Permit Office",
        "event_location": "FILLMORE AVENUE between EAST   35 STREET and EAST   36 STREET",
        "event_borough": "Brooklyn",
        "start_date": "2024-09-21T11:00:00.000",
        "end_date": "2024-09-21T20:00:00.000",
        "start_formatted": "September 21, 2024 11:00 AM",
        "end_formatted": "September 21, 2024 08:00 PM",
        "street_closure_type": "Full Street Closure",
        "community_board": "18,",
        "police_precinct": "63,"
      }
    },
    {
      "type": "Feature",
      "geometry": {
        "type": "Point",
        "coordinates": [
          -73.852779,
          40.713842
        ]
      },
      "properties": {
        "event_id": "801342",
        "event_name": "Loubet Street 5th Annual 2024 Block Party",
        "event_type": "Block Party",
        "event_agency": "Street Activity Permit Office",
        "event_location": "LOUBET STREET between 69 AVENUE and 70 AVENUE",
        "event_borough": "Queens",
        "start_date": "2024-09-21T11:00:00.000",
        "end_date": "2024-09-21T20:00:00.000",
        "start_formatted": "September 21, 2024 11:00 AM",
        "end_formatted": "September 21, 2024 08:00 PM",
        "street_closure_type": "Sidewalk and Street Closure",
        "community_board": "6,",
        "police_precinct": "112,"
      }
    },
    {
      "type": "Feature",
      "geometry": {
        "type": "Point",
        "coordinates": [
          -73.973003,
          40.6712065
        ]
      },
      "properties": {
        "event_id": "801679",
        "event_name": "Annual Montgomery Place Block Party",
        "event_type": "Block Party",
        "event_agency": "Street Activity Permit Office",
        "event_location": "MONTGOMERY PLACE between 8 AVENUE and PROSPECT PARK WEST",
        "event_borough": "Brooklyn",
        "start_date": "2024-09-21T11:00:00.000",
        "end_date": "2024-09-21T20:00:00.000",
        "start_formatted": "September 21, 2024 11:00 AM",
        "end_formatted": "September 21, 2024 08:00 PM",
        "street_closure_type": "Full Street Closure",
        "community_board": "6,",
        "police_precinct": "78,"
      }
    },
    {
      "type": "Feature",
      "geometry": {
        "type": "Point",
        "coordinates": [
          -74.0032975,
          40.682187
        ]
      },
      "properties": {
        "event_id": "805706",
        "event_name": "Summit Street Block Party",
        "event_type": "Block Party",
        "event_agency": "Street Activity Permit Office",
        "event_location": "SUMMIT STREET between HICKS STREET and COLUMBIA STREET",
        "event_borough": "Brooklyn",
        "start_date": "2024-09-21T11:00:00.000",
        "end_date": "2024-09-21T20:00:00.000",
        "start_formatted": "September 21, 2024 11:00 AM",
        "end_formatted": "September 21, 2024 08:00 PM",
        "street_closure_type": "Full Street Closure",
        "community_board": "6,",
        "police_precinct": "76,"
      }
    },
    {
      "type": "Feature",
      "geometry": {
        "type": "Point",
        "coordinates": [
          -73.9467335,
          40.6422135
        ]
      },
      "properties": {
        "event_id": "771119",
        "event_name": "32nd block party",
        "event_type": "Block Party",
        "event_agency": "Street Activity Permit Office",
        "event_location": "EAST   32 STREET between AVENUE D and CLARENDON ROAD",
        "event_borough": "Brooklyn",
        "start_date": "2024-09-21T11:00:00.000",
        "end_date": "2024-09-21T18:00:00.000",
        "start_formatted": "September 21, 2024 11:00 AM",
        "end_formatted": "September 21, 2024 06:00 PM",
        "street_closure_type": "Full Street Closure",
        "community_board": "17,",
        "police_precinct": "67,"
      }
    },
    {
      "type": "Feature",
      "geometry": {
        "type": "Point",
        "coordinates": [
          -74.0052665,
          40.644792499999994
        ]
      },
      "properties": {
        "event_id": "784476",
        "event_name": "Summer block party",
        "event_type": "Block Party",
        "event_agency": "Street Activity Permit Office",
        "event_location": "47 STREET between 6 AVENUE and 7 AVENUE",
        "event_borough": "Brooklyn",
        "start_date": "2024-09-21T11:00:00.000",
        "end_date": "2024-09-21T20:00:00.000",
        "start_formatted": "September 21, 2024 11:00 AM",
        "end_formatted": "September 21, 2024 08:00 PM",
        "street_closure_type": "Full Street Closure",
        "community_board": "7,",
        "police_precinct": "72,"
      }
    },
    {
      "type": "Feature",
      "geometry": {
        "type": "Point",
        "coordinates": [
          -73.988512,
          40.668561499999996
        ]
      },
      "properties": {
        "event_id": "796033",
        "event_name": "11th St Block Party",
        "event_type": "Block Party",
        "event_agency": "Street Activity Permit Office",
        "event_location": "11 STREET between 4 AVENUE and 5 AVENUE",
        "event_borough": "Brooklyn",
        "start_date": "2024-09-21T11:00:00.000",
        "end_date": "2024-09-21T19:00:00.000",
        "start_formatted": "September 21, 2024 11:00 AM",
        "end_formatted": "September 21, 2024 07:00 PM",
        "street_closure_type": "Full Street Closure",
        "community_board": "6,",
        "police_precinct": "78,"
      }
    },
    {
      "type": "Feature",
      "geometry": {
        "type": "Point",
        "coordinates": [
          -74.008634,
          40.645002
        ]
      },
      "properties": {
        "event_id": "783453",
        "event_name": "49 st",
        "event_type": "Block Party",
        "event_agency": "Street Activity Permit Office",
        "event_location": "49 STREET between 6 AVENUE and 5 AVENUE",
        "event_borough": "Brooklyn",
        "start_date": "2024-09-21T11:00:00.000",
        "end_date": "2024-09-21T19:00:00.000",
        "start_formatted": "September 21, 2024 11:00 AM",
        "end_formatted": "September 21, 2024 07:00 PM",
        "street_closure_type": "Full Street Closure",
        "community_board": "7,",
        "police_precinct": "72,"
      }
    },
    {
      "type": "Feature",
      "geometry": {
        "type": "Point",
        "coordinates": [
          -74.001546,
          40.655309
        ]
      },
      "properties": {
        "event_id": "801137",
        "event_name": "33rd Street Block Party",
        "event_type": "Block Party",
        "event_agency": "Street Activity Permit Office",
        "event_location": "33 STREET between 4 AVENUE and 5 AVENUE",
        "event_borough": "Brooklyn",
        "start_date": "2024-09-21T11:00:00.000",
        "end_date": "2024-09-21T19:00:00.000",
        "start_formatted": "September 21, 2024 11:00 AM",
        "end_formatted": "September 21, 2024 07:00 PM",
        "street_closure_type": "Full Street Closure",
        "community_board": "7,",
        "police_precinct": "72,"
      }
    },
    {
      "type": "Feature",
      "geometry": {
        "type": "Point",
        "coordinates": [
          -73.983757,
          40.727719
        ]
      },
      "properties": {
        "event_id": "782448",
        "event_name": "9th Street A-1 Block Association Block Party",
        "event_type": "Block Party",
        "event_agency": "Street Activity Permit Office",
        "event_location": "EAST    9 STREET between 1 AVENUE and AVENUE A",
        "event_borough": "Manhattan",
        "start_date": "2024-09-21T11:00:00.000",
        "end_date": "2024-09-21T17:00:00.000",
        "start_formatted": "September 21, 2024 11:00 AM",
        "end_formatted": "September 21, 2024 05:00 PM",
        "street_closure_type": "Full Street Closure",
        "community_board": "3,",
        "police_precinct": "9,"
      }
    },
    {
      "type": "Feature",
      "geometry": {
        "type": "Point",
        "coordinates": [
          -73.98376300000001,
          40.6662635
        ]
      },
      "properties": {
        "event_id": "801583",
        "event_name": "11th St Block party",
        "event_type": "Block Party",
        "event_agency": "Street Activity Permit Office",
        "event_location": "11 STREET between 7 AVENUE and 6 AVENUE",
        "event_borough": "Brooklyn",
        "start_date": "2024-09-21T11:00:00.000",
        "end_date": "2024-09-21T20:00:00.000",
        "start_formatted": "September 21, 2024 11:00 AM",
        "end_formatted": "September 21, 2024 08:00 PM",
        "street_closure_type": "Full Street Closure",
        "community_board": "6,",
        "police_precinct": "78,"
      }
    },
    {
      "type": "Feature",
      "geometry": {
        "type": "Point",
        "coordinates": [
          -73.955286,
          40.661284
        ]
      },
      "properties": {
        "event_id": "764891",
        "event_name": "Annual Lincoln Road Block Party",
        "event_type": "Block Party",
        "event_agency": "Street Activity Permit Office",
        "event_location": "LINCOLN ROAD between BEDFORD AVENUE and ROGERS AVENUE",
        "event_borough": "Brooklyn",
        "start_date": "2024-09-21T10:30:00.000",
        "end_date": "2024-09-21T18:30:00.000",
        "start_formatted": "September 21, 2024 10:30 AM",
        "end_formatted": "September 21, 2024 06:30 PM",
        "street_closure_type": "Full Street Closure",
        "community_board": "9,",
        "police_precinct": "71,"
      }
    },
    {
      "type": "Feature",
      "geometry": {
        "type": "Point",
        "coordinates": [
          -73.9707635,
          40.6771165
        ]
      },
      "properties": {
        "event_id": "796800",
        "event_name": "Block party",
        "event_type": "Block Party",
        "event_agency": "Street Activity Permit Office",
        "event_location": "PARK PLACE between CARLTON AVENUE and VANDERBILT AVENUE",
        "event_borough": "Brooklyn",
        "start_date": "2024-09-21T10:30:00.000",
        "end_date": "2024-09-21T18:30:00.000",
        "start_formatted": "September 21, 2024 10:30 AM",
        "end_formatted": "September 21, 2024 06:30 PM",
        "street_closure_type": "Full Street Closure",
        "community_board": "8,",
        "police_precinct": "78,"
      }
    },
    {
      "type": "Feature",
      "geometry": {
        "type": "Point",
        "coordinates": [
          -73.91584599999999,
          40.837925
        ]
      },
      "properties": {
        "event_id": "792214",
        "event_name": "Christ The Kings Block Party",
        "event_type": "Block Party",
        "event_agency": "Street Activity Permit Office",
        "event_location": "MARCY PLACE between GRAND CONCOURSE and WALTON AVENUE",
        "event_borough": "Bronx",
        "start_date": "2024-09-21T10:30:00.000",
        "end_date": "2024-09-21T17:00:00.000",
        "start_formatted": "September 21, 2024 10:30 AM",
        "end_formatted": "September 21, 2024 05:00 PM",
        "street_closure_type": "Full Street Closure",
        "community_board": "4,",
        "police_precinct": "44,"
      }
    },
    {
      "type": "Feature",
      "geometry": {
        "type": "Point",
        "coordinates": [
          -73.98441650000001,
          40.661508
        ]
      },
      "properties": {
        "event_id": "796505",
        "event_name": "Windsor Place Fall Block Party",
        "event_type": "Block Party",
        "event_agency": "Street Activity Permit Office",
        "event_location": "WINDSOR PLACE between SEVENTH AVENUE and EIGHTH AVENUE",
        "event_borough": "Brooklyn",
        "start_date": "2024-09-21T10:00:00.000",
        "end_date": "2024-09-21T19:00:00.000",
        "start_formatted": "September 21, 2024 10:00 AM",
        "end_formatted": "September 21, 2024 07:00 PM",
        "street_closure_type": "Full Street Closure",
        "community_board": "7,",
        "police_precinct": "72,"
      }
    },
    {
      "type": "Feature",
      "geometry": {
        "type": "Point",
        "coordinates": [
          -73.9439445,
          40.659805
        ]
      },
      "properties": {
        "event_id": "798843",
        "event_name": "Annual Community Extravaganza",
        "event_type": "Block Party",
        "event_agency": "Street Activity Permit Office",
        "event_location": "RUTLAND ROAD between BROOKLYN AVENUE and KINGSTON AVENUE",
        "event_borough": "Brooklyn",
        "start_date": "2024-09-21T10:00:00.000",
        "end_date": "2024-09-21T17:00:00.000",
        "start_formatted": "September 21, 2024 10:00 AM",
        "end_formatted": "September 21, 2024 05:00 PM",
        "street_closure_type": "Sidewalk and Street Closure",
        "community_board": "9,",
        "police_precinct": "71,"
      }
    },
    {
      "type": "Feature",
      "geometry": {
        "type": "Point",
        "coordinates": [
          -74.022974,
          40.6250675
        ]
      },
      "properties": {
        "event_id": "799857",
        "event_name": "80th Street Back To School Gathering",
        "event_type": "Block Party",
        "event_agency": "Street Activity Permit Office",
        "event_location": "80 STREET between 5 AVENUE and 6 AVENUE",
        "event_borough": "Brooklyn",
        "start_date": "2024-09-21T10:00:00.000",
        "end_date": "2024-09-21T19:00:00.000",
        "start_formatted": "September 21, 2024 10:00 AM",
        "end_formatted": "September 21, 2024 07:00 PM",
        "street_closure_type": "Full Street Closure",
        "community_board": "10,",
        "police_precinct": "68,"
      }
    },
    {
      "type": "Feature",
      "geometry": {
        "type": "Point",
        "coordinates": [
          -73.93906100000001,
          40.8191165
        ]
      },
      "properties": {
        "event_id": "801030",
        "event_name": "The 142nd Street Block Association Annual End-of-Summer Block Party",
        "event_type": "Block Party",
        "event_agency": "Street Activity Permit Office",
        "event_location": "WEST  142 STREET between 7 AVENUE and LENOX AVENUE",
        "event_borough": "Manhattan",
        "start_date": "2024-09-21T10:00:00.000",
        "end_date": "2024-09-21T17:00:00.000",
        "start_formatted": "September 21, 2024 10:00 AM",
        "end_formatted": "September 21, 2024 05:00 PM",
        "street_closure_type": "Full Street Closure",
        "community_board": "10,",
        "police_precinct": "32,"
      }
    },
    {
      "type": "Feature",
      "geometry": {
        "type": "Point",
        "coordinates": [
          -73.90884,
          40.759232
        ]
      },
      "properties": {
        "event_id": "776901",
        "event_name": "49th Street Block Party",
        "event_type": "Block Party",
        "event_agency": "Street Activity Permit Office",
        "event_location": "49 STREET between 30 AVENUE and 31 AVENUE",
        "event_borough": "Queens",
        "start_date": "2024-09-21T10:00:00.000",
        "end_date": "2024-09-21T17:00:00.000",
        "start_formatted": "September 21, 2024 10:00 AM",
        "end_formatted": "September 21, 2024 05:00 PM",
        "street_closure_type": "Full Street Closure",
        "community_board": "1,",
        "police_precinct": "114,"
      }
    },
    {
      "type": "Feature",
      "geometry": {
        "type": "Point",
        "coordinates": [
          -73.97377850000001,
          40.67461
        ]
      },
      "properties": {
        "event_id": "792718",
        "event_name": "Berkeley Place Block Party",
        "event_type": "Block Party",
        "event_agency": "Street Activity Permit Office",
        "event_location": "BERKELEY PLACE between 7 AVENUE and 8 AVENUE",
        "event_borough": "Brooklyn",
        "start_date": "2024-09-21T10:00:00.000",
        "end_date": "2024-09-21T19:00:00.000",
        "start_formatted": "September 21, 2024 10:00 AM",
        "end_formatted": "September 21, 2024 07:00 PM",
        "street_closure_type": "Full Street Closure",
        "community_board": "6,",
        "police_precinct": "78,"
      }
    },
    {
      "type": "Feature",
      "geometry": {
        "type": "Point",
        "coordinates": [
          -73.858163,
          40.755283500000004
        ]
      },
      "properties": {
        "event_id": "780961",
        "event_name": "Eternal Praise Ministry Annual Event",
        "event_type": "Block Party",
        "event_agency": "Street Activity Permit Office",
        "event_location": "110 STREET between 34 AVENUE and 37 AVENUE",
        "event_borough": "Queens",
        "start_date": "2024-09-21T10:00:00.000",
        "end_date": "2024-09-21T17:00:00.000",
        "start_formatted": "September 21, 2024 10:00 AM",
        "end_formatted": "September 21, 2024 05:00 PM",
        "street_closure_type": "Full Street Closure",
        "community_board": "3,",
        "police_precinct": "115,"
      }
    },
    {
      "type": "Feature",
      "geometry": {
        "type": "Point",
        "coordinates": [
          -73.985619,
          40.668008
        ]
      },
      "properties": {
        "event_id": "777560",
        "event_name": "Tenth Street 5th 6th September 2024 Block Party",
        "event_type": "Block Party",
        "event_agency": "Street Activity Permit Office",
        "event_location": "10 STREET between 5 AVENUE and 6 AVENUE",
        "event_borough": "Brooklyn",
        "start_date": "2024-09-21T10:00:00.000",
        "end_date": "2024-09-21T18:00:00.000",
        "start_formatted": "September 21, 2024 10:00 AM",
        "end_formatted": "September 21, 2024 06:00 PM",
        "street_closure_type": "Full Street Closure",
        "community_board": "6,",
        "police_precinct": "78,"
      }
    },
    {
      "type": "Feature",
      "geometry": {
        "type": "Point",
        "coordinates": [
          -73.941754,
          40.70384
        ]
      },
      "properties": {
        "event_id": "793933",
        "event_name": "Brooklyn Three Kings Day",
        "event_type": "Block Party",
        "event_agency": "Street Activity Permit Office",
        "event_location": "MOORE STREET between HUMBOLDT STREET and GRAHAM AVENUE",
        "event_borough": "Brooklyn",
        "start_date": "2024-09-21T09:00:00.000",
        "end_date": "2024-09-21T18:00:00.000",
        "start_formatted": "September 21, 2024 09:00 AM",
        "end_formatted": "September 21, 2024 06:00 PM",
        "street_closure_type": "Full Street Closure",
        "community_board": "1,",
        "police_precinct": "90,"
      }
    },
    {
      "type": "Feature",
      "geometry": {
        "type": "Point",
        "coordinates": [
          -73.926871,
          40.7449985
        ]
      },
      "properties": {
        "event_id": "801117",
        "event_name": "United in faith",
        "event_type": "Block Party",
        "event_agency": "Street Activity Permit Office",
        "event_location": "38 STREET between 43 AVENUE and QUEENS BOULEVARD",
        "event_borough": "Queens",
        "start_date": "2024-09-21T08:30:00.000",
        "end_date": "2024-09-21T16:00:00.000",
        "start_formatted": "September 21, 2024 08:30 AM",
        "end_formatted": "September 21, 2024 04:00 PM",
        "street_closure_type": "Full Street Closure",
        "community_board": "2,",
        "police_precinct": "108,"
      }
    },
    {
      "type": "Feature",
      "geometry": {
        "type": "Point",
        "coordinates": [
          -74.002587,
          40.7370045
        ]
      },
      "properties": {
        "event_id": "798050",
        "event_name": "Bank Street Potluck",
        "event_type": "Block Party",
        "event_agency": "Street Activity Permit Office",
        "event_location": "BANK STREET between WEST    4 STREET and GREENWICH AVENUE",
        "event_borough": "Manhattan",
        "start_date": "2024-09-17T17:30:00.000",
        "end_date": "2024-09-17T21:00:00.000",
        "start_formatted": "September 17, 2024 05:30 PM",
        "end_formatted": "September 17, 2024 09:00 PM",
        "street_closure_type": "Full Street Closure",
        "community_board": "2,",
        "police_precinct": "6,"
      }
    },
    {
      "type": "Feature",
      "geometry": {
        "type": "Point",
        "coordinates": [
          -74.0285725,
          40.6331565
        ]
      },
      "properties": {
        "event_id": "802208",
        "event_name": "73rd Street Block Party",
        "event_type": "Block Party",
        "event_agency": "Street Activity Permit Office",
        "event_location": "73 STREET between 3 AVENUE and RIDGE BOULEVARD",
        "event_borough": "Brooklyn",
        "start_date": "2024-09-15T13:00:00.000",
        "end_date": "2024-09-15T20:00:00.000",
        "start_formatted": "September 15, 2024 01:00 PM",
        "end_formatted": "September 15, 2024 08:00 PM",
        "street_closure_type": "Full Street Closure",
        "community_board": "10,",
        "police_precinct": "68,"
      }
    },
    {
      "type": "Feature",
      "geometry": {
        "type": "Point",
        "coordinates": [
          -73.9095475,
          40.619432
        ]
      },
      "properties": {
        "event_id": "796458",
        "event_name": "St. Bernard Parish Block Party",
        "event_type": "Block Party",
        "event_agency": "Street Activity Permit Office",
        "event_location": "EAST   69 STREET between VETERANS AVENUE and AVENUE U",
        "event_borough": "Brooklyn",
        "start_date": "2024-09-15T13:00:00.000",
        "end_date": "2024-09-15T18:00:00.000",
        "start_formatted": "September 15, 2024 01:00 PM",
        "end_formatted": "September 15, 2024 06:00 PM",
        "street_closure_type": "Full Street Closure",
        "community_board": "18,",
        "police_precinct": "63,"
      }
    },
    {
      "type": "Feature",
      "geometry": {
        "type": "Point",
        "coordinates": [
          -73.94466,
          40.694395
        ]
      },
      "properties": {
        "event_id": "799064",
        "event_name": "Willoughby Tompkins Block Party",
        "event_type": "Block Party",
        "event_agency": "Street Activity Permit Office",
        "event_location": "WILLOUGHBY AVENUE between THROOP AVENUE and TOMPKINS AVENUE",
        "event_borough": "Brooklyn",
        "start_date": "2024-09-15T13:00:00.000",
        "end_date": "2024-09-15T18:00:00.000",
        "start_formatted": "September 15, 2024 01:00 PM",
        "end_formatted": "September 15, 2024 06:00 PM",
        "street_closure_type": "Full Street Closure",
        "community_board": "3,",
        "police_precinct": "79,"
      }
    },
    {
      "type": "Feature",
      "geometry": {
        "type": "Point",
        "coordinates": [
          -73.985581,
          40.660264
        ]
      },
      "properties": {
        "event_id": "798499",
        "event_name": "17th St Block Party",
        "event_type": "Block Party",
        "event_agency": "Street Activity Permit Office",
        "event_location": "17 STREET between 7 AVENUE and 8 AVENUE",
        "event_borough": "Brooklyn",
        "start_date": "2024-09-15T12:00:00.000",
        "end_date": "2024-09-15T21:00:00.000",
        "start_formatted": "September 15, 2024 12:00 PM",
        "end_formatted": "September 15, 2024 09:00 PM",
        "street_closure_type": "Full Street Closure",
        "community_board": "7,",
        "police_precinct": "72,"
      }
    },
    {
      "type": "Feature",
      "geometry": {
        "type": "Point",
        "coordinates": [
          -74.0384635,
          40.6293895
        ]
      },
      "properties": {
        "event_id": "781772",
        "event_name": "Harbor View Terrace Block Party",
        "event_type": "Block Party",
        "event_agency": "Street Activity Permit Office",
        "event_location": "HARBOR VIEW TERRACE between COLONIAL COURT and HARBOR LANE",
        "event_borough": "Brooklyn",
        "start_date": "2024-09-15T12:00:00.000",
        "end_date": "2024-09-15T20:00:00.000",
        "start_formatted": "September 15, 2024 12:00 PM",
        "end_formatted": "September 15, 2024 08:00 PM",
        "street_closure_type": "Full Street Closure",
        "community_board": "10,",
        "police_precinct": "68,"
      }
    },
    {
      "type": "Feature",
      "geometry": {
        "type": "Point",
        "coordinates": [
          -73.9914535,
          40.611146500000004
        ]
      },
      "properties": {
        "event_id": "798108",
        "event_name": "Parish Block Party",
        "event_type": "Block Party",
        "event_agency": "Street Activity Permit Office",
        "event_location": "20 AVENUE between BAY RIDGE PARKWAY and 74 STREET",
        "event_borough": "Brooklyn",
        "start_date": "2024-09-15T11:30:00.000",
        "end_date": "2024-09-15T17:30:00.000",
        "start_formatted": "September 15, 2024 11:30 AM",
        "end_formatted": "September 15, 2024 05:30 PM",
        "street_closure_type": "Full Street Closure",
        "community_board": "11,",
        "police_precinct": "62,"
      }
    },
    {
      "type": "Feature",
      "geometry": {
        "type": "Point",
        "coordinates": [
          -74.0241925,
          40.636624
        ]
      },
      "properties": {
        "event_id": "798703",
        "event_name": "Senator Street Block Party",
        "event_type": "Block Party",
        "event_agency": "Street Activity Permit Office",
        "event_location": "SENATOR STREET between 3 AVENUE and 4 AVENUE",
        "event_borough": "Brooklyn",
        "start_date": "2024-09-15T11:00:00.000",
        "end_date": "2024-09-15T20:00:00.000",
        "start_formatted": "September 15, 2024 11:00 AM",
        "end_formatted": "September 15, 2024 08:00 PM",
        "street_closure_type": "Full Street Closure",
        "community_board": "10,",
        "police_precinct": "68,"
      }
    },
    {
      "type": "Feature",
      "geometry": {
        "type": "Point",
        "coordinates": [
          -73.984767,
          40.66506
        ]
      },
      "properties": {
        "event_id": "798718",
        "event_name": "13th Street Block Party",
        "event_type": "Block Party",
        "event_agency": "Street Activity Permit Office",
        "event_location": "13 STREET between 6 AVENUE and 7 AVENUE",
        "event_borough": "Brooklyn",
        "start_date": "2024-09-15T11:00:00.000",
        "end_date": "2024-09-15T19:00:00.000",
        "start_formatted": "September 15, 2024 11:00 AM",
        "end_formatted": "September 15, 2024 07:00 PM",
        "street_closure_type": "Full Street Closure",
        "community_board": "6,",
        "police_precinct": "78,"
      }
    },
    {
      "type": "Feature",
      "geometry": {
        "type": "Point",
        "coordinates": [
          -74.016107,
          40.6413065
        ]
      },
      "properties": {
        "event_id": "799520",
        "event_name": "58th Street Block Party",
        "event_type": "Block Party",
        "event_agency": "Street Activity Permit Office",
        "event_location": "58 STREET between 4 AVENUE and 5 AVENUE",
        "event_borough": "Brooklyn",
        "start_date": "2024-09-15T11:00:00.000",
        "end_date": "2024-09-15T18:00:00.000",
        "start_formatted": "September 15, 2024 11:00 AM",
        "end_formatted": "September 15, 2024 06:00 PM",
        "street_closure_type": "Sidewalk and Street Closure",
        "community_board": "7,",
        "police_precinct": "72,"
      }
    },
    {
      "type": "Feature",
      "geometry": {
        "type": "Point",
        "coordinates": [
          -73.978746,
          40.681352000000004
        ]
      },
      "properties": {
        "event_id": "796601",
        "event_name": "St Marks Place btw 4th  5th Block Party",
        "event_type": "Block Party",
        "event_agency": "Street Activity Permit Office",
        "event_location": "ST MARKS PLACE between 4 AVENUE and 5 AVENUE",
        "event_borough": "Brooklyn",
        "start_date": "2024-09-15T11:00:00.000",
        "end_date": "2024-09-15T18:00:00.000",
        "start_formatted": "September 15, 2024 11:00 AM",
        "end_formatted": "September 15, 2024 06:00 PM",
        "street_closure_type": "Full Street Closure",
        "community_board": "6,",
        "police_precinct": "78,"
      }
    },
    {
      "type": "Feature",
      "geometry": {
        "type": "Point",
        "coordinates": [
          -73.9810975,
          40.6734285
        ]
      },
      "properties": {
        "event_id": "794368",
        "event_name": "Autumn Block Party 2024",
        "event_type": "Block Party",
        "event_agency": "Street Activity Permit Office",
        "event_location": "1 STREET between 5 AVENUE and 6 AVENUE",
        "event_borough": "Brooklyn",
        "start_date": "2024-09-15T10:00:00.000",
        "end_date": "2024-09-15T19:00:00.000",
        "start_formatted": "September 15, 2024 10:00 AM",
        "end_formatted": "September 15, 2024 07:00 PM",
        "street_closure_type": "Full Street Closure",
        "community_board": "6,",
        "police_precinct": "78,"
      }
    },
    {
      "type": "Feature",
      "geometry": {
        "type": "Point",
        "coordinates": [
          -74.0040365,
          40.6270115
        ]
      },
      "properties": {
        "event_id": "792758",
        "event_name": "Our Lady of Cisne",
        "event_type": "Block Party",
        "event_agency": "Street Activity Permit Office",
        "event_location": "12 AVENUE between 66 STREET and 65 STREET",
        "event_borough": "Brooklyn",
        "start_date": "2024-09-15T08:00:00.000",
        "end_date": "2024-09-15T16:00:00.000",
        "start_formatted": "September 15, 2024 08:00 AM",
        "end_formatted": "September 15, 2024 04:00 PM",
        "street_closure_type": "Full Street Closure",
        "community_board": "10,",
        "police_precinct": "68,"
      }
    },
    {
      "type": "Feature",
      "geometry": {
        "type": "Point",
        "coordinates": [
          -73.80676600000001,
          40.677669
        ]
      },
      "properties": {
        "event_id": "793026",
        "event_name": "Time with neighbors",
        "event_type": "Block Party",
        "event_agency": "Street Activity Permit Office",
        "event_location": "133 STREET between 116 AVENUE and FOCH BOULEVARD",
        "event_borough": "Queens",
        "start_date": "2024-09-14T17:00:00.000",
        "end_date": "2024-09-14T21:00:00.000",
        "start_formatted": "September 14, 2024 05:00 PM",
        "end_formatted": "September 14, 2024 09:00 PM",
        "street_closure_type": "Full Street Closure",
        "community_board": "10,",
        "police_precinct": "106,"
      }
    },
    {
      "type": "Feature",
      "geometry": {
        "type": "Point",
        "coordinates": [
          -73.9963255,
          40.6924705
        ]
      },
      "properties": {
        "event_id": "790410",
        "event_name": "GARDEN PLACE ANNUAL BLOCK PARTY",
        "event_type": "Block Party",
        "event_agency": "Street Activity Permit Office",
        "event_location": "GARDEN PLACE between JORALEMON STREET and STATE STREET",
        "event_borough": "Brooklyn",
        "start_date": "2024-09-14T15:00:00.000",
        "end_date": "2024-09-14T20:00:00.000",
        "start_formatted": "September 14, 2024 03:00 PM",
        "end_formatted": "September 14, 2024 08:00 PM",
        "street_closure_type": "Full Street Closure",
        "community_board": "2,",
        "police_precinct": "84,"
      }
    },
    {
      "type": "Feature",
      "geometry": {
        "type": "Point",
        "coordinates": [
          -74.19036349999999,
          40.531439
        ]
      },
      "properties": {
        "event_id": "795212",
        "event_name": "Algonkin Street Block Party",
        "event_type": "Block Party",
        "event_agency": "Street Activity Permit Office",
        "event_location": "ALGONKIN STREET between HUGUENOT AVENUE and KINGDOM AVENUE",
        "event_borough": "Staten Island",
        "start_date": "2024-09-14T14:00:00.000",
        "end_date": "2024-09-14T23:00:00.000",
        "start_formatted": "September 14, 2024 02:00 PM",
        "end_formatted": "September 14, 2024 11:00 PM",
        "street_closure_type": "Full Street Closure",
        "community_board": "3,",
        "police_precinct": "123,"
      }
    },
    {
      "type": "Feature",
      "geometry": {
        "type": "Point",
        "coordinates": [
          -73.9857715,
          40.663855
        ]
      },
      "properties": {
        "event_id": "790607",
        "event_name": "15th street 6-7 Block Party",
        "event_type": "Block Party",
        "event_agency": "Street Activity Permit Office",
        "event_location": "15 STREET between 6 AVENUE and 7 AVENUE",
        "event_borough": "Brooklyn",
        "start_date": "2024-09-14T14:00:00.000",
        "end_date": "2024-09-14T21:00:00.000",
        "start_formatted": "September 14, 2024 02:00 PM",
        "end_formatted": "September 14, 2024 09:00 PM",
        "street_closure_type": "Full Street Closure",
        "community_board": "6, 7,",
        "police_precinct": "72, 78,"
      }
    },
    {
      "type": "Feature",
      "geometry": {
        "type": "Point",
        "coordinates": [
          -74.032707,
          40.615921
        ]
      },
      "properties": {
        "event_id": "794941",
        "event_name": "96th St Block Party",
        "event_type": "Block Party",
        "event_agency": "Street Activity Permit Office",
        "event_location": "96 STREET between 3 AVENUE and 4 AVENUE",
        "event_borough": "Brooklyn",
        "start_date": "2024-09-14T13:00:00.000",
        "end_date": "2024-09-14T20:00:00.000",
        "start_formatted": "September 14, 2024 01:00 PM",
        "end_formatted": "September 14, 2024 08:00 PM",
        "street_closure_type": "Full Street Closure",
        "community_board": "10,",
        "police_precinct": "68,"
      }
    },
    {
      "type": "Feature",
      "geometry": {
        "type": "Point",
        "coordinates": [
          -73.7554505,
          40.599512000000004
        ]
      },
      "properties": {
        "event_id": "797247",
        "event_name": "More Life .Late Summer Vibes",
        "event_type": "Block Party",
        "event_agency": "Street Activity Permit Office",
        "event_location": "BEACH   21 STREET between ELK DRIVE and DEAD END",
        "event_borough": "Queens",
        "start_date": "2024-09-14T13:00:00.000",
        "end_date": "2024-09-14T22:00:00.000",
        "start_formatted": "September 14, 2024 01:00 PM",
        "end_formatted": "September 14, 2024 10:00 PM",
        "street_closure_type": "Full Street Closure",
        "community_board": "14,",
        "police_precinct": "101,"
      }
    },
    {
      "type": "Feature",
      "geometry": {
        "type": "Point",
        "coordinates": [
          -74.1059625,
          40.6269365
        ]
      },
      "properties": {
        "event_id": "798840",
        "event_name": "2024 Hart Avenue Block Party",
        "event_type": "Block Party",
        "event_agency": "Street Activity Permit Office",
        "event_location": "HART AVENUE between MATTHEWS AVENUE and HARVEST AVENUE",
        "event_borough": "Staten Island",
        "start_date": "2024-09-14T13:00:00.000",
        "end_date": "2024-09-14T20:30:00.000",
        "start_formatted": "September 14, 2024 01:00 PM",
        "end_formatted": "September 14, 2024 08:30 PM",
        "street_closure_type": "Full Street Closure",
        "community_board": "1,",
        "police_precinct": "120,"
      }
    },
    {
      "type": "Feature",
      "geometry": {
        "type": "Point",
        "coordinates": [
          -73.980861,
          40.654625
        ]
      },
      "properties": {
        "event_id": "798184",
        "event_name": "20th Street Block Party",
        "event_type": "Block Party",
        "event_agency": "Street Activity Permit Office",
        "event_location": "20 STREET between 10 AVENUE and TERRACE PLACE",
        "event_borough": "Brooklyn",
        "start_date": "2024-09-14T13:00:00.000",
        "end_date": "2024-09-14T18:00:00.000",
        "start_formatted": "September 14, 2024 01:00 PM",
        "end_formatted": "September 14, 2024 06:00 PM",
        "street_closure_type": "Full Street Closure",
        "community_board": "7,",
        "police_precinct": "72,"
      }
    },
    {
      "type": "Feature",
      "geometry": {
        "type": "Point",
        "coordinates": [
          -73.80506399999999,
          40.687764
        ]
      },
      "properties": {
        "event_id": "796437",
        "event_name": "Y.R.P.U Community BBQ",
        "event_type": "Block Party",
        "event_agency": "Street Activity Permit Office",
        "event_location": "LAKEWOOD AVENUE between 141 STREET and DEAD END",
        "event_borough": "Queens",
        "start_date": "2024-09-14T13:00:00.000",
        "end_date": "2024-09-14T18:00:00.000",
        "start_formatted": "September 14, 2024 01:00 PM",
        "end_formatted": "September 14, 2024 06:00 PM",
        "street_closure_type": "Full Street Closure",
        "community_board": "12,",
        "police_precinct": "103,"
      }
    },
    {
      "type": "Feature",
      "geometry": {
        "type": "Point",
        "coordinates": [
          -74.118753,
          40.6269075
        ]
      },
      "properties": {
        "event_id": "788557",
        "event_name": "Clove Lake Pl Block Party",
        "event_type": "Block Party",
        "event_agency": "Street Activity Permit Office",
        "event_location": "CLOVE LAKE PLACE between ELIZABETH STREET and CLOVE ROAD",
        "event_borough": "Staten Island",
        "start_date": "2024-09-14T13:00:00.000",
        "end_date": "2024-09-14T20:00:00.000",
        "start_formatted": "September 14, 2024 01:00 PM",
        "end_formatted": "September 14, 2024 08:00 PM",
        "street_closure_type": "Full Street Closure",
        "community_board": "1,",
        "police_precinct": "120,"
      }
    },
    {
      "type": "Feature",
      "geometry": {
        "type": "Point",
        "coordinates": [
          -73.9977215,
          40.685480999999996
        ]
      },
      "properties": {
        "event_id": "790780",
        "event_name": "Strong place Party",
        "event_type": "Block Party",
        "event_agency": "Street Activity Permit Office",
        "event_location": "STRONG PLACE between KANE STREET and DEGRAW STREET",
        "event_borough": "Brooklyn",
        "start_date": "2024-09-14T13:00:00.000",
        "end_date": "2024-09-14T20:00:00.000",
        "start_formatted": "September 14, 2024 01:00 PM",
        "end_formatted": "September 14, 2024 08:00 PM",
        "street_closure_type": "Full Street Closure",
        "community_board": "6,",
        "police_precinct": "76,"
      }
    },
    {
      "type": "Feature",
      "geometry": {
        "type": "Point",
        "coordinates": [
          -73.99476000000001,
          40.678339
        ]
      },
      "properties": {
        "event_id": "762097",
        "event_name": "Third Street Block Party",
        "event_type": "Block Party",
        "event_agency": "Street Activity Permit Office",
        "event_location": "3 STREET between SMITH STREET and HOYT STREET",
        "event_borough": "Brooklyn",
        "start_date": "2024-09-14T13:00:00.000",
        "end_date": "2024-09-14T21:00:00.000",
        "start_formatted": "September 14, 2024 01:00 PM",
        "end_formatted": "September 14, 2024 09:00 PM",
        "street_closure_type": "Full Street Closure",
        "community_board": "6,",
        "police_precinct": "76,"
      }
    },
    {
      "type": "Feature",
      "geometry": {
        "type": "Point",
        "coordinates": [
          -74.21019100000001,
          40.536849000000004
        ]
      },
      "properties": {
        "event_id": "798443",
        "event_name": "Rensselaer Ave Block Closing",
        "event_type": "Block Party",
        "event_agency": "Street Activity Permit Office",
        "event_location": "RENSSELAER AVENUE between LENEVAR AVENUE and MAGUIRE AVENUE",
        "event_borough": "Staten Island",
        "start_date": "2024-09-14T13:00:00.000",
        "end_date": "2024-09-14T21:00:00.000",
        "start_formatted": "September 14, 2024 01:00 PM",
        "end_formatted": "September 14, 2024 09:00 PM",
        "street_closure_type": "Full Street Closure",
        "community_board": "3,",
        "police_precinct": "123,"
      }
    },
    {
      "type": "Feature",
      "geometry": {
        "type": "Point",
        "coordinates": [
          -74.0037155,
          40.611617499999994
        ]
      },
      "properties": {
        "event_id": "794616",
        "event_name": "82nd Street Block Party",
        "event_type": "Block Party",
        "event_agency": "Street Activity Permit Office",
        "event_location": "82 STREET between 16 AVENUE and 17 AVENUE",
        "event_borough": "Brooklyn",
        "start_date": "2024-09-14T13:00:00.000",
        "end_date": "2024-09-14T20:00:00.000",
        "start_formatted": "September 14, 2024 01:00 PM",
        "end_formatted": "September 14, 2024 08:00 PM",
        "street_closure_type": "Full Street Closure",
        "community_board": "11,",
        "police_precinct": "62,"
      }
    },
    {
      "type": "Feature",
      "geometry": {
        "type": "Point",
        "coordinates": [
          -73.9729095,
          40.644454499999995
        ]
      },
      "properties": {
        "event_id": "797390",
        "event_name": "Annual E. 7th Street Block Party",
        "event_type": "Block Party",
        "event_agency": "Street Activity Permit Office",
        "event_location": "EAST    7 STREET between CHURCH AVENUE and BEVERLY ROAD",
        "event_borough": "Brooklyn",
        "start_date": "2024-09-14T13:00:00.000",
        "end_date": "2024-09-14T19:30:00.000",
        "start_formatted": "September 14, 2024 01:00 PM",
        "end_formatted": "September 14, 2024 07:30 PM",
        "street_closure_type": "Full Street Closure",
        "community_board": "12,",
        "police_precinct": "66,"
      }
    },
    {
      "type": "Feature",
      "geometry": {
        "type": "Point",
        "coordinates": [
          -73.9842645,
          40.665662499999996
        ]
      },
      "properties": {
        "event_id": "778614",
        "event_name": "Block Party 12th / 6th-7th avenues",
        "event_type": "Block Party",
        "event_agency": "Street Activity Permit Office",
        "event_location": "12 STREET between 6 AVENUE and 7 AVENUE",
        "event_borough": "Brooklyn",
        "start_date": "2024-09-14T13:00:00.000",
        "end_date": "2024-09-14T20:00:00.000",
        "start_formatted": "September 14, 2024 01:00 PM",
        "end_formatted": "September 14, 2024 08:00 PM",
        "street_closure_type": "Full Street Closure",
        "community_board": "6,",
        "police_precinct": "78,"
      }
    },
    {
      "type": "Feature",
      "geometry": {
        "type": "Point",
        "coordinates": [
          -73.87438850000001,
          40.716674
        ]
      },
      "properties": {
        "event_id": "791679",
        "event_name": "79th st block party",
        "event_type": "Block Party",
        "event_agency": "Street Activity Permit Office",
        "event_location": "79 STREET between FURMANVILLE AVENUE and JUNIPER VALLEY ROAD",
        "event_borough": "Queens",
        "start_date": "2024-09-14T13:00:00.000",
        "end_date": "2024-09-14T21:00:00.000",
        "start_formatted": "September 14, 2024 01:00 PM",
        "end_formatted": "September 14, 2024 09:00 PM",
        "street_closure_type": "Full Street Closure",
        "community_board": "5,",
        "police_precinct": "104,"
      }
    },
    {
      "type": "Feature",
      "geometry": {
        "type": "Point",
        "coordinates": [
          -73.9951395,
          40.6614655
        ]
      },
      "properties": {
        "event_id": "797401",
        "event_name": "22nd St Block Party 2024 - 2",
        "event_type": "Block Party",
        "event_agency": "Street Activity Permit Office",
        "event_location": "22 STREET between 4 AVENUE and 5 AVENUE",
        "event_borough": "Brooklyn",
        "start_date": "2024-09-14T12:30:00.000",
        "end_date": "2024-09-14T20:30:00.000",
        "start_formatted": "September 14, 2024 12:30 PM",
        "end_formatted": "September 14, 2024 08:30 PM",
        "street_closure_type": "Full Street Closure",
        "community_board": "7,",
        "police_precinct": "72,"
      }
    },
    {
      "type": "Feature",
      "geometry": {
        "type": "Point",
        "coordinates": [
          -73.93617850000001,
          40.6811305
        ]
      },
      "properties": {
        "event_id": "733805",
        "event_name": "Summer Fun with 3rd Decatur Street Block Association",
        "event_type": "Block Party",
        "event_agency": "Street Activity Permit Office",
        "event_location": "DECATUR STREET between MARCUS GARVEY BOULEVARD and LEWIS AVENUE",
        "event_borough": "Brooklyn",
        "start_date": "2024-09-14T12:30:00.000",
        "end_date": "2024-09-14T20:30:00.000",
        "start_formatted": "September 14, 2024 12:30 PM",
        "end_formatted": "September 14, 2024 08:30 PM",
        "street_closure_type": "Sidewalk and Street Closure",
        "community_board": "3,",
        "police_precinct": "81,"
      }
    },
    {
      "type": "Feature",
      "geometry": {
        "type": "Point",
        "coordinates": [
          -73.97263749999999,
          40.6970635
        ]
      },
      "properties": {
        "event_id": "775655",
        "event_name": "Greene Hill School Summer Kick-Off",
        "event_type": "Block Party",
        "event_agency": "Street Activity Permit Office",
        "event_location": "ADELPHI STREET between FLUSHING AVENUE and PARK AVENUE",
        "event_borough": "Brooklyn",
        "start_date": "2024-09-14T12:30:00.000",
        "end_date": "2024-09-14T15:30:00.000",
        "start_formatted": "September 14, 2024 12:30 PM",
        "end_formatted": "September 14, 2024 03:30 PM",
        "street_closure_type": "Full Street Closure",
        "community_board": "2,",
        "police_precinct": "88,"
      }
    },
    {
      "type": "Feature",
      "geometry": {
        "type": "Point",
        "coordinates": [
          -73.9804015,
          40.666326
        ]
      },
      "properties": {
        "event_id": "778891",
        "event_name": "9th St Block Party",
        "event_type": "Block Party",
        "event_agency": "Street Activity Permit Office",
        "event_location": "9 STREET between 7 AVENUE and 8 AVENUE",
        "event_borough": "Brooklyn",
        "start_date": "2024-09-14T12:00:00.000",
        "end_date": "2024-09-14T20:00:00.000",
        "start_formatted": "September 14, 2024 12:00 PM",
        "end_formatted": "September 14, 2024 08:00 PM",
        "street_closure_type": "Full Street Closure",
        "community_board": "6,",
        "police_precinct": "78,"
      }
    },
    {
      "type": "Feature",
      "geometry": {
        "type": "Point",
        "coordinates": [
          -74.1603045,
          40.5333595
        ]
      },
      "properties": {
        "event_id": "783247",
        "event_name": "38 Osage Lane",
        "event_type": "Block Party",
        "event_agency": "Street Activity Permit Office",
        "event_location": "OSAGE LANE between HALES AVENUE and WOODS OF ARDEN ROAD",
        "event_borough": "Staten Island",
        "start_date": "2024-09-14T12:00:00.000",
        "end_date": "2024-09-14T20:00:00.000",
        "start_formatted": "September 14, 2024 12:00 PM",
        "end_formatted": "September 14, 2024 08:00 PM",
        "street_closure_type": "Full Street Closure",
        "community_board": "3,",
        "police_precinct": "123,"
      }
    },
    {
      "type": "Feature",
      "geometry": {
        "type": "Point",
        "coordinates": [
          -73.9589065,
          40.661849000000004
        ]
      },
      "properties": {
        "event_id": "804516",
        "event_name": "Community Block Party",
        "event_type": "Block Party",
        "event_agency": "Street Activity Permit Office",
        "event_location": "LEFFERTS AVENUE between WASHINGTON AVENUE and BEDFORD AVENUE",
        "event_borough": "Brooklyn",
        "start_date": "2024-09-14T12:00:00.000",
        "end_date": "2024-09-14T19:00:00.000",
        "start_formatted": "September 14, 2024 12:00 PM",
        "end_formatted": "September 14, 2024 07:00 PM",
        "street_closure_type": "Full Street Closure",
        "community_board": "9,",
        "police_precinct": "71,"
      }
    },
    {
      "type": "Feature",
      "geometry": {
        "type": "Point",
        "coordinates": [
          -74.0039715,
          40.649483000000004
        ]
      },
      "properties": {
        "event_id": "793748",
        "event_name": "End of Summer Celebration 2024",
        "event_type": "Block Party",
        "event_agency": "Street Activity Permit Office",
        "event_location": "41 STREET between 5 AVENUE and 6 AVENUE",
        "event_borough": "Brooklyn",
        "start_date": "2024-09-14T12:00:00.000",
        "end_date": "2024-09-14T21:00:00.000",
        "start_formatted": "September 14, 2024 12:00 PM",
        "end_formatted": "September 14, 2024 09:00 PM",
        "street_closure_type": "Full Street Closure",
        "community_board": "7,",
        "police_precinct": "72,"
      }
    },
    {
      "type": "Feature",
      "geometry": {
        "type": "Point",
        "coordinates": [
          -74.0347885,
          40.632346
        ]
      },
      "properties": {
        "event_id": "793204",
        "event_name": "76th Street Block Part",
        "event_type": "Block Party",
        "event_agency": "Street Activity Permit Office",
        "event_location": "76 STREET between COLONIAL ROAD and NARROWS AVENUE",
        "event_borough": "Brooklyn",
        "start_date": "2024-09-14T12:00:00.000",
        "end_date": "2024-09-14T20:00:00.000",
        "start_formatted": "September 14, 2024 12:00 PM",
        "end_formatted": "September 14, 2024 08:00 PM",
        "street_closure_type": "Full Street Closure",
        "community_board": "10,",
        "police_precinct": "68,"
      }
    },
    {
      "type": "Feature",
      "geometry": {
        "type": "Point",
        "coordinates": [
          -73.92485450000001,
          40.5878095
        ]
      },
      "properties": {
        "event_id": "785742",
        "event_name": "Lester Ct Block Party",
        "event_type": "Block Party",
        "event_agency": "Street Activity Permit Office",
        "event_location": "LESTER COURT between NOEL AVENUE and MADOC AVENUE",
        "event_borough": "Brooklyn",
        "start_date": "2024-09-14T12:00:00.000",
        "end_date": "2024-09-14T19:00:00.000",
        "start_formatted": "September 14, 2024 12:00 PM",
        "end_formatted": "September 14, 2024 07:00 PM",
        "street_closure_type": "Full Street Closure",
        "community_board": "15,",
        "police_precinct": "61,"
      }
    },
    {
      "type": "Feature",
      "geometry": {
        "type": "Point",
        "coordinates": [
          -74.016469,
          40.620231000000004
        ]
      },
      "properties": {
        "event_id": "793703",
        "event_name": "81st Street block party",
        "event_type": "Block Party",
        "event_agency": "Street Activity Permit Office",
        "event_location": "81 STREET between 10 AVENUE and 11 AVENUE",
        "event_borough": "Brooklyn",
        "start_date": "2024-09-14T12:00:00.000",
        "end_date": "2024-09-14T21:00:00.000",
        "start_formatted": "September 14, 2024 12:00 PM",
        "end_formatted": "September 14, 2024 09:00 PM",
        "street_closure_type": "Full Street Closure",
        "community_board": "10,",
        "police_precinct": "68,"
      }
    },
    {
      "type": "Feature",
      "geometry": {
        "type": "Point",
        "coordinates": [
          -74.0126465,
          40.617011500000004
        ]
      },
      "properties": {
        "event_id": "798815",
        "event_name": "3rd Annual 82nd Street Block Party",
        "event_type": "Block Party",
        "event_agency": "Street Activity Permit Office",
        "event_location": "82 STREET between 13 AVENUE and 12 AVENUE",
        "event_borough": "Brooklyn",
        "start_date": "2024-09-14T12:00:00.000",
        "end_date": "2024-09-14T21:00:00.000",
        "start_formatted": "September 14, 2024 12:00 PM",
        "end_formatted": "September 14, 2024 09:00 PM",
        "street_closure_type": "Full Street Closure",
        "community_board": "10,",
        "police_precinct": "68,"
      }
    },
    {
      "type": "Feature",
      "geometry": {
        "type": "Point",
        "coordinates": [
          -73.902405,
          40.8273595
        ]
      },
      "properties": {
        "event_id": "798780",
        "event_name": "Forest Avenue Block Party",
        "event_type": "Block Party",
        "event_agency": "Street Activity Permit Office",
        "event_location": "FOREST AVENUE between HOME STREET and EAST  166 STREET",
        "event_borough": "Bronx",
        "start_date": "2024-09-14T12:00:00.000",
        "end_date": "2024-09-14T20:30:00.000",
        "start_formatted": "September 14, 2024 12:00 PM",
        "end_formatted": "September 14, 2024 08:30 PM",
        "street_closure_type": "Full Street Closure",
        "community_board": "3,",
        "police_precinct": "42,"
      }
    },
    {
      "type": "Feature",
      "geometry": {
        "type": "Point",
        "coordinates": [
          -73.782571,
          40.684411
        ]
      },
      "properties": {
        "event_id": "799317",
        "event_name": "Baisley Park Housing family day",
        "event_type": "Block Party",
        "event_agency": "Street Activity Permit Office",
        "event_location": "FOCH BOULEVARD between 164 STREET and GUY R BREWER BOULEVARD",
        "event_borough": "Queens",
        "start_date": "2024-09-14T12:00:00.000",
        "end_date": "2024-09-14T18:30:00.000",
        "start_formatted": "September 14, 2024 12:00 PM",
        "end_formatted": "September 14, 2024 06:30 PM",
        "street_closure_type": "Full Street Closure",
        "community_board": "12,",
        "police_precinct": "113,"
      }
    },
    {
      "type": "Feature",
      "geometry": {
        "type": "Point",
        "coordinates": [
          -73.978916,
          40.651335
        ]
      },
      "properties": {
        "event_id": "806316",
        "event_name": "East 3 St. block party",
        "event_type": "Block Party",
        "event_agency": "Street Activity Permit Office",
        "event_location": "EAST    3 STREET between GREENWOOD AVENUE and VANDERBILT STREET",
        "event_borough": "Brooklyn",
        "start_date": "2024-09-14T12:00:00.000",
        "end_date": "2024-09-14T19:30:00.000",
        "start_formatted": "September 14, 2024 12:00 PM",
        "end_formatted": "September 14, 2024 07:30 PM",
        "street_closure_type": "Full Street Closure",
        "community_board": "7,",
        "police_precinct": "72,"
      }
    },
    {
      "type": "Feature",
      "geometry": {
        "type": "Point",
        "coordinates": [
          -74.00562,
          40.651388
        ]
      },
      "properties": {
        "event_id": "798764",
        "event_name": "40th street",
        "event_type": "Block Party",
        "event_agency": "Street Activity Permit Office",
        "event_location": "40 STREET between 4 AVENUE and 5 AVENUE",
        "event_borough": "Brooklyn",
        "start_date": "2024-09-14T12:00:00.000",
        "end_date": "2024-09-14T21:00:00.000",
        "start_formatted": "September 14, 2024 12:00 PM",
        "end_formatted": "September 14, 2024 09:00 PM",
        "street_closure_type": "Full Street Closure",
        "community_board": "7,",
        "police_precinct": "72,"
      }
    },
    {
      "type": "Feature",
      "geometry": {
        "type": "Point",
        "coordinates": [
          -73.91134149999999,
          40.668288000000004
        ]
      },
      "properties": {
        "event_id": "798265",
        "event_name": "Chester st annual block party",
        "event_type": "Block Party",
        "event_agency": "Street Activity Permit Office",
        "event_location": "CHESTER STREET between SUTTER AVENUE and PITKIN AVENUE",
        "event_borough": "Brooklyn",
        "start_date": "2024-09-14T12:00:00.000",
        "end_date": "2024-09-14T20:00:00.000",
        "start_formatted": "September 14, 2024 12:00 PM",
        "end_formatted": "September 14, 2024 08:00 PM",
        "street_closure_type": "Full Street Closure",
        "community_board": "16,",
        "police_precinct": "73,"
      }
    },
    {
      "type": "Feature",
      "geometry": {
        "type": "Point",
        "coordinates": [
          -74.012844,
          40.6511895
        ]
      },
      "properties": {
        "event_id": "769488",
        "event_name": "block party",
        "event_type": "Block Party",
        "event_agency": "Street Activity Permit Office",
        "event_location": "45 STREET between 2 AVENUE and 3 AVENUE",
        "event_borough": "Brooklyn",
        "start_date": "2024-09-14T12:00:00.000",
        "end_date": "2024-09-14T20:00:00.000",
        "start_formatted": "September 14, 2024 12:00 PM",
        "end_formatted": "September 14, 2024 08:00 PM",
        "street_closure_type": "Full Street Closure",
        "community_board": "7,",
        "police_precinct": "72,"
      }
    },
    {
      "type": "Feature",
      "geometry": {
        "type": "Point",
        "coordinates": [
          -73.96099,
          40.6583505
        ]
      },
      "properties": {
        "event_id": "797340",
        "event_name": "Chester Court block party",
        "event_type": "Block Party",
        "event_agency": "Street Activity Permit Office",
        "event_location": "CHESTER COURT between FLATBUSH AVENUE and DEAD END",
        "event_borough": "Brooklyn",
        "start_date": "2024-09-14T12:00:00.000",
        "end_date": "2024-09-14T20:00:00.000",
        "start_formatted": "September 14, 2024 12:00 PM",
        "end_formatted": "September 14, 2024 08:00 PM",
        "street_closure_type": "Full Street Closure",
        "community_board": "9,",
        "police_precinct": "71,"
      }
    },
    {
      "type": "Feature",
      "geometry": {
        "type": "Point",
        "coordinates": [
          -73.877012,
          40.8275105
        ]
      },
      "properties": {
        "event_id": "798835",
        "event_name": "Stand Up To Violence",
        "event_type": "Block Party",
        "event_agency": "Street Activity Permit Office",
        "event_location": "WARD AVENUE between WATSON AVENUE and WESTCHESTER AVENUE",
        "event_borough": "Bronx",
        "start_date": "2024-09-14T12:00:00.000",
        "end_date": "2024-09-14T18:00:00.000",
        "start_formatted": "September 14, 2024 12:00 PM",
        "end_formatted": "September 14, 2024 06:00 PM",
        "street_closure_type": "Full Street Closure",
        "community_board": "9,",
        "police_precinct": "43,"
      }
    },
    {
      "type": "Feature",
      "geometry": {
        "type": "Point",
        "coordinates": [
          -73.9738795,
          40.688482
        ]
      },
      "properties": {
        "event_id": "787934",
        "event_name": "Soba Block Party",
        "event_type": "Block Party",
        "event_agency": "Street Activity Permit Office",
        "event_location": "SOUTH OXFORD STREET between DEKALB AVENUE and LAFAYETTE AVENUE",
        "event_borough": "Brooklyn",
        "start_date": "2024-09-14T12:00:00.000",
        "end_date": "2024-09-14T16:00:00.000",
        "start_formatted": "September 14, 2024 12:00 PM",
        "end_formatted": "September 14, 2024 04:00 PM",
        "street_closure_type": "Sidewalk and Street Closure",
        "community_board": "2,",
        "police_precinct": "88,"
      }
    },
    {
      "type": "Feature",
      "geometry": {
        "type": "Point",
        "coordinates": [
          -73.73967250000001,
          40.768007
        ]
      },
      "properties": {
        "event_id": "794263",
        "event_name": "248th Block Party 2024",
        "event_type": "Block Party",
        "event_agency": "Street Activity Permit Office",
        "event_location": "248 STREET between NORTHERN BOULEVARD and 43 AVENUE",
        "event_borough": "Queens",
        "start_date": "2024-09-14T12:00:00.000",
        "end_date": "2024-09-14T21:00:00.000",
        "start_formatted": "September 14, 2024 12:00 PM",
        "end_formatted": "September 14, 2024 09:00 PM",
        "street_closure_type": "Full Street Closure",
        "community_board": "11,",
        "police_precinct": "111,"
      }
    },
    {
      "type": "Feature",
      "geometry": {
        "type": "Point",
        "coordinates": [
          -73.9401795,
          40.6017675
        ]
      },
      "properties": {
        "event_id": "798850",
        "event_name": "Brown Street Block Party",
        "event_type": "Block Party",
        "event_agency": "Street Activity Permit Office",
        "event_location": "BROWN STREET between AVENUE U and AVENUE T",
        "event_borough": "Brooklyn",
        "start_date": "2024-09-14T12:00:00.000",
        "end_date": "2024-09-14T21:00:00.000",
        "start_formatted": "September 14, 2024 12:00 PM",
        "end_formatted": "September 14, 2024 09:00 PM",
        "street_closure_type": "Full Street Closure",
        "community_board": "15,",
        "police_precinct": "61,"
      }
    },
    {
      "type": "Feature",
      "geometry": {
        "type": "Point",
        "coordinates": [
          -73.962983,
          40.638593
        ]
      },
      "properties": {
        "event_id": "799172",
        "event_name": "Ditmas Park Association Block Party",
        "event_type": "Block Party",
        "event_agency": "Street Activity Permit Office",
        "event_location": "EAST   16 STREET between DITMAS AVENUE and DORCHESTER ROAD",
        "event_borough": "Brooklyn",
        "start_date": "2024-09-14T12:00:00.000",
        "end_date": "2024-09-14T19:00:00.000",
        "start_formatted": "September 14, 2024 12:00 PM",
        "end_formatted": "September 14, 2024 07:00 PM",
        "street_closure_type": "Sidewalk and Street Closure",
        "community_board": "14,",
        "police_precinct": "70,"
      }
    },
    {
      "type": "Feature",
      "geometry": {
        "type": "Point",
        "coordinates": [
          -73.963849,
          40.683736499999995
        ]
      },
      "properties": {
        "event_id": "797858",
        "event_name": "Saint James Ful-Gates Block Party",
        "event_type": "Block Party",
        "event_agency": "Street Activity Permit Office",
        "event_location": "SAINT JAMES PLACE between FULTON STREET and GATES AVENUE",
        "event_borough": "Brooklyn",
        "start_date": "2024-09-14T12:00:00.000",
        "end_date": "2024-09-14T17:00:00.000",
        "start_formatted": "September 14, 2024 12:00 PM",
        "end_formatted": "September 14, 2024 05:00 PM",
        "street_closure_type": "Full Street Closure",
        "community_board": "2,",
        "police_precinct": "88,"
      }
    },
    {
      "type": "Feature",
      "geometry": {
        "type": "Point",
        "coordinates": [
          -73.9893655,
          40.6715135
        ]
      },
      "properties": {
        "event_id": "804660",
        "event_name": "8th Street Block Association Block Party",
        "event_type": "Block Party",
        "event_agency": "Street Activity Permit Office",
        "event_location": "8 STREET between 4 AVENUE and 3 AVENUE",
        "event_borough": "Brooklyn",
        "start_date": "2024-09-14T12:00:00.000",
        "end_date": "2024-09-14T20:00:00.000",
        "start_formatted": "September 14, 2024 12:00 PM",
        "end_formatted": "September 14, 2024 08:00 PM",
        "street_closure_type": "Full Street Closure",
        "community_board": "6,",
        "police_precinct": "78,"
      }
    },
    {
      "type": "Feature",
      "geometry": {
        "type": "Point",
        "coordinates": [
          -73.82801950000001,
          40.684429
        ]
      },
      "properties": {
        "event_id": "756460",
        "event_name": "day of fun",
        "event_type": "Block Party",
        "event_agency": "Street Activity Permit Office",
        "event_location": "114 STREET between LIBERTY AVENUE and 107 AVENUE",
        "event_borough": "Queens",
        "start_date": "2024-09-14T12:00:00.000",
        "end_date": "2024-09-14T20:00:00.000",
        "start_formatted": "September 14, 2024 12:00 PM",
        "end_formatted": "September 14, 2024 08:00 PM",
        "street_closure_type": "Full Street Closure",
        "community_board": "10,",
        "police_precinct": "106,"
      }
    },
    {
      "type": "Feature",
      "geometry": {
        "type": "Point",
        "coordinates": [
          -74.011448,
          40.645787999999996
        ]
      },
      "properties": {
        "event_id": "762721",
        "event_name": "50th Street Block Party",
        "event_type": "Block Party",
        "event_agency": "Street Activity Permit Office",
        "event_location": "50 STREET between 4 AVENUE and 5 AVENUE",
        "event_borough": "Brooklyn",
        "start_date": "2024-09-14T12:00:00.000",
        "end_date": "2024-09-14T21:00:00.000",
        "start_formatted": "September 14, 2024 12:00 PM",
        "end_formatted": "September 14, 2024 09:00 PM",
        "street_closure_type": "Full Street Closure",
        "community_board": "7,",
        "police_precinct": "72,"
      }
    },
    {
      "type": "Feature",
      "geometry": {
        "type": "Point",
        "coordinates": [
          -73.9807445,
          40.669881000000004
        ]
      },
      "properties": {
        "event_id": "796037",
        "event_name": "5th street block party",
        "event_type": "Block Party",
        "event_agency": "Street Activity Permit Office",
        "event_location": "5 STREET between 6 AVENUE and 7 AVENUE",
        "event_borough": "Brooklyn",
        "start_date": "2024-09-14T12:00:00.000",
        "end_date": "2024-09-14T20:00:00.000",
        "start_formatted": "September 14, 2024 12:00 PM",
        "end_formatted": "September 14, 2024 08:00 PM",
        "street_closure_type": "Full Street Closure",
        "community_board": "6,",
        "police_precinct": "78,"
      }
    },
    {
      "type": "Feature",
      "geometry": {
        "type": "Point",
        "coordinates": [
          -73.95827550000001,
          40.6565985
        ]
      },
      "properties": {
        "event_id": "795001",
        "event_name": "Winthrop street Block party 2024",
        "event_type": "Block Party",
        "event_agency": "Street Activity Permit Office",
        "event_location": "WINTHROP STREET between BEDFORD AVENUE and FLATBUSH AVENUE",
        "event_borough": "Brooklyn",
        "start_date": "2024-09-14T12:00:00.000",
        "end_date": "2024-09-14T17:00:00.000",
        "start_formatted": "September 14, 2024 12:00 PM",
        "end_formatted": "September 14, 2024 05:00 PM",
        "street_closure_type": "Full Street Closure",
        "community_board": "9,",
        "police_precinct": "71,"
      }
    },
    {
      "type": "Feature",
      "geometry": {
        "type": "Point",
        "coordinates": [
          -73.9576705,
          40.652620999999996
        ]
      },
      "properties": {
        "event_id": "798283",
        "event_name": "Little Caton Avenue Block Party",
        "event_type": "Block Party",
        "event_agency": "Street Activity Permit Office",
        "event_location": "CATON AVENUE between FLATBUSH AVENUE and BEDFORD AVENUE",
        "event_borough": "Brooklyn",
        "start_date": "2024-09-14T12:00:00.000",
        "end_date": "2024-09-14T19:00:00.000",
        "start_formatted": "September 14, 2024 12:00 PM",
        "end_formatted": "September 14, 2024 07:00 PM",
        "street_closure_type": "Full Street Closure",
        "community_board": "14,",
        "police_precinct": "70,"
      }
    },
    {
      "type": "Feature",
      "geometry": {
        "type": "Point",
        "coordinates": [
          -74.014157,
          40.604659999999996
        ]
      },
      "properties": {
        "event_id": "784617",
        "event_name": "Bay 11th Street Block Party",
        "event_type": "Block Party",
        "event_agency": "Street Activity Permit Office",
        "event_location": "BAY   11 STREET between INDEPENDENCE AVENUE and CROPSEY AVENUE",
        "event_borough": "Brooklyn",
        "start_date": "2024-09-14T12:00:00.000",
        "end_date": "2024-09-14T20:30:00.000",
        "start_formatted": "September 14, 2024 12:00 PM",
        "end_formatted": "September 14, 2024 08:30 PM",
        "street_closure_type": "Full Street Closure",
        "community_board": "11,",
        "police_precinct": "62,"
      }
    },
    {
      "type": "Feature",
      "geometry": {
        "type": "Point",
        "coordinates": [
          -73.920283,
          40.638305
        ]
      },
      "properties": {
        "event_id": "801318",
        "event_name": "East 59th Street block association",
        "event_type": "Block Party",
        "event_agency": "Street Activity Permit Office",
        "event_location": "EAST   59 STREET between FOSTER AVENUE and FARRAGUT ROAD",
        "event_borough": "Brooklyn",
        "start_date": "2024-09-14T12:00:00.000",
        "end_date": "2024-09-14T20:00:00.000",
        "start_formatted": "September 14, 2024 12:00 PM",
        "end_formatted": "September 14, 2024 08:00 PM",
        "street_closure_type": "Full Street Closure",
        "community_board": "18,",
        "police_precinct": "63,"
      }
    },
    {
      "type": "Feature",
      "geometry": {
        "type": "Point",
        "coordinates": [
          -73.9745675,
          40.653324
        ]
      },
      "properties": {
        "event_id": "789729",
        "event_name": "Reeve Place Block Party",
        "event_type": "Block Party",
        "event_agency": "Street Activity Permit Office",
        "event_location": "REEVE PLACE between PROSPECT AVENUE and PROSPECT PARK SOUTHWEST",
        "event_borough": "Brooklyn",
        "start_date": "2024-09-14T12:00:00.000",
        "end_date": "2024-09-14T20:00:00.000",
        "start_formatted": "September 14, 2024 12:00 PM",
        "end_formatted": "September 14, 2024 08:00 PM",
        "street_closure_type": "Full Street Closure",
        "community_board": "7,",
        "police_precinct": "72,"
      }
    },
    {
      "type": "Feature",
      "geometry": {
        "type": "Point",
        "coordinates": [
          -73.9758465,
          40.688411
        ]
      },
      "properties": {
        "event_id": "783889",
        "event_name": "The 21st Annual South Elliot Place Block Party",
        "event_type": "Block Party",
        "event_agency": "Street Activity Permit Office",
        "event_location": "SOUTH ELLIOTT PLACE between DEKALB AVENUE and LAFAYETTE AVENUE",
        "event_borough": "Brooklyn",
        "start_date": "2024-09-14T12:00:00.000",
        "end_date": "2024-09-14T20:00:00.000",
        "start_formatted": "September 14, 2024 12:00 PM",
        "end_formatted": "September 14, 2024 08:00 PM",
        "street_closure_type": "Full Street Closure",
        "community_board": "2,",
        "police_precinct": "88,"
      }
    },
    {
      "type": "Feature",
      "geometry": {
        "type": "Point",
        "coordinates": [
          -73.878085,
          40.6590195
        ]
      },
      "properties": {
        "event_id": "791585",
        "event_name": "Ashford Street Block Party",
        "event_type": "Block Party",
        "event_agency": "Street Activity Permit Office",
        "event_location": "ASHFORD STREET between COZINE AVENUE and WORTMAN AVENUE",
        "event_borough": "Brooklyn",
        "start_date": "2024-09-14T12:00:00.000",
        "end_date": "2024-09-14T19:00:00.000",
        "start_formatted": "September 14, 2024 12:00 PM",
        "end_formatted": "September 14, 2024 07:00 PM",
        "street_closure_type": "Full Street Closure",
        "community_board": "5,",
        "police_precinct": "75,"
      }
    },
    {
      "type": "Feature",
      "geometry": {
        "type": "Point",
        "coordinates": [
          -73.9182785,
          40.652472
        ]
      },
      "properties": {
        "event_id": "788812",
        "event_name": "91st street block party",
        "event_type": "Block Party",
        "event_agency": "Street Activity Permit Office",
        "event_location": "EAST   91 STREET between AVENUE A and CHURCH AVENUE",
        "event_borough": "Brooklyn",
        "start_date": "2024-09-14T12:00:00.000",
        "end_date": "2024-09-14T18:00:00.000",
        "start_formatted": "September 14, 2024 12:00 PM",
        "end_formatted": "September 14, 2024 06:00 PM",
        "street_closure_type": "Full Street Closure",
        "community_board": "17,",
        "police_precinct": "67,"
      }
    },
    {
      "type": "Feature",
      "geometry": {
        "type": "Point",
        "coordinates": [
          -74.1392725,
          40.6131415
        ]
      },
      "properties": {
        "event_id": "794576",
        "event_name": "Block Party",
        "event_type": "Block Party",
        "event_agency": "Street Activity Permit Office",
        "event_location": "CASWELL AVENUE between HARVEY AVENUE and LIVERMORE AVENUE",
        "event_borough": "Staten Island",
        "start_date": "2024-09-14T12:00:00.000",
        "end_date": "2024-09-14T20:00:00.000",
        "start_formatted": "September 14, 2024 12:00 PM",
        "end_formatted": "September 14, 2024 08:00 PM",
        "street_closure_type": "Full Street Closure",
        "community_board": "1,",
        "police_precinct": "121,"
      }
    },
    {
      "type": "Feature",
      "geometry": {
        "type": "Point",
        "coordinates": [
          -73.9596365,
          40.6914905
        ]
      },
      "properties": {
        "event_id": "736332",
        "event_name": "Taaffe Block Party",
        "event_type": "Block Party",
        "event_agency": "Street Activity Permit Office",
        "event_location": "TAAFFE PLACE between DEKALB AVENUE and WILLOUGHBY AVENUE",
        "event_borough": "Brooklyn",
        "start_date": "2024-09-14T12:00:00.000",
        "end_date": "2024-09-14T18:00:00.000",
        "start_formatted": "September 14, 2024 12:00 PM",
        "end_formatted": "September 14, 2024 06:00 PM",
        "street_closure_type": "Full Street Closure",
        "community_board": "3,",
        "police_precinct": "79,"
      }
    },
    {
      "type": "Feature",
      "geometry": {
        "type": "Point",
        "coordinates": [
          -73.89036200000001,
          40.6692925
        ]
      },
      "properties": {
        "event_id": "788322",
        "event_name": "MILLER AVE BLOCK PARTY",
        "event_type": "Block Party",
        "event_agency": "Street Activity Permit Office",
        "event_location": "MILLER AVENUE between SUTTER AVENUE and BLAKE AVENUE",
        "event_borough": "Brooklyn",
        "start_date": "2024-09-14T12:00:00.000",
        "end_date": "2024-09-14T20:00:00.000",
        "start_formatted": "September 14, 2024 12:00 PM",
        "end_formatted": "September 14, 2024 08:00 PM",
        "street_closure_type": "Full Street Closure",
        "community_board": "5,",
        "police_precinct": "75,"
      }
    },
    {
      "type": "Feature",
      "geometry": {
        "type": "Point",
        "coordinates": [
          -73.93441849999999,
          40.687329000000005
        ]
      },
      "properties": {
        "event_id": "797492",
        "event_name": "500 Monroe St. Block Association",
        "event_type": "Block Party",
        "event_agency": "Street Activity Permit Office",
        "event_location": "MONROE STREET between STUYVESANT AVENUE and LEWIS AVENUE",
        "event_borough": "Brooklyn",
        "start_date": "2024-09-14T12:00:00.000",
        "end_date": "2024-09-14T20:00:00.000",
        "start_formatted": "September 14, 2024 12:00 PM",
        "end_formatted": "September 14, 2024 08:00 PM",
        "street_closure_type": "Full Street Closure",
        "community_board": "3,",
        "police_precinct": "81,"
      }
    },
    {
      "type": "Feature",
      "geometry": {
        "type": "Point",
        "coordinates": [
          -74.0050005,
          40.6782345
        ]
      },
      "properties": {
        "event_id": "791798",
        "event_name": "UWF Host end of Summer Give back",
        "event_type": "Block Party",
        "event_agency": "Street Activity Permit Office",
        "event_location": "NELSON STREET between COLUMBIA STREET and HICKS STREET",
        "event_borough": "Brooklyn",
        "start_date": "2024-09-14T12:00:00.000",
        "end_date": "2024-09-14T16:00:00.000",
        "start_formatted": "September 14, 2024 12:00 PM",
        "end_formatted": "September 14, 2024 04:00 PM",
        "street_closure_type": "Full Street Closure",
        "community_board": "6,",
        "police_precinct": "76,"
      }
    },
    {
      "type": "Feature",
      "geometry": {
        "type": "Point",
        "coordinates": [
          -73.97733500000001,
          40.658086
        ]
      },
      "properties": {
        "event_id": "771211",
        "event_name": "Annual Windsor Place Block Party",
        "event_type": "Block Party",
        "event_agency": "Street Activity Permit Office",
        "event_location": "WINDSOR PLACE between 10 AVENUE and 11 AVENUE",
        "event_borough": "Brooklyn",
        "start_date": "2024-09-14T12:00:00.000",
        "end_date": "2024-09-14T20:00:00.000",
        "start_formatted": "September 14, 2024 12:00 PM",
        "end_formatted": "September 14, 2024 08:00 PM",
        "street_closure_type": "Full Street Closure",
        "community_board": "7,",
        "police_precinct": "72,"
      }
    },
    {
      "type": "Feature",
      "geometry": {
        "type": "Point",
        "coordinates": [
          -73.97873799999999,
          40.672286
        ]
      },
      "properties": {
        "event_id": "787914",
        "event_name": "1st Street Block Party",
        "event_type": "Block Party",
        "event_agency": "Street Activity Permit Office",
        "event_location": "1 STREET between 6 AVENUE and 7 AVENUE",
        "event_borough": "Brooklyn",
        "start_date": "2024-09-14T11:30:00.000",
        "end_date": "2024-09-14T20:30:00.000",
        "start_formatted": "September 14, 2024 11:30 AM",
        "end_formatted": "September 14, 2024 08:30 PM",
        "street_closure_type": "Full Street Closure",
        "community_board": "6,",
        "police_precinct": "78,"
      }
    },
    {
      "type": "Feature",
      "geometry": {
        "type": "Point",
        "coordinates": [
          -73.910236,
          40.6730175
        ]
      },
      "properties": {
        "event_id": "799384",
        "event_name": "Friends And Family",
        "event_type": "Block Party",
        "event_agency": "Street Activity Permit Office",
        "event_location": "ST MARKS AVENUE between EASTERN PARKWAY and EAST NEW YORK AVENUE",
        "event_borough": "Brooklyn",
        "start_date": "2024-09-14T11:30:00.000",
        "end_date": "2024-09-14T18:00:00.000",
        "start_formatted": "September 14, 2024 11:30 AM",
        "end_formatted": "September 14, 2024 06:00 PM",
        "street_closure_type": "Sidewalk and Street Closure",
        "community_board": "16,",
        "police_precinct": "73,"
      }
    },
    {
      "type": "Feature",
      "geometry": {
        "type": "Point",
        "coordinates": [
          -73.955207,
          40.6605455
        ]
      },
      "properties": {
        "event_id": "771596",
        "event_name": "Maple St Block Party",
        "event_type": "Block Party",
        "event_agency": "Street Activity Permit Office",
        "event_location": "MAPLE STREET between BEDFORD AVENUE and ROGERS AVENUE",
        "event_borough": "Brooklyn",
        "start_date": "2024-09-14T11:30:00.000",
        "end_date": "2024-09-14T19:30:00.000",
        "start_formatted": "September 14, 2024 11:30 AM",
        "end_formatted": "September 14, 2024 07:30 PM",
        "street_closure_type": "Full Street Closure",
        "community_board": "9,",
        "police_precinct": "71,"
      }
    },
    {
      "type": "Feature",
      "geometry": {
        "type": "Point",
        "coordinates": [
          -73.884433,
          40.679015
        ]
      },
      "properties": {
        "event_id": "797089",
        "event_name": "Eltons Block Party",
        "event_type": "Block Party",
        "event_agency": "Street Activity Permit Office",
        "event_location": "ELTON STREET between ATLANTIC AVENUE and FULTON STREET",
        "event_borough": "Brooklyn",
        "start_date": "2024-09-14T11:30:00.000",
        "end_date": "2024-09-14T18:30:00.000",
        "start_formatted": "September 14, 2024 11:30 AM",
        "end_formatted": "September 14, 2024 06:30 PM",
        "street_closure_type": "Full Street Closure",
        "community_board": "5,",
        "police_precinct": "75,"
      }
    },
    {
      "type": "Feature",
      "geometry": {
        "type": "Point",
        "coordinates": [
          -73.97551849999999,
          40.668196
        ]
      },
      "properties": {
        "event_id": "764980",
        "event_name": "Annual Block Party - 4th street between 8th ave  PPW",
        "event_type": "Block Party",
        "event_agency": "Street Activity Permit Office",
        "event_location": "4 STREET between 8 AVENUE and PROSPECT PARK WEST",
        "event_borough": "Brooklyn",
        "start_date": "2024-09-14T11:30:00.000",
        "end_date": "2024-09-14T18:30:00.000",
        "start_formatted": "September 14, 2024 11:30 AM",
        "end_formatted": "September 14, 2024 06:30 PM",
        "street_closure_type": "Full Street Closure",
        "community_board": "6,",
        "police_precinct": "78,"
      }
    },
    {
      "type": "Feature",
      "geometry": {
        "type": "Point",
        "coordinates": [
          -73.986505,
          40.67097
        ]
      },
      "properties": {
        "event_id": "793031",
        "event_name": "7th street betw 4th and 5th avenue block party2024",
        "event_type": "Block Party",
        "event_agency": "Street Activity Permit Office",
        "event_location": "7 STREET between 4 AVENUE and 5 AVENUE",
        "event_borough": "Brooklyn",
        "start_date": "2024-09-14T11:00:00.000",
        "end_date": "2024-09-14T18:00:00.000",
        "start_formatted": "September 14, 2024 11:00 AM",
        "end_formatted": "September 14, 2024 06:00 PM",
        "street_closure_type": "Full Street Closure",
        "community_board": "6,",
        "police_precinct": "78,"
      }
    },
    {
      "type": "Feature",
      "geometry": {
        "type": "Point",
        "coordinates": [
          -74.00101849999999,
          40.686487
        ]
      },
      "properties": {
        "event_id": "792523",
        "event_name": "Tiffany Place Block Party",
        "event_type": "Block Party",
        "event_agency": "Street Activity Permit Office",
        "event_location": "TIFFANY PLACE between KANE STREET and DEGRAW STREET",
        "event_borough": "Brooklyn",
        "start_date": "2024-09-14T11:00:00.000",
        "end_date": "2024-09-14T18:00:00.000",
        "start_formatted": "September 14, 2024 11:00 AM",
        "end_formatted": "September 14, 2024 06:00 PM",
        "street_closure_type": "Full Street Closure",
        "community_board": "6,",
        "police_precinct": "76,"
      }
    },
    {
      "type": "Feature",
      "geometry": {
        "type": "Point",
        "coordinates": [
          -73.97784,
          40.657482
        ]
      },
      "properties": {
        "event_id": "793547",
        "event_name": "Sherman st block party",
        "event_type": "Block Party",
        "event_agency": "Street Activity Permit Office",
        "event_location": "SHERMAN STREET between 10 AVENUE and 11 AVENUE",
        "event_borough": "Brooklyn",
        "start_date": "2024-09-14T11:00:00.000",
        "end_date": "2024-09-14T20:00:00.000",
        "start_formatted": "September 14, 2024 11:00 AM",
        "end_formatted": "September 14, 2024 08:00 PM",
        "street_closure_type": "Full Street Closure",
        "community_board": "7,",
        "police_precinct": "72,"
      }
    },
    {
      "type": "Feature",
      "geometry": {
        "type": "Point",
        "coordinates": [
          -73.922461,
          40.6320385
        ]
      },
      "properties": {
        "event_id": "798791",
        "event_name": "East 56 Graduation Celebration Block Party.",
        "event_type": "Block Party",
        "event_agency": "Street Activity Permit Office",
        "event_location": "EAST   56 STREET between AVENUE H and AVENUE I",
        "event_borough": "Brooklyn",
        "start_date": "2024-09-14T11:00:00.000",
        "end_date": "2024-09-14T18:00:00.000",
        "start_formatted": "September 14, 2024 11:00 AM",
        "end_formatted": "September 14, 2024 06:00 PM",
        "street_closure_type": "Full Street Closure",
        "community_board": "18,",
        "police_precinct": "63,"
      }
    },
    {
      "type": "Feature",
      "geometry": {
        "type": "Point",
        "coordinates": [
          -73.985897,
          40.6833375
        ]
      },
      "properties": {
        "event_id": "790136",
        "event_name": "Warren Street Block Party 2024",
        "event_type": "Block Party",
        "event_agency": "Street Activity Permit Office",
        "event_location": "WARREN STREET between BOND STREET and NEVINS STREET",
        "event_borough": "Brooklyn",
        "start_date": "2024-09-14T11:00:00.000",
        "end_date": "2024-09-14T19:00:00.000",
        "start_formatted": "September 14, 2024 11:00 AM",
        "end_formatted": "September 14, 2024 07:00 PM",
        "street_closure_type": "Full Street Closure",
        "community_board": "2, 6,",
        "police_precinct": "76, 84,"
      }
    },
    {
      "type": "Feature",
      "geometry": {
        "type": "Point",
        "coordinates": [
          -73.9967925,
          40.685198
        ]
      },
      "properties": {
        "event_id": "766690",
        "event_name": "Clinton Street Block Party",
        "event_type": "Block Party",
        "event_agency": "Street Activity Permit Office",
        "event_location": "CLINTON STREET between KANE STREET and DEGRAW STREET",
        "event_borough": "Brooklyn",
        "start_date": "2024-09-14T11:00:00.000",
        "end_date": "2024-09-14T20:00:00.000",
        "start_formatted": "September 14, 2024 11:00 AM",
        "end_formatted": "September 14, 2024 08:00 PM",
        "street_closure_type": "Full Street Closure",
        "community_board": "6,",
        "police_precinct": "76,"
      }
    },
    {
      "type": "Feature",
      "geometry": {
        "type": "Point",
        "coordinates": [
          -73.94923299999999,
          40.805186
        ]
      },
      "properties": {
        "event_id": "799815",
        "event_name": "West 120th Annual Block Party",
        "event_type": "Block Party",
        "event_agency": "Street Activity Permit Office",
        "event_location": "WEST  120 STREET between MALCOLM X BOULEVARD and ADAM CLAYTON POWELL BOULEVARD",
        "event_borough": "Manhattan",
        "start_date": "2024-09-14T11:00:00.000",
        "end_date": "2024-09-14T16:00:00.000",
        "start_formatted": "September 14, 2024 11:00 AM",
        "end_formatted": "September 14, 2024 04:00 PM",
        "street_closure_type": "Full Street Closure",
        "community_board": "10,",
        "police_precinct": "28,"
      }
    },
    {
      "type": "Feature",
      "geometry": {
        "type": "Point",
        "coordinates": [
          -73.85856799999999,
          40.885130000000004
        ]
      },
      "properties": {
        "event_id": "796734",
        "event_name": "Grandparents Day Celebration",
        "event_type": "Block Party",
        "event_agency": "Street Activity Permit Office",
        "event_location": "BARNES AVENUE between EAST  222 STREET and EAST  223 STREET",
        "event_borough": "Bronx",
        "start_date": "2024-09-14T11:00:00.000",
        "end_date": "2024-09-14T16:00:00.000",
        "start_formatted": "September 14, 2024 11:00 AM",
        "end_formatted": "September 14, 2024 04:00 PM",
        "street_closure_type": "Full Street Closure",
        "community_board": "12,",
        "police_precinct": "47,"
      }
    },
    {
      "type": "Feature",
      "geometry": {
        "type": "Point",
        "coordinates": [
          -73.955558,
          40.664405
        ]
      },
      "properties": {
        "event_id": "798100",
        "event_name": "Sullivan Ludlam Stoddard Neighborhood Assoc Annual Block Party",
        "event_type": "Block Party",
        "event_agency": "Street Activity Permit Office",
        "event_location": "SULLIVAN PLACE between LUDLAM PLACE and STODDARD PLACE",
        "event_borough": "Brooklyn",
        "start_date": "2024-09-14T11:00:00.000",
        "end_date": "2024-09-14T18:00:00.000",
        "start_formatted": "September 14, 2024 11:00 AM",
        "end_formatted": "September 14, 2024 06:00 PM",
        "street_closure_type": "Full Street Closure",
        "community_board": "9,",
        "police_precinct": "71,"
      }
    },
    {
      "type": "Feature",
      "geometry": {
        "type": "Point",
        "coordinates": [
          -73.91095,
          40.831781
        ]
      },
      "properties": {
        "event_id": "804638",
        "event_name": "Block Party",
        "event_type": "Block Party",
        "event_agency": "Street Activity Permit Office",
        "event_location": "CLAY AVENUE between EAST  168 STREET and EAST  167 STREET",
        "event_borough": "Bronx",
        "start_date": "2024-09-14T11:00:00.000",
        "end_date": "2024-09-14T17:00:00.000",
        "start_formatted": "September 14, 2024 11:00 AM",
        "end_formatted": "September 14, 2024 05:00 PM",
        "street_closure_type": "Full Street Closure",
        "community_board": "4,",
        "police_precinct": "44,"
      }
    },
    {
      "type": "Feature",
      "geometry": {
        "type": "Point",
        "coordinates": [
          -73.911081,
          40.693523
        ]
      },
      "properties": {
        "event_id": "803378",
        "event_name": "JEFFERSON AVE BLOCK PARTY",
        "event_type": "Block Party",
        "event_agency": "Street Activity Permit Office",
        "event_location": "JEFFERSON AVENUE between WILSON AVENUE and KNICKERBOCKER AVENUE",
        "event_borough": "Brooklyn",
        "start_date": "2024-09-14T11:00:00.000",
        "end_date": "2024-09-14T19:00:00.000",
        "start_formatted": "September 14, 2024 11:00 AM",
        "end_formatted": "September 14, 2024 07:00 PM",
        "street_closure_type": "Full Street Closure",
        "community_board": "4,",
        "police_precinct": "83,"
      }
    },
    {
      "type": "Feature",
      "geometry": {
        "type": "Point",
        "coordinates": [
          -73.9768785,
          40.670544500000005
        ]
      },
      "properties": {
        "event_id": "796380",
        "event_name": "2nd st annual block party",
        "event_type": "Block Party",
        "event_agency": "Street Activity Permit Office",
        "event_location": "2 STREET between 7 AVENUE and 8 AVENUE",
        "event_borough": "Brooklyn",
        "start_date": "2024-09-14T11:00:00.000",
        "end_date": "2024-09-14T20:00:00.000",
        "start_formatted": "September 14, 2024 11:00 AM",
        "end_formatted": "September 14, 2024 08:00 PM",
        "street_closure_type": "Full Street Closure",
        "community_board": "6,",
        "police_precinct": "78,"
      }
    },
    {
      "type": "Feature",
      "geometry": {
        "type": "Point",
        "coordinates": [
          -73.93407049999999,
          40.612197
        ]
      },
      "properties": {
        "event_id": "782035",
        "event_name": "36 st block party",
        "event_type": "Block Party",
        "event_agency": "Street Activity Permit Office",
        "event_location": "EAST   36 STREET between FILLMORE AVENUE and AVENUE R",
        "event_borough": "Brooklyn",
        "start_date": "2024-09-14T11:00:00.000",
        "end_date": "2024-09-14T20:00:00.000",
        "start_formatted": "September 14, 2024 11:00 AM",
        "end_formatted": "September 14, 2024 08:00 PM",
        "street_closure_type": "Full Street Closure",
        "community_board": "18,",
        "police_precinct": "63,"
      }
    },
    {
      "type": "Feature",
      "geometry": {
        "type": "Point",
        "coordinates": [
          -73.78096350000001,
          40.6957315
        ]
      },
      "properties": {
        "event_id": "786161",
        "event_name": "Kids fun day",
        "event_type": "Block Party",
        "event_agency": "Street Activity Permit Office",
        "event_location": "172 STREET between 110 AVENUE and 111 AVENUE",
        "event_borough": "Queens",
        "start_date": "2024-09-14T11:00:00.000",
        "end_date": "2024-09-14T18:00:00.000",
        "start_formatted": "September 14, 2024 11:00 AM",
        "end_formatted": "September 14, 2024 06:00 PM",
        "street_closure_type": "Full Street Closure",
        "community_board": "12,",
        "police_precinct": "103, 113,"
      }
    },
    {
      "type": "Feature",
      "geometry": {
        "type": "Point",
        "coordinates": [
          -73.9648755,
          40.674938499999996
        ]
      },
      "properties": {
        "event_id": "770942",
        "event_name": "Sterling Place Annual Block Party",
        "event_type": "Block Party",
        "event_agency": "Street Activity Permit Office",
        "event_location": "STERLING PLACE between UNDERHILL AVENUE and WASHINGTON AVENUE",
        "event_borough": "Brooklyn",
        "start_date": "2024-09-14T11:00:00.000",
        "end_date": "2024-09-14T17:00:00.000",
        "start_formatted": "September 14, 2024 11:00 AM",
        "end_formatted": "September 14, 2024 05:00 PM",
        "street_closure_type": "Full Street Closure",
        "community_board": "8,",
        "police_precinct": "77,"
      }
    },
    {
      "type": "Feature",
      "geometry": {
        "type": "Point",
        "coordinates": [
          -73.95663250000001,
          40.6717955
        ]
      },
      "properties": {
        "event_id": "780384",
        "event_name": "St. Francis Place Block Party",
        "event_type": "Block Party",
        "event_agency": "Street Activity Permit Office",
        "event_location": "SAINT FRANCIS PLACE between SAINT JOHNS PLACE and LINCOLN PLACE",
        "event_borough": "Brooklyn",
        "start_date": "2024-09-14T11:00:00.000",
        "end_date": "2024-09-14T18:00:00.000",
        "start_formatted": "September 14, 2024 11:00 AM",
        "end_formatted": "September 14, 2024 06:00 PM",
        "street_closure_type": "Full Street Closure",
        "community_board": "8,",
        "police_precinct": "77,"
      }
    },
    {
      "type": "Feature",
      "geometry": {
        "type": "Point",
        "coordinates": [
          -73.995716,
          40.66091
        ]
      },
      "properties": {
        "event_id": "787873",
        "event_name": "Block party",
        "event_type": "Block Party",
        "event_agency": "Street Activity Permit Office",
        "event_location": "23 STREET between 4 AVENUE and 5 AVENUE",
        "event_borough": "Brooklyn",
        "start_date": "2024-09-14T11:00:00.000",
        "end_date": "2024-09-14T20:00:00.000",
        "start_formatted": "September 14, 2024 11:00 AM",
        "end_formatted": "September 14, 2024 08:00 PM",
        "street_closure_type": "Full Street Closure",
        "community_board": "7,",
        "police_precinct": "72,"
      }
    },
    {
      "type": "Feature",
      "geometry": {
        "type": "Point",
        "coordinates": [
          -73.958495,
          40.688306
        ]
      },
      "properties": {
        "event_id": "785713",
        "event_name": "Block Party 2024",
        "event_type": "Block Party",
        "event_agency": "Street Activity Permit Office",
        "event_location": "CLIFTON PLACE between FRANKLIN AVENUE and CLASSON AVENUE",
        "event_borough": "Brooklyn",
        "start_date": "2024-09-14T11:00:00.000",
        "end_date": "2024-09-14T18:00:00.000",
        "start_formatted": "September 14, 2024 11:00 AM",
        "end_formatted": "September 14, 2024 06:00 PM",
        "street_closure_type": "Full Street Closure",
        "community_board": "3,",
        "police_precinct": "79,"
      }
    },
    {
      "type": "Feature",
      "geometry": {
        "type": "Point",
        "coordinates": [
          -74.01193950000001,
          40.6211385
        ]
      },
      "properties": {
        "event_id": "795006",
        "event_name": "77th Street Annual Block Party",
        "event_type": "Block Party",
        "event_agency": "Street Activity Permit Office",
        "event_location": "77 STREET between 11 AVENUE and 12 AVENUE",
        "event_borough": "Brooklyn",
        "start_date": "2024-09-14T11:00:00.000",
        "end_date": "2024-09-14T20:00:00.000",
        "start_formatted": "September 14, 2024 11:00 AM",
        "end_formatted": "September 14, 2024 08:00 PM",
        "street_closure_type": "Full Street Closure",
        "community_board": "10,",
        "police_precinct": "68,"
      }
    },
    {
      "type": "Feature",
      "geometry": {
        "type": "Point",
        "coordinates": [
          -74.1118085,
          40.6265565
        ]
      },
      "properties": {
        "event_id": "799337",
        "event_name": "Bosworth st Block party 2024",
        "event_type": "Block Party",
        "event_agency": "Street Activity Permit Office",
        "event_location": "BOSWORTH STREET between BEMENT AVENUE and NORTH BURGHER AVENUE",
        "event_borough": "Staten Island",
        "start_date": "2024-09-14T11:00:00.000",
        "end_date": "2024-09-14T20:00:00.000",
        "start_formatted": "September 14, 2024 11:00 AM",
        "end_formatted": "September 14, 2024 08:00 PM",
        "street_closure_type": "Full Street Closure",
        "community_board": "1,",
        "police_precinct": "120,"
      }
    },
    {
      "type": "Feature",
      "geometry": {
        "type": "Point",
        "coordinates": [
          -74.000966,
          40.6558675
        ]
      },
      "properties": {
        "event_id": "792417",
        "event_name": "32nd St Block Party",
        "event_type": "Block Party",
        "event_agency": "Street Activity Permit Office",
        "event_location": "32 STREET between 5 AVENUE and 4 AVENUE",
        "event_borough": "Brooklyn",
        "start_date": "2024-09-14T11:00:00.000",
        "end_date": "2024-09-14T18:00:00.000",
        "start_formatted": "September 14, 2024 11:00 AM",
        "end_formatted": "September 14, 2024 06:00 PM",
        "street_closure_type": "Full Street Closure",
        "community_board": "7,",
        "police_precinct": "72,"
      }
    },
    {
      "type": "Feature",
      "geometry": {
        "type": "Point",
        "coordinates": [
          -73.9085765,
          40.682947
        ]
      },
      "properties": {
        "event_id": "792154",
        "event_name": "Block party",
        "event_type": "Block Party",
        "event_agency": "Street Activity Permit Office",
        "event_location": "PILLING STREET between BUSHWICK AVENUE and BROADWAY",
        "event_borough": "Brooklyn",
        "start_date": "2024-09-14T11:00:00.000",
        "end_date": "2024-09-14T20:00:00.000",
        "start_formatted": "September 14, 2024 11:00 AM",
        "end_formatted": "September 14, 2024 08:00 PM",
        "street_closure_type": "Full Street Closure",
        "community_board": "4,",
        "police_precinct": "83,"
      }
    },
    {
      "type": "Feature",
      "geometry": {
        "type": "Point",
        "coordinates": [
          -73.95604399999999,
          40.730748500000004
        ]
      },
      "properties": {
        "event_id": "799547",
        "event_name": "The Kent Street Block Party",
        "event_type": "Block Party",
        "event_agency": "Street Activity Permit Office",
        "event_location": "KENT STREET between MANHATTAN AVENUE and FRANKLIN STREET",
        "event_borough": "Brooklyn",
        "start_date": "2024-09-14T11:00:00.000",
        "end_date": "2024-09-14T19:00:00.000",
        "start_formatted": "September 14, 2024 11:00 AM",
        "end_formatted": "September 14, 2024 07:00 PM",
        "street_closure_type": "Full Street Closure",
        "community_board": "1,",
        "police_precinct": "94,"
      }
    },
    {
      "type": "Feature",
      "geometry": {
        "type": "Point",
        "coordinates": [
          -73.880578,
          40.7009025
        ]
      },
      "properties": {
        "event_id": "797358",
        "event_name": "70th Street Party",
        "event_type": "Block Party",
        "event_agency": "Street Activity Permit Office",
        "event_location": "70 STREET between COOPER AVENUE and DEAD END",
        "event_borough": "Queens",
        "start_date": "2024-09-14T11:00:00.000",
        "end_date": "2024-09-14T20:00:00.000",
        "start_formatted": "September 14, 2024 11:00 AM",
        "end_formatted": "September 14, 2024 08:00 PM",
        "street_closure_type": "Full Street Closure",
        "community_board": "5,",
        "police_precinct": "104,"
      }
    },
    {
      "type": "Feature",
      "geometry": {
        "type": "Point",
        "coordinates": [
          -73.76735049999999,
          40.747155500000005
        ]
      },
      "properties": {
        "event_id": "754063",
        "event_name": "2024 Armenian Way Street Festival",
        "event_type": "Block Party",
        "event_agency": "Street Activity Permit Office",
        "event_location": "210 STREET between HORACE HARDING EXPRESSWAY and 58 AVENUE",
        "event_borough": "Queens",
        "start_date": "2024-09-14T11:00:00.000",
        "end_date": "2024-09-14T20:00:00.000",
        "start_formatted": "September 14, 2024 11:00 AM",
        "end_formatted": "September 14, 2024 08:00 PM",
        "street_closure_type": "Full Street Closure",
        "community_board": "11,",
        "police_precinct": "111,"
      }
    },
    {
      "type": "Feature",
      "geometry": {
        "type": "Point",
        "coordinates": [
          -73.957767,
          40.6846415
        ]
      },
      "properties": {
        "event_id": "797949",
        "event_name": "Monroe Street Block One",
        "event_type": "Block Party",
        "event_agency": "Street Activity Permit Office",
        "event_location": "MONROE STREET between FRANKLIN AVENUE and CLASSON AVENUE",
        "event_borough": "Brooklyn",
        "start_date": "2024-09-14T11:00:00.000",
        "end_date": "2024-09-14T18:30:00.000",
        "start_formatted": "September 14, 2024 11:00 AM",
        "end_formatted": "September 14, 2024 06:30 PM",
        "street_closure_type": "Full Street Closure",
        "community_board": "3,",
        "police_precinct": "79,"
      }
    },
    {
      "type": "Feature",
      "geometry": {
        "type": "Point",
        "coordinates": [
          -73.911719,
          40.689291
        ]
      },
      "properties": {
        "event_id": "793885",
        "event_name": "Halsey street block party",
        "event_type": "Block Party",
        "event_agency": "Street Activity Permit Office",
        "event_location": "HALSEY STREET between EVERGREEN AVENUE and CENTRAL AVENUE",
        "event_borough": "Brooklyn",
        "start_date": "2024-09-14T11:00:00.000",
        "end_date": "2024-09-14T20:00:00.000",
        "start_formatted": "September 14, 2024 11:00 AM",
        "end_formatted": "September 14, 2024 08:00 PM",
        "street_closure_type": "Full Street Closure",
        "community_board": "4,",
        "police_precinct": "83,"
      }
    },
    {
      "type": "Feature",
      "geometry": {
        "type": "Point",
        "coordinates": [
          -73.913602,
          40.652684
        ]
      },
      "properties": {
        "event_id": "786716",
        "event_name": "EAST 95ST MEET AND GREET",
        "event_type": "Block Party",
        "event_agency": "Street Activity Permit Office",
        "event_location": "EAST   95 STREET between AVENUE B and AVENUE A",
        "event_borough": "Brooklyn",
        "start_date": "2024-09-14T11:00:00.000",
        "end_date": "2024-09-14T18:00:00.000",
        "start_formatted": "September 14, 2024 11:00 AM",
        "end_formatted": "September 14, 2024 06:00 PM",
        "street_closure_type": "Full Street Closure",
        "community_board": "17,",
        "police_precinct": "67,"
      }
    },
    {
      "type": "Feature",
      "geometry": {
        "type": "Point",
        "coordinates": [
          -73.9132235,
          40.690146
        ]
      },
      "properties": {
        "event_id": "798340",
        "event_name": "Block party",
        "event_type": "Block Party",
        "event_agency": "Street Activity Permit Office",
        "event_location": "HANCOCK STREET between EVERGREEN AVENUE and CENTRAL AVENUE",
        "event_borough": "Brooklyn",
        "start_date": "2024-09-14T11:00:00.000",
        "end_date": "2024-09-14T20:00:00.000",
        "start_formatted": "September 14, 2024 11:00 AM",
        "end_formatted": "September 14, 2024 08:00 PM",
        "street_closure_type": "Full Street Closure",
        "community_board": "4,",
        "police_precinct": "83,"
      }
    },
    {
      "type": "Feature",
      "geometry": {
        "type": "Point",
        "coordinates": [
          -73.97919250000001,
          40.659828
        ]
      },
      "properties": {
        "event_id": "767309",
        "event_name": "16th St Block Party",
        "event_type": "Block Party",
        "event_agency": "Street Activity Permit Office",
        "event_location": "16 STREET between PROSPECT PARK WEST and 10 AVENUE",
        "event_borough": "Brooklyn",
        "start_date": "2024-09-14T11:00:00.000",
        "end_date": "2024-09-14T20:00:00.000",
        "start_formatted": "September 14, 2024 11:00 AM",
        "end_formatted": "September 14, 2024 08:00 PM",
        "street_closure_type": "Full Street Closure",
        "community_board": "7,",
        "police_precinct": "72,"
      }
    },
    {
      "type": "Feature",
      "geometry": {
        "type": "Point",
        "coordinates": [
          -73.97737950000001,
          40.6699435
        ]
      },
      "properties": {
        "event_id": "793879",
        "event_name": "3rd Street Block Party",
        "event_type": "Block Party",
        "event_agency": "Street Activity Permit Office",
        "event_location": "3 STREET between 7 AVENUE and 8 AVENUE",
        "event_borough": "Brooklyn",
        "start_date": "2024-09-14T10:30:00.000",
        "end_date": "2024-09-14T18:30:00.000",
        "start_formatted": "September 14, 2024 10:30 AM",
        "end_formatted": "September 14, 2024 06:30 PM",
        "street_closure_type": "Full Street Closure",
        "community_board": "6,",
        "police_precinct": "78,"
      }
    },
    {
      "type": "Feature",
      "geometry": {
        "type": "Point",
        "coordinates": [
          -73.97587050000001,
          40.672402000000005
        ]
      },
      "properties": {
        "event_id": "798102",
        "event_name": "Polhemus Place Block Party",
        "event_type": "Block Party",
        "event_agency": "Street Activity Permit Office",
        "event_location": "POLHEMUS PLACE between CARROLL STREET and GARFIELD PLACE",
        "event_borough": "Brooklyn",
        "start_date": "2024-09-14T10:30:00.000",
        "end_date": "2024-09-14T18:30:00.000",
        "start_formatted": "September 14, 2024 10:30 AM",
        "end_formatted": "September 14, 2024 06:30 PM",
        "street_closure_type": "Full Street Closure",
        "community_board": "6,",
        "police_precinct": "78,"
      }
    },
    {
      "type": "Feature",
      "geometry": {
        "type": "Point",
        "coordinates": [
          -73.9440785,
          40.691462
        ]
      },
      "properties": {
        "event_id": "797306",
        "event_name": "TKT Block Party",
        "event_type": "Block Party",
        "event_agency": "Street Activity Permit Office",
        "event_location": "KOSCIUSZKO STREET between THROOP AVENUE and TOMPKINS AVENUE",
        "event_borough": "Brooklyn",
        "start_date": "2024-09-14T10:30:00.000",
        "end_date": "2024-09-14T19:00:00.000",
        "start_formatted": "September 14, 2024 10:30 AM",
        "end_formatted": "September 14, 2024 07:00 PM",
        "street_closure_type": "Full Street Closure",
        "community_board": "3,",
        "police_precinct": "79,"
      }
    },
    {
      "type": "Feature",
      "geometry": {
        "type": "Point",
        "coordinates": [
          -73.92476450000001,
          40.6962915
        ]
      },
      "properties": {
        "event_id": "790278",
        "event_name": "2 annual Block Party",
        "event_type": "Block Party",
        "event_agency": "Street Activity Permit Office",
        "event_location": "STANHOPE STREET between CENTRAL AVENUE and EVERGREEN AVENUE",
        "event_borough": "Brooklyn",
        "start_date": "2024-09-14T10:00:00.000",
        "end_date": "2024-09-14T19:00:00.000",
        "start_formatted": "September 14, 2024 10:00 AM",
        "end_formatted": "September 14, 2024 07:00 PM",
        "street_closure_type": "Full Street Closure",
        "community_board": "4,",
        "police_precinct": "83,"
      }
    },
    {
      "type": "Feature",
      "geometry": {
        "type": "Point",
        "coordinates": [
          -73.97964,
          40.675292
        ]
      },
      "properties": {
        "event_id": "784257",
        "event_name": "Block Party 2024",
        "event_type": "Block Party",
        "event_agency": "Street Activity Permit Office",
        "event_location": "PRESIDENT STREET between 5 AVENUE and 6 AVENUE",
        "event_borough": "Brooklyn",
        "start_date": "2024-09-14T10:00:00.000",
        "end_date": "2024-09-14T19:00:00.000",
        "start_formatted": "September 14, 2024 10:00 AM",
        "end_formatted": "September 14, 2024 07:00 PM",
        "street_closure_type": "Full Street Closure",
        "community_board": "6,",
        "police_precinct": "78,"
      }
    },
    {
      "type": "Feature",
      "geometry": {
        "type": "Point",
        "coordinates": [
          -73.952014,
          40.660028
        ]
      },
      "properties": {
        "event_id": "798865",
        "event_name": "200 MIDWOOD BLOCK",
        "event_type": "Block Party",
        "event_agency": "Street Activity Permit Office",
        "event_location": "MIDWOOD STREET between NOSTRAND AVENUE and ROGERS AVENUE",
        "event_borough": "Brooklyn",
        "start_date": "2024-09-14T10:00:00.000",
        "end_date": "2024-09-14T19:00:00.000",
        "start_formatted": "September 14, 2024 10:00 AM",
        "end_formatted": "September 14, 2024 07:00 PM",
        "street_closure_type": "Full Street Closure",
        "community_board": "9,",
        "police_precinct": "71,"
      }
    },
    {
      "type": "Feature",
      "geometry": {
        "type": "Point",
        "coordinates": [
          -73.976206,
          40.680365
        ]
      },
      "properties": {
        "event_id": "794683",
        "event_name": "Saint Marks Avenue Block Party",
        "event_type": "Block Party",
        "event_agency": "Street Activity Permit Office",
        "event_location": "SAINT MARKS AVENUE between 5 AVENUE and 6 AVENUE",
        "event_borough": "Brooklyn",
        "start_date": "2024-09-14T10:00:00.000",
        "end_date": "2024-09-14T19:00:00.000",
        "start_formatted": "September 14, 2024 10:00 AM",
        "end_formatted": "September 14, 2024 07:00 PM",
        "street_closure_type": "Full Street Closure",
        "community_board": "6,",
        "police_precinct": "78,"
      }
    },
    {
      "type": "Feature",
      "geometry": {
        "type": "Point",
        "coordinates": [
          -73.9162355,
          40.6606665
        ]
      },
      "properties": {
        "event_id": "773471",
        "event_name": "Legion Street Block Party",
        "event_type": "Block Party",
        "event_agency": "Street Activity Permit Office",
        "event_location": "LEGION STREET between RIVERDALE AVENUE and LIVONIA AVENUE",
        "event_borough": "Brooklyn",
        "start_date": "2024-09-14T10:00:00.000",
        "end_date": "2024-09-14T18:00:00.000",
        "start_formatted": "September 14, 2024 10:00 AM",
        "end_formatted": "September 14, 2024 06:00 PM",
        "street_closure_type": "Full Street Closure",
        "community_board": "16,",
        "police_precinct": "73,"
      }
    },
    {
      "type": "Feature",
      "geometry": {
        "type": "Point",
        "coordinates": [
          -73.9369165,
          40.640489
        ]
      },
      "properties": {
        "event_id": "779501",
        "event_name": "East 42 United Annual Block Party",
        "event_type": "Block Party",
        "event_agency": "Street Activity Permit Office",
        "event_location": "EAST   42 STREET between AVENUE D and FOSTER AVENUE",
        "event_borough": "Brooklyn",
        "start_date": "2024-09-14T10:00:00.000",
        "end_date": "2024-09-14T18:00:00.000",
        "start_formatted": "September 14, 2024 10:00 AM",
        "end_formatted": "September 14, 2024 06:00 PM",
        "street_closure_type": "Full Street Closure",
        "community_board": "17,",
        "police_precinct": "67,"
      }
    },
    {
      "type": "Feature",
      "geometry": {
        "type": "Point",
        "coordinates": [
          -73.9097525,
          40.679668
        ]
      },
      "properties": {
        "event_id": "794502",
        "event_name": "Hull street block party",
        "event_type": "Block Party",
        "event_agency": "Street Activity Permit Office",
        "event_location": "HULL STREET between ROCKAWAY AVENUE and MOTHER GASTON BOULEVARD",
        "event_borough": "Brooklyn",
        "start_date": "2024-09-14T10:00:00.000",
        "end_date": "2024-09-14T17:00:00.000",
        "start_formatted": "September 14, 2024 10:00 AM",
        "end_formatted": "September 14, 2024 05:00 PM",
        "street_closure_type": "Full Street Closure",
        "community_board": "16,",
        "police_precinct": "73,"
      }
    },
    {
      "type": "Feature",
      "geometry": {
        "type": "Point",
        "coordinates": [
          -73.905063,
          40.820967499999995
        ]
      },
      "properties": {
        "event_id": "786051",
        "event_name": "Christ Church Annual Family  Friends Day",
        "event_type": "Block Party",
        "event_agency": "Street Activity Permit Office",
        "event_location": "FOREST AVENUE between EAST  160 STREET and EAST  161 STREET",
        "event_borough": "Bronx",
        "start_date": "2024-09-14T10:00:00.000",
        "end_date": "2024-09-14T16:00:00.000",
        "start_formatted": "September 14, 2024 10:00 AM",
        "end_formatted": "September 14, 2024 04:00 PM",
        "street_closure_type": "Full Street Closure",
        "community_board": "1,",
        "police_precinct": "40,"
      }
    },
    {
      "type": "Feature",
      "geometry": {
        "type": "Point",
        "coordinates": [
          -73.982254,
          40.668071
        ]
      },
      "properties": {
        "event_id": "767190",
        "event_name": "Fall 2023 Block Party",
        "event_type": "Block Party",
        "event_agency": "Street Activity Permit Office",
        "event_location": "8 STREET between 6 AVENUE and 7 AVENUE",
        "event_borough": "Brooklyn",
        "start_date": "2024-09-14T09:00:00.000",
        "end_date": "2024-09-14T17:30:00.000",
        "start_formatted": "September 14, 2024 09:00 AM",
        "end_formatted": "September 14, 2024 05:30 PM",
        "street_closure_type": "Full Street Closure",
        "community_board": "6,",
        "police_precinct": "78,"
      }
    },
    {
      "type": "Feature",
      "geometry": {
        "type": "Point",
        "coordinates": [
          -73.80831549999999,
          40.773816499999995
        ]
      },
      "properties": {
        "event_id": "798661",
        "event_name": "St Mels Parish block party",
        "event_type": "Block Party",
        "event_agency": "Street Activity Permit Office",
        "event_location": "26 AVENUE between 154 STREET and 157 STREET",
        "event_borough": "Queens",
        "start_date": "2024-09-13T19:00:00.000",
        "end_date": "2024-09-13T23:00:00.000",
        "start_formatted": "September 13, 2024 07:00 PM",
        "end_formatted": "September 13, 2024 11:00 PM",
        "street_closure_type": "Full Street Closure",
        "community_board": "7,",
        "police_precinct": "109,"
      }
    },
    {
      "type": "Feature",
      "geometry": {
        "type": "Point",
        "coordinates": [
          -73.9042455,
          40.846622999999994
        ]
      },
      "properties": {
        "event_id": "785352",
        "event_name": "Community outdoor BBQ",
        "event_type": "Block Party",
        "event_agency": "Street Activity Permit Office",
        "event_location": "EAST  175 STREET between CLAY AVENUE and ANTHONY AVENUE",
        "event_borough": "Bronx",
        "start_date": "2024-09-12T12:00:00.000",
        "end_date": "2024-09-12T15:30:00.000",
        "start_formatted": "September 12, 2024 12:00 PM",
        "end_formatted": "September 12, 2024 03:30 PM",
        "street_closure_type": "Full Street Closure",
        "community_board": "5,",
        "police_precinct": "46,"
      }
    },
    {
      "type": "Feature",
      "geometry": {
        "type": "Point",
        "coordinates": [
          -73.9663965,
          40.62585
        ]
      },
      "properties": {
        "event_id": "790453",
        "event_name": "Carnival 2024",
        "event_type": "Block Party",
        "event_agency": "Street Activity Permit Office",
        "event_location": "EAST   10 STREET between AVENUE I and AVENUE J",
        "event_borough": "Brooklyn",
        "start_date": "2024-09-08T16:00:00.000",
        "end_date": "2024-09-08T19:00:00.000",
        "start_formatted": "September 08, 2024 04:00 PM",
        "end_formatted": "September 08, 2024 07:00 PM",
        "street_closure_type": "Full Street Closure",
        "community_board": "12,",
        "police_precinct": "66,"
      }
    },
    {
      "type": "Feature",
      "geometry": {
        "type": "Point",
        "coordinates": [
          -73.97788449999999,
          40.6693395
        ]
      },
      "properties": {
        "event_id": "798695",
        "event_name": "4th St Block Party",
        "event_type": "Block Party",
        "event_agency": "Street Activity Permit Office",
        "event_location": "4 STREET between 8 AVENUE and 7 AVENUE",
        "event_borough": "Brooklyn",
        "start_date": "2024-09-08T14:00:00.000",
        "end_date": "2024-09-08T20:00:00.000",
        "start_formatted": "September 08, 2024 02:00 PM",
        "end_formatted": "September 08, 2024 08:00 PM",
        "street_closure_type": "Sidewalk and Street Closure",
        "community_board": "6,",
        "police_precinct": "78,"
      }
    },
    {
      "type": "Feature",
      "geometry": {
        "type": "Point",
        "coordinates": [
          -73.99262999999999,
          40.6859515
        ]
      },
      "properties": {
        "event_id": "775627",
        "event_name": "Warren Street Block Party",
        "event_type": "Block Party",
        "event_agency": "Street Activity Permit Office",
        "event_location": "WARREN STREET between SMITH STREET and COURT STREET",
        "event_borough": "Brooklyn",
        "start_date": "2024-09-08T13:00:00.000",
        "end_date": "2024-09-08T16:30:00.000",
        "start_formatted": "September 08, 2024 01:00 PM",
        "end_formatted": "September 08, 2024 04:30 PM",
        "street_closure_type": "Full Street Closure",
        "community_board": "2, 6,",
        "police_precinct": "76, 84,"
      }
    },
    {
      "type": "Feature",
      "geometry": {
        "type": "Point",
        "coordinates": [
          -74.090716,
          40.6448185
        ]
      },
      "properties": {
        "event_id": "797145",
        "event_name": "Jennifer Siew",
        "event_type": "Block Party",
        "event_agency": "Street Activity Permit Office",
        "event_location": "FILLMORE STREET between HIGHVIEW AVENUE and MINERVA PLACE",
        "event_borough": "Staten Island",
        "start_date": "2024-09-08T13:00:00.000",
        "end_date": "2024-09-08T19:00:00.000",
        "start_formatted": "September 08, 2024 01:00 PM",
        "end_formatted": "September 08, 2024 07:00 PM",
        "street_closure_type": "Full Street Closure",
        "community_board": "1,",
        "police_precinct": "120,"
      }
    },
    {
      "type": "Feature",
      "geometry": {
        "type": "Point",
        "coordinates": [
          -73.9243405,
          40.587349
        ]
      },
      "properties": {
        "event_id": "797993",
        "event_name": "Nova court Block party",
        "event_type": "Block Party",
        "event_agency": "Street Activity Permit Office",
        "event_location": "NOVA COURT between NOEL AVENUE and MADOC AVENUE",
        "event_borough": "Brooklyn",
        "start_date": "2024-09-08T13:00:00.000",
        "end_date": "2024-09-08T20:00:00.000",
        "start_formatted": "September 08, 2024 01:00 PM",
        "end_formatted": "September 08, 2024 08:00 PM",
        "street_closure_type": "Full Street Closure",
        "community_board": "15,",
        "police_precinct": "61,"
      }
    },
    {
      "type": "Feature",
      "geometry": {
        "type": "Point",
        "coordinates": [
          -73.9821815,
          40.6762765
        ]
      },
      "properties": {
        "event_id": "789635",
        "event_name": "Fall 2024 Block Party",
        "event_type": "Block Party",
        "event_agency": "Street Activity Permit Office",
        "event_location": "PRESIDENT STREET between 4 AVENUE and 5 AVENUE",
        "event_borough": "Brooklyn",
        "start_date": "2024-09-08T12:30:00.000",
        "end_date": "2024-09-08T20:30:00.000",
        "start_formatted": "September 08, 2024 12:30 PM",
        "end_formatted": "September 08, 2024 08:30 PM",
        "street_closure_type": "Full Street Closure",
        "community_board": "6,",
        "police_precinct": "78,"
      }
    },
    {
      "type": "Feature",
      "geometry": {
        "type": "Point",
        "coordinates": [
          -73.9831075,
          40.6710205
        ]
      },
      "properties": {
        "event_id": "796184",
        "event_name": "5th Street 300 Block Party Park Slope Brooklyn",
        "event_type": "Block Party",
        "event_agency": "Street Activity Permit Office",
        "event_location": "5 STREET between 5 AVENUE and 6 AVENUE",
        "event_borough": "Brooklyn",
        "start_date": "2024-09-08T12:30:00.000",
        "end_date": "2024-09-08T20:30:00.000",
        "start_formatted": "September 08, 2024 12:30 PM",
        "end_formatted": "September 08, 2024 08:30 PM",
        "street_closure_type": "Full Street Closure",
        "community_board": "6,",
        "police_precinct": "78,"
      }
    },
    {
      "type": "Feature",
      "geometry": {
        "type": "Point",
        "coordinates": [
          -73.86869,
          40.68957
        ]
      },
      "properties": {
        "event_id": "797793",
        "event_name": "Grant Community Block Party",
        "event_type": "Block Party",
        "event_agency": "Street Activity Permit Office",
        "event_location": "GRANT AVENUE between JAMAICA AVENUE and ETNA STREET",
        "event_borough": "Brooklyn",
        "start_date": "2024-09-08T12:00:00.000",
        "end_date": "2024-09-08T19:00:00.000",
        "start_formatted": "September 08, 2024 12:00 PM",
        "end_formatted": "September 08, 2024 07:00 PM",
        "street_closure_type": "Full Street Closure",
        "community_board": "5,",
        "police_precinct": "75,"
      }
    },
    {
      "type": "Feature",
      "geometry": {
        "type": "Point",
        "coordinates": [
          -73.99195950000001,
          40.6824845
        ]
      },
      "properties": {
        "event_id": "802421",
        "event_name": "Fall Block Party",
        "event_type": "Block Party",
        "event_agency": "Street Activity Permit Office",
        "event_location": "DEGRAW STREET between SMITH STREET and HOYT STREET",
        "event_borough": "Brooklyn",
        "start_date": "2024-09-08T12:00:00.000",
        "end_date": "2024-09-08T20:00:00.000",
        "start_formatted": "September 08, 2024 12:00 PM",
        "end_formatted": "September 08, 2024 08:00 PM",
        "street_closure_type": "Full Street Closure",
        "community_board": "6,",
        "police_precinct": "76,"
      }
    },
    {
      "type": "Feature",
      "geometry": {
        "type": "Point",
        "coordinates": [
          -73.9284275,
          40.687269
        ]
      },
      "properties": {
        "event_id": "797191",
        "event_name": "700 Madison Annual Block Party",
        "event_type": "Block Party",
        "event_agency": "Street Activity Permit Office",
        "event_location": "MADISON STREET between MALCOLM X BOULEVARD and PATCHEN AVENUE",
        "event_borough": "Brooklyn",
        "start_date": "2024-09-08T12:00:00.000",
        "end_date": "2024-09-08T19:00:00.000",
        "start_formatted": "September 08, 2024 12:00 PM",
        "end_formatted": "September 08, 2024 07:00 PM",
        "street_closure_type": "Sidewalk and Street Closure",
        "community_board": "3,",
        "police_precinct": "81,"
      }
    },
    {
      "type": "Feature",
      "geometry": {
        "type": "Point",
        "coordinates": [
          -73.97612649999999,
          40.646634000000006
        ]
      },
      "properties": {
        "event_id": "796870",
        "event_name": "East 5th Street Block Party",
        "event_type": "Block Party",
        "event_agency": "Street Activity Permit Office",
        "event_location": "EAST    5 STREET between CATON AVENUE and ALBEMARLE ROAD",
        "event_borough": "Brooklyn",
        "start_date": "2024-09-08T12:00:00.000",
        "end_date": "2024-09-08T20:00:00.000",
        "start_formatted": "September 08, 2024 12:00 PM",
        "end_formatted": "September 08, 2024 08:00 PM",
        "street_closure_type": "Full Street Closure",
        "community_board": "12,",
        "police_precinct": "66,"
      }
    },
    {
      "type": "Feature",
      "geometry": {
        "type": "Point",
        "coordinates": [
          -73.87181100000001,
          40.6865845
        ]
      },
      "properties": {
        "event_id": "791511",
        "event_name": "Community Building",
        "event_type": "Block Party",
        "event_agency": "Street Activity Permit Office",
        "event_location": "HEMLOCK STREET between KIELY PLACE and DANFORTH STREET",
        "event_borough": "Brooklyn",
        "start_date": "2024-09-08T12:00:00.000",
        "end_date": "2024-09-08T19:00:00.000",
        "start_formatted": "September 08, 2024 12:00 PM",
        "end_formatted": "September 08, 2024 07:00 PM",
        "street_closure_type": "Full Street Closure",
        "community_board": "5,",
        "police_precinct": "75,"
      }
    },
    {
      "type": "Feature",
      "geometry": {
        "type": "Point",
        "coordinates": [
          -73.953293,
          40.6896555
        ]
      },
      "properties": {
        "event_id": "774419",
        "event_name": "Aalike Summer Funday Kickoff",
        "event_type": "Block Party",
        "event_agency": "Street Activity Permit Office",
        "event_location": "LAFAYETTE AVENUE between NOSTRAND AVENUE and BEDFORD AVENUE",
        "event_borough": "Brooklyn",
        "start_date": "2024-09-08T12:00:00.000",
        "end_date": "2024-09-08T19:00:00.000",
        "start_formatted": "September 08, 2024 12:00 PM",
        "end_formatted": "September 08, 2024 07:00 PM",
        "street_closure_type": "Full Street Closure",
        "community_board": "3,",
        "police_precinct": "79,"
      }
    },
    {
      "type": "Feature",
      "geometry": {
        "type": "Point",
        "coordinates": [
          -73.915022,
          40.8238425
        ]
      },
      "properties": {
        "event_id": "791961",
        "event_name": "St. Davids Block Party",
        "event_type": "Block Party",
        "event_agency": "Street Activity Permit Office",
        "event_location": "EAST  160 STREET between MELROSE AVENUE and COURTLANDT AVENUE",
        "event_borough": "Bronx",
        "start_date": "2024-09-08T12:00:00.000",
        "end_date": "2024-09-08T17:00:00.000",
        "start_formatted": "September 08, 2024 12:00 PM",
        "end_formatted": "September 08, 2024 05:00 PM",
        "street_closure_type": "Sidewalk and Street Closure",
        "community_board": "3,",
        "police_precinct": "42,"
      }
    },
    {
      "type": "Feature",
      "geometry": {
        "type": "Point",
        "coordinates": [
          -74.009904,
          40.717195000000004
        ]
      },
      "properties": {
        "event_id": "765291",
        "event_name": "Rock the Block 2024",
        "event_type": "Block Party",
        "event_agency": "Street Activity Permit Office",
        "event_location": "DUANE STREET between GREENWICH STREET and HUDSON STREET",
        "event_borough": "Manhattan",
        "start_date": "2024-09-08T11:00:00.000",
        "end_date": "2024-09-08T13:00:00.000",
        "start_formatted": "September 08, 2024 11:00 AM",
        "end_formatted": "September 08, 2024 01:00 PM",
        "street_closure_type": "Full Street Closure",
        "community_board": "1,",
        "police_precinct": "1,"
      }
    },
    {
      "type": "Feature",
      "geometry": {
        "type": "Point",
        "coordinates": [
          -73.9651265,
          40.770762
        ]
      },
      "properties": {
        "event_id": "775143",
        "event_name": "St. James Church Fall Picnic",
        "event_type": "Block Party",
        "event_agency": "Street Activity Permit Office",
        "event_location": "EAST   71 STREET between MADISON AVENUE and PARK AVENUE",
        "event_borough": "Manhattan",
        "start_date": "2024-09-08T11:00:00.000",
        "end_date": "2024-09-08T14:00:00.000",
        "start_formatted": "September 08, 2024 11:00 AM",
        "end_formatted": "September 08, 2024 02:00 PM",
        "street_closure_type": "Full Street Closure",
        "community_board": "8,",
        "police_precinct": "19,"
      }
    },
    {
      "type": "Feature",
      "geometry": {
        "type": "Point",
        "coordinates": [
          -73.9099075,
          40.6971
        ]
      },
      "properties": {
        "event_id": "792547",
        "event_name": "Neighborhood Gathering",
        "event_type": "Block Party",
        "event_agency": "Street Activity Permit Office",
        "event_location": "PUTNAM AVENUE between IRVING AVENUE and RIDGEWOOD PLACE",
        "event_borough": "Brooklyn",
        "start_date": "2024-09-08T11:00:00.000",
        "end_date": "2024-09-08T17:00:00.000",
        "start_formatted": "September 08, 2024 11:00 AM",
        "end_formatted": "September 08, 2024 05:00 PM",
        "street_closure_type": "Full Street Closure",
        "community_board": "4,",
        "police_precinct": "83,"
      }
    },
    {
      "type": "Feature",
      "geometry": {
        "type": "Point",
        "coordinates": [
          -73.98980499999999,
          40.6856565
        ]
      },
      "properties": {
        "event_id": "783936",
        "event_name": "Wyckoff St Block Party",
        "event_type": "Block Party",
        "event_agency": "Street Activity Permit Office",
        "event_location": "WYCKOFF STREET between SMITH STREET and HOYT STREET",
        "event_borough": "Brooklyn",
        "start_date": "2024-09-08T11:00:00.000",
        "end_date": "2024-09-08T18:30:00.000",
        "start_formatted": "September 08, 2024 11:00 AM",
        "end_formatted": "September 08, 2024 06:30 PM",
        "street_closure_type": "Full Street Closure",
        "community_board": "2,",
        "police_precinct": "84,"
      }
    },
    {
      "type": "Feature",
      "geometry": {
        "type": "Point",
        "coordinates": [
          -73.972542,
          40.6866855
        ]
      },
      "properties": {
        "event_id": "775644",
        "event_name": "Cumberland Street Block Party",
        "event_type": "Block Party",
        "event_agency": "Street Activity Permit Office",
        "event_location": "CUMBERLAND STREET between LAFAYETTE AVENUE and GREENE AVENUE",
        "event_borough": "Brooklyn",
        "start_date": "2024-09-08T11:00:00.000",
        "end_date": "2024-09-08T18:00:00.000",
        "start_formatted": "September 08, 2024 11:00 AM",
        "end_formatted": "September 08, 2024 06:00 PM",
        "street_closure_type": "Full Street Closure",
        "community_board": "2,",
        "police_precinct": "88,"
      }
    },
    {
      "type": "Feature",
      "geometry": {
        "type": "Point",
        "coordinates": [
          -73.95488800000001,
          40.6827245
        ]
      },
      "properties": {
        "event_id": "796911",
        "event_name": "Jefferson Village Block Association",
        "event_type": "Block Party",
        "event_agency": "Street Activity Permit Office",
        "event_location": "JEFFERSON AVENUE between FRANKLIN AVENUE and BEDFORD AVENUE",
        "event_borough": "Brooklyn",
        "start_date": "2024-09-08T11:00:00.000",
        "end_date": "2024-09-08T20:00:00.000",
        "start_formatted": "September 08, 2024 11:00 AM",
        "end_formatted": "September 08, 2024 08:00 PM",
        "street_closure_type": "Full Street Closure",
        "community_board": "3,",
        "police_precinct": "79,"
      }
    },
    {
      "type": "Feature",
      "geometry": {
        "type": "Point",
        "coordinates": [
          -73.7193215,
          40.7301185
        ]
      },
      "properties": {
        "event_id": "797895",
        "event_name": "Rally Day",
        "event_type": "Block Party",
        "event_agency": "Street Activity Permit Office",
        "event_location": "87 AVENUE between COMMONWEALTH BOULEVARD and 247 STREET",
        "event_borough": "Queens",
        "start_date": "2024-09-08T11:00:00.000",
        "end_date": "2024-09-08T14:00:00.000",
        "start_formatted": "September 08, 2024 11:00 AM",
        "end_formatted": "September 08, 2024 02:00 PM",
        "street_closure_type": "Full Street Closure",
        "community_board": "13,",
        "police_precinct": "105,"
      }
    },
    {
      "type": "Feature",
      "geometry": {
        "type": "Point",
        "coordinates": [
          -73.96015,
          40.6340105
        ]
      },
      "properties": {
        "event_id": "783541",
        "event_name": "Midwood Park Block Party",
        "event_type": "Block Party",
        "event_agency": "Street Activity Permit Office",
        "event_location": "EAST   18 STREET between FOSTER AVENUE and GLENWOOD ROAD",
        "event_borough": "Brooklyn",
        "start_date": "2024-09-08T11:00:00.000",
        "end_date": "2024-09-08T16:00:00.000",
        "start_formatted": "September 08, 2024 11:00 AM",
        "end_formatted": "September 08, 2024 04:00 PM",
        "street_closure_type": "Full Street Closure",
        "community_board": "14,",
        "police_precinct": "70,"
      }
    },
    {
      "type": "Feature",
      "geometry": {
        "type": "Point",
        "coordinates": [
          -73.977429,
          40.678555
        ]
      },
      "properties": {
        "event_id": "796854",
        "event_name": "Block Party Is Back",
        "event_type": "Block Party",
        "event_agency": "Street Activity Permit Office",
        "event_location": "STERLING PLACE between 6 AVENUE and 5 AVENUE",
        "event_borough": "Brooklyn",
        "start_date": "2024-09-08T10:30:00.000",
        "end_date": "2024-09-08T18:30:00.000",
        "start_formatted": "September 08, 2024 10:30 AM",
        "end_formatted": "September 08, 2024 06:30 PM",
        "street_closure_type": "Full Street Closure",
        "community_board": "6,",
        "police_precinct": "78,"
      }
    },
    {
      "type": "Feature",
      "geometry": {
        "type": "Point",
        "coordinates": [
          -73.96265149999999,
          40.716347999999996
        ]
      },
      "properties": {
        "event_id": "777772",
        "event_name": "Vision Zero Family Event",
        "event_type": "Block Party",
        "event_agency": "Street Activity Permit Office",
        "event_location": "METROPOLITAN AVENUE between WYTHE AVENUE and BERRY STREET",
        "event_borough": "Brooklyn",
        "start_date": "2024-09-08T10:00:00.000",
        "end_date": "2024-09-08T16:00:00.000",
        "start_formatted": "September 08, 2024 10:00 AM",
        "end_formatted": "September 08, 2024 04:00 PM",
        "street_closure_type": "Full Street Closure",
        "community_board": "1,",
        "police_precinct": "90, 94,"
      }
    },
    {
      "type": "Feature",
      "geometry": {
        "type": "Point",
        "coordinates": [
          -73.977891,
          40.68262300000001
        ]
      },
      "properties": {
        "event_id": "771975",
        "event_name": "September Dean Street  Block Party",
        "event_type": "Block Party",
        "event_agency": "Street Activity Permit Office",
        "event_location": "DEAN STREET between FOURTH AVENUE and FIFTH AVENUE",
        "event_borough": "Brooklyn",
        "start_date": "2024-09-08T10:00:00.000",
        "end_date": "2024-09-08T19:00:00.000",
        "start_formatted": "September 08, 2024 10:00 AM",
        "end_formatted": "September 08, 2024 07:00 PM",
        "street_closure_type": "Full Street Closure",
        "community_board": "6,",
        "police_precinct": "78,"
      }
    },
    {
      "type": "Feature",
      "geometry": {
        "type": "Point",
        "coordinates": [
          -73.82826349999999,
          40.791977
        ]
      },
      "properties": {
        "event_id": "783242",
        "event_name": "Malba Residents Block party",
        "event_type": "Block Party",
        "event_agency": "Street Activity Permit Office",
        "event_location": "BOULEVARD between MALBA DRIVE and POINT CRESCENT",
        "event_borough": "Queens",
        "start_date": "2024-09-08T07:30:00.000",
        "end_date": "2024-09-08T15:00:00.000",
        "start_formatted": "September 08, 2024 07:30 AM",
        "end_formatted": "September 08, 2024 03:00 PM",
        "street_closure_type": "Full Street Closure",
        "community_board": "7,",
        "police_precinct": "109,"
      }
    },
    {
      "type": "Feature",
      "geometry": {
        "type": "Point",
        "coordinates": [
          -73.870428,
          40.656955499999995
        ]
      },
      "properties": {
        "event_id": "788534",
        "event_name": "YOUTH BLOCK PARTY",
        "event_type": "Block Party",
        "event_agency": "Street Activity Permit Office",
        "event_location": "VANDALIA AVENUE between ERSKINE STREET and ESSEX STREET",
        "event_borough": "Brooklyn",
        "start_date": "2024-09-07T15:00:00.000",
        "end_date": "2024-09-07T19:00:00.000",
        "start_formatted": "September 07, 2024 03:00 PM",
        "end_formatted": "September 07, 2024 07:00 PM",
        "street_closure_type": "Full Street Closure",
        "community_board": "5,",
        "police_precinct": "75,"
      }
    },
    {
      "type": "Feature",
      "geometry": {
        "type": "Point",
        "coordinates": [
          -73.945975,
          40.824988
        ]
      },
      "properties": {
        "event_id": "797719",
        "event_name": "Back to school block party",
        "event_type": "Block Party",
        "event_agency": "Street Activity Permit Office",
        "event_location": "CONVENT AVENUE between WEST  145 STREET and WEST  146 STREET",
        "event_borough": "Manhattan",
        "start_date": "2024-09-07T14:00:00.000",
        "end_date": "2024-09-07T18:00:00.000",
        "start_formatted": "September 07, 2024 02:00 PM",
        "end_formatted": "September 07, 2024 06:00 PM",
        "street_closure_type": "Full Street Closure",
        "community_board": "9,",
        "police_precinct": "30,"
      }
    },
    {
      "type": "Feature",
      "geometry": {
        "type": "Point",
        "coordinates": [
          -74.110772,
          40.629312
        ]
      },
      "properties": {
        "event_id": "797078",
        "event_name": "Game Day",
        "event_type": "Block Party",
        "event_agency": "Street Activity Permit Office",
        "event_location": "GREEN STREET between BEMENT AVENUE and DEAD END",
        "event_borough": "Staten Island",
        "start_date": "2024-09-07T14:00:00.000",
        "end_date": "2024-09-07T19:00:00.000",
        "start_formatted": "September 07, 2024 02:00 PM",
        "end_formatted": "September 07, 2024 07:00 PM",
        "street_closure_type": "Full Street Closure",
        "community_board": "1,",
        "police_precinct": "120,"
      }
    },
    {
      "type": "Feature",
      "geometry": {
        "type": "Point",
        "coordinates": [
          -73.97771750000001,
          40.688671
        ]
      },
      "properties": {
        "event_id": "792632",
        "event_name": "St Felix Annual Block Party",
        "event_type": "Block Party",
        "event_agency": "Street Activity Permit Office",
        "event_location": "SAINT FELIX STREET between DEKALB AVENUE and FULTON STREET",
        "event_borough": "Brooklyn",
        "start_date": "2024-09-07T14:00:00.000",
        "end_date": "2024-09-07T20:00:00.000",
        "start_formatted": "September 07, 2024 02:00 PM",
        "end_formatted": "September 07, 2024 08:00 PM",
        "street_closure_type": "Full Street Closure",
        "community_board": "2,",
        "police_precinct": "88,"
      }
    },
    {
      "type": "Feature",
      "geometry": {
        "type": "Point",
        "coordinates": [
          -73.872828,
          40.705574
        ]
      },
      "properties": {
        "event_id": "777330",
        "event_name": "78th Street Block Party 2024",
        "event_type": "Block Party",
        "event_agency": "Street Activity Permit Office",
        "event_location": "78 STREET between 77 AVENUE and 78 AVENUE",
        "event_borough": "Queens",
        "start_date": "2024-09-07T14:00:00.000",
        "end_date": "2024-09-07T20:00:00.000",
        "start_formatted": "September 07, 2024 02:00 PM",
        "end_formatted": "September 07, 2024 08:00 PM",
        "street_closure_type": "Full Street Closure",
        "community_board": "5,",
        "police_precinct": "104,"
      }
    },
    {
      "type": "Feature",
      "geometry": {
        "type": "Point",
        "coordinates": [
          -73.9839685,
          40.658362499999996
        ]
      },
      "properties": {
        "event_id": "795653",
        "event_name": "RESIDENTS BLOCK PARTY",
        "event_type": "Block Party",
        "event_agency": "Street Activity Permit Office",
        "event_location": "18 STREET between 8 AVENUE and PROSPECT PARK WEST",
        "event_borough": "Brooklyn",
        "start_date": "2024-09-07T14:00:00.000",
        "end_date": "2024-09-07T18:00:00.000",
        "start_formatted": "September 07, 2024 02:00 PM",
        "end_formatted": "September 07, 2024 06:00 PM",
        "street_closure_type": "Full Street Closure",
        "community_board": "7,",
        "police_precinct": "72,"
      }
    },
    {
      "type": "Feature",
      "geometry": {
        "type": "Point",
        "coordinates": [
          -73.9204665,
          40.679097999999996
        ]
      },
      "properties": {
        "event_id": "791396",
        "event_name": "Back II School Kick Back",
        "event_type": "Block Party",
        "event_agency": "Street Activity Permit Office",
        "event_location": "MACDOUGAL STREET between HOWARD AVENUE and RALPH AVENUE",
        "event_borough": "Brooklyn",
        "start_date": "2024-09-07T14:00:00.000",
        "end_date": "2024-09-07T21:00:00.000",
        "start_formatted": "September 07, 2024 02:00 PM",
        "end_formatted": "September 07, 2024 09:00 PM",
        "street_closure_type": "Full Street Closure",
        "community_board": "3,",
        "police_precinct": "81,"
      }
    },
    {
      "type": "Feature",
      "geometry": {
        "type": "Point",
        "coordinates": [
          -74.14739,
          40.615809
        ]
      },
      "properties": {
        "event_id": "787746",
        "event_name": "2024 Hawthorne Ave Block Party",
        "event_type": "Block Party",
        "event_agency": "Street Activity Permit Office",
        "event_location": "HAWTHORNE AVENUE between CASWELL AVENUE and WATCHOGUE ROAD",
        "event_borough": "Staten Island",
        "start_date": "2024-09-07T13:00:00.000",
        "end_date": "2024-09-07T22:00:00.000",
        "start_formatted": "September 07, 2024 01:00 PM",
        "end_formatted": "September 07, 2024 10:00 PM",
        "street_closure_type": "Full Street Closure",
        "community_board": "1,",
        "police_precinct": "121,"
      }
    },
    {
      "type": "Feature",
      "geometry": {
        "type": "Point",
        "coordinates": [
          -73.9948985,
          40.6820165
        ]
      },
      "properties": {
        "event_id": "793794",
        "event_name": "Union Street Block Party",
        "event_type": "Block Party",
        "event_agency": "Street Activity Permit Office",
        "event_location": "UNION STREET between COURT STREET and SMITH STREET",
        "event_borough": "Brooklyn",
        "start_date": "2024-09-07T13:00:00.000",
        "end_date": "2024-09-07T20:00:00.000",
        "start_formatted": "September 07, 2024 01:00 PM",
        "end_formatted": "September 07, 2024 08:00 PM",
        "street_closure_type": "Full Street Closure",
        "community_board": "6,",
        "police_precinct": "76,"
      }
    },
    {
      "type": "Feature",
      "geometry": {
        "type": "Point",
        "coordinates": [
          -73.7934305,
          40.751944
        ]
      },
      "properties": {
        "event_id": "778811",
        "event_name": "Bagley Avenue Block Party",
        "event_type": "Block Party",
        "event_agency": "Street Activity Permit Office",
        "event_location": "BAGLEY AVENUE between UTOPIA PARKWAY and AUBURNDALE LANE",
        "event_borough": "Queens",
        "start_date": "2024-09-07T13:00:00.000",
        "end_date": "2024-09-07T21:00:00.000",
        "start_formatted": "September 07, 2024 01:00 PM",
        "end_formatted": "September 07, 2024 09:00 PM",
        "street_closure_type": "Full Street Closure",
        "community_board": "11, 7,",
        "police_precinct": "109, 111,"
      }
    },
    {
      "type": "Feature",
      "geometry": {
        "type": "Point",
        "coordinates": [
          -74.0323245,
          40.6365275
        ]
      },
      "properties": {
        "event_id": "796879",
        "event_name": "louise terrace",
        "event_type": "Block Party",
        "event_agency": "Street Activity Permit Office",
        "event_location": "LOUISE TERRACE between MACKAY PLACE and 70 STREET",
        "event_borough": "Brooklyn",
        "start_date": "2024-09-07T13:00:00.000",
        "end_date": "2024-09-07T20:00:00.000",
        "start_formatted": "September 07, 2024 01:00 PM",
        "end_formatted": "September 07, 2024 08:00 PM",
        "street_closure_type": "Full Street Closure",
        "community_board": "10,",
        "police_precinct": "68,"
      }
    },
    {
      "type": "Feature",
      "geometry": {
        "type": "Point",
        "coordinates": [
          -74.1600995,
          40.556677
        ]
      },
      "properties": {
        "event_id": "788770",
        "event_name": "E Reading ave Block Party",
        "event_type": "Block Party",
        "event_agency": "Street Activity Permit Office",
        "event_location": "EAST READING AVENUE between ARMSTRONG AVENUE and ABINGDON AVENUE",
        "event_borough": "Staten Island",
        "start_date": "2024-09-07T13:00:00.000",
        "end_date": "2024-09-07T22:00:00.000",
        "start_formatted": "September 07, 2024 01:00 PM",
        "end_formatted": "September 07, 2024 10:00 PM",
        "street_closure_type": "Full Street Closure",
        "community_board": "3,",
        "police_precinct": "122,"
      }
    },
    {
      "type": "Feature",
      "geometry": {
        "type": "Point",
        "coordinates": [
          -74.0009805,
          40.678678000000005
        ]
      },
      "properties": {
        "event_id": "797756",
        "event_name": "Annual 4th Place Block Party",
        "event_type": "Block Party",
        "event_agency": "Street Activity Permit Office",
        "event_location": "4 PLACE between CLINTON STREET and HENRY STREET",
        "event_borough": "Brooklyn",
        "start_date": "2024-09-07T13:00:00.000",
        "end_date": "2024-09-07T22:00:00.000",
        "start_formatted": "September 07, 2024 01:00 PM",
        "end_formatted": "September 07, 2024 10:00 PM",
        "street_closure_type": "Full Street Closure",
        "community_board": "6,",
        "police_precinct": "76,"
      }
    },
    {
      "type": "Feature",
      "geometry": {
        "type": "Point",
        "coordinates": [
          -74.028018,
          40.634518
        ]
      },
      "properties": {
        "event_id": "804996",
        "event_name": "71 st annually block party",
        "event_type": "Block Party",
        "event_agency": "Street Activity Permit Office",
        "event_location": "71 STREET between 3 AVENUE and RIDGE BOULEVARD",
        "event_borough": "Brooklyn",
        "start_date": "2024-09-07T13:00:00.000",
        "end_date": "2024-09-07T20:30:00.000",
        "start_formatted": "September 07, 2024 01:00 PM",
        "end_formatted": "September 07, 2024 08:30 PM",
        "street_closure_type": "Full Street Closure",
        "community_board": "10,",
        "police_precinct": "68,"
      }
    },
    {
      "type": "Feature",
      "geometry": {
        "type": "Point",
        "coordinates": [
          -73.8139165,
          40.66493
        ]
      },
      "properties": {
        "event_id": "785936",
        "event_name": "getting to know the people next to you.",
        "event_type": "Block Party",
        "event_agency": "Street Activity Permit Office",
        "event_location": "127 STREET between 150 AVENUE and OLD SOUTH ROAD",
        "event_borough": "Queens",
        "start_date": "2024-09-07T13:00:00.000",
        "end_date": "2024-09-07T21:00:00.000",
        "start_formatted": "September 07, 2024 01:00 PM",
        "end_formatted": "September 07, 2024 09:00 PM",
        "street_closure_type": "Full Street Closure",
        "community_board": "10,",
        "police_precinct": "106,"
      }
    },
    {
      "type": "Feature",
      "geometry": {
        "type": "Point",
        "coordinates": [
          -74.00363250000001,
          40.6815215
        ]
      },
      "properties": {
        "event_id": "797299",
        "event_name": "Woodhull Block Party",
        "event_type": "Block Party",
        "event_agency": "Street Activity Permit Office",
        "event_location": "WOODHULL STREET between COLUMBIA STREET and HICKS STREET",
        "event_borough": "Brooklyn",
        "start_date": "2024-09-07T13:00:00.000",
        "end_date": "2024-09-07T20:00:00.000",
        "start_formatted": "September 07, 2024 01:00 PM",
        "end_formatted": "September 07, 2024 08:00 PM",
        "street_closure_type": "Full Street Closure",
        "community_board": "6,",
        "police_precinct": "76,"
      }
    },
    {
      "type": "Feature",
      "geometry": {
        "type": "Point",
        "coordinates": [
          -73.939598,
          40.808619500000006
        ]
      },
      "properties": {
        "event_id": "797190",
        "event_name": "Barbecue",
        "event_type": "Block Party",
        "event_agency": "Street Activity Permit Office",
        "event_location": "EAST  129 STREET between 5 AVENUE and MADISON AVENUE",
        "event_borough": "Manhattan",
        "start_date": "2024-09-07T13:00:00.000",
        "end_date": "2024-09-07T18:00:00.000",
        "start_formatted": "September 07, 2024 01:00 PM",
        "end_formatted": "September 07, 2024 06:00 PM",
        "street_closure_type": "Full Street Closure",
        "community_board": "11,",
        "police_precinct": "25,"
      }
    },
    {
      "type": "Feature",
      "geometry": {
        "type": "Point",
        "coordinates": [
          -74.125245,
          40.634626
        ]
      },
      "properties": {
        "event_id": "794553",
        "event_name": "block party",
        "event_type": "Block Party",
        "event_agency": "Street Activity Permit Office",
        "event_location": "BODINE STREET between CASTLETON AVENUE and DEGROOT PLACE",
        "event_borough": "Staten Island",
        "start_date": "2024-09-07T13:00:00.000",
        "end_date": "2024-09-07T21:00:00.000",
        "start_formatted": "September 07, 2024 01:00 PM",
        "end_formatted": "September 07, 2024 09:00 PM",
        "street_closure_type": "Full Street Closure",
        "community_board": "1,",
        "police_precinct": "120,"
      }
    },
    {
      "type": "Feature",
      "geometry": {
        "type": "Point",
        "coordinates": [
          -73.8514,
          40.68531900000001
        ]
      },
      "properties": {
        "event_id": "793216",
        "event_name": "90th Street Block Party",
        "event_type": "Block Party",
        "event_agency": "Street Activity Permit Office",
        "event_location": "90 STREET between 95 AVENUE and 97 AVENUE",
        "event_borough": "Queens",
        "start_date": "2024-09-07T13:00:00.000",
        "end_date": "2024-09-07T20:00:00.000",
        "start_formatted": "September 07, 2024 01:00 PM",
        "end_formatted": "September 07, 2024 08:00 PM",
        "street_closure_type": "Full Street Closure",
        "community_board": "9,",
        "police_precinct": "102,"
      }
    },
    {
      "type": "Feature",
      "geometry": {
        "type": "Point",
        "coordinates": [
          -73.8818275,
          40.67266
        ]
      },
      "properties": {
        "event_id": "768037",
        "event_name": "St. Paul AME Church Community Day-Block Party",
        "event_type": "Block Party",
        "event_agency": "Street Activity Permit Office",
        "event_location": "BELMONT AVENUE between LINWOOD STREET and ESSEX STREET",
        "event_borough": "Brooklyn",
        "start_date": "2024-09-07T13:00:00.000",
        "end_date": "2024-09-07T18:00:00.000",
        "start_formatted": "September 07, 2024 01:00 PM",
        "end_formatted": "September 07, 2024 06:00 PM",
        "street_closure_type": "Full Street Closure",
        "community_board": "5,",
        "police_precinct": "75,"
      }
    },
    {
      "type": "Feature",
      "geometry": {
        "type": "Point",
        "coordinates": [
          -73.8741405,
          40.7082515
        ]
      },
      "properties": {
        "event_id": "781941",
        "event_name": "78 Street Block Party",
        "event_type": "Block Party",
        "event_agency": "Street Activity Permit Office",
        "event_location": "78 STREET between 69 ROAD and COOPER AVENUE",
        "event_borough": "Queens",
        "start_date": "2024-09-07T12:40:00.000",
        "end_date": "2024-09-07T21:00:00.000",
        "start_formatted": "September 07, 2024 12:40 PM",
        "end_formatted": "September 07, 2024 09:00 PM",
        "street_closure_type": "Full Street Closure",
        "community_board": "5,",
        "police_precinct": "104,"
      }
    },
    {
      "type": "Feature",
      "geometry": {
        "type": "Point",
        "coordinates": [
          -73.982056,
          40.660365999999996
        ]
      },
      "properties": {
        "event_id": "787036",
        "event_name": "Windsor Place Block Party",
        "event_type": "Block Party",
        "event_agency": "Street Activity Permit Office",
        "event_location": "WINDSOR PLACE between PROSPECT PARK WEST and 8 AVENUE",
        "event_borough": "Brooklyn",
        "start_date": "2024-09-07T12:30:00.000",
        "end_date": "2024-09-07T20:30:00.000",
        "start_formatted": "September 07, 2024 12:30 PM",
        "end_formatted": "September 07, 2024 08:30 PM",
        "street_closure_type": "Full Street Closure",
        "community_board": "7,",
        "police_precinct": "72,"
      }
    },
    {
      "type": "Feature",
      "geometry": {
        "type": "Point",
        "coordinates": [
          -73.97835850000001,
          40.6532275
        ]
      },
      "properties": {
        "event_id": "795164",
        "event_name": "19th Street block party",
        "event_type": "Block Party",
        "event_agency": "Street Activity Permit Office",
        "event_location": "19 STREET between SEELEY STREET and VANDERBILT STREET",
        "event_borough": "Brooklyn",
        "start_date": "2024-09-07T12:30:00.000",
        "end_date": "2024-09-07T19:00:00.000",
        "start_formatted": "September 07, 2024 12:30 PM",
        "end_formatted": "September 07, 2024 07:00 PM",
        "street_closure_type": "Full Street Closure",
        "community_board": "7,",
        "police_precinct": "72,"
      }
    },
    {
      "type": "Feature",
      "geometry": {
        "type": "Point",
        "coordinates": [
          -73.9355215,
          40.587154
        ]
      },
      "properties": {
        "event_id": "791557",
        "event_name": "ANNUAL FORD STREET BLOCK PARTY",
        "event_type": "Block Party",
        "event_agency": "Street Activity Permit Office",
        "event_location": "FORD STREET between SHORE PARKWAY and VOORHIES AVENUE",
        "event_borough": "Brooklyn",
        "start_date": "2024-09-07T12:30:00.000",
        "end_date": "2024-09-07T20:30:00.000",
        "start_formatted": "September 07, 2024 12:30 PM",
        "end_formatted": "September 07, 2024 08:30 PM",
        "street_closure_type": "Full Street Closure",
        "community_board": "15,",
        "police_precinct": "61,"
      }
    },
    {
      "type": "Feature",
      "geometry": {
        "type": "Point",
        "coordinates": [
          -74.1296215,
          40.618406500000006
        ]
      },
      "properties": {
        "event_id": "797045",
        "event_name": "Keiber court block party",
        "event_type": "Block Party",
        "event_agency": "Street Activity Permit Office",
        "event_location": "KEIBER COURT between JEWETT AVENUE and WESCOTT BOULEVARD",
        "event_borough": "Staten Island",
        "start_date": "2024-09-07T12:30:00.000",
        "end_date": "2024-09-07T20:00:00.000",
        "start_formatted": "September 07, 2024 12:30 PM",
        "end_formatted": "September 07, 2024 08:00 PM",
        "street_closure_type": "Full Street Closure",
        "community_board": "1,",
        "police_precinct": "120,"
      }
    },
    {
      "type": "Feature",
      "geometry": {
        "type": "Point",
        "coordinates": [
          -73.9581245,
          40.655754
        ]
      },
      "properties": {
        "event_id": "783595",
        "event_name": "Parkside Avenue Block Party",
        "event_type": "Block Party",
        "event_agency": "Street Activity Permit Office",
        "event_location": "PARKSIDE AVENUE between FLATBUSH AVENUE and BEDFORD AVENUE",
        "event_borough": "Brooklyn",
        "start_date": "2024-09-07T12:30:00.000",
        "end_date": "2024-09-07T18:30:00.000",
        "start_formatted": "September 07, 2024 12:30 PM",
        "end_formatted": "September 07, 2024 06:30 PM",
        "street_closure_type": "Full Street Closure",
        "community_board": "9,",
        "police_precinct": "71,"
      }
    },
    {
      "type": "Feature",
      "geometry": {
        "type": "Point",
        "coordinates": [
          -73.8977675,
          40.656758499999995
        ]
      },
      "properties": {
        "event_id": "783256",
        "event_name": "Snediker Avenue Annual Block Party",
        "event_type": "Block Party",
        "event_agency": "Street Activity Permit Office",
        "event_location": "SNEDIKER AVENUE between LINDEN BOULEVARD and DEWITT AVENUE",
        "event_borough": "Brooklyn",
        "start_date": "2024-09-07T12:30:00.000",
        "end_date": "2024-09-07T19:30:00.000",
        "start_formatted": "September 07, 2024 12:30 PM",
        "end_formatted": "September 07, 2024 07:30 PM",
        "street_closure_type": "Full Street Closure",
        "community_board": "5,",
        "police_precinct": "75,"
      }
    },
    {
      "type": "Feature",
      "geometry": {
        "type": "Point",
        "coordinates": [
          -73.898093,
          40.661767499999996
        ]
      },
      "properties": {
        "event_id": "772483",
        "event_name": "Hinsdale Annual Block Party",
        "event_type": "Block Party",
        "event_agency": "Street Activity Permit Office",
        "event_location": "HINSDALE STREET between RIVERDALE AVENUE and NEWPORT STREET",
        "event_borough": "Brooklyn",
        "start_date": "2024-09-07T12:30:00.000",
        "end_date": "2024-09-07T19:30:00.000",
        "start_formatted": "September 07, 2024 12:30 PM",
        "end_formatted": "September 07, 2024 07:30 PM",
        "street_closure_type": "Full Street Closure",
        "community_board": "5,",
        "police_precinct": "75,"
      }
    },
    {
      "type": "Feature",
      "geometry": {
        "type": "Point",
        "coordinates": [
          -74.107889,
          40.623235
        ]
      },
      "properties": {
        "event_id": "802196",
        "event_name": "Pelton Block Party",
        "event_type": "Block Party",
        "event_agency": "Street Activity Permit Office",
        "event_location": "PELTON AVENUE between WHITEWOOD AVENUE and DEAD END",
        "event_borough": "Staten Island",
        "start_date": "2024-09-07T12:00:00.000",
        "end_date": "2024-09-07T21:00:00.000",
        "start_formatted": "September 07, 2024 12:00 PM",
        "end_formatted": "September 07, 2024 09:00 PM",
        "street_closure_type": "Full Street Closure",
        "community_board": "1,",
        "police_precinct": "120,"
      }
    },
    {
      "type": "Feature",
      "geometry": {
        "type": "Point",
        "coordinates": [
          -73.9355285,
          40.611256
        ]
      },
      "properties": {
        "event_id": "794504",
        "event_name": "E 34th Street Block Party",
        "event_type": "Block Party",
        "event_agency": "Street Activity Permit Office",
        "event_location": "EAST   34 STREET between FILLMORE AVENUE and AVENUE R",
        "event_borough": "Brooklyn",
        "start_date": "2024-09-07T12:00:00.000",
        "end_date": "2024-09-07T19:00:00.000",
        "start_formatted": "September 07, 2024 12:00 PM",
        "end_formatted": "September 07, 2024 07:00 PM",
        "street_closure_type": "Full Street Closure",
        "community_board": "18,",
        "police_precinct": "63,"
      }
    },
    {
      "type": "Feature",
      "geometry": {
        "type": "Point",
        "coordinates": [
          -73.9414295,
          40.662934
        ]
      },
      "properties": {
        "event_id": "782110",
        "event_name": "Barbara Simmons Way Back 2 School Block Party",
        "event_type": "Block Party",
        "event_agency": "Street Activity Permit Office",
        "event_location": "LEFFERTS AVENUE between KINGSTON AVENUE and ALBANY AVENUE",
        "event_borough": "Brooklyn",
        "start_date": "2024-09-07T12:00:00.000",
        "end_date": "2024-09-07T19:00:00.000",
        "start_formatted": "September 07, 2024 12:00 PM",
        "end_formatted": "September 07, 2024 07:00 PM",
        "street_closure_type": "Full Street Closure",
        "community_board": "9,",
        "police_precinct": "71,"
      }
    },
    {
      "type": "Feature",
      "geometry": {
        "type": "Point",
        "coordinates": [
          -73.9966465,
          40.687698499999996
        ]
      },
      "properties": {
        "event_id": "787966",
        "event_name": "Warren Street Block Party",
        "event_type": "Block Party",
        "event_agency": "Street Activity Permit Office",
        "event_location": "WARREN STREET between CLINTON STREET and HENRY STREET",
        "event_borough": "Brooklyn",
        "start_date": "2024-09-07T12:00:00.000",
        "end_date": "2024-09-07T21:00:00.000",
        "start_formatted": "September 07, 2024 12:00 PM",
        "end_formatted": "September 07, 2024 09:00 PM",
        "street_closure_type": "Full Street Closure",
        "community_board": "6,",
        "police_precinct": "76,"
      }
    },
    {
      "type": "Feature",
      "geometry": {
        "type": "Point",
        "coordinates": [
          -73.97452899999999,
          40.68675
        ]
      },
      "properties": {
        "event_id": "796992",
        "event_name": "Loves In Need",
        "event_type": "Block Party",
        "event_agency": "Street Activity Permit Office",
        "event_location": "SOUTH PORTLAND AVENUE between LAFAYETTE AVENUE and FULTON STREET",
        "event_borough": "Brooklyn",
        "start_date": "2024-09-07T12:00:00.000",
        "end_date": "2024-09-07T20:00:00.000",
        "start_formatted": "September 07, 2024 12:00 PM",
        "end_formatted": "September 07, 2024 08:00 PM",
        "street_closure_type": "Full Street Closure",
        "community_board": "2,",
        "police_precinct": "88,"
      }
    },
    {
      "type": "Feature",
      "geometry": {
        "type": "Point",
        "coordinates": [
          -74.0021285,
          40.654749
        ]
      },
      "properties": {
        "event_id": "796239",
        "event_name": "34th Street Block party",
        "event_type": "Block Party",
        "event_agency": "Street Activity Permit Office",
        "event_location": "34 STREET between 4 AVENUE and 5 AVENUE",
        "event_borough": "Brooklyn",
        "start_date": "2024-09-07T12:00:00.000",
        "end_date": "2024-09-07T19:00:00.000",
        "start_formatted": "September 07, 2024 12:00 PM",
        "end_formatted": "September 07, 2024 07:00 PM",
        "street_closure_type": "Full Street Closure",
        "community_board": "7,",
        "police_precinct": "72,"
      }
    },
    {
      "type": "Feature",
      "geometry": {
        "type": "Point",
        "coordinates": [
          -73.99433400000001,
          40.678981
        ]
      },
      "properties": {
        "event_id": "789239",
        "event_name": "2nd Street Block Party Smith  Hoyt",
        "event_type": "Block Party",
        "event_agency": "Street Activity Permit Office",
        "event_location": "2 STREET between HOYT STREET and SMITH STREET",
        "event_borough": "Brooklyn",
        "start_date": "2024-09-07T12:00:00.000",
        "end_date": "2024-09-07T21:00:00.000",
        "start_formatted": "September 07, 2024 12:00 PM",
        "end_formatted": "September 07, 2024 09:00 PM",
        "street_closure_type": "Sidewalk and Street Closure",
        "community_board": "6,",
        "police_precinct": "76,"
      }
    },
    {
      "type": "Feature",
      "geometry": {
        "type": "Point",
        "coordinates": [
          -74.0277575,
          40.6351195
        ]
      },
      "properties": {
        "event_id": "795097",
        "event_name": "Ovington Avenue 200 Block Party",
        "event_type": "Block Party",
        "event_agency": "Street Activity Permit Office",
        "event_location": "OVINGTON AVENUE between 3 AVENUE and RIDGE BOULEVARD",
        "event_borough": "Brooklyn",
        "start_date": "2024-09-07T12:00:00.000",
        "end_date": "2024-09-07T21:00:00.000",
        "start_formatted": "September 07, 2024 12:00 PM",
        "end_formatted": "September 07, 2024 09:00 PM",
        "street_closure_type": "Full Street Closure",
        "community_board": "10,",
        "police_precinct": "68,"
      }
    },
    {
      "type": "Feature",
      "geometry": {
        "type": "Point",
        "coordinates": [
          -73.912992,
          40.682293
        ]
      },
      "properties": {
        "event_id": "788406",
        "event_name": "CSBA Block Party",
        "event_type": "Block Party",
        "event_agency": "Street Activity Permit Office",
        "event_location": "CHAUNCEY STREET between ROCKAWAY AVENUE and THOMAS BOYLAND STREET",
        "event_borough": "Brooklyn",
        "start_date": "2024-09-07T12:00:00.000",
        "end_date": "2024-09-07T18:30:00.000",
        "start_formatted": "September 07, 2024 12:00 PM",
        "end_formatted": "September 07, 2024 06:30 PM",
        "street_closure_type": "Full Street Closure",
        "community_board": "16,",
        "police_precinct": "73,"
      }
    },
    {
      "type": "Feature",
      "geometry": {
        "type": "Point",
        "coordinates": [
          -73.7766135,
          40.687387
        ]
      },
      "properties": {
        "event_id": "788968",
        "event_name": "Annual Block Party Family Day",
        "event_type": "Block Party",
        "event_agency": "Street Activity Permit Office",
        "event_location": "171 STREET between FOCH BOULEVARD and 116 AVENUE",
        "event_borough": "Queens",
        "start_date": "2024-09-07T12:00:00.000",
        "end_date": "2024-09-07T17:00:00.000",
        "start_formatted": "September 07, 2024 12:00 PM",
        "end_formatted": "September 07, 2024 05:00 PM",
        "street_closure_type": "Full Street Closure",
        "community_board": "12,",
        "police_precinct": "113,"
      }
    },
    {
      "type": "Feature",
      "geometry": {
        "type": "Point",
        "coordinates": [
          -73.976282,
          40.675585
        ]
      },
      "properties": {
        "event_id": "787185",
        "event_name": "The Heat Is On 2024",
        "event_type": "Block Party",
        "event_agency": "Street Activity Permit Office",
        "event_location": "BERKELEY PLACE between 6 AVENUE and 7 AVENUE",
        "event_borough": "Brooklyn",
        "start_date": "2024-09-07T12:00:00.000",
        "end_date": "2024-09-07T18:00:00.000",
        "start_formatted": "September 07, 2024 12:00 PM",
        "end_formatted": "September 07, 2024 06:00 PM",
        "street_closure_type": "Full Street Closure",
        "community_board": "6,",
        "police_precinct": "78,"
      }
    },
    {
      "type": "Feature",
      "geometry": {
        "type": "Point",
        "coordinates": [
          -74.022076,
          40.6272575
        ]
      },
      "properties": {
        "event_id": "795934",
        "event_name": "77th Street Block Association Annual Block Party",
        "event_type": "Block Party",
        "event_agency": "Street Activity Permit Office",
        "event_location": "77 STREET between 5 AVENUE and 6 AVENUE",
        "event_borough": "Brooklyn",
        "start_date": "2024-09-07T12:00:00.000",
        "end_date": "2024-09-07T19:00:00.000",
        "start_formatted": "September 07, 2024 12:00 PM",
        "end_formatted": "September 07, 2024 07:00 PM",
        "street_closure_type": "Full Street Closure",
        "community_board": "10,",
        "police_precinct": "68,"
      }
    },
    {
      "type": "Feature",
      "geometry": {
        "type": "Point",
        "coordinates": [
          -73.92933550000001,
          40.6280795
        ]
      },
      "properties": {
        "event_id": "792369",
        "event_name": "THE TRUTH",
        "event_type": "Block Party",
        "event_agency": "Street Activity Permit Office",
        "event_location": "AVENUE J between EAST   49 STREET and EAST   48 STREET",
        "event_borough": "Brooklyn",
        "start_date": "2024-09-07T12:00:00.000",
        "end_date": "2024-09-07T20:00:00.000",
        "start_formatted": "September 07, 2024 12:00 PM",
        "end_formatted": "September 07, 2024 08:00 PM",
        "street_closure_type": "Full Street Closure",
        "community_board": "18,",
        "police_precinct": "63,"
      }
    },
    {
      "type": "Feature",
      "geometry": {
        "type": "Point",
        "coordinates": [
          -73.9125345,
          40.6740555
        ]
      },
      "properties": {
        "event_id": "785555",
        "event_name": "Ocean Hill Playground Block Association Block Party",
        "event_type": "Block Party",
        "event_agency": "Street Activity Permit Office",
        "event_location": "BERGEN STREET between ROCKAWAY AVENUE and THOMAS BOYLAND STREET",
        "event_borough": "Brooklyn",
        "start_date": "2024-09-07T12:00:00.000",
        "end_date": "2024-09-07T19:00:00.000",
        "start_formatted": "September 07, 2024 12:00 PM",
        "end_formatted": "September 07, 2024 07:00 PM",
        "street_closure_type": "Full Street Closure",
        "community_board": "16,",
        "police_precinct": "73,"
      }
    },
    {
      "type": "Feature",
      "geometry": {
        "type": "Point",
        "coordinates": [
          -73.95124799999999,
          40.706939000000006
        ]
      },
      "properties": {
        "event_id": "789915",
        "event_name": "South 5th Street Block Association Annul Block Party",
        "event_type": "Block Party",
        "event_agency": "Street Activity Permit Office",
        "event_location": "SOUTH    5 STREET between HEWES STREET and UNION AVENUE",
        "event_borough": "Brooklyn",
        "start_date": "2024-09-07T12:00:00.000",
        "end_date": "2024-09-07T16:30:00.000",
        "start_formatted": "September 07, 2024 12:00 PM",
        "end_formatted": "September 07, 2024 04:30 PM",
        "street_closure_type": "Full Street Closure",
        "community_board": "1,",
        "police_precinct": "90,"
      }
    },
    {
      "type": "Feature",
      "geometry": {
        "type": "Point",
        "coordinates": [
          -74.038066,
          40.6243195
        ]
      },
      "properties": {
        "event_id": "797132",
        "event_name": "block party",
        "event_type": "Block Party",
        "event_agency": "Street Activity Permit Office",
        "event_location": "87 STREET between COLONIAL ROAD and NARROWS AVENUE",
        "event_borough": "Brooklyn",
        "start_date": "2024-09-07T12:00:00.000",
        "end_date": "2024-09-07T20:30:00.000",
        "start_formatted": "September 07, 2024 12:00 PM",
        "end_formatted": "September 07, 2024 08:30 PM",
        "street_closure_type": "Full Street Closure",
        "community_board": "10,",
        "police_precinct": "68,"
      }
    },
    {
      "type": "Feature",
      "geometry": {
        "type": "Point",
        "coordinates": [
          -73.90781999999999,
          40.682517000000004
        ]
      },
      "properties": {
        "event_id": "787455",
        "event_name": "7th Annual Granite Street Block Party",
        "event_type": "Block Party",
        "event_agency": "Street Activity Permit Office",
        "event_location": "GRANITE STREET between BROADWAY and BUSHWICK AVENUE",
        "event_borough": "Brooklyn",
        "start_date": "2024-09-07T12:00:00.000",
        "end_date": "2024-09-07T20:00:00.000",
        "start_formatted": "September 07, 2024 12:00 PM",
        "end_formatted": "September 07, 2024 08:00 PM",
        "street_closure_type": "Full Street Closure",
        "community_board": "4,",
        "police_precinct": "83,"
      }
    },
    {
      "type": "Feature",
      "geometry": {
        "type": "Point",
        "coordinates": [
          -73.9758065,
          40.6449585
        ]
      },
      "properties": {
        "event_id": "793267",
        "event_name": "East 5th Street Block Party",
        "event_type": "Block Party",
        "event_agency": "Street Activity Permit Office",
        "event_location": "EAST    5 STREET between CHURCH AVENUE and ALBERMARLE ROAD",
        "event_borough": "Brooklyn",
        "start_date": "2024-09-07T12:00:00.000",
        "end_date": "2024-09-07T20:30:00.000",
        "start_formatted": "September 07, 2024 12:00 PM",
        "end_formatted": "September 07, 2024 08:30 PM",
        "street_closure_type": "Full Street Closure",
        "community_board": "12,",
        "police_precinct": "66,"
      }
    },
    {
      "type": "Feature",
      "geometry": {
        "type": "Point",
        "coordinates": [
          -73.9331725,
          40.6949685
        ]
      },
      "properties": {
        "event_id": "783411",
        "event_name": "Hart St Block Party",
        "event_type": "Block Party",
        "event_agency": "Street Activity Permit Office",
        "event_location": "HART STREET between BROADWAY and STUYVESANT AVENUE",
        "event_borough": "Brooklyn",
        "start_date": "2024-09-07T12:00:00.000",
        "end_date": "2024-09-07T20:00:00.000",
        "start_formatted": "September 07, 2024 12:00 PM",
        "end_formatted": "September 07, 2024 08:00 PM",
        "street_closure_type": "Full Street Closure",
        "community_board": "3,",
        "police_precinct": "81,"
      }
    },
    {
      "type": "Feature",
      "geometry": {
        "type": "Point",
        "coordinates": [
          -74.0335415,
          40.6210035
        ]
      },
      "properties": {
        "event_id": "797015",
        "event_name": "90th Street-22nd Annual Block Party",
        "event_type": "Block Party",
        "event_agency": "Street Activity Permit Office",
        "event_location": "90 STREET between RIDGE BOULEVARD and 3 AVENUE",
        "event_borough": "Brooklyn",
        "start_date": "2024-09-07T12:00:00.000",
        "end_date": "2024-09-07T21:00:00.000",
        "start_formatted": "September 07, 2024 12:00 PM",
        "end_formatted": "September 07, 2024 09:00 PM",
        "street_closure_type": "Full Street Closure",
        "community_board": "10,",
        "police_precinct": "68,"
      }
    },
    {
      "type": "Feature",
      "geometry": {
        "type": "Point",
        "coordinates": [
          -74.15345500000001,
          40.547362
        ]
      },
      "properties": {
        "event_id": "795611",
        "event_name": "Block party",
        "event_type": "Block Party",
        "event_agency": "Street Activity Permit Office",
        "event_location": "MONTVALE PLACE between BETH PLACE and OAKDALE STREET",
        "event_borough": "Staten Island",
        "start_date": "2024-09-07T12:00:00.000",
        "end_date": "2024-09-07T21:00:00.000",
        "start_formatted": "September 07, 2024 12:00 PM",
        "end_formatted": "September 07, 2024 09:00 PM",
        "street_closure_type": "Full Street Closure",
        "community_board": "3,",
        "police_precinct": "122,"
      }
    },
    {
      "type": "Feature",
      "geometry": {
        "type": "Point",
        "coordinates": [
          -73.8455805,
          40.662664
        ]
      },
      "properties": {
        "event_id": "774396",
        "event_name": "88th St Block Party part 2",
        "event_type": "Block Party",
        "event_agency": "Street Activity Permit Office",
        "event_location": "88 STREET between 156 AVENUE and 157 AVENUE",
        "event_borough": "Queens",
        "start_date": "2024-09-07T12:00:00.000",
        "end_date": "2024-09-07T21:00:00.000",
        "start_formatted": "September 07, 2024 12:00 PM",
        "end_formatted": "September 07, 2024 09:00 PM",
        "street_closure_type": "Full Street Closure",
        "community_board": "10,",
        "police_precinct": "106,"
      }
    },
    {
      "type": "Feature",
      "geometry": {
        "type": "Point",
        "coordinates": [
          -73.921206,
          40.682094500000005
        ]
      },
      "properties": {
        "event_id": "797544",
        "event_name": "Bainbridge Block Party Official",
        "event_type": "Block Party",
        "event_agency": "Street Activity Permit Office",
        "event_location": "BAINBRIDGE STREET between RALPH AVENUE and HOWARD AVENUE",
        "event_borough": "Brooklyn",
        "start_date": "2024-09-07T12:00:00.000",
        "end_date": "2024-09-07T19:30:00.000",
        "start_formatted": "September 07, 2024 12:00 PM",
        "end_formatted": "September 07, 2024 07:30 PM",
        "street_closure_type": "Full Street Closure",
        "community_board": "3,",
        "police_precinct": "81,"
      }
    },
    {
      "type": "Feature",
      "geometry": {
        "type": "Point",
        "coordinates": [
          -73.9794245,
          40.649034
        ]
      },
      "properties": {
        "event_id": "770251",
        "event_name": "East 2 St. Block Party",
        "event_type": "Block Party",
        "event_agency": "Street Activity Permit Office",
        "event_location": "EAST    2 STREET between GREENWOOD AVENUE and FORT HAMILTON PARKWAY",
        "event_borough": "Brooklyn",
        "start_date": "2024-09-07T12:00:00.000",
        "end_date": "2024-09-07T20:00:00.000",
        "start_formatted": "September 07, 2024 12:00 PM",
        "end_formatted": "September 07, 2024 08:00 PM",
        "street_closure_type": "Full Street Closure",
        "community_board": "7,",
        "police_precinct": "72,"
      }
    },
    {
      "type": "Feature",
      "geometry": {
        "type": "Point",
        "coordinates": [
          -73.9839135,
          40.662110999999996
        ]
      },
      "properties": {
        "event_id": "788278",
        "event_name": "Sept 2024 Block Party",
        "event_type": "Block Party",
        "event_agency": "Street Activity Permit Office",
        "event_location": "16 STREET between 7 AVENUE and 8 AVENUE",
        "event_borough": "Brooklyn",
        "start_date": "2024-09-07T12:00:00.000",
        "end_date": "2024-09-07T18:00:00.000",
        "start_formatted": "September 07, 2024 12:00 PM",
        "end_formatted": "September 07, 2024 06:00 PM",
        "street_closure_type": "Full Street Closure",
        "community_board": "7,",
        "police_precinct": "72,"
      }
    },
    {
      "type": "Feature",
      "geometry": {
        "type": "Point",
        "coordinates": [
          -73.871913,
          40.7056495
        ]
      },
      "properties": {
        "event_id": "797343",
        "event_name": "79th Street Block Party",
        "event_type": "Block Party",
        "event_agency": "Street Activity Permit Office",
        "event_location": "79 STREET between 78 AVENUE and 77 AVENUE",
        "event_borough": "Queens",
        "start_date": "2024-09-07T12:00:00.000",
        "end_date": "2024-09-07T21:00:00.000",
        "start_formatted": "September 07, 2024 12:00 PM",
        "end_formatted": "September 07, 2024 09:00 PM",
        "street_closure_type": "Full Street Closure",
        "community_board": "5,",
        "police_precinct": "104,"
      }
    },
    {
      "type": "Feature",
      "geometry": {
        "type": "Point",
        "coordinates": [
          -74.021063,
          40.629746499999996
        ]
      },
      "properties": {
        "event_id": "797239",
        "event_name": "PO Moira Smith-Reddy Memorial Block Party",
        "event_type": "Block Party",
        "event_agency": "Street Activity Permit Office",
        "event_location": "74 STREET between 5 AVENUE and 6 AVENUE",
        "event_borough": "Brooklyn",
        "start_date": "2024-09-07T12:00:00.000",
        "end_date": "2024-09-07T21:00:00.000",
        "start_formatted": "September 07, 2024 12:00 PM",
        "end_formatted": "September 07, 2024 09:00 PM",
        "street_closure_type": "Full Street Closure",
        "community_board": "10,",
        "police_precinct": "68,"
      }
    },
    {
      "type": "Feature",
      "geometry": {
        "type": "Point",
        "coordinates": [
          -73.863966,
          40.7045275
        ]
      },
      "properties": {
        "event_id": "787900",
        "event_name": "85th Street Block Party",
        "event_type": "Block Party",
        "event_agency": "Street Activity Permit Office",
        "event_location": "85 STREET between MYRTLE AVENUE and 78 AVENUE",
        "event_borough": "Queens",
        "start_date": "2024-09-07T12:00:00.000",
        "end_date": "2024-09-07T21:00:00.000",
        "start_formatted": "September 07, 2024 12:00 PM",
        "end_formatted": "September 07, 2024 09:00 PM",
        "street_closure_type": "Full Street Closure",
        "community_board": "5,",
        "police_precinct": "104,"
      }
    },
    {
      "type": "Feature",
      "geometry": {
        "type": "Point",
        "coordinates": [
          -73.99414250000001,
          40.683326
        ]
      },
      "properties": {
        "event_id": "788536",
        "event_name": "Degraw Street Block Party 2024",
        "event_type": "Block Party",
        "event_agency": "Street Activity Permit Office",
        "event_location": "DEGRAW STREET between COURT STREET and SMITH STREET",
        "event_borough": "Brooklyn",
        "start_date": "2024-09-07T12:00:00.000",
        "end_date": "2024-09-07T20:00:00.000",
        "start_formatted": "September 07, 2024 12:00 PM",
        "end_formatted": "September 07, 2024 08:00 PM",
        "street_closure_type": "Full Street Closure",
        "community_board": "6,",
        "police_precinct": "76,"
      }
    },
    {
      "type": "Feature",
      "geometry": {
        "type": "Point",
        "coordinates": [
          -73.935234,
          40.7942335
        ]
      },
      "properties": {
        "event_id": "790548",
        "event_name": "Back to school event",
        "event_type": "Block Party",
        "event_agency": "Street Activity Permit Office",
        "event_location": "EAST  114 STREET between 1 AVENUE and PLEASANT AVENUE",
        "event_borough": "Manhattan",
        "start_date": "2024-09-07T12:00:00.000",
        "end_date": "2024-09-07T17:00:00.000",
        "start_formatted": "September 07, 2024 12:00 PM",
        "end_formatted": "September 07, 2024 05:00 PM",
        "street_closure_type": "Full Street Closure",
        "community_board": "11,",
        "police_precinct": "23, 25,"
      }
    },
    {
      "type": "Feature",
      "geometry": {
        "type": "Point",
        "coordinates": [
          -74.0197795,
          40.626785999999996
        ]
      },
      "properties": {
        "event_id": "785806",
        "event_name": "76th Street Block Party",
        "event_type": "Block Party",
        "event_agency": "Street Activity Permit Office",
        "event_location": "76 STREET between 7 AVENUE and 6 AVENUE",
        "event_borough": "Brooklyn",
        "start_date": "2024-09-07T12:00:00.000",
        "end_date": "2024-09-07T21:00:00.000",
        "start_formatted": "September 07, 2024 12:00 PM",
        "end_formatted": "September 07, 2024 09:00 PM",
        "street_closure_type": "Full Street Closure",
        "community_board": "10,",
        "police_precinct": "68,"
      }
    },
    {
      "type": "Feature",
      "geometry": {
        "type": "Point",
        "coordinates": [
          -73.9928845,
          40.667294
        ]
      },
      "properties": {
        "event_id": "796466",
        "event_name": "15TH STREET BLOCK PARTY",
        "event_type": "Block Party",
        "event_agency": "Street Activity Permit Office",
        "event_location": "15 STREET between 3 AVENUE and 4 AVENUE",
        "event_borough": "Brooklyn",
        "start_date": "2024-09-07T12:00:00.000",
        "end_date": "2024-09-07T20:00:00.000",
        "start_formatted": "September 07, 2024 12:00 PM",
        "end_formatted": "September 07, 2024 08:00 PM",
        "street_closure_type": "Full Street Closure",
        "community_board": "6, 7,",
        "police_precinct": "72, 78,"
      }
    },
    {
      "type": "Feature",
      "geometry": {
        "type": "Point",
        "coordinates": [
          -73.93481349999999,
          40.6117155
        ]
      },
      "properties": {
        "event_id": "787511",
        "event_name": "East 35th block party",
        "event_type": "Block Party",
        "event_agency": "Street Activity Permit Office",
        "event_location": "EAST   35 STREET between FILLMORE AVENUE and AVENUE R",
        "event_borough": "Brooklyn",
        "start_date": "2024-09-07T12:00:00.000",
        "end_date": "2024-09-07T21:00:00.000",
        "start_formatted": "September 07, 2024 12:00 PM",
        "end_formatted": "September 07, 2024 09:00 PM",
        "street_closure_type": "Full Street Closure",
        "community_board": "18,",
        "police_precinct": "63,"
      }
    },
    {
      "type": "Feature",
      "geometry": {
        "type": "Point",
        "coordinates": [
          -74.165981,
          40.59612
        ]
      },
      "properties": {
        "event_id": "778097",
        "event_name": "Plymouth Road Block Party",
        "event_type": "Block Party",
        "event_agency": "Street Activity Permit Office",
        "event_location": "PLYMOUTH ROAD between ROCKVILLE AVENUE and MULBERRY AVENUE",
        "event_borough": "Staten Island",
        "start_date": "2024-09-07T12:00:00.000",
        "end_date": "2024-09-07T21:00:00.000",
        "start_formatted": "September 07, 2024 12:00 PM",
        "end_formatted": "September 07, 2024 09:00 PM",
        "street_closure_type": "Full Street Closure",
        "community_board": "2,",
        "police_precinct": "121,"
      }
    },
    {
      "type": "Feature",
      "geometry": {
        "type": "Point",
        "coordinates": [
          -73.81564499999999,
          40.679133
        ]
      },
      "properties": {
        "event_id": "793627",
        "event_name": "124 block party",
        "event_type": "Block Party",
        "event_agency": "Street Activity Permit Office",
        "event_location": "124 STREET between LINDEN BOULEVARD and 115 AVENUE",
        "event_borough": "Queens",
        "start_date": "2024-09-07T12:00:00.000",
        "end_date": "2024-09-07T20:30:00.000",
        "start_formatted": "September 07, 2024 12:00 PM",
        "end_formatted": "September 07, 2024 08:30 PM",
        "street_closure_type": "Full Street Closure",
        "community_board": "10,",
        "police_precinct": "106,"
      }
    },
    {
      "type": "Feature",
      "geometry": {
        "type": "Point",
        "coordinates": [
          -73.88807700000001,
          40.719584
        ]
      },
      "properties": {
        "event_id": "795026",
        "event_name": "69th Lane Block Party",
        "event_type": "Block Party",
        "event_agency": "Street Activity Permit Office",
        "event_location": "69 LANE between ELIOT AVENUE and 62 AVENUE",
        "event_borough": "Queens",
        "start_date": "2024-09-07T12:00:00.000",
        "end_date": "2024-09-07T21:00:00.000",
        "start_formatted": "September 07, 2024 12:00 PM",
        "end_formatted": "September 07, 2024 09:00 PM",
        "street_closure_type": "Full Street Closure",
        "community_board": "5,",
        "police_precinct": "104,"
      }
    },
    {
      "type": "Feature",
      "geometry": {
        "type": "Point",
        "coordinates": [
          -74.160844,
          40.5339065
        ]
      },
      "properties": {
        "event_id": "790293",
        "event_name": "Orchard lane 2024",
        "event_type": "Block Party",
        "event_agency": "Street Activity Permit Office",
        "event_location": "ORCHARD LANE between SHIRLEY AVENUE and OSAGE LANE",
        "event_borough": "Staten Island",
        "start_date": "2024-09-07T12:00:00.000",
        "end_date": "2024-09-07T21:00:00.000",
        "start_formatted": "September 07, 2024 12:00 PM",
        "end_formatted": "September 07, 2024 09:00 PM",
        "street_closure_type": "Full Street Closure",
        "community_board": "3,",
        "police_precinct": "123,"
      }
    },
    {
      "type": "Feature",
      "geometry": {
        "type": "Point",
        "coordinates": [
          -73.84282200000001,
          40.6630845
        ]
      },
      "properties": {
        "event_id": "797352",
        "event_name": "91st Street Block Party",
        "event_type": "Block Party",
        "event_agency": "Street Activity Permit Office",
        "event_location": "91 STREET between 156 AVENUE and 157 AVENUE",
        "event_borough": "Queens",
        "start_date": "2024-09-07T12:00:00.000",
        "end_date": "2024-09-07T20:00:00.000",
        "start_formatted": "September 07, 2024 12:00 PM",
        "end_formatted": "September 07, 2024 08:00 PM",
        "street_closure_type": "Full Street Closure",
        "community_board": "10,",
        "police_precinct": "106,"
      }
    },
    {
      "type": "Feature",
      "geometry": {
        "type": "Point",
        "coordinates": [
          -73.9399335,
          40.6851935
        ]
      },
      "properties": {
        "event_id": "770576",
        "event_name": "500 Putnam Avenue Block Party",
        "event_type": "Block Party",
        "event_agency": "Street Activity Permit Office",
        "event_location": "PUTNAM AVENUE between THROOP AVENUE and MARCUS GARVEY BOULEVARD",
        "event_borough": "Brooklyn",
        "start_date": "2024-09-07T12:00:00.000",
        "end_date": "2024-09-07T20:00:00.000",
        "start_formatted": "September 07, 2024 12:00 PM",
        "end_formatted": "September 07, 2024 08:00 PM",
        "street_closure_type": "Full Street Closure",
        "community_board": "3,",
        "police_precinct": "79,"
      }
    },
    {
      "type": "Feature",
      "geometry": {
        "type": "Point",
        "coordinates": [
          -73.9452175,
          40.795136
        ]
      },
      "properties": {
        "event_id": "774472",
        "event_name": "Dewitt Clinton Houses Family Day",
        "event_type": "Block Party",
        "event_agency": "Street Activity Permit Office",
        "event_location": "EAST  110 STREET between LEXINGTON AVENUE and PARK AVENUE",
        "event_borough": "Manhattan",
        "start_date": "2024-09-07T12:00:00.000",
        "end_date": "2024-09-07T19:00:00.000",
        "start_formatted": "September 07, 2024 12:00 PM",
        "end_formatted": "September 07, 2024 07:00 PM",
        "street_closure_type": "Full Street Closure",
        "community_board": "11,",
        "police_precinct": "23,"
      }
    },
    {
      "type": "Feature",
      "geometry": {
        "type": "Point",
        "coordinates": [
          -73.8880125,
          40.7052025
        ]
      },
      "properties": {
        "event_id": "790702",
        "event_name": "67 st block party",
        "event_type": "Block Party",
        "event_agency": "Street Activity Permit Office",
        "event_location": "67 STREET between OTTO ROAD and 70 AVENUE",
        "event_borough": "Queens",
        "start_date": "2024-09-07T12:00:00.000",
        "end_date": "2024-09-07T21:00:00.000",
        "start_formatted": "September 07, 2024 12:00 PM",
        "end_formatted": "September 07, 2024 09:00 PM",
        "street_closure_type": "Full Street Closure",
        "community_board": "5,",
        "police_precinct": "104,"
      }
    },
    {
      "type": "Feature",
      "geometry": {
        "type": "Point",
        "coordinates": [
          -74.1818145,
          40.598350999999994
        ]
      },
      "properties": {
        "event_id": "797316",
        "event_name": "Lori Hernandez",
        "event_type": "Block Party",
        "event_agency": "Street Activity Permit Office",
        "event_location": "LATIMER AVENUE between SHENANDOAH AVENUE and BARON BOULEVARD",
        "event_borough": "Staten Island",
        "start_date": "2024-09-07T12:00:00.000",
        "end_date": "2024-09-07T19:00:00.000",
        "start_formatted": "September 07, 2024 12:00 PM",
        "end_formatted": "September 07, 2024 07:00 PM",
        "street_closure_type": "Full Street Closure",
        "community_board": "2,",
        "police_precinct": "121,"
      }
    },
    {
      "type": "Feature",
      "geometry": {
        "type": "Point",
        "coordinates": [
          -73.9821035,
          40.6722265
        ]
      },
      "properties": {
        "event_id": "794651",
        "event_name": "3rd Street Block Party 2024",
        "event_type": "Block Party",
        "event_agency": "Street Activity Permit Office",
        "event_location": "3 STREET between 5 AVENUE and 6 AVENUE",
        "event_borough": "Brooklyn",
        "start_date": "2024-09-07T11:30:00.000",
        "end_date": "2024-09-07T19:00:00.000",
        "start_formatted": "September 07, 2024 11:30 AM",
        "end_formatted": "September 07, 2024 07:00 PM",
        "street_closure_type": "Full Street Closure",
        "community_board": "6,",
        "police_precinct": "78,"
      }
    },
    {
      "type": "Feature",
      "geometry": {
        "type": "Point",
        "coordinates": [
          -73.9745,
          40.6782085
        ]
      },
      "properties": {
        "event_id": "784389",
        "event_name": "Block Party 2024",
        "event_type": "Block Party",
        "event_agency": "Street Activity Permit Office",
        "event_location": "PARK PLACE between 6 AVENUE and 7 AVENUE",
        "event_borough": "Brooklyn",
        "start_date": "2024-09-07T11:30:00.000",
        "end_date": "2024-09-07T19:00:00.000",
        "start_formatted": "September 07, 2024 11:30 AM",
        "end_formatted": "September 07, 2024 07:00 PM",
        "street_closure_type": "Full Street Closure",
        "community_board": "6,",
        "police_precinct": "78,"
      }
    },
    {
      "type": "Feature",
      "geometry": {
        "type": "Point",
        "coordinates": [
          -73.93442300000001,
          40.6091585
        ]
      },
      "properties": {
        "event_id": "766332",
        "event_name": "East 33 Street",
        "event_type": "Block Party",
        "event_agency": "Street Activity Permit Office",
        "event_location": "EAST   33 STREET between FILLMORE AVENUE and AVENUE S",
        "event_borough": "Brooklyn",
        "start_date": "2024-09-07T11:00:00.000",
        "end_date": "2024-09-07T18:00:00.000",
        "start_formatted": "September 07, 2024 11:00 AM",
        "end_formatted": "September 07, 2024 06:00 PM",
        "street_closure_type": "Full Street Closure",
        "community_board": "18,",
        "police_precinct": "63,"
      }
    },
    {
      "type": "Feature",
      "geometry": {
        "type": "Point",
        "coordinates": [
          -73.91799950000001,
          40.669871
        ]
      },
      "properties": {
        "event_id": "774147",
        "event_name": "OPIN",
        "event_type": "Block Party",
        "event_agency": "Street Activity Permit Office",
        "event_location": "ST JOHNS PLACE between EASTERN PARKWAY and SARATOGA AVENUE",
        "event_borough": "Brooklyn",
        "start_date": "2024-09-07T11:00:00.000",
        "end_date": "2024-09-07T18:30:00.000",
        "start_formatted": "September 07, 2024 11:00 AM",
        "end_formatted": "September 07, 2024 06:30 PM",
        "street_closure_type": "Full Street Closure",
        "community_board": "16,",
        "police_precinct": "73,"
      }
    },
    {
      "type": "Feature",
      "geometry": {
        "type": "Point",
        "coordinates": [
          -73.95513,
          40.659833
        ]
      },
      "properties": {
        "event_id": "783910",
        "event_name": "Midwood II Block Party",
        "event_type": "Block Party",
        "event_agency": "Street Activity Permit Office",
        "event_location": "MIDWOOD STREET between BEDFORD AVENUE and ROGERS AVENUE",
        "event_borough": "Brooklyn",
        "start_date": "2024-09-07T11:00:00.000",
        "end_date": "2024-09-07T20:00:00.000",
        "start_formatted": "September 07, 2024 11:00 AM",
        "end_formatted": "September 07, 2024 08:00 PM",
        "street_closure_type": "Full Street Closure",
        "community_board": "9,",
        "police_precinct": "71,"
      }
    },
    {
      "type": "Feature",
      "geometry": {
        "type": "Point",
        "coordinates": [
          -73.9534325,
          40.6417995
        ]
      },
      "properties": {
        "event_id": "793919",
        "event_name": "300 E. 25th St. Block Party - 2024",
        "event_type": "Block Party",
        "event_agency": "Street Activity Permit Office",
        "event_location": "EAST   25 STREET between CLARENDON ROAD and AVENUE D",
        "event_borough": "Brooklyn",
        "start_date": "2024-09-07T11:00:00.000",
        "end_date": "2024-09-07T18:00:00.000",
        "start_formatted": "September 07, 2024 11:00 AM",
        "end_formatted": "September 07, 2024 06:00 PM",
        "street_closure_type": "Full Street Closure",
        "community_board": "17,",
        "police_precinct": "67,"
      }
    },
    {
      "type": "Feature",
      "geometry": {
        "type": "Point",
        "coordinates": [
          -73.9986355,
          40.685758
        ]
      },
      "properties": {
        "event_id": "775346",
        "event_name": "Henry Street Block Party",
        "event_type": "Block Party",
        "event_agency": "Street Activity Permit Office",
        "event_location": "HENRY STREET between KANE STREET and DEGRAW STREET",
        "event_borough": "Brooklyn",
        "start_date": "2024-09-07T11:00:00.000",
        "end_date": "2024-09-07T20:00:00.000",
        "start_formatted": "September 07, 2024 11:00 AM",
        "end_formatted": "September 07, 2024 08:00 PM",
        "street_closure_type": "Full Street Closure",
        "community_board": "6,",
        "police_precinct": "76,"
      }
    },
    {
      "type": "Feature",
      "geometry": {
        "type": "Point",
        "coordinates": [
          -73.98261249999999,
          40.675648
        ]
      },
      "properties": {
        "event_id": "782240",
        "event_name": "Carroll Street btw 4th and 5th",
        "event_type": "Block Party",
        "event_agency": "Street Activity Permit Office",
        "event_location": "CARROLL STREET between 4 AVENUE and 5 AVENUE",
        "event_borough": "Brooklyn",
        "start_date": "2024-09-07T11:00:00.000",
        "end_date": "2024-09-07T20:00:00.000",
        "start_formatted": "September 07, 2024 11:00 AM",
        "end_formatted": "September 07, 2024 08:00 PM",
        "street_closure_type": "Full Street Closure",
        "community_board": "6,",
        "police_precinct": "78,"
      }
    },
    {
      "type": "Feature",
      "geometry": {
        "type": "Point",
        "coordinates": [
          -73.942473,
          40.683403999999996
        ]
      },
      "properties": {
        "event_id": "763978",
        "event_name": "Block Party",
        "event_type": "Block Party",
        "event_agency": "Street Activity Permit Office",
        "event_location": "HANCOCK STREET between TOMPKINS AVENUE and THROOP AVENUE",
        "event_borough": "Brooklyn",
        "start_date": "2024-09-07T11:00:00.000",
        "end_date": "2024-09-07T20:00:00.000",
        "start_formatted": "September 07, 2024 11:00 AM",
        "end_formatted": "September 07, 2024 08:00 PM",
        "street_closure_type": "Full Street Closure",
        "community_board": "3,",
        "police_precinct": "79,"
      }
    },
    {
      "type": "Feature",
      "geometry": {
        "type": "Point",
        "coordinates": [
          -73.92740749999999,
          40.682139500000005
        ]
      },
      "properties": {
        "event_id": "787731",
        "event_name": "368A-429 Decatur Street Block Association",
        "event_type": "Block Party",
        "event_agency": "Street Activity Permit Office",
        "event_location": "DECATUR STREET between MALCOLM X BOULEVARD and PATCHEN AVENUE",
        "event_borough": "Brooklyn",
        "start_date": "2024-09-07T11:00:00.000",
        "end_date": "2024-09-07T20:00:00.000",
        "start_formatted": "September 07, 2024 11:00 AM",
        "end_formatted": "September 07, 2024 08:00 PM",
        "street_closure_type": "Full Street Closure",
        "community_board": "3,",
        "police_precinct": "81,"
      }
    },
    {
      "type": "Feature",
      "geometry": {
        "type": "Point",
        "coordinates": [
          -74.0336585,
          40.6351095
        ]
      },
      "properties": {
        "event_id": "797179",
        "event_name": "72nd Street Block Party",
        "event_type": "Block Party",
        "event_agency": "Street Activity Permit Office",
        "event_location": "72 STREET between NARROWS AVENUE and COLONIAL ROAD",
        "event_borough": "Brooklyn",
        "start_date": "2024-09-07T11:00:00.000",
        "end_date": "2024-09-07T20:00:00.000",
        "start_formatted": "September 07, 2024 11:00 AM",
        "end_formatted": "September 07, 2024 08:00 PM",
        "street_closure_type": "Full Street Closure",
        "community_board": "10,",
        "police_precinct": "68,"
      }
    },
    {
      "type": "Feature",
      "geometry": {
        "type": "Point",
        "coordinates": [
          -73.9207815,
          40.6991545
        ]
      },
      "properties": {
        "event_id": "787269",
        "event_name": "Himrod Block Party",
        "event_type": "Block Party",
        "event_agency": "Street Activity Permit Office",
        "event_location": "HIMROD STREET between MYRTLE AVENUE and KNICKER BOCKER AVENUE",
        "event_borough": "Brooklyn",
        "start_date": "2024-09-07T11:00:00.000",
        "end_date": "2024-09-07T20:00:00.000",
        "start_formatted": "September 07, 2024 11:00 AM",
        "end_formatted": "September 07, 2024 08:00 PM",
        "street_closure_type": "Full Street Closure",
        "community_board": "4,",
        "police_precinct": "83,"
      }
    },
    {
      "type": "Feature",
      "geometry": {
        "type": "Point",
        "coordinates": [
          -73.9288635,
          40.6894645
        ]
      },
      "properties": {
        "event_id": "774374",
        "event_name": "ANNUAL QUINCY STREET COMMUNITY DAY",
        "event_type": "Block Party",
        "event_agency": "Street Activity Permit Office",
        "event_location": "QUINCY STREET between MALCOLM X BOULEVARD and PATCHEN AVENUE",
        "event_borough": "Brooklyn",
        "start_date": "2024-09-07T11:00:00.000",
        "end_date": "2024-09-07T19:30:00.000",
        "start_formatted": "September 07, 2024 11:00 AM",
        "end_formatted": "September 07, 2024 07:30 PM",
        "street_closure_type": "Full Street Closure",
        "community_board": "3,",
        "police_precinct": "81,"
      }
    },
    {
      "type": "Feature",
      "geometry": {
        "type": "Point",
        "coordinates": [
          -73.9525635,
          40.685992999999996
        ]
      },
      "properties": {
        "event_id": "789760",
        "event_name": "300 Block Association",
        "event_type": "Block Party",
        "event_agency": "Street Activity Permit Office",
        "event_location": "GATES AVENUE between BEDFORD AVENUE and NOSTRAND AVENUE",
        "event_borough": "Brooklyn",
        "start_date": "2024-09-07T11:00:00.000",
        "end_date": "2024-09-07T18:30:00.000",
        "start_formatted": "September 07, 2024 11:00 AM",
        "end_formatted": "September 07, 2024 06:30 PM",
        "street_closure_type": "Full Street Closure",
        "community_board": "3,",
        "police_precinct": "79,"
      }
    },
    {
      "type": "Feature",
      "geometry": {
        "type": "Point",
        "coordinates": [
          -73.9278735,
          40.607777999999996
        ]
      },
      "properties": {
        "event_id": "779496",
        "event_name": "37 Street Block Party",
        "event_type": "Block Party",
        "event_agency": "Street Activity Permit Office",
        "event_location": "EAST   37 STREET between AVENUE T and AVENUE U",
        "event_borough": "Brooklyn",
        "start_date": "2024-09-07T11:00:00.000",
        "end_date": "2024-09-07T20:00:00.000",
        "start_formatted": "September 07, 2024 11:00 AM",
        "end_formatted": "September 07, 2024 08:00 PM",
        "street_closure_type": "Full Street Closure",
        "community_board": "18,",
        "police_precinct": "63,"
      }
    },
    {
      "type": "Feature",
      "geometry": {
        "type": "Point",
        "coordinates": [
          -73.94936150000001,
          40.662444
        ]
      },
      "properties": {
        "event_id": "783805",
        "event_name": "Lefferts Circle Bock Association  Block Party",
        "event_type": "Block Party",
        "event_agency": "Street Activity Permit Office",
        "event_location": "LEFFERTS AVENUE between NOSTRAND AVENUE and NEW YORK AVENUE",
        "event_borough": "Brooklyn",
        "start_date": "2024-09-07T11:00:00.000",
        "end_date": "2024-09-07T19:00:00.000",
        "start_formatted": "September 07, 2024 11:00 AM",
        "end_formatted": "September 07, 2024 07:00 PM",
        "street_closure_type": "Full Street Closure",
        "community_board": "9,",
        "police_precinct": "71,"
      }
    },
    {
      "type": "Feature",
      "geometry": {
        "type": "Point",
        "coordinates": [
          -73.93189050000001,
          40.6079905
        ]
      },
      "properties": {
        "event_id": "781017",
        "event_name": "E. 34 Street Party",
        "event_type": "Block Party",
        "event_agency": "Street Activity Permit Office",
        "event_location": "EAST   34 STREET between AVENUE S and AVENUE T",
        "event_borough": "Brooklyn",
        "start_date": "2024-09-07T11:00:00.000",
        "end_date": "2024-09-07T18:00:00.000",
        "start_formatted": "September 07, 2024 11:00 AM",
        "end_formatted": "September 07, 2024 06:00 PM",
        "street_closure_type": "Full Street Closure",
        "community_board": "18,",
        "police_precinct": "63,"
      }
    },
    {
      "type": "Feature",
      "geometry": {
        "type": "Point",
        "coordinates": [
          -73.95675,
          40.682511000000005
        ]
      },
      "properties": {
        "event_id": "788504",
        "event_name": "T Association Block Party",
        "event_type": "Block Party",
        "event_agency": "Street Activity Permit Office",
        "event_location": "JEFFERSON AVENUE between FRANKLIN AVENUE and CLAVER PLACE",
        "event_borough": "Brooklyn",
        "start_date": "2024-09-07T11:00:00.000",
        "end_date": "2024-09-07T19:00:00.000",
        "start_formatted": "September 07, 2024 11:00 AM",
        "end_formatted": "September 07, 2024 07:00 PM",
        "street_closure_type": "Full Street Closure",
        "community_board": "3,",
        "police_precinct": "79,"
      }
    },
    {
      "type": "Feature",
      "geometry": {
        "type": "Point",
        "coordinates": [
          -74.1115805,
          40.62589
        ]
      },
      "properties": {
        "event_id": "790159",
        "event_name": "Blaine Ct. Block party",
        "event_type": "Block Party",
        "event_agency": "Street Activity Permit Office",
        "event_location": "BLAINE COURT between BEMENT AVENUE and NORTH BURGHER AVENUE",
        "event_borough": "Staten Island",
        "start_date": "2024-09-07T11:00:00.000",
        "end_date": "2024-09-07T20:00:00.000",
        "start_formatted": "September 07, 2024 11:00 AM",
        "end_formatted": "September 07, 2024 08:00 PM",
        "street_closure_type": "Full Street Closure",
        "community_board": "1,",
        "police_precinct": "120,"
      }
    },
    {
      "type": "Feature",
      "geometry": {
        "type": "Point",
        "coordinates": [
          -73.911531,
          40.6613655
        ]
      },
      "properties": {
        "event_id": "784261",
        "event_name": "Thomas S Boyland Block Party",
        "event_type": "Block Party",
        "event_agency": "Street Activity Permit Office",
        "event_location": "THOMAS S BOYLAND STREET between LIVONIA AVENUE and RIVERDALE AVENUE",
        "event_borough": "Brooklyn",
        "start_date": "2024-09-07T11:00:00.000",
        "end_date": "2024-09-07T18:00:00.000",
        "start_formatted": "September 07, 2024 11:00 AM",
        "end_formatted": "September 07, 2024 06:00 PM",
        "street_closure_type": "Full Street Closure",
        "community_board": "16,",
        "police_precinct": "73,"
      }
    },
    {
      "type": "Feature",
      "geometry": {
        "type": "Point",
        "coordinates": [
          -73.748907,
          40.694798500000005
        ]
      },
      "properties": {
        "event_id": "795296",
        "event_name": "Block Party",
        "event_type": "Block Party",
        "event_agency": "Street Activity Permit Office",
        "event_location": "203 STRET  between 118 AVE and LINDEN BLVD",
        "event_borough": "Queens",
        "start_date": "2024-09-07T11:00:00.000",
        "end_date": "2024-09-07T17:00:00.000",
        "start_formatted": "September 07, 2024 11:00 AM",
        "end_formatted": "September 07, 2024 05:00 PM",
        "street_closure_type": "Full Street Closure",
        "community_board": "12,",
        "police_precinct": "113,"
      }
    },
    {
      "type": "Feature",
      "geometry": {
        "type": "Point",
        "coordinates": [
          -73.869577,
          40.686561
        ]
      },
      "properties": {
        "event_id": "785583",
        "event_name": "Block party",
        "event_type": "Block Party",
        "event_agency": "Street Activity Permit Office",
        "event_location": "OBRIEN PLACE between LINCOLN AVENUE and NICHOLS AVENUE",
        "event_borough": "Brooklyn",
        "start_date": "2024-09-07T11:00:00.000",
        "end_date": "2024-09-07T20:00:00.000",
        "start_formatted": "September 07, 2024 11:00 AM",
        "end_formatted": "September 07, 2024 08:00 PM",
        "street_closure_type": "Full Street Closure",
        "community_board": "5,",
        "police_precinct": "75,"
      }
    },
    {
      "type": "Feature",
      "geometry": {
        "type": "Point",
        "coordinates": [
          -73.9071505,
          40.684394
        ]
      },
      "properties": {
        "event_id": "775820",
        "event_name": "Pilling Street Block Association Block Party",
        "event_type": "Block Party",
        "event_agency": "Street Activity Permit Office",
        "event_location": "PILLING STREET between EVERGREEN AVENUE and BUSHWICK AVENUE",
        "event_borough": "Brooklyn",
        "start_date": "2024-09-07T11:00:00.000",
        "end_date": "2024-09-07T18:00:00.000",
        "start_formatted": "September 07, 2024 11:00 AM",
        "end_formatted": "September 07, 2024 06:00 PM",
        "street_closure_type": "Full Street Closure",
        "community_board": "4,",
        "police_precinct": "83,"
      }
    },
    {
      "type": "Feature",
      "geometry": {
        "type": "Point",
        "coordinates": [
          -73.7959195,
          40.684735
        ]
      },
      "properties": {
        "event_id": "789656",
        "event_name": "Family  Friends Fun Day",
        "event_type": "Block Party",
        "event_agency": "Street Activity Permit Office",
        "event_location": "147 STREET between LINDEN BOULEVARD and 115 AVENUE",
        "event_borough": "Queens",
        "start_date": "2024-09-07T11:00:00.000",
        "end_date": "2024-09-07T18:00:00.000",
        "start_formatted": "September 07, 2024 11:00 AM",
        "end_formatted": "September 07, 2024 06:00 PM",
        "street_closure_type": "Full Street Closure",
        "community_board": "12,",
        "police_precinct": "113,"
      }
    }
  ],
  "metadata": {
    "generated": "2026-01-16T17:46:06.543925",
    "year": 2024,
    "total_events": 457,
    "geocoded_successfully": 439,
    "failed": 18,
    "source": "NYC Open Data - Permitted Event Information"
  }
}