{
  "type": "FeatureCollection",
  "features": [
    {
      "type": "Feature",
      "geometry": {
        "type": "Point",
        "coordinates": [
          -73.782117,
          40.695233
        ]
      },
      "properties": {
        "event_id": "489657",
        "event_name": "Christmas on Merrick",
        "event_type": "Block Party",
        "event_agency": "Street Activity Permit Office",
        "event_location": " MERRICK BOULEVARD between 111 AVENUE and 110 AVENUE",
        "event_borough": "Queens",
        "start_date": "2019-12-17T10:00:00.000",
        "end_date": "2019-12-17T15:00:00.000",
        "start_formatted": "December 17, 2019 10:00 AM",
        "end_formatted": "December 17, 2019 03:00 PM",
        "street_closure_type": "Full Street Closure ",
        "community_board": "12, ",
        "police_precinct": "113, "
      }
    },
    {
      "type": "Feature",
      "geometry": {
        "type": "Point",
        "coordinates": [
          -73.8610165,
          40.571874
        ]
      },
      "properties": {
        "event_id": "511281",
        "event_name": "Little North Pole",
        "event_type": "Block Party",
        "event_agency": "Street Activity Permit Office",
        "event_location": " NEPONSIT AVENUE between BEACH  144 STREET and BEACH  145 STREET",
        "event_borough": "Queens",
        "start_date": "2019-12-08T12:00:00.000",
        "end_date": "2019-12-08T19:00:00.000",
        "start_formatted": "December 08, 2019 12:00 PM",
        "end_formatted": "December 08, 2019 07:00 PM",
        "street_closure_type": "Full Street Closure ",
        "community_board": "14, ",
        "police_precinct": "100, "
      }
    },
    {
      "type": "Feature",
      "geometry": {
        "type": "Point",
        "coordinates": [
          -73.88635550000001,
          40.750572000000005
        ]
      },
      "properties": {
        "event_id": "510207",
        "event_name": "Greystones Tree Lighting Ceremony",
        "event_type": "Block Party",
        "event_agency": "Street Activity Permit Office",
        "event_location": " 80 STREET between 37 AVENUE and 35 AVENUE",
        "event_borough": "Queens",
        "start_date": "2019-12-07T17:30:00.000",
        "end_date": "2019-12-07T20:00:00.000",
        "start_formatted": "December 07, 2019 05:30 PM",
        "end_formatted": "December 07, 2019 08:00 PM",
        "street_closure_type": "Full Street Closure ",
        "community_board": "3, ",
        "police_precinct": "115, "
      }
    },
    {
      "type": "Feature",
      "geometry": {
        "type": "Point",
        "coordinates": [
          -73.990115,
          40.6593545
        ]
      },
      "properties": {
        "event_id": "505787",
        "event_name": "block Party",
        "event_type": "Block Party",
        "event_agency": "Street Activity Permit Office",
        "event_location": " 21 STREET between 6 AVENUE and 7 AVENUE",
        "event_borough": "Brooklyn",
        "start_date": "2019-11-09T10:00:00.000",
        "end_date": "2019-11-09T18:00:00.000",
        "start_formatted": "November 09, 2019 10:00 AM",
        "end_formatted": "November 09, 2019 06:00 PM",
        "street_closure_type": "Full Street Closure ",
        "community_board": "7, ",
        "police_precinct": "72, "
      }
    },
    {
      "type": "Feature",
      "geometry": {
        "type": "Point",
        "coordinates": [
          -73.8876775,
          40.740334000000004
        ]
      },
      "properties": {
        "event_id": "506351",
        "event_name": "Kathina Festival",
        "event_type": "Block Party",
        "event_agency": "Street Activity Permit Office",
        "event_location": " 46 AVENUE between 76 STREET and 78 STREET",
        "event_borough": "Queens",
        "start_date": "2019-11-03T09:30:00.000",
        "end_date": "2019-11-03T16:00:00.000",
        "start_formatted": "November 03, 2019 09:30 AM",
        "end_formatted": "November 03, 2019 04:00 PM",
        "street_closure_type": "Sidewalk and Street Closure ",
        "community_board": "4, ",
        "police_precinct": "110, "
      }
    },
    {
      "type": "Feature",
      "geometry": {
        "type": "Point",
        "coordinates": [
          -73.95422400000001,
          40.807288
        ]
      },
      "properties": {
        "event_id": "512257",
        "event_name": "Fall Festival",
        "event_type": "Block Party",
        "event_agency": "Street Activity Permit Office",
        "event_location": " WEST  120 STREET between MANHATTAN AVENUE and FREDERICK DOUGLASS BOULEVARD",
        "event_borough": "Manhattan",
        "start_date": "2019-11-02T12:00:00.000",
        "end_date": "2019-11-02T16:00:00.000",
        "start_formatted": "November 02, 2019 12:00 PM",
        "end_formatted": "November 02, 2019 04:00 PM",
        "street_closure_type": "Full Street Closure ",
        "community_board": "10, ",
        "police_precinct": "28, "
      }
    },
    {
      "type": "Feature",
      "geometry": {
        "type": "Point",
        "coordinates": [
          -73.932066,
          40.612089999999995
        ]
      },
      "properties": {
        "event_id": "506404",
        "event_name": "Fillmore Ave Block Party",
        "event_type": "Block Party",
        "event_agency": "Street Activity Permit Office",
        "event_location": " FILLMORE AVENUE between EAST   37 STREET and EAST   38 STREET",
        "event_borough": "Brooklyn",
        "start_date": "2019-11-02T11:00:00.000",
        "end_date": "2019-11-02T19:00:00.000",
        "start_formatted": "November 02, 2019 11:00 AM",
        "end_formatted": "November 02, 2019 07:00 PM",
        "street_closure_type": "Sidewalk and Street Closure ",
        "community_board": "18, ",
        "police_precinct": "63, "
      }
    },
    {
      "type": "Feature",
      "geometry": {
        "type": "Point",
        "coordinates": [
          -73.861895,
          40.572548499999996
        ]
      },
      "properties": {
        "event_id": "506186",
        "event_name": "145 Block Party",
        "event_type": "Block Party",
        "event_agency": "Street Activity Permit Office",
        "event_location": " BEACH 145 STREET between NEWPORT AVE and NEPONSIT AVE",
        "event_borough": "Queens",
        "start_date": "2019-11-02T09:30:00.000",
        "end_date": "2019-11-02T17:30:00.000",
        "start_formatted": "November 02, 2019 09:30 AM",
        "end_formatted": "November 02, 2019 05:30 PM",
        "street_closure_type": "Full Street Closure ",
        "community_board": "14, ",
        "police_precinct": "100, "
      }
    },
    {
      "type": "Feature",
      "geometry": {
        "type": "Point",
        "coordinates": [
          -73.99318600000001,
          40.6989675
        ]
      },
      "properties": {
        "event_id": "497935",
        "event_name": "YANKEE FAIR",
        "event_type": "Block Party",
        "event_agency": "Street Activity Permit Office",
        "event_location": " ORANGE STREET between HICKS STREET and HENRY STREET",
        "event_borough": "Brooklyn",
        "start_date": "2019-11-02T09:30:00.000",
        "end_date": "2019-11-02T17:00:00.000",
        "start_formatted": "November 02, 2019 09:30 AM",
        "end_formatted": "November 02, 2019 05:00 PM",
        "street_closure_type": "Full Street Closure ",
        "community_board": "2, ",
        "police_precinct": "84, "
      }
    },
    {
      "type": "Feature",
      "geometry": {
        "type": "Point",
        "coordinates": [
          -73.96659600000001,
          40.7915885
        ]
      },
      "properties": {
        "event_id": "495202",
        "event_name": "West 95th Street 2019 Halloween Party",
        "event_type": "Block Party",
        "event_agency": "Street Activity Permit Office",
        "event_location": " WEST   95 STREET between CENTRAL PARK WEST and COLUMBUS AVENUE",
        "event_borough": "Manhattan",
        "start_date": "2019-10-31T17:30:00.000",
        "end_date": "2019-10-31T20:00:00.000",
        "start_formatted": "October 31, 2019 05:30 PM",
        "end_formatted": "October 31, 2019 08:00 PM",
        "street_closure_type": "Full Street Closure ",
        "community_board": "7, ",
        "police_precinct": "24, "
      }
    },
    {
      "type": "Feature",
      "geometry": {
        "type": "Point",
        "coordinates": [
          -73.9787905,
          40.774881
        ]
      },
      "properties": {
        "event_id": "501233",
        "event_name": "West 69th Street Halloween Party",
        "event_type": "Block Party",
        "event_agency": "Street Activity Permit Office",
        "event_location": " WEST   69 STREET between CENTRAL PARK WEST and COLUMBUS AVENUE",
        "event_borough": "Manhattan",
        "start_date": "2019-10-31T17:00:00.000",
        "end_date": "2019-10-31T20:00:00.000",
        "start_formatted": "October 31, 2019 05:00 PM",
        "end_formatted": "October 31, 2019 08:00 PM",
        "street_closure_type": "Full Street Closure ",
        "community_board": "7, ",
        "police_precinct": "20, "
      }
    },
    {
      "type": "Feature",
      "geometry": {
        "type": "Point",
        "coordinates": [
          -73.968875,
          40.788456
        ]
      },
      "properties": {
        "event_id": "505786",
        "event_name": "Halloween Trick or Treating",
        "event_type": "Block Party",
        "event_agency": "Street Activity Permit Office",
        "event_location": " WEST   90 STREET between COLUMBUS AVENUE and CENTRAL PARK WEST",
        "event_borough": "Manhattan",
        "start_date": "2019-10-31T17:00:00.000",
        "end_date": "2019-10-31T21:00:00.000",
        "start_formatted": "October 31, 2019 05:00 PM",
        "end_formatted": "October 31, 2019 09:00 PM",
        "street_closure_type": "Full Street Closure ",
        "community_board": "7, ",
        "police_precinct": "24, "
      }
    },
    {
      "type": "Feature",
      "geometry": {
        "type": "Point",
        "coordinates": [
          -73.9464625,
          40.7471375
        ]
      },
      "properties": {
        "event_id": "502261",
        "event_name": "Halloween Trick or Treating",
        "event_type": "Block Party",
        "event_agency": "Street Activity Permit Office",
        "event_location": " 45 AVENUE between 21 STREET and 23 STREET",
        "event_borough": "Queens",
        "start_date": "2019-10-31T17:00:00.000",
        "end_date": "2019-10-31T20:00:00.000",
        "start_formatted": "October 31, 2019 05:00 PM",
        "end_formatted": "October 31, 2019 08:00 PM",
        "street_closure_type": "Full Street Closure ",
        "community_board": "2, ",
        "police_precinct": "108, "
      }
    },
    {
      "type": "Feature",
      "geometry": {
        "type": "Point",
        "coordinates": [
          -73.9774085,
          40.78187
        ]
      },
      "properties": {
        "event_id": "506199",
        "event_name": "Halloween 2019",
        "event_type": "Block Party",
        "event_agency": "Street Activity Permit Office",
        "event_location": " WEST   78 STREET between AMSTERDAM AVENUE and COLUMBUS AVENUE",
        "event_borough": "Manhattan",
        "start_date": "2019-10-31T17:00:00.000",
        "end_date": "2019-10-31T20:00:00.000",
        "start_formatted": "October 31, 2019 05:00 PM",
        "end_formatted": "October 31, 2019 08:00 PM",
        "street_closure_type": "Full Street Closure ",
        "community_board": "7, ",
        "police_precinct": "20, "
      }
    },
    {
      "type": "Feature",
      "geometry": {
        "type": "Point",
        "coordinates": [
          -73.96686199999999,
          40.646546
        ]
      },
      "properties": {
        "event_id": "502356",
        "event_name": "Prospect Park South Annual Halloween Celebration ",
        "event_type": "Block Party",
        "event_agency": "Street Activity Permit Office",
        "event_location": " ALBEMARLE ROAD between EAST   13 STREET and EAST   14 STREET",
        "event_borough": "Brooklyn",
        "start_date": "2019-10-31T17:00:00.000",
        "end_date": "2019-10-31T19:00:00.000",
        "start_formatted": "October 31, 2019 05:00 PM",
        "end_formatted": "October 31, 2019 07:00 PM",
        "street_closure_type": "Full Street Closure ",
        "community_board": "14, ",
        "police_precinct": "70, "
      }
    },
    {
      "type": "Feature",
      "geometry": {
        "type": "Point",
        "coordinates": [
          -73.95522349999999,
          40.78433
        ]
      },
      "properties": {
        "event_id": "489327",
        "event_name": "CHN Spooktacular",
        "event_type": "Block Party",
        "event_agency": "Street Activity Permit Office",
        "event_location": " EAST   92 STREET between MADISON AVENUE and PARK AVENUE",
        "event_borough": "Manhattan",
        "start_date": "2019-10-31T17:00:00.000",
        "end_date": "2019-10-31T19:00:00.000",
        "start_formatted": "October 31, 2019 05:00 PM",
        "end_formatted": "October 31, 2019 07:00 PM",
        "street_closure_type": "Full Street Closure ",
        "community_board": "8, ",
        "police_precinct": "19, "
      }
    },
    {
      "type": "Feature",
      "geometry": {
        "type": "Point",
        "coordinates": [
          -73.9335465,
          40.6829325
        ]
      },
      "properties": {
        "event_id": "506089",
        "event_name": "Masquerade on Macon",
        "event_type": "Block Party",
        "event_agency": "Street Activity Permit Office",
        "event_location": " MACON STREET between LEWIS AVENUE and STUYVESANT AVENUE",
        "event_borough": "Brooklyn",
        "start_date": "2019-10-31T17:00:00.000",
        "end_date": "2019-10-31T20:00:00.000",
        "start_formatted": "October 31, 2019 05:00 PM",
        "end_formatted": "October 31, 2019 08:00 PM",
        "street_closure_type": "Full Street Closure ",
        "community_board": "3, ",
        "police_precinct": "81, "
      }
    },
    {
      "type": "Feature",
      "geometry": {
        "type": "Point",
        "coordinates": [
          -73.967323,
          40.6906035
        ]
      },
      "properties": {
        "event_id": "493483",
        "event_name": "ANNUAL CLINTON HILL HALLOWEEN SAFETY WALK WITH STREET ACTIVITIES",
        "event_type": "Block Party",
        "event_agency": "Street Activity Permit Office",
        "event_location": " WAVERLY AVENUE between WILLOUGHBY AVENUE and DEKALB AVENUE",
        "event_borough": "Brooklyn",
        "start_date": "2019-10-31T17:00:00.000",
        "end_date": "2019-10-31T21:00:00.000",
        "start_formatted": "October 31, 2019 05:00 PM",
        "end_formatted": "October 31, 2019 09:00 PM",
        "street_closure_type": "Full Street Closure ",
        "community_board": "2, ",
        "police_precinct": "88, "
      }
    },
    {
      "type": "Feature",
      "geometry": {
        "type": "Point",
        "coordinates": [
          -73.9566695,
          40.7765735
        ]
      },
      "properties": {
        "event_id": "511164",
        "event_name": "Halloween",
        "event_type": "Block Party",
        "event_agency": "Street Activity Permit Office",
        "event_location": " EAST   82 STREET between LEXINGTON AVENUE and THIRD AVENUE",
        "event_borough": "Manhattan",
        "start_date": "2019-10-31T16:00:00.000",
        "end_date": "2019-10-31T21:00:00.000",
        "start_formatted": "October 31, 2019 04:00 PM",
        "end_formatted": "October 31, 2019 09:00 PM",
        "street_closure_type": "Full Street Closure ",
        "community_board": "8, ",
        "police_precinct": "19, "
      }
    },
    {
      "type": "Feature",
      "geometry": {
        "type": "Point",
        "coordinates": [
          -73.94372100000001,
          40.817826
        ]
      },
      "properties": {
        "event_id": "507486",
        "event_name": "Halloween",
        "event_type": "Block Party",
        "event_agency": "Street Activity Permit Office",
        "event_location": " 138 STREET between FREDERICK DOUGLASS BLVD and ADAM CLAYTON POWELL BLVD",
        "event_borough": "Manhattan",
        "start_date": "2019-10-31T16:00:00.000",
        "end_date": "2019-10-31T19:00:00.000",
        "start_formatted": "October 31, 2019 04:00 PM",
        "end_formatted": "October 31, 2019 07:00 PM",
        "street_closure_type": "Full Street Closure ",
        "community_board": "10, ",
        "police_precinct": "32, "
      }
    },
    {
      "type": "Feature",
      "geometry": {
        "type": "Point",
        "coordinates": [
          -73.98562,
          40.729273
        ]
      },
      "properties": {
        "event_id": "502413",
        "event_name": "Annual Halloween Village Costume ball",
        "event_type": "Block Party",
        "event_agency": "Street Activity Permit Office",
        "event_location": " EAST   10 STREET between 1 AVENUE and 2 AVENUE",
        "event_borough": "Manhattan",
        "start_date": "2019-10-31T16:00:00.000",
        "end_date": "2019-10-31T19:30:00.000",
        "start_formatted": "October 31, 2019 04:00 PM",
        "end_formatted": "October 31, 2019 07:30 PM",
        "street_closure_type": "Full Street Closure ",
        "community_board": "3, ",
        "police_precinct": "9, "
      }
    },
    {
      "type": "Feature",
      "geometry": {
        "type": "Point",
        "coordinates": [
          -73.98460549999999,
          40.6852385
        ]
      },
      "properties": {
        "event_id": "458806",
        "event_name": "Dean Street Halloween Street Closure",
        "event_type": "Block Party",
        "event_agency": "Street Activity Permit Office",
        "event_location": " DEAN STREET between BOND STREET and NEVINS STREET",
        "event_borough": "Brooklyn",
        "start_date": "2019-10-31T15:00:00.000",
        "end_date": "2019-10-31T21:00:00.000",
        "start_formatted": "October 31, 2019 03:00 PM",
        "end_formatted": "October 31, 2019 09:00 PM",
        "street_closure_type": "Full Street Closure ",
        "community_board": "2, ",
        "police_precinct": "84, "
      }
    },
    {
      "type": "Feature",
      "geometry": {
        "type": "Point",
        "coordinates": [
          -74.0131025,
          40.6200195
        ]
      },
      "properties": {
        "event_id": "482136",
        "event_name": "Dyker Frights",
        "event_type": "Block Party",
        "event_agency": "Street Activity Permit Office",
        "event_location": " 79 STREET between 11 AVENUE and 12 AVENUE",
        "event_borough": "Brooklyn",
        "start_date": "2019-10-31T14:00:00.000",
        "end_date": "2019-10-31T20:00:00.000",
        "start_formatted": "October 31, 2019 02:00 PM",
        "end_formatted": "October 31, 2019 08:00 PM",
        "street_closure_type": "Full Street Closure ",
        "community_board": "10, ",
        "police_precinct": "68, "
      }
    },
    {
      "type": "Feature",
      "geometry": {
        "type": "Point",
        "coordinates": [
          -73.977056,
          40.6465345
        ]
      },
      "properties": {
        "event_id": "497909",
        "event_name": "2019 Halloween Block Party",
        "event_type": "Block Party",
        "event_agency": "Street Activity Permit Office",
        "event_location": " EAST    4 STREET between CATON AVENUE and ALBEMARLE ROAD",
        "event_borough": "Brooklyn",
        "start_date": "2019-10-31T14:00:00.000",
        "end_date": "2019-10-31T20:00:00.000",
        "start_formatted": "October 31, 2019 02:00 PM",
        "end_formatted": "October 31, 2019 08:00 PM",
        "street_closure_type": "Full Street Closure ",
        "community_board": "12, ",
        "police_precinct": "66, "
      }
    },
    {
      "type": "Feature",
      "geometry": {
        "type": "Point",
        "coordinates": [
          -73.91457650000001,
          40.84297
        ]
      },
      "properties": {
        "event_id": "508636",
        "event_name": "New Settlement Apartments Halloween Party",
        "event_type": "Block Party",
        "event_agency": "Street Activity Permit Office",
        "event_location": " TOWNSEND AVENUE between EAST  172 STREET and EAST MOUNT EDEN AVENUE",
        "event_borough": "Bronx",
        "start_date": "2019-10-31T12:00:00.000",
        "end_date": "2019-10-31T19:00:00.000",
        "start_formatted": "October 31, 2019 12:00 PM",
        "end_formatted": "October 31, 2019 07:00 PM",
        "street_closure_type": "Full Street Closure ",
        "community_board": "4, ",
        "police_precinct": "44, "
      }
    },
    {
      "type": "Feature",
      "geometry": {
        "type": "Point",
        "coordinates": [
          -74.00455550000001,
          40.62479
        ]
      },
      "properties": {
        "event_id": "501096",
        "event_name": "PS 176 PTA Pumpkin Patch Festival",
        "event_type": "Block Party",
        "event_agency": "Street Activity Permit Office",
        "event_location": " OVINGTON AVENUE between 12 AVENUE and 13 AVENUE",
        "event_borough": "Brooklyn",
        "start_date": "2019-10-31T08:30:00.000",
        "end_date": "2019-10-31T14:00:00.000",
        "start_formatted": "October 31, 2019 08:30 AM",
        "end_formatted": "October 31, 2019 02:00 PM",
        "street_closure_type": "Full Street Closure ",
        "community_board": "10, ",
        "police_precinct": "68, "
      }
    },
    {
      "type": "Feature",
      "geometry": {
        "type": "Point",
        "coordinates": [
          -73.9729095,
          40.644454499999995
        ]
      },
      "properties": {
        "event_id": "501693",
        "event_name": "3rd Annual E. 7th Street Block Party  ",
        "event_type": "Block Party",
        "event_agency": "Street Activity Permit Office",
        "event_location": " EAST    7 STREET between CHURCH AVENUE and BEVERLY ROAD",
        "event_borough": "Brooklyn",
        "start_date": "2019-10-27T12:00:00.000",
        "end_date": "2019-10-27T20:00:00.000",
        "start_formatted": "October 27, 2019 12:00 PM",
        "end_formatted": "October 27, 2019 08:00 PM",
        "street_closure_type": "Full Street Closure ",
        "community_board": "12, ",
        "police_precinct": "66, "
      }
    },
    {
      "type": "Feature",
      "geometry": {
        "type": "Point",
        "coordinates": [
          -73.99956399999999,
          40.646823499999996
        ]
      },
      "properties": {
        "event_id": "490044",
        "event_name": "41st Street Block Party",
        "event_type": "Block Party",
        "event_agency": "Street Activity Permit Office",
        "event_location": " 41 STREET between 7 AVENUE and 8 AVENUE",
        "event_borough": "Brooklyn",
        "start_date": "2019-10-27T12:00:00.000",
        "end_date": "2019-10-27T21:00:00.000",
        "start_formatted": "October 27, 2019 12:00 PM",
        "end_formatted": "October 27, 2019 09:00 PM",
        "street_closure_type": "Full Street Closure ",
        "community_board": "7, ",
        "police_precinct": "72, "
      }
    },
    {
      "type": "Feature",
      "geometry": {
        "type": "Point",
        "coordinates": [
          -73.98700450000001,
          40.670373
        ]
      },
      "properties": {
        "event_id": "505353",
        "event_name": "8th Street Fall Block Party",
        "event_type": "Block Party",
        "event_agency": "Street Activity Permit Office",
        "event_location": " 8 STREET between 4 AVENUE and 5 AVENUE",
        "event_borough": "Brooklyn",
        "start_date": "2019-10-27T09:00:00.000",
        "end_date": "2019-10-27T18:00:00.000",
        "start_formatted": "October 27, 2019 09:00 AM",
        "end_formatted": "October 27, 2019 06:00 PM",
        "street_closure_type": "Full Street Closure ",
        "community_board": "6, ",
        "police_precinct": "78, "
      }
    },
    {
      "type": "Feature",
      "geometry": {
        "type": "Point",
        "coordinates": [
          -73.8562185,
          40.6853335
        ]
      },
      "properties": {
        "event_id": "434149",
        "event_name": "Annual Block Party",
        "event_type": "Block Party",
        "event_agency": "Street Activity Permit Office",
        "event_location": " 85 STREET between ATLANTIC AVENUE and 95 AVENUE",
        "event_borough": "Queens",
        "start_date": "2019-10-26T18:00:00.000",
        "end_date": "2019-10-26T21:00:00.000",
        "start_formatted": "October 26, 2019 06:00 PM",
        "end_formatted": "October 26, 2019 09:00 PM",
        "street_closure_type": "Full Street Closure ",
        "community_board": "9, ",
        "police_precinct": "102, "
      }
    },
    {
      "type": "Feature",
      "geometry": {
        "type": "Point",
        "coordinates": [
          -73.9763055,
          40.7923945
        ]
      },
      "properties": {
        "event_id": "500393",
        "event_name": "Ideal School of Manhattans Fall Block Party",
        "event_type": "Block Party",
        "event_agency": "Street Activity Permit Office",
        "event_location": " WEST   91 STREET between RIVERSIDE DRIVE and WEST END AVENUE",
        "event_borough": "Manhattan",
        "start_date": "2019-10-26T12:00:00.000",
        "end_date": "2019-10-26T16:00:00.000",
        "start_formatted": "October 26, 2019 12:00 PM",
        "end_formatted": "October 26, 2019 04:00 PM",
        "street_closure_type": "Full Street Closure ",
        "community_board": "7, ",
        "police_precinct": "24, "
      }
    },
    {
      "type": "Feature",
      "geometry": {
        "type": "Point",
        "coordinates": [
          -74.0094045,
          40.613234
        ]
      },
      "properties": {
        "event_id": "498690",
        "event_name": "84th Street Halloween Fest",
        "event_type": "Block Party",
        "event_agency": "Street Activity Permit Office",
        "event_location": " 84 STREET between 14 AVENUE and 15 AVENUE",
        "event_borough": "Brooklyn",
        "start_date": "2019-10-26T12:00:00.000",
        "end_date": "2019-10-26T21:00:00.000",
        "start_formatted": "October 26, 2019 12:00 PM",
        "end_formatted": "October 26, 2019 09:00 PM",
        "street_closure_type": "Full Street Closure ",
        "community_board": "11, ",
        "police_precinct": "62, "
      }
    },
    {
      "type": "Feature",
      "geometry": {
        "type": "Point",
        "coordinates": [
          -73.94132049999999,
          40.797602999999995
        ]
      },
      "properties": {
        "event_id": "500397",
        "event_name": "Harvest Celebration",
        "event_type": "Block Party",
        "event_agency": "Street Activity Permit Office",
        "event_location": " EAST  115 STREET between THIRD AVENUE and LEXINGTON AVENUE",
        "event_borough": "Manhattan",
        "start_date": "2019-10-26T12:00:00.000",
        "end_date": "2019-10-26T17:00:00.000",
        "start_formatted": "October 26, 2019 12:00 PM",
        "end_formatted": "October 26, 2019 05:00 PM",
        "street_closure_type": "Full Street Closure ",
        "community_board": "11, ",
        "police_precinct": "23, 25, "
      }
    },
    {
      "type": "Feature",
      "geometry": {
        "type": "Point",
        "coordinates": [
          -73.987567,
          40.602759
        ]
      },
      "properties": {
        "event_id": "504257",
        "event_name": "81st street block party ",
        "event_type": "Block Party",
        "event_agency": "Street Activity Permit Office",
        "event_location": " 81 STREET between 23 AVENUE and 24 AVENUE",
        "event_borough": "Brooklyn",
        "start_date": "2019-10-26T11:00:00.000",
        "end_date": "2019-10-26T20:00:00.000",
        "start_formatted": "October 26, 2019 11:00 AM",
        "end_formatted": "October 26, 2019 08:00 PM",
        "street_closure_type": "Full Street Closure ",
        "community_board": "11, ",
        "police_precinct": "62, "
      }
    },
    {
      "type": "Feature",
      "geometry": {
        "type": "Point",
        "coordinates": [
          -73.863569,
          40.680233
        ]
      },
      "properties": {
        "event_id": "505187",
        "event_name": "DREW STREET BLOCK PARTY",
        "event_type": "Block Party",
        "event_agency": "Street Activity Permit Office",
        "event_location": " DREW STREET between 101 AVENUE and 97 AVENUE",
        "event_borough": "Queens",
        "start_date": "2019-10-26T10:00:00.000",
        "end_date": "2019-10-26T18:00:00.000",
        "start_formatted": "October 26, 2019 10:00 AM",
        "end_formatted": "October 26, 2019 06:00 PM",
        "street_closure_type": "Full Street Closure ",
        "community_board": "5, 9, ",
        "police_precinct": "102, 75, "
      }
    },
    {
      "type": "Feature",
      "geometry": {
        "type": "Point",
        "coordinates": [
          -73.940413,
          40.6285675
        ]
      },
      "properties": {
        "event_id": "503263",
        "event_name": "Octoberfest ",
        "event_type": "Block Party",
        "event_agency": "Street Activity Permit Office",
        "event_location": " EAST   37 STREET between AVENUE I and AVENUE J",
        "event_borough": "Brooklyn",
        "start_date": "2019-10-26T10:00:00.000",
        "end_date": "2019-10-26T18:00:00.000",
        "start_formatted": "October 26, 2019 10:00 AM",
        "end_formatted": "October 26, 2019 06:00 PM",
        "street_closure_type": "Full Street Closure ",
        "community_board": "18, ",
        "police_precinct": "63, "
      }
    },
    {
      "type": "Feature",
      "geometry": {
        "type": "Point",
        "coordinates": [
          -73.978279,
          40.6479975
        ]
      },
      "properties": {
        "event_id": "498238",
        "event_name": "12th Annual Howl-o-ween Block Bark Party",
        "event_type": "Block Party",
        "event_agency": "Street Activity Permit Office",
        "event_location": " EAST    3 STREET between FT HAMILTON PARKWAY and CATON AVENUE",
        "event_borough": "Brooklyn",
        "start_date": "2019-10-20T12:00:00.000",
        "end_date": "2019-10-20T17:00:00.000",
        "start_formatted": "October 20, 2019 12:00 PM",
        "end_formatted": "October 20, 2019 05:00 PM",
        "street_closure_type": "Full Street Closure ",
        "community_board": "7, ",
        "police_precinct": "72, "
      }
    },
    {
      "type": "Feature",
      "geometry": {
        "type": "Point",
        "coordinates": [
          -73.9825115,
          40.7376945
        ]
      },
      "properties": {
        "event_id": "497062",
        "event_name": "Epiphany School Fall Festival 2019",
        "event_type": "Block Party",
        "event_agency": "Street Activity Permit Office",
        "event_location": " EAST   22 STREET between 2 AVENUE and 3 AVENUE",
        "event_borough": "Manhattan",
        "start_date": "2019-10-20T12:00:00.000",
        "end_date": "2019-10-20T15:00:00.000",
        "start_formatted": "October 20, 2019 12:00 PM",
        "end_formatted": "October 20, 2019 03:00 PM",
        "street_closure_type": "Full Street Closure ",
        "community_board": "6, ",
        "police_precinct": "13, "
      }
    },
    {
      "type": "Feature",
      "geometry": {
        "type": "Point",
        "coordinates": [
          -73.9670625,
          40.6740635
        ]
      },
      "properties": {
        "event_id": "507653",
        "event_name": "2nd Annual Underhill Avenue Block Party",
        "event_type": "Block Party",
        "event_agency": "Street Activity Permit Office",
        "event_location": " UNDERHILL AVENUE between ST JOHNS PLACE and LINCOLN PLACE",
        "event_borough": "Brooklyn",
        "start_date": "2019-10-20T11:00:00.000",
        "end_date": "2019-10-20T18:00:00.000",
        "start_formatted": "October 20, 2019 11:00 AM",
        "end_formatted": "October 20, 2019 06:00 PM",
        "street_closure_type": "Full Street Closure ",
        "community_board": "8, ",
        "police_precinct": "77, "
      }
    },
    {
      "type": "Feature",
      "geometry": {
        "type": "Point",
        "coordinates": [
          -73.992036,
          40.692698
        ]
      },
      "properties": {
        "event_id": "495804",
        "event_name": "Packer Pumpkin Patch 2019",
        "event_type": "Block Party",
        "event_agency": "Street Activity Permit Office",
        "event_location": " JORALEMON STREET between COURT STREET and CLINTON STREET",
        "event_borough": "Brooklyn",
        "start_date": "2019-10-20T08:00:00.000",
        "end_date": "2019-10-20T17:00:00.000",
        "start_formatted": "October 20, 2019 08:00 AM",
        "end_formatted": "October 20, 2019 05:00 PM",
        "street_closure_type": "Full Street Closure ",
        "community_board": "2, ",
        "police_precinct": "84, "
      }
    },
    {
      "type": "Feature",
      "geometry": {
        "type": "Point",
        "coordinates": [
          -74.0021625,
          40.707511499999995
        ]
      },
      "properties": {
        "event_id": "495233",
        "event_name": "Taste of the Seaport",
        "event_type": "Block Party",
        "event_agency": "Street Activity Permit Office",
        "event_location": " FRONT STREET between BEEKMAN STREET and PECK SLIP",
        "event_borough": "Manhattan",
        "start_date": "2019-10-19T16:00:00.000",
        "end_date": "2019-10-19T22:00:00.000",
        "start_formatted": "October 19, 2019 04:00 PM",
        "end_formatted": "October 19, 2019 10:00 PM",
        "street_closure_type": "Full Street Closure ",
        "community_board": "1, ",
        "police_precinct": "1, "
      }
    },
    {
      "type": "Feature",
      "geometry": {
        "type": "Point",
        "coordinates": [
          -74.032707,
          40.615921
        ]
      },
      "properties": {
        "event_id": "504339",
        "event_name": "96th street between 3rd  4th",
        "event_type": "Block Party",
        "event_agency": "Street Activity Permit Office",
        "event_location": " 96 STREET between 3 AVENUE and 4 AVENUE",
        "event_borough": "Brooklyn",
        "start_date": "2019-10-19T12:00:00.000",
        "end_date": "2019-10-19T21:00:00.000",
        "start_formatted": "October 19, 2019 12:00 PM",
        "end_formatted": "October 19, 2019 09:00 PM",
        "street_closure_type": "Full Street Closure ",
        "community_board": "10, ",
        "police_precinct": "68, "
      }
    },
    {
      "type": "Feature",
      "geometry": {
        "type": "Point",
        "coordinates": [
          -73.977022,
          40.66639
        ]
      },
      "properties": {
        "event_id": "490587",
        "event_name": "7th Street Block Party",
        "event_type": "Block Party",
        "event_agency": "Street Activity Permit Office",
        "event_location": " 7 STREET between 8 AVENUE and PROSPECT PARK WEST",
        "event_borough": "Brooklyn",
        "start_date": "2019-10-19T11:00:00.000",
        "end_date": "2019-10-19T16:00:00.000",
        "start_formatted": "October 19, 2019 11:00 AM",
        "end_formatted": "October 19, 2019 04:00 PM",
        "street_closure_type": "Full Street Closure ",
        "community_board": "6, ",
        "police_precinct": "78, "
      }
    },
    {
      "type": "Feature",
      "geometry": {
        "type": "Point",
        "coordinates": [
          -73.966144,
          40.694558
        ]
      },
      "properties": {
        "event_id": "500999",
        "event_name": "Hall Street Block Party ",
        "event_type": "Block Party",
        "event_agency": "Street Activity Permit Office",
        "event_location": " HALL STREET between PARK AVENUE and MYRTLE AVENUE",
        "event_borough": "Brooklyn",
        "start_date": "2019-10-19T11:00:00.000",
        "end_date": "2019-10-19T20:00:00.000",
        "start_formatted": "October 19, 2019 11:00 AM",
        "end_formatted": "October 19, 2019 08:00 PM",
        "street_closure_type": "Full Street Closure ",
        "community_board": "2, ",
        "police_precinct": "88, "
      }
    },
    {
      "type": "Feature",
      "geometry": {
        "type": "Point",
        "coordinates": [
          -74.00084050000001,
          40.744607
        ]
      },
      "properties": {
        "event_id": "482117",
        "event_name": "PS11 Fall Festival",
        "event_type": "Block Party",
        "event_agency": "Street Activity Permit Office",
        "event_location": " WEST   21 STREET between 8 AVENUE and 9 AVENUE",
        "event_borough": "Manhattan",
        "start_date": "2019-10-19T11:00:00.000",
        "end_date": "2019-10-19T17:00:00.000",
        "start_formatted": "October 19, 2019 11:00 AM",
        "end_formatted": "October 19, 2019 05:00 PM",
        "street_closure_type": "Full Street Closure ",
        "community_board": "4, ",
        "police_precinct": "10, "
      }
    },
    {
      "type": "Feature",
      "geometry": {
        "type": "Point",
        "coordinates": [
          -73.9840155,
          40.77789
        ]
      },
      "properties": {
        "event_id": "501225",
        "event_name": "PS 199 Fall Festival",
        "event_type": "Block Party",
        "event_agency": "Street Activity Permit Office",
        "event_location": " WEST   70 STREET between WEST END AVENUE and AMSTERDAM AVENUE",
        "event_borough": "Manhattan",
        "start_date": "2019-10-19T10:00:00.000",
        "end_date": "2019-10-19T17:00:00.000",
        "start_formatted": "October 19, 2019 10:00 AM",
        "end_formatted": "October 19, 2019 05:00 PM",
        "street_closure_type": "Full Street Closure ",
        "community_board": "7, ",
        "police_precinct": "20, "
      }
    },
    {
      "type": "Feature",
      "geometry": {
        "type": "Point",
        "coordinates": [
          -73.95522349999999,
          40.78433
        ]
      },
      "properties": {
        "event_id": "485113",
        "event_name": "The Brick Church School Fall Fair",
        "event_type": "Block Party",
        "event_agency": "Street Activity Permit Office",
        "event_location": " EAST   92 STREET between MADISON AVENUE and PARK AVENUE",
        "event_borough": "Manhattan",
        "start_date": "2019-10-18T12:00:00.000",
        "end_date": "2019-10-18T16:00:00.000",
        "start_formatted": "October 18, 2019 12:00 PM",
        "end_formatted": "October 18, 2019 04:00 PM",
        "street_closure_type": "Full Street Closure ",
        "community_board": "8, ",
        "police_precinct": "19, "
      }
    },
    {
      "type": "Feature",
      "geometry": {
        "type": "Point",
        "coordinates": [
          -73.95587499999999,
          40.5910435
        ]
      },
      "properties": {
        "event_id": "498206",
        "event_name": "Sukkot Street Festival",
        "event_type": "Block Party",
        "event_agency": "Street Activity Permit Office",
        "event_location": " EAST   14 STREET between AVENUE Y and AVENUE X",
        "event_borough": "Brooklyn",
        "start_date": "2019-10-17T14:00:00.000",
        "end_date": "2019-10-17T19:00:00.000",
        "start_formatted": "October 17, 2019 02:00 PM",
        "end_formatted": "October 17, 2019 07:00 PM",
        "street_closure_type": "Full Street Closure ",
        "community_board": "15, ",
        "police_precinct": "61, "
      }
    },
    {
      "type": "Feature",
      "geometry": {
        "type": "Point",
        "coordinates": [
          -73.9831165,
          40.635061
        ]
      },
      "properties": {
        "event_id": "510437",
        "event_name": "Asisa Sukkos Celebration",
        "event_type": "Block Party",
        "event_agency": "Street Activity Permit Office",
        "event_location": " 43 STREET between 16 AVENUE and 15 AVENUE",
        "event_borough": "Brooklyn",
        "start_date": "2019-10-16T11:00:00.000",
        "end_date": "2019-10-16T17:00:00.000",
        "start_formatted": "October 16, 2019 11:00 AM",
        "end_formatted": "October 16, 2019 05:00 PM",
        "street_closure_type": "Full Street Closure ",
        "community_board": "12, ",
        "police_precinct": "66, "
      }
    },
    {
      "type": "Feature",
      "geometry": {
        "type": "Point",
        "coordinates": [
          -73.9693255,
          40.6255285
        ]
      },
      "properties": {
        "event_id": "509718",
        "event_name": "Reach For The  Stars  Carnival",
        "event_type": "Block Party",
        "event_agency": "Street Activity Permit Office",
        "event_location": " EAST    7 STREET between AVENUE I and AVENUE J",
        "event_borough": "Brooklyn",
        "start_date": "2019-10-16T10:30:00.000",
        "end_date": "2019-10-16T17:00:00.000",
        "start_formatted": "October 16, 2019 10:30 AM",
        "end_formatted": "October 16, 2019 05:00 PM",
        "street_closure_type": "Full Street Closure ",
        "community_board": "12, ",
        "police_precinct": "66, "
      }
    },
    {
      "type": "Feature",
      "geometry": {
        "type": "Point",
        "coordinates": [
          -73.946433,
          40.7905965
        ]
      },
      "properties": {
        "event_id": "482665",
        "event_name": "Hope Community Annual Fall Fest",
        "event_type": "Block Party",
        "event_agency": "Street Activity Permit Office",
        "event_location": " EAST  104 STREET between LEXINGTON AVENUE and 3 AVENUE",
        "event_borough": "Manhattan",
        "start_date": "2019-10-14T10:00:00.000",
        "end_date": "2019-10-14T16:00:00.000",
        "start_formatted": "October 14, 2019 10:00 AM",
        "end_formatted": "October 14, 2019 04:00 PM",
        "street_closure_type": "Full Street Closure ",
        "community_board": "11, ",
        "police_precinct": "23, "
      }
    },
    {
      "type": "Feature",
      "geometry": {
        "type": "Point",
        "coordinates": [
          -73.9936825,
          40.693861999999996
        ]
      },
      "properties": {
        "event_id": "499956",
        "event_name": "Pizza In The Hut Block Sukkot Party",
        "event_type": "Block Party",
        "event_agency": "Street Activity Permit Office",
        "event_location": " REMSEN STREET between CLINTON STREET and HENRY STREET",
        "event_borough": "Brooklyn",
        "start_date": "2019-10-13T16:00:00.000",
        "end_date": "2019-10-13T18:00:00.000",
        "start_formatted": "October 13, 2019 04:00 PM",
        "end_formatted": "October 13, 2019 06:00 PM",
        "street_closure_type": "Sidewalk and Curb Lane Closure ",
        "community_board": "2, ",
        "police_precinct": "84, "
      }
    },
    {
      "type": "Feature",
      "geometry": {
        "type": "Point",
        "coordinates": [
          -73.850396,
          40.8547635
        ]
      },
      "properties": {
        "event_id": "499744",
        "event_name": "1900s Block Party",
        "event_type": "Block Party",
        "event_agency": "Street Activity Permit Office",
        "event_location": " NARRAGANSETT AVENUE between NEILL AVENUE and RHINELANDER AVENUE",
        "event_borough": "Bronx",
        "start_date": "2019-10-13T12:30:00.000",
        "end_date": "2019-10-13T21:00:00.000",
        "start_formatted": "October 13, 2019 12:30 PM",
        "end_formatted": "October 13, 2019 09:00 PM",
        "street_closure_type": "Full Street Closure ",
        "community_board": "11, ",
        "police_precinct": "49, "
      }
    },
    {
      "type": "Feature",
      "geometry": {
        "type": "Point",
        "coordinates": [
          -74.00530499999999,
          40.6053005
        ]
      },
      "properties": {
        "event_id": "494762",
        "event_name": "Jovenes Cristianos Church Community Event",
        "event_type": "Block Party",
        "event_agency": "Street Activity Permit Office",
        "event_location": " RUTHERFORD PLACE between BAY   17 STREET and 18 AVENUE",
        "event_borough": "Brooklyn",
        "start_date": "2019-10-13T11:00:00.000",
        "end_date": "2019-10-13T20:00:00.000",
        "start_formatted": "October 13, 2019 11:00 AM",
        "end_formatted": "October 13, 2019 08:00 PM",
        "street_closure_type": "Full Street Closure ",
        "community_board": "11, ",
        "police_precinct": "62, "
      }
    },
    {
      "type": "Feature",
      "geometry": {
        "type": "Point",
        "coordinates": [
          -73.94581600000001,
          40.722915
        ]
      },
      "properties": {
        "event_id": "503248",
        "event_name": "Get To The Point - 5K Run",
        "event_type": "Block Party",
        "event_agency": "Street Activity Permit Office",
        "event_location": " DRIGGS AVENUE between NEWEL STREET and DIAMOND STREET",
        "event_borough": "Brooklyn",
        "start_date": "2019-10-13T10:30:00.000",
        "end_date": "2019-10-13T14:30:00.000",
        "start_formatted": "October 13, 2019 10:30 AM",
        "end_formatted": "October 13, 2019 02:30 PM",
        "street_closure_type": "Full Street Closure ",
        "community_board": "1, ",
        "police_precinct": "94, "
      }
    },
    {
      "type": "Feature",
      "geometry": {
        "type": "Point",
        "coordinates": [
          -73.827749,
          40.6915345
        ]
      },
      "properties": {
        "event_id": "487566",
        "event_name": "BIRTHDAY CELEBRATION OF GURU RAM DAS JI",
        "event_type": "Block Party",
        "event_agency": "Street Activity Permit Office",
        "event_location": " 118 STREET between 95 AVENUE and 97 AVENUE",
        "event_borough": "Queens",
        "start_date": "2019-10-13T10:00:00.000",
        "end_date": "2019-10-13T18:00:00.000",
        "start_formatted": "October 13, 2019 10:00 AM",
        "end_formatted": "October 13, 2019 06:00 PM",
        "street_closure_type": "Full Street Closure ",
        "community_board": "9, ",
        "police_precinct": "102, "
      }
    },
    {
      "type": "Feature",
      "geometry": {
        "type": "Point",
        "coordinates": [
          -73.8717685,
          40.6767385
        ]
      },
      "properties": {
        "event_id": "502941",
        "event_name": "Eid Get Together",
        "event_type": "Block Party",
        "event_agency": "Street Activity Permit Office",
        "event_location": " GLENMORE AVENUE between PINE STREET and EUCLID AVENUE",
        "event_borough": "Brooklyn",
        "start_date": "2019-10-13T10:00:00.000",
        "end_date": "2019-10-13T17:00:00.000",
        "start_formatted": "October 13, 2019 10:00 AM",
        "end_formatted": "October 13, 2019 05:00 PM",
        "street_closure_type": "Full Street Closure ",
        "community_board": "5, ",
        "police_precinct": "75, "
      }
    },
    {
      "type": "Feature",
      "geometry": {
        "type": "Point",
        "coordinates": [
          -73.93247600000001,
          40.85324
        ]
      },
      "properties": {
        "event_id": "495299",
        "event_name": "St. Elizabeth Feast ",
        "event_type": "Block Party",
        "event_agency": "Street Activity Permit Office",
        "event_location": " WADSWORTH AVENUE between WEST  186 STREET and WEST  187 STREET",
        "event_borough": "Manhattan",
        "start_date": "2019-10-13T09:00:00.000",
        "end_date": "2019-10-13T17:00:00.000",
        "start_formatted": "October 13, 2019 09:00 AM",
        "end_formatted": "October 13, 2019 05:00 PM",
        "street_closure_type": "Full Street Closure ",
        "community_board": "12, ",
        "police_precinct": "34, "
      }
    },
    {
      "type": "Feature",
      "geometry": {
        "type": "Point",
        "coordinates": [
          -74.00469100000001,
          40.604938000000004
        ]
      },
      "properties": {
        "event_id": "506372",
        "event_name": "FIAO BROOKLYN BLOCK PARTY",
        "event_type": "Block Party",
        "event_agency": "Street Activity Permit Office",
        "event_location": " BENSON AVENUE between BAY   19 STREET and 18 AVENUE",
        "event_borough": "Brooklyn",
        "start_date": "2019-10-12T15:00:00.000",
        "end_date": "2019-10-12T20:00:00.000",
        "start_formatted": "October 12, 2019 03:00 PM",
        "end_formatted": "October 12, 2019 08:00 PM",
        "street_closure_type": "Full Street Closure ",
        "community_board": "11, ",
        "police_precinct": "62, "
      }
    },
    {
      "type": "Feature",
      "geometry": {
        "type": "Point",
        "coordinates": [
          -74.135602,
          40.62065
        ]
      },
      "properties": {
        "event_id": "502041",
        "event_name": "Maine 2019",
        "event_type": "Block Party",
        "event_agency": "Street Activity Permit Office",
        "event_location": " MAINE AVENUE between NEAL DOW AVENUE and BIDWELL AVENUE",
        "event_borough": "Staten Island",
        "start_date": "2019-10-12T12:00:00.000",
        "end_date": "2019-10-12T20:00:00.000",
        "start_formatted": "October 12, 2019 12:00 PM",
        "end_formatted": "October 12, 2019 08:00 PM",
        "street_closure_type": "Full Street Closure ",
        "community_board": "1, ",
        "police_precinct": "121, "
      }
    },
    {
      "type": "Feature",
      "geometry": {
        "type": "Point",
        "coordinates": [
          -73.9120815,
          40.8207345
        ]
      },
      "properties": {
        "event_id": "505033",
        "event_name": "I AM MY SISTAHS KEEPER WORTHY BY CHOICE ",
        "event_type": "Block Party",
        "event_agency": "Street Activity Permit Office",
        "event_location": " EAST 157TH   STREET between BROOK  AVE and THIRD AVE",
        "event_borough": "Bronx",
        "start_date": "2019-10-12T12:00:00.000",
        "end_date": "2019-10-12T17:00:00.000",
        "start_formatted": "October 12, 2019 12:00 PM",
        "end_formatted": "October 12, 2019 05:00 PM",
        "street_closure_type": "Sidewalk and Street Closure ",
        "community_board": "1, ",
        "police_precinct": "40, "
      }
    },
    {
      "type": "Feature",
      "geometry": {
        "type": "Point",
        "coordinates": [
          -73.98675349999999,
          40.774133
        ]
      },
      "properties": {
        "event_id": "511259",
        "event_name": "Fall Family Outing",
        "event_type": "Block Party",
        "event_agency": "Street Activity Permit Office",
        "event_location": " WEST   64 STREET between AMSTERDAM AVENUE and WEST END AVENUE",
        "event_borough": "Manhattan",
        "start_date": "2019-10-12T11:00:00.000",
        "end_date": "2019-10-12T17:00:00.000",
        "start_formatted": "October 12, 2019 11:00 AM",
        "end_formatted": "October 12, 2019 05:00 PM",
        "street_closure_type": "Full Street Closure ",
        "community_board": "7, ",
        "police_precinct": "20, "
      }
    },
    {
      "type": "Feature",
      "geometry": {
        "type": "Point",
        "coordinates": [
          -74.00882250000001,
          40.613794
        ]
      },
      "properties": {
        "event_id": "503219",
        "event_name": "83 st Block Party",
        "event_type": "Block Party",
        "event_agency": "Street Activity Permit Office",
        "event_location": " 83 STREET between 14 AVENUE and 15 AVENUE",
        "event_borough": "Brooklyn",
        "start_date": "2019-10-12T11:00:00.000",
        "end_date": "2019-10-12T20:00:00.000",
        "start_formatted": "October 12, 2019 11:00 AM",
        "end_formatted": "October 12, 2019 08:00 PM",
        "street_closure_type": "Full Street Closure ",
        "community_board": "11, ",
        "police_precinct": "62, "
      }
    },
    {
      "type": "Feature",
      "geometry": {
        "type": "Point",
        "coordinates": [
          -73.91799950000001,
          40.669871
        ]
      },
      "properties": {
        "event_id": "468550",
        "event_name": "Holy House of prayer For all People",
        "event_type": "Block Party",
        "event_agency": "Street Activity Permit Office",
        "event_location": " ST JOHNS PLACE between SARATOGA AVENUE and EASTERN PARKWAY",
        "event_borough": "Brooklyn",
        "start_date": "2019-10-12T11:00:00.000",
        "end_date": "2019-10-12T18:00:00.000",
        "start_formatted": "October 12, 2019 11:00 AM",
        "end_formatted": "October 12, 2019 06:00 PM",
        "street_closure_type": "Sidewalk and Street Closure ",
        "community_board": "16, ",
        "police_precinct": "73, "
      }
    },
    {
      "type": "Feature",
      "geometry": {
        "type": "Point",
        "coordinates": [
          -73.9839915,
          40.6739865
        ]
      },
      "properties": {
        "event_id": "498563",
        "event_name": "2nd Street Block Party",
        "event_type": "Block Party",
        "event_agency": "Street Activity Permit Office",
        "event_location": " 2 STREET between 4 AVENUE and 5 AVENUE",
        "event_borough": "Brooklyn",
        "start_date": "2019-10-12T10:30:00.000",
        "end_date": "2019-10-12T18:30:00.000",
        "start_formatted": "October 12, 2019 10:30 AM",
        "end_formatted": "October 12, 2019 06:30 PM",
        "street_closure_type": "Full Street Closure ",
        "community_board": "6, ",
        "police_precinct": "78, "
      }
    },
    {
      "type": "Feature",
      "geometry": {
        "type": "Point",
        "coordinates": [
          -73.74261899999999,
          40.679627999999994
        ]
      },
      "properties": {
        "event_id": "503136",
        "event_name": "226th Street Back To School Celebration",
        "event_type": "Block Party",
        "event_agency": "Street Activity Permit Office",
        "event_location": " 226 STREET between 131 AVENUE and 133 AVENUE",
        "event_borough": "Queens",
        "start_date": "2019-10-12T10:00:00.000",
        "end_date": "2019-10-12T19:00:00.000",
        "start_formatted": "October 12, 2019 10:00 AM",
        "end_formatted": "October 12, 2019 07:00 PM",
        "street_closure_type": "Full Street Closure ",
        "community_board": "13, ",
        "police_precinct": "105, "
      }
    },
    {
      "type": "Feature",
      "geometry": {
        "type": "Point",
        "coordinates": [
          -73.9432245,
          40.813413499999996
        ]
      },
      "properties": {
        "event_id": "495401",
        "event_name": "halloween block party",
        "event_type": "Block Party",
        "event_agency": "Street Activity Permit Office",
        "event_location": " WEST  133 STREET between 7 AVENUE and LENOX AVENUE",
        "event_borough": "Manhattan",
        "start_date": "2019-10-12T10:00:00.000",
        "end_date": "2019-10-12T17:00:00.000",
        "start_formatted": "October 12, 2019 10:00 AM",
        "end_formatted": "October 12, 2019 05:00 PM",
        "street_closure_type": "Full Street Closure ",
        "community_board": "10, ",
        "police_precinct": "32, "
      }
    },
    {
      "type": "Feature",
      "geometry": {
        "type": "Point",
        "coordinates": [
          -74.012122,
          40.6734195
        ]
      },
      "properties": {
        "event_id": "498066",
        "event_name": "BLOCK PARTY",
        "event_type": "Block Party",
        "event_agency": "Street Activity Permit Office",
        "event_location": " DWIGHT STREET between VAN DYKE STREET and BEARD STREET",
        "event_borough": "Brooklyn",
        "start_date": "2019-10-12T10:00:00.000",
        "end_date": "2019-10-12T17:00:00.000",
        "start_formatted": "October 12, 2019 10:00 AM",
        "end_formatted": "October 12, 2019 05:00 PM",
        "street_closure_type": "Full Street Closure ",
        "community_board": "6, ",
        "police_precinct": "76, "
      }
    },
    {
      "type": "Feature",
      "geometry": {
        "type": "Point",
        "coordinates": [
          -73.977022,
          40.66639
        ]
      },
      "properties": {
        "event_id": "503129",
        "event_name": "Play in the Street",
        "event_type": "Block Party",
        "event_agency": "Street Activity Permit Office",
        "event_location": " 7 STREET between 8 AVENUE and PROSPECT PARK WEST",
        "event_borough": "Brooklyn",
        "start_date": "2019-10-12T09:00:00.000",
        "end_date": "2019-10-12T18:00:00.000",
        "start_formatted": "October 12, 2019 09:00 AM",
        "end_formatted": "October 12, 2019 06:00 PM",
        "street_closure_type": "Full Street Closure ",
        "community_board": "6, ",
        "police_precinct": "78, "
      }
    },
    {
      "type": "Feature",
      "geometry": {
        "type": "Point",
        "coordinates": [
          -73.956944,
          40.6478185
        ]
      },
      "properties": {
        "event_id": "507726",
        "event_name": "Block Party",
        "event_type": "Block Party",
        "event_agency": "Street Activity Permit Office",
        "event_location": " ALBEMARLE ROAD between BEDFORD AVENUE and FLATBUSH AVENUE",
        "event_borough": "Brooklyn",
        "start_date": "2019-10-11T17:30:00.000",
        "end_date": "2019-10-11T21:00:00.000",
        "start_formatted": "October 11, 2019 05:30 PM",
        "end_formatted": "October 11, 2019 09:00 PM",
        "street_closure_type": "Full Street Closure ",
        "community_board": "14, ",
        "police_precinct": "70, "
      }
    },
    {
      "type": "Feature",
      "geometry": {
        "type": "Point",
        "coordinates": [
          -73.9691415,
          40.6332175
        ]
      },
      "properties": {
        "event_id": "497844",
        "event_name": "Newkirk Community Garden Launch Party",
        "event_type": "Block Party",
        "event_agency": "Street Activity Permit Office",
        "event_location": " EAST    8 STREET between NEWKIRK AVENUE and WEBSTER AVENUE",
        "event_borough": "Brooklyn",
        "start_date": "2019-10-06T13:00:00.000",
        "end_date": "2019-10-06T18:00:00.000",
        "start_formatted": "October 06, 2019 01:00 PM",
        "end_formatted": "October 06, 2019 06:00 PM",
        "street_closure_type": "Full Street Closure ",
        "community_board": "14, ",
        "police_precinct": "70, "
      }
    },
    {
      "type": "Feature",
      "geometry": {
        "type": "Point",
        "coordinates": [
          -73.97062550000001,
          40.7975165
        ]
      },
      "properties": {
        "event_id": "495358",
        "event_name": "Fall Festival",
        "event_type": "Block Party",
        "event_agency": "Street Activity Permit Office",
        "event_location": " WEST  100 STREET between BROADWAY and WEST END AVENUE",
        "event_borough": "Manhattan",
        "start_date": "2019-10-06T10:00:00.000",
        "end_date": "2019-10-06T16:00:00.000",
        "start_formatted": "October 06, 2019 10:00 AM",
        "end_formatted": "October 06, 2019 04:00 PM",
        "street_closure_type": "Full Street Closure ",
        "community_board": "7, ",
        "police_precinct": "24, "
      }
    },
    {
      "type": "Feature",
      "geometry": {
        "type": "Point",
        "coordinates": [
          -73.96656949999999,
          40.805791
        ]
      },
      "properties": {
        "event_id": "489292",
        "event_name": "Bank Street Fall Fair",
        "event_type": "Block Party",
        "event_agency": "Street Activity Permit Office",
        "event_location": " WEST  112 STREET between BROADWAY and RIVERSIDE DRIVE",
        "event_borough": "Manhattan",
        "start_date": "2019-10-06T10:00:00.000",
        "end_date": "2019-10-06T18:00:00.000",
        "start_formatted": "October 06, 2019 10:00 AM",
        "end_formatted": "October 06, 2019 06:00 PM",
        "street_closure_type": "Full Street Closure ",
        "community_board": "9, ",
        "police_precinct": "26, "
      }
    },
    {
      "type": "Feature",
      "geometry": {
        "type": "Point",
        "coordinates": [
          -73.982163,
          40.643715
        ]
      },
      "properties": {
        "event_id": "502044",
        "event_name": "Clara Street Block Party",
        "event_type": "Block Party",
        "event_agency": "Street Activity Permit Office",
        "event_location": " CLARA STREET between CHESTER AVENUE and DAHILL ROAD",
        "event_borough": "Brooklyn",
        "start_date": "2019-10-06T09:00:00.000",
        "end_date": "2019-10-06T18:00:00.000",
        "start_formatted": "October 06, 2019 09:00 AM",
        "end_formatted": "October 06, 2019 06:00 PM",
        "street_closure_type": "Full Street Closure ",
        "community_board": "12, ",
        "police_precinct": "66, "
      }
    },
    {
      "type": "Feature",
      "geometry": {
        "type": "Point",
        "coordinates": [
          -73.9735855,
          40.6479955
        ]
      },
      "properties": {
        "event_id": "500980",
        "event_name": "2019 Fall Fest",
        "event_type": "Block Party",
        "event_agency": "Street Activity Permit Office",
        "event_location": " EAST    7 STREET between CATON AVENUE and KERMIT PLACE",
        "event_borough": "Brooklyn",
        "start_date": "2019-10-06T08:30:00.000",
        "end_date": "2019-10-06T15:00:00.000",
        "start_formatted": "October 06, 2019 08:30 AM",
        "end_formatted": "October 06, 2019 03:00 PM",
        "street_closure_type": "Full Street Closure ",
        "community_board": "7, ",
        "police_precinct": "72, "
      }
    },
    {
      "type": "Feature",
      "geometry": {
        "type": "Point",
        "coordinates": [
          -74.1120525,
          40.6279765
        ]
      },
      "properties": {
        "event_id": "501870",
        "event_name": "E Raleigh Block Party",
        "event_type": "Block Party",
        "event_agency": "Street Activity Permit Office",
        "event_location": " EAST RALEIGH AVENUE between BEMENT AVENUE and NORTH BURGHER AVENUE",
        "event_borough": "Staten Island",
        "start_date": "2019-10-05T13:00:00.000",
        "end_date": "2019-10-05T20:00:00.000",
        "start_formatted": "October 05, 2019 01:00 PM",
        "end_formatted": "October 05, 2019 08:00 PM",
        "street_closure_type": "Full Street Closure ",
        "community_board": "1, ",
        "police_precinct": "120, "
      }
    },
    {
      "type": "Feature",
      "geometry": {
        "type": "Point",
        "coordinates": [
          -74.00286299999999,
          40.725873
        ]
      },
      "properties": {
        "event_id": "501873",
        "event_name": "Soho Block Party",
        "event_type": "Block Party",
        "event_agency": "Street Activity Permit Office",
        "event_location": " SULLIVAN STREET between PRINCE STREET and SPRING STREET",
        "event_borough": "Manhattan",
        "start_date": "2019-10-05T13:00:00.000",
        "end_date": "2019-10-05T16:00:00.000",
        "start_formatted": "October 05, 2019 01:00 PM",
        "end_formatted": "October 05, 2019 04:00 PM",
        "street_closure_type": "Full Street Closure ",
        "community_board": "2, ",
        "police_precinct": "1, "
      }
    },
    {
      "type": "Feature",
      "geometry": {
        "type": "Point",
        "coordinates": [
          -73.777275,
          40.5945495
        ]
      },
      "properties": {
        "event_id": "482631",
        "event_name": "Childrens Harvest Festival",
        "event_type": "Block Party",
        "event_agency": "Street Activity Permit Office",
        "event_location": " BEACH   46 STREET between BEACH CHANNEL DRIVE and ROCKAWAY BEACH BOULEVARD",
        "event_borough": "Queens",
        "start_date": "2019-10-05T13:00:00.000",
        "end_date": "2019-10-05T16:00:00.000",
        "start_formatted": "October 05, 2019 01:00 PM",
        "end_formatted": "October 05, 2019 04:00 PM",
        "street_closure_type": "Full Street Closure ",
        "community_board": "14, ",
        "police_precinct": "101, "
      }
    },
    {
      "type": "Feature",
      "geometry": {
        "type": "Point",
        "coordinates": [
          -73.9780315,
          40.6651825
        ]
      },
      "properties": {
        "event_id": "487206",
        "event_name": "9th Street Block Party",
        "event_type": "Block Party",
        "event_agency": "Street Activity Permit Office",
        "event_location": " 9 STREET between 8 AVENUE and PROSPECT PARK WEST",
        "event_borough": "Brooklyn",
        "start_date": "2019-10-05T12:00:00.000",
        "end_date": "2019-10-05T19:30:00.000",
        "start_formatted": "October 05, 2019 12:00 PM",
        "end_formatted": "October 05, 2019 07:30 PM",
        "street_closure_type": "Full Street Closure ",
        "community_board": "6, ",
        "police_precinct": "78, "
      }
    },
    {
      "type": "Feature",
      "geometry": {
        "type": "Point",
        "coordinates": [
          -73.9669175,
          40.759111000000004
        ]
      },
      "properties": {
        "event_id": "494795",
        "event_name": "PS 59 Block Party",
        "event_type": "Block Party",
        "event_agency": "Street Activity Permit Office",
        "event_location": " EAST   56 STREET between 2 AVENUE and 3 AVENUE",
        "event_borough": "Manhattan",
        "start_date": "2019-10-05T12:00:00.000",
        "end_date": "2019-10-05T16:00:00.000",
        "start_formatted": "October 05, 2019 12:00 PM",
        "end_formatted": "October 05, 2019 04:00 PM",
        "street_closure_type": "Full Street Closure ",
        "community_board": "6, ",
        "police_precinct": "17, "
      }
    },
    {
      "type": "Feature",
      "geometry": {
        "type": "Point",
        "coordinates": [
          -73.73967250000001,
          40.768007
        ]
      },
      "properties": {
        "event_id": "501767",
        "event_name": "248th Street Block Party",
        "event_type": "Block Party",
        "event_agency": "Street Activity Permit Office",
        "event_location": " 248 STREET between 43 AVENUE and NORTHERN BOULEVARD",
        "event_borough": "Queens",
        "start_date": "2019-10-05T12:00:00.000",
        "end_date": "2019-10-05T21:00:00.000",
        "start_formatted": "October 05, 2019 12:00 PM",
        "end_formatted": "October 05, 2019 09:00 PM",
        "street_closure_type": "Full Street Closure ",
        "community_board": "11, ",
        "police_precinct": "111, "
      }
    },
    {
      "type": "Feature",
      "geometry": {
        "type": "Point",
        "coordinates": [
          -73.8638,
          40.689645
        ]
      },
      "properties": {
        "event_id": "485168",
        "event_name": "Neirs BLock Party ",
        "event_type": "Block Party",
        "event_agency": "Street Activity Permit Office",
        "event_location": " 88 AVENUE between 78 STREET and 77TH STREET",
        "event_borough": "Queens",
        "start_date": "2019-10-05T12:00:00.000",
        "end_date": "2019-10-05T18:00:00.000",
        "start_formatted": "October 05, 2019 12:00 PM",
        "end_formatted": "October 05, 2019 06:00 PM",
        "street_closure_type": "Full Street Closure ",
        "community_board": "9, ",
        "police_precinct": "102, "
      }
    },
    {
      "type": "Feature",
      "geometry": {
        "type": "Point",
        "coordinates": [
          -73.751907,
          40.7168535
        ]
      },
      "properties": {
        "event_id": "502023",
        "event_name": "210 Street Family Day",
        "event_type": "Block Party",
        "event_agency": "Street Activity Permit Office",
        "event_location": " 210 STREET between 93 AVENUE and 94 AVENUE",
        "event_borough": "Queens",
        "start_date": "2019-10-05T12:00:00.000",
        "end_date": "2019-10-05T17:00:00.000",
        "start_formatted": "October 05, 2019 12:00 PM",
        "end_formatted": "October 05, 2019 05:00 PM",
        "street_closure_type": "Full Street Closure ",
        "community_board": "13, ",
        "police_precinct": "105, "
      }
    },
    {
      "type": "Feature",
      "geometry": {
        "type": "Point",
        "coordinates": [
          -73.8418355,
          40.7106405
        ]
      },
      "properties": {
        "event_id": "492891",
        "event_name": "Kessel Street Family Block Party",
        "event_type": "Block Party",
        "event_agency": "Street Activity Permit Office",
        "event_location": " KESSEL STREET between 75 ROAD and WHITSON STREET",
        "event_borough": "Queens",
        "start_date": "2019-10-05T11:00:00.000",
        "end_date": "2019-10-05T19:30:00.000",
        "start_formatted": "October 05, 2019 11:00 AM",
        "end_formatted": "October 05, 2019 07:30 PM",
        "street_closure_type": "Sidewalk and Street Closure ",
        "community_board": "6, ",
        "police_precinct": "112, "
      }
    },
    {
      "type": "Feature",
      "geometry": {
        "type": "Point",
        "coordinates": [
          -73.9286565,
          40.612891
        ]
      },
      "properties": {
        "event_id": "500506",
        "event_name": "Coleman Street Block Party",
        "event_type": "Block Party",
        "event_agency": "Street Activity Permit Office",
        "event_location": " COLEMAN STREET between FILLMORE AVENUE and AVENUE S",
        "event_borough": "Brooklyn",
        "start_date": "2019-10-05T11:00:00.000",
        "end_date": "2019-10-05T20:00:00.000",
        "start_formatted": "October 05, 2019 11:00 AM",
        "end_formatted": "October 05, 2019 08:00 PM",
        "street_closure_type": "Full Street Closure ",
        "community_board": "18, ",
        "police_precinct": "63, "
      }
    },
    {
      "type": "Feature",
      "geometry": {
        "type": "Point",
        "coordinates": [
          -74.01193950000001,
          40.6211385
        ]
      },
      "properties": {
        "event_id": "496518",
        "event_name": "77th Street Annual Block Party",
        "event_type": "Block Party",
        "event_agency": "Street Activity Permit Office",
        "event_location": " 77 STREET between 11 AVENUE and 12 AVENUE",
        "event_borough": "Brooklyn",
        "start_date": "2019-10-05T11:00:00.000",
        "end_date": "2019-10-05T20:00:00.000",
        "start_formatted": "October 05, 2019 11:00 AM",
        "end_formatted": "October 05, 2019 08:00 PM",
        "street_closure_type": "Full Street Closure ",
        "community_board": "10, ",
        "police_precinct": "68, "
      }
    },
    {
      "type": "Feature",
      "geometry": {
        "type": "Point",
        "coordinates": [
          -73.9745675,
          40.653324
        ]
      },
      "properties": {
        "event_id": "499667",
        "event_name": "Reeve Place Block Party",
        "event_type": "Block Party",
        "event_agency": "Street Activity Permit Office",
        "event_location": " REEVE PLACE between PROSPECT AVENUE and PROSPECT PARK SOUTHWEST",
        "event_borough": "Brooklyn",
        "start_date": "2019-10-05T11:00:00.000",
        "end_date": "2019-10-05T20:00:00.000",
        "start_formatted": "October 05, 2019 11:00 AM",
        "end_formatted": "October 05, 2019 08:00 PM",
        "street_closure_type": "Full Street Closure ",
        "community_board": "7, ",
        "police_precinct": "72, "
      }
    },
    {
      "type": "Feature",
      "geometry": {
        "type": "Point",
        "coordinates": [
          -74.0106705,
          40.649876500000005
        ]
      },
      "properties": {
        "event_id": "500874",
        "event_name": "45th Street Block Party",
        "event_type": "Block Party",
        "event_agency": "Street Activity Permit Office",
        "event_location": " 45 STREET between 3 AVENUE and 4 AVENUE",
        "event_borough": "Brooklyn",
        "start_date": "2019-10-05T11:00:00.000",
        "end_date": "2019-10-05T20:00:00.000",
        "start_formatted": "October 05, 2019 11:00 AM",
        "end_formatted": "October 05, 2019 08:00 PM",
        "street_closure_type": "Full Street Closure ",
        "community_board": "7, ",
        "police_precinct": "72, "
      }
    },
    {
      "type": "Feature",
      "geometry": {
        "type": "Point",
        "coordinates": [
          -73.9772225,
          40.724194499999996
        ]
      },
      "properties": {
        "event_id": "493287",
        "event_name": "2019 Annual Health and Wellness Fair Block Party ",
        "event_type": "Block Party",
        "event_agency": "Street Activity Permit Office",
        "event_location": " EAST    8 STREET between AVENUE D and AVENUE C",
        "event_borough": "Manhattan",
        "start_date": "2019-10-05T11:00:00.000",
        "end_date": "2019-10-05T16:00:00.000",
        "start_formatted": "October 05, 2019 11:00 AM",
        "end_formatted": "October 05, 2019 04:00 PM",
        "street_closure_type": "Sidewalk and Street Closure ",
        "community_board": "3, ",
        "police_precinct": "9, "
      }
    },
    {
      "type": "Feature",
      "geometry": {
        "type": "Point",
        "coordinates": [
          -73.93844200000001,
          40.6093725
        ]
      },
      "properties": {
        "event_id": "495225",
        "event_name": "Marine Parkway Block Party",
        "event_type": "Block Party",
        "event_agency": "Street Activity Permit Office",
        "event_location": " MARINE PARKWAY between AVENUE R and FILLMORE AVENUE",
        "event_borough": "Brooklyn",
        "start_date": "2019-10-05T11:00:00.000",
        "end_date": "2019-10-05T20:00:00.000",
        "start_formatted": "October 05, 2019 11:00 AM",
        "end_formatted": "October 05, 2019 08:00 PM",
        "street_closure_type": "Full Street Closure ",
        "community_board": "18, ",
        "police_precinct": "63, "
      }
    },
    {
      "type": "Feature",
      "geometry": {
        "type": "Point",
        "coordinates": [
          -73.9874945,
          40.730851
        ]
      },
      "properties": {
        "event_id": "489448",
        "event_name": "Third Street Music School Settlement Block Party",
        "event_type": "Block Party",
        "event_agency": "Street Activity Permit Office",
        "event_location": " EAST   11 STREET between SECOND AVENUE and THIRD AVENUE",
        "event_borough": "Manhattan",
        "start_date": "2019-10-05T11:00:00.000",
        "end_date": "2019-10-05T17:00:00.000",
        "start_formatted": "October 05, 2019 11:00 AM",
        "end_formatted": "October 05, 2019 05:00 PM",
        "street_closure_type": "Full Street Closure ",
        "community_board": "3, ",
        "police_precinct": "9, "
      }
    },
    {
      "type": "Feature",
      "geometry": {
        "type": "Point",
        "coordinates": [
          -73.98527,
          40.664456
        ]
      },
      "properties": {
        "event_id": "486359",
        "event_name": "14th St Planting Party Day",
        "event_type": "Block Party",
        "event_agency": "Street Activity Permit Office",
        "event_location": " 14 STREET between 6 AVENUE and 7 AVENUE",
        "event_borough": "Brooklyn",
        "start_date": "2019-10-05T10:30:00.000",
        "end_date": "2019-10-05T18:00:00.000",
        "start_formatted": "October 05, 2019 10:30 AM",
        "end_formatted": "October 05, 2019 06:00 PM",
        "street_closure_type": "Full Street Closure ",
        "community_board": "6, ",
        "police_precinct": "78, "
      }
    },
    {
      "type": "Feature",
      "geometry": {
        "type": "Point",
        "coordinates": [
          -73.967419,
          40.64202
        ]
      },
      "properties": {
        "event_id": "497161",
        "event_name": "Westminster Rd Annual Block Party",
        "event_type": "Block Party",
        "event_agency": "Street Activity Permit Office",
        "event_location": " WESTMINSTER ROAD between BEVERLEY ROAD and CORTELYOU ROAD",
        "event_borough": "Brooklyn",
        "start_date": "2019-10-05T10:00:00.000",
        "end_date": "2019-10-05T19:00:00.000",
        "start_formatted": "October 05, 2019 10:00 AM",
        "end_formatted": "October 05, 2019 07:00 PM",
        "street_closure_type": "Full Street Closure ",
        "community_board": "14, ",
        "police_precinct": "70, "
      }
    },
    {
      "type": "Feature",
      "geometry": {
        "type": "Point",
        "coordinates": [
          -73.9745085,
          40.6693995
        ]
      },
      "properties": {
        "event_id": "491852",
        "event_name": "2ND STREET 2019 BLOCK PARTY",
        "event_type": "Block Party",
        "event_agency": "Street Activity Permit Office",
        "event_location": " 2 STREET between 8 AVENUE and PROSPECT PARK WEST",
        "event_borough": "Brooklyn",
        "start_date": "2019-10-05T10:00:00.000",
        "end_date": "2019-10-05T18:00:00.000",
        "start_formatted": "October 05, 2019 10:00 AM",
        "end_formatted": "October 05, 2019 06:00 PM",
        "street_closure_type": "Full Street Closure ",
        "community_board": "6, ",
        "police_precinct": "78, "
      }
    },
    {
      "type": "Feature",
      "geometry": {
        "type": "Point",
        "coordinates": [
          -73.99906100000001,
          40.678143000000006
        ]
      },
      "properties": {
        "event_id": "492193",
        "event_name": "15th Annual PumpkinFest",
        "event_type": "Block Party",
        "event_agency": "Street Activity Permit Office",
        "event_location": " 4 PLACE between COURT STREET and CLINTON STREET",
        "event_borough": "Brooklyn",
        "start_date": "2019-10-05T10:00:00.000",
        "end_date": "2019-10-05T16:00:00.000",
        "start_formatted": "October 05, 2019 10:00 AM",
        "end_formatted": "October 05, 2019 04:00 PM",
        "street_closure_type": "Full Street Closure ",
        "community_board": "6, ",
        "police_precinct": "76, "
      }
    },
    {
      "type": "Feature",
      "geometry": {
        "type": "Point",
        "coordinates": [
          -73.9827645,
          40.6674615
        ]
      },
      "properties": {
        "event_id": "500521",
        "event_name": "2019 Ninth Street Block Party",
        "event_type": "Block Party",
        "event_agency": "Street Activity Permit Office",
        "event_location": " NINTH STREET between SIXTH AVENUE and SEVENTH AVENUE",
        "event_borough": "Brooklyn",
        "start_date": "2019-10-05T10:00:00.000",
        "end_date": "2019-10-05T16:00:00.000",
        "start_formatted": "October 05, 2019 10:00 AM",
        "end_formatted": "October 05, 2019 04:00 PM",
        "street_closure_type": "Full Street Closure ",
        "community_board": "6, ",
        "police_precinct": "78, "
      }
    },
    {
      "type": "Feature",
      "geometry": {
        "type": "Point",
        "coordinates": [
          -73.92289600000001,
          40.838716000000005
        ]
      },
      "properties": {
        "event_id": "501686",
        "event_name": "St Francis of Assisi Annual ",
        "event_type": "Block Party",
        "event_agency": "Street Activity Permit Office",
        "event_location": " SHAKESPEARE AVENUE between WEST  168 STREET and WEST  169 STREET",
        "event_borough": "Bronx",
        "start_date": "2019-10-05T10:00:00.000",
        "end_date": "2019-10-05T15:00:00.000",
        "start_formatted": "October 05, 2019 10:00 AM",
        "end_formatted": "October 05, 2019 03:00 PM",
        "street_closure_type": "Full Sidewalk Closure ",
        "community_board": "4, ",
        "police_precinct": "44, "
      }
    },
    {
      "type": "Feature",
      "geometry": {
        "type": "Point",
        "coordinates": [
          -73.96037100000001,
          40.7417365
        ]
      },
      "properties": {
        "event_id": "452859",
        "event_name": "LIC Community Carnival",
        "event_type": "Block Party",
        "event_agency": "Street Activity Permit Office",
        "event_location": " CENTER BOULEVARD between 54 AVENUE and BORDEN AVENUE",
        "event_borough": "Queens",
        "start_date": "2019-10-05T10:00:00.000",
        "end_date": "2019-10-05T16:00:00.000",
        "start_formatted": "October 05, 2019 10:00 AM",
        "end_formatted": "October 05, 2019 04:00 PM",
        "street_closure_type": "Full Street Closure ",
        "community_board": "2, ",
        "police_precinct": "108, "
      }
    },
    {
      "type": "Feature",
      "geometry": {
        "type": "Point",
        "coordinates": [
          -73.941754,
          40.70384
        ]
      },
      "properties": {
        "event_id": "501759",
        "event_name": "Brooklyn Three Kings Day Parade",
        "event_type": "Block Party",
        "event_agency": "Street Activity Permit Office",
        "event_location": " MOORE STREET between HUMBOLDT STREET and GRAHAM AVENUE",
        "event_borough": "Brooklyn",
        "start_date": "2019-10-05T09:00:00.000",
        "end_date": "2019-10-05T18:00:00.000",
        "start_formatted": "October 05, 2019 09:00 AM",
        "end_formatted": "October 05, 2019 06:00 PM",
        "street_closure_type": "Full Street Closure ",
        "community_board": "1, ",
        "police_precinct": "90, "
      }
    },
    {
      "type": "Feature",
      "geometry": {
        "type": "Point",
        "coordinates": [
          -73.9839135,
          40.662110999999996
        ]
      },
      "properties": {
        "event_id": "496038",
        "event_name": "Block Party",
        "event_type": "Block Party",
        "event_agency": "Street Activity Permit Office",
        "event_location": " 16 STREET between 7 AVENUE and 8 AVENUE",
        "event_borough": "Brooklyn",
        "start_date": "2019-09-29T12:00:00.000",
        "end_date": "2019-09-29T19:00:00.000",
        "start_formatted": "September 29, 2019 12:00 PM",
        "end_formatted": "September 29, 2019 07:00 PM",
        "street_closure_type": "Full Street Closure ",
        "community_board": "7, ",
        "police_precinct": "72, "
      }
    },
    {
      "type": "Feature",
      "geometry": {
        "type": "Point",
        "coordinates": [
          -74.0095035,
          40.6509995
        ]
      },
      "properties": {
        "event_id": "498462",
        "event_name": "Parish Feast Day Carnival",
        "event_type": "Block Party",
        "event_agency": "Street Activity Permit Office",
        "event_location": " 43 STREET between 3 AVENUE and 4 AVENUE",
        "event_borough": "Brooklyn",
        "start_date": "2019-09-29T10:30:00.000",
        "end_date": "2019-09-29T18:00:00.000",
        "start_formatted": "September 29, 2019 10:30 AM",
        "end_formatted": "September 29, 2019 06:00 PM",
        "street_closure_type": "Full Street Closure ",
        "community_board": "7, ",
        "police_precinct": "72, "
      }
    },
    {
      "type": "Feature",
      "geometry": {
        "type": "Point",
        "coordinates": [
          -73.9135445,
          40.75822
        ]
      },
      "properties": {
        "event_id": "499598",
        "event_name": "2019 Newtown Road Block Party",
        "event_type": "Block Party",
        "event_agency": "Street Activity Permit Office",
        "event_location": " NEWTOWN ROAD between 45 STREET and 46 STREET",
        "event_borough": "Queens",
        "start_date": "2019-09-28T13:00:00.000",
        "end_date": "2019-09-28T20:00:00.000",
        "start_formatted": "September 28, 2019 01:00 PM",
        "end_formatted": "September 28, 2019 08:00 PM",
        "street_closure_type": "Full Street Closure ",
        "community_board": "1, ",
        "police_precinct": "114, "
      }
    },
    {
      "type": "Feature",
      "geometry": {
        "type": "Point",
        "coordinates": [
          -74.004683,
          40.6453535
        ]
      },
      "properties": {
        "event_id": "485797",
        "event_name": "Block party Fun",
        "event_type": "Block Party",
        "event_agency": "Street Activity Permit Office",
        "event_location": " 46 STREET between 6 AVENUE and 7 AVENUE",
        "event_borough": "Brooklyn",
        "start_date": "2019-09-28T13:00:00.000",
        "end_date": "2019-09-28T19:00:00.000",
        "start_formatted": "September 28, 2019 01:00 PM",
        "end_formatted": "September 28, 2019 07:00 PM",
        "street_closure_type": "Full Street Closure ",
        "community_board": "7, ",
        "police_precinct": "72, "
      }
    },
    {
      "type": "Feature",
      "geometry": {
        "type": "Point",
        "coordinates": [
          -74.0378645,
          40.631011
        ]
      },
      "properties": {
        "event_id": "479071",
        "event_name": "79th Street Block Party 2019",
        "event_type": "Block Party",
        "event_agency": "Street Activity Permit Office",
        "event_location": " 79 STREET between SHORE ROAD and NARROWS AVENUE",
        "event_borough": "Brooklyn",
        "start_date": "2019-09-28T13:00:00.000",
        "end_date": "2019-09-28T20:00:00.000",
        "start_formatted": "September 28, 2019 01:00 PM",
        "end_formatted": "September 28, 2019 08:00 PM",
        "street_closure_type": "Full Street Closure ",
        "community_board": "10, ",
        "police_precinct": "68, "
      }
    },
    {
      "type": "Feature",
      "geometry": {
        "type": "Point",
        "coordinates": [
          -74.13714250000001,
          40.614957
        ]
      },
      "properties": {
        "event_id": "500076",
        "event_name": "Demorest Avenue Annual Block Party",
        "event_type": "Block Party",
        "event_agency": "Street Activity Permit Office",
        "event_location": " DEMOREST AVENUE between WATCHOGUE ROAD and MARBLE STREET",
        "event_borough": "Staten Island",
        "start_date": "2019-09-28T13:00:00.000",
        "end_date": "2019-09-28T22:00:00.000",
        "start_formatted": "September 28, 2019 01:00 PM",
        "end_formatted": "September 28, 2019 10:00 PM",
        "street_closure_type": "Full Street Closure ",
        "community_board": "1, ",
        "police_precinct": "121, "
      }
    },
    {
      "type": "Feature",
      "geometry": {
        "type": "Point",
        "coordinates": [
          -73.915066,
          40.6790585
        ]
      },
      "properties": {
        "event_id": "481035",
        "event_name": "Childrens Harvest Festival",
        "event_type": "Block Party",
        "event_agency": "Street Activity Permit Office",
        "event_location": " HULL STREET between SARATOGA AVENUE and THOMAS S BOYLAND STREET",
        "event_borough": "Brooklyn",
        "start_date": "2019-09-28T13:00:00.000",
        "end_date": "2019-09-28T16:00:00.000",
        "start_formatted": "September 28, 2019 01:00 PM",
        "end_formatted": "September 28, 2019 04:00 PM",
        "street_closure_type": "Full Street Closure ",
        "community_board": "16, ",
        "police_precinct": "73, "
      }
    },
    {
      "type": "Feature",
      "geometry": {
        "type": "Point",
        "coordinates": [
          -73.945809,
          40.717987
        ]
      },
      "properties": {
        "event_id": "498644",
        "event_name": "Frost St. Block Party",
        "event_type": "Block Party",
        "event_agency": "Street Activity Permit Office",
        "event_location": " FROST STREET between GRAHAM AVENUE and MANHATTAN AVENUE",
        "event_borough": "Brooklyn",
        "start_date": "2019-09-28T13:00:00.000",
        "end_date": "2019-09-28T20:00:00.000",
        "start_formatted": "September 28, 2019 01:00 PM",
        "end_formatted": "September 28, 2019 08:00 PM",
        "street_closure_type": "Full Street Closure ",
        "community_board": "1, ",
        "police_precinct": "94, "
      }
    },
    {
      "type": "Feature",
      "geometry": {
        "type": "Point",
        "coordinates": [
          -73.915503,
          40.681256000000005
        ]
      },
      "properties": {
        "event_id": "497938",
        "event_name": "Marion St Block Association",
        "event_type": "Block Party",
        "event_agency": "Street Activity Permit Office",
        "event_location": " MARION STREET between SARATOGA AVENUE and THOMAS S BOYLAND STREET",
        "event_borough": "Brooklyn",
        "start_date": "2019-09-28T12:00:00.000",
        "end_date": "2019-09-28T18:00:00.000",
        "start_formatted": "September 28, 2019 12:00 PM",
        "end_formatted": "September 28, 2019 06:00 PM",
        "street_closure_type": "Full Street Closure ",
        "community_board": "16, ",
        "police_precinct": "73, "
      }
    },
    {
      "type": "Feature",
      "geometry": {
        "type": "Point",
        "coordinates": [
          -74.151357,
          40.5577635
        ]
      },
      "properties": {
        "event_id": "500513",
        "event_name": "Leverett Avenue Block Party 2019",
        "event_type": "Block Party",
        "event_agency": "Street Activity Permit Office",
        "event_location": " LEVERETT AVENUE between MILES AVENUE and LINTON PLACE",
        "event_borough": "Staten Island",
        "start_date": "2019-09-28T12:00:00.000",
        "end_date": "2019-09-28T20:00:00.000",
        "start_formatted": "September 28, 2019 12:00 PM",
        "end_formatted": "September 28, 2019 08:00 PM",
        "street_closure_type": "Full Street Closure ",
        "community_board": "3, ",
        "police_precinct": "122, "
      }
    },
    {
      "type": "Feature",
      "geometry": {
        "type": "Point",
        "coordinates": [
          -74.12337099999999,
          40.623933
        ]
      },
      "properties": {
        "event_id": "500456",
        "event_name": "Alpine Court Block Party",
        "event_type": "Block Party",
        "event_agency": "Street Activity Permit Office",
        "event_location": " ALPINE COURT between MANOR ROAD and BROOKSIDE AVENUE",
        "event_borough": "Staten Island",
        "start_date": "2019-09-28T12:00:00.000",
        "end_date": "2019-09-28T20:00:00.000",
        "start_formatted": "September 28, 2019 12:00 PM",
        "end_formatted": "September 28, 2019 08:00 PM",
        "street_closure_type": "Full Street Closure ",
        "community_board": "1, ",
        "police_precinct": "120, "
      }
    },
    {
      "type": "Feature",
      "geometry": {
        "type": "Point",
        "coordinates": [
          -73.991928,
          40.6785515
        ]
      },
      "properties": {
        "event_id": "500436",
        "event_name": "9th Annual 1st Street Block Party",
        "event_type": "Block Party",
        "event_agency": "Street Activity Permit Office",
        "event_location": " 1 STREET between HOYT STREET and BOND STREET",
        "event_borough": "Brooklyn",
        "start_date": "2019-09-28T12:00:00.000",
        "end_date": "2019-09-28T19:00:00.000",
        "start_formatted": "September 28, 2019 12:00 PM",
        "end_formatted": "September 28, 2019 07:00 PM",
        "street_closure_type": "Full Street Closure ",
        "community_board": "6, ",
        "police_precinct": "76, "
      }
    },
    {
      "type": "Feature",
      "geometry": {
        "type": "Point",
        "coordinates": [
          -73.96094249999999,
          40.640733499999996
        ]
      },
      "properties": {
        "event_id": "476180",
        "event_name": "FTCC Intl Food Fair",
        "event_type": "Block Party",
        "event_agency": "Street Activity Permit Office",
        "event_location": " DORCHESTER ROAD between EAST   19 STREET and EAST   18 STREET",
        "event_borough": "Brooklyn",
        "start_date": "2019-09-28T12:00:00.000",
        "end_date": "2019-09-28T17:00:00.000",
        "start_formatted": "September 28, 2019 12:00 PM",
        "end_formatted": "September 28, 2019 05:00 PM",
        "street_closure_type": "Full Street Closure ",
        "community_board": "14, ",
        "police_precinct": "70, "
      }
    },
    {
      "type": "Feature",
      "geometry": {
        "type": "Point",
        "coordinates": [
          -73.961194,
          40.682746
        ]
      },
      "properties": {
        "event_id": "494836",
        "event_name": "Putnam and Grand block party",
        "event_type": "Block Party",
        "event_agency": "Street Activity Permit Office",
        "event_location": " PUTNAM AVENUE between GRAND AVENUE and DOWNING STREET",
        "event_borough": "Brooklyn",
        "start_date": "2019-09-28T12:00:00.000",
        "end_date": "2019-09-28T19:00:00.000",
        "start_formatted": "September 28, 2019 12:00 PM",
        "end_formatted": "September 28, 2019 07:00 PM",
        "street_closure_type": "Full Street Closure ",
        "community_board": "2, ",
        "police_precinct": "88, "
      }
    },
    {
      "type": "Feature",
      "geometry": {
        "type": "Point",
        "coordinates": [
          -73.9763735,
          40.6861455
        ]
      },
      "properties": {
        "event_id": "492529",
        "event_name": "Fort Greene Place First Annual Block Party ",
        "event_type": "Block Party",
        "event_agency": "Street Activity Permit Office",
        "event_location": " FORT GREENE PLACE between HANSON PLACE and LAFAYETTE AVENUE",
        "event_borough": "Brooklyn",
        "start_date": "2019-09-28T12:00:00.000",
        "end_date": "2019-09-28T19:00:00.000",
        "start_formatted": "September 28, 2019 12:00 PM",
        "end_formatted": "September 28, 2019 07:00 PM",
        "street_closure_type": "Full Street Closure ",
        "community_board": "2, ",
        "police_precinct": "88, "
      }
    },
    {
      "type": "Feature",
      "geometry": {
        "type": "Point",
        "coordinates": [
          -73.9005975,
          40.772404
        ]
      },
      "properties": {
        "event_id": "478295",
        "event_name": "St. Francis of Assisi Fall Festival",
        "event_type": "Block Party",
        "event_agency": "Street Activity Permit Office",
        "event_location": " 21 AVENUE between 45 STREET and 46 STREET",
        "event_borough": "Queens",
        "start_date": "2019-09-28T12:00:00.000",
        "end_date": "2019-09-28T21:00:00.000",
        "start_formatted": "September 28, 2019 12:00 PM",
        "end_formatted": "September 28, 2019 09:00 PM",
        "street_closure_type": "Full Street Closure ",
        "community_board": "1, ",
        "police_precinct": "114, "
      }
    },
    {
      "type": "Feature",
      "geometry": {
        "type": "Point",
        "coordinates": [
          -73.9041505,
          40.6742545
        ]
      },
      "properties": {
        "event_id": "494159",
        "event_name": "Friends and Family",
        "event_type": "Block Party",
        "event_agency": "Street Activity Permit Office",
        "event_location": " JUNIUS STREET between EAST NEW YORK AVENUE and LIBERTY AVENUE",
        "event_borough": "Brooklyn",
        "start_date": "2019-09-28T12:00:00.000",
        "end_date": "2019-09-28T18:00:00.000",
        "start_formatted": "September 28, 2019 12:00 PM",
        "end_formatted": "September 28, 2019 06:00 PM",
        "street_closure_type": "Full Street Closure ",
        "community_board": "16, ",
        "police_precinct": "73, "
      }
    },
    {
      "type": "Feature",
      "geometry": {
        "type": "Point",
        "coordinates": [
          -73.9102865,
          40.6819095
        ]
      },
      "properties": {
        "event_id": "468763",
        "event_name": "400 Block Marion Street Block Association Block Party",
        "event_type": "Block Party",
        "event_agency": "Street Activity Permit Office",
        "event_location": " MARION STREET between BROADWAY and ROCKAWAY AVENUE",
        "event_borough": "Brooklyn",
        "start_date": "2019-09-28T11:00:00.000",
        "end_date": "2019-09-28T18:00:00.000",
        "start_formatted": "September 28, 2019 11:00 AM",
        "end_formatted": "September 28, 2019 06:00 PM",
        "street_closure_type": "Full Street Closure ",
        "community_board": "16, ",
        "police_precinct": "73, "
      }
    },
    {
      "type": "Feature",
      "geometry": {
        "type": "Point",
        "coordinates": [
          -73.78317,
          40.7013845
        ]
      },
      "properties": {
        "event_id": "508146",
        "event_name": "103rd Precinct Crime Prevention Fair",
        "event_type": "Block Party",
        "event_agency": "Street Activity Permit Office",
        "event_location": " 173 STREET between 106 AVENUE and 107 AVENUE",
        "event_borough": "Queens",
        "start_date": "2019-09-28T11:00:00.000",
        "end_date": "2019-09-28T15:00:00.000",
        "start_formatted": "September 28, 2019 11:00 AM",
        "end_formatted": "September 28, 2019 03:00 PM",
        "street_closure_type": "Full Street Closure ",
        "community_board": "12, ",
        "police_precinct": "103, "
      }
    },
    {
      "type": "Feature",
      "geometry": {
        "type": "Point",
        "coordinates": [
          -73.98376300000001,
          40.6662635
        ]
      },
      "properties": {
        "event_id": "496413",
        "event_name": "11th Street Block Party",
        "event_type": "Block Party",
        "event_agency": "Street Activity Permit Office",
        "event_location": " 11 STREET between 6 AVENUE and 7 AVENUE",
        "event_borough": "Brooklyn",
        "start_date": "2019-09-28T11:00:00.000",
        "end_date": "2019-09-28T18:00:00.000",
        "start_formatted": "September 28, 2019 11:00 AM",
        "end_formatted": "September 28, 2019 06:00 PM",
        "street_closure_type": "Full Street Closure ",
        "community_board": "6, ",
        "police_precinct": "78, "
      }
    },
    {
      "type": "Feature",
      "geometry": {
        "type": "Point",
        "coordinates": [
          -74.00737000000001,
          40.649708000000004
        ]
      },
      "properties": {
        "event_id": "498062",
        "event_name": "43rd street Block Party 2019",
        "event_type": "Block Party",
        "event_agency": "Street Activity Permit Office",
        "event_location": " 43 STREET between 4 AVENUE and 5 AVENUE",
        "event_borough": "Brooklyn",
        "start_date": "2019-09-28T11:00:00.000",
        "end_date": "2019-09-28T20:00:00.000",
        "start_formatted": "September 28, 2019 11:00 AM",
        "end_formatted": "September 28, 2019 08:00 PM",
        "street_closure_type": "Full Street Closure ",
        "community_board": "7, ",
        "police_precinct": "72, "
      }
    },
    {
      "type": "Feature",
      "geometry": {
        "type": "Point",
        "coordinates": [
          -73.91928949999999,
          40.7030575
        ]
      },
      "properties": {
        "event_id": "500647",
        "event_name": "Stockhom Block Party",
        "event_type": "Block Party",
        "event_agency": "Street Activity Permit Office",
        "event_location": " STOCKHOLM STREET between IRVING AVENUE and WYCKOFF AVENUE",
        "event_borough": "Brooklyn",
        "start_date": "2019-09-28T11:00:00.000",
        "end_date": "2019-09-28T20:00:00.000",
        "start_formatted": "September 28, 2019 11:00 AM",
        "end_formatted": "September 28, 2019 08:00 PM",
        "street_closure_type": "Full Street Closure ",
        "community_board": "4, ",
        "police_precinct": "83, "
      }
    },
    {
      "type": "Feature",
      "geometry": {
        "type": "Point",
        "coordinates": [
          -73.937528,
          40.80856300000001
        ]
      },
      "properties": {
        "event_id": "474582",
        "event_name": "ST. LUKE BAPTIST CHURCH COMMUNITY OUTREACH DAY",
        "event_type": "Block Party",
        "event_agency": "Street Activity Permit Office",
        "event_location": " EAST  130 STREET between MADISON AVENUE and PARK AVENUE",
        "event_borough": "Manhattan",
        "start_date": "2019-09-28T10:00:00.000",
        "end_date": "2019-09-28T16:00:00.000",
        "start_formatted": "September 28, 2019 10:00 AM",
        "end_formatted": "September 28, 2019 04:00 PM",
        "street_closure_type": "Full Street Closure ",
        "community_board": "11, ",
        "police_precinct": "25, "
      }
    },
    {
      "type": "Feature",
      "geometry": {
        "type": "Point",
        "coordinates": [
          -73.9943255,
          40.696569999999994
        ]
      },
      "properties": {
        "event_id": "495794",
        "event_name": "Love Lane Mews",
        "event_type": "Block Party",
        "event_agency": "Street Activity Permit Office",
        "event_location": " COLLEGE PLACE between LOVE LANE and DEAD END",
        "event_borough": "Brooklyn",
        "start_date": "2019-09-28T10:00:00.000",
        "end_date": "2019-09-28T17:00:00.000",
        "start_formatted": "September 28, 2019 10:00 AM",
        "end_formatted": "September 28, 2019 05:00 PM",
        "street_closure_type": "Sidewalk and Street Closure ",
        "community_board": "2, ",
        "police_precinct": "84, "
      }
    },
    {
      "type": "Feature",
      "geometry": {
        "type": "Point",
        "coordinates": [
          -73.94923299999999,
          40.805186
        ]
      },
      "properties": {
        "event_id": "498759",
        "event_name": "Annual Block Party",
        "event_type": "Block Party",
        "event_agency": "Street Activity Permit Office",
        "event_location": " WEST  120 STREET between LENOX AVENUE and ADAM CLAYTON POWELL BOULEVARD",
        "event_borough": "Manhattan",
        "start_date": "2019-09-28T10:00:00.000",
        "end_date": "2019-09-28T16:00:00.000",
        "start_formatted": "September 28, 2019 10:00 AM",
        "end_formatted": "September 28, 2019 04:00 PM",
        "street_closure_type": "Full Street Closure ",
        "community_board": "10, ",
        "police_precinct": "28, "
      }
    },
    {
      "type": "Feature",
      "geometry": {
        "type": "Point",
        "coordinates": [
          -73.945503,
          40.810294999999996
        ]
      },
      "properties": {
        "event_id": "499912",
        "event_name": "Annual End of Summer Community Block Party",
        "event_type": "Block Party",
        "event_agency": "Street Activity Permit Office",
        "event_location": " WEST  128 STREET between SEVENTH AVENUE and LENOX AVENUE",
        "event_borough": "Manhattan",
        "start_date": "2019-09-28T10:00:00.000",
        "end_date": "2019-09-28T17:00:00.000",
        "start_formatted": "September 28, 2019 10:00 AM",
        "end_formatted": "September 28, 2019 05:00 PM",
        "street_closure_type": "Full Street Closure ",
        "community_board": "10, ",
        "police_precinct": "32, "
      }
    },
    {
      "type": "Feature",
      "geometry": {
        "type": "Point",
        "coordinates": [
          -73.90465499999999,
          40.670593499999995
        ]
      },
      "properties": {
        "event_id": "492429",
        "event_name": "LET THE CHILDERN COME TO ME ",
        "event_type": "Block Party",
        "event_agency": "Street Activity Permit Office",
        "event_location": " PITKIN AVENUE between SACKMAN STREET and POWELL STREET",
        "event_borough": "Brooklyn",
        "start_date": "2019-09-28T10:00:00.000",
        "end_date": "2019-09-28T16:30:00.000",
        "start_formatted": "September 28, 2019 10:00 AM",
        "end_formatted": "September 28, 2019 04:30 PM",
        "street_closure_type": "Full Street Closure ",
        "community_board": "16, ",
        "police_precinct": "73, "
      }
    },
    {
      "type": "Feature",
      "geometry": {
        "type": "Point",
        "coordinates": [
          -73.90960000000001,
          40.675463
        ]
      },
      "properties": {
        "event_id": "495435",
        "event_name": "Block Party",
        "event_type": "Block Party",
        "event_agency": "Street Activity Permit Office",
        "event_location": " PACIFIC STREET between EASTERN PARKWAY and ROCKAWAY AVENUE",
        "event_borough": "Brooklyn",
        "start_date": "2019-09-28T10:00:00.000",
        "end_date": "2019-09-28T18:00:00.000",
        "start_formatted": "September 28, 2019 10:00 AM",
        "end_formatted": "September 28, 2019 06:00 PM",
        "street_closure_type": "Sidewalk and Street Closure ",
        "community_board": "16, ",
        "police_precinct": "73, "
      }
    },
    {
      "type": "Feature",
      "geometry": {
        "type": "Point",
        "coordinates": [
          -74.193883,
          40.5283125
        ]
      },
      "properties": {
        "event_id": "495847",
        "event_name": "Tottenville Football Alumni Game",
        "event_type": "Block Party",
        "event_agency": "Street Activity Permit Office",
        "event_location": " CHISHOLM STREET between EYLANDT STREET and AMBOY ROAD",
        "event_borough": "Staten Island",
        "start_date": "2019-09-27T15:00:00.000",
        "end_date": "2019-09-27T21:00:00.000",
        "start_formatted": "September 27, 2019 03:00 PM",
        "end_formatted": "September 27, 2019 09:00 PM",
        "street_closure_type": "Sidewalk and Street Closure ",
        "community_board": "3, ",
        "police_precinct": "123, "
      }
    },
    {
      "type": "Feature",
      "geometry": {
        "type": "Point",
        "coordinates": [
          -73.994264,
          40.738009
        ]
      },
      "properties": {
        "event_id": "483430",
        "event_name": "Maroon and Blue Day",
        "event_type": "Block Party",
        "event_agency": "Street Activity Permit Office",
        "event_location": " WEST   16 STREET between 5 AVENUE and 6 AVENUE",
        "event_borough": "Manhattan",
        "start_date": "2019-09-27T09:30:00.000",
        "end_date": "2019-09-27T14:00:00.000",
        "start_formatted": "September 27, 2019 09:30 AM",
        "end_formatted": "September 27, 2019 02:00 PM",
        "street_closure_type": "Full Street Closure ",
        "community_board": "5, ",
        "police_precinct": "13, "
      }
    },
    {
      "type": "Feature",
      "geometry": {
        "type": "Point",
        "coordinates": [
          -73.93352200000001,
          40.7034415
        ]
      },
      "properties": {
        "event_id": "492924",
        "event_name": "Brooklyn Block Rock",
        "event_type": "Block Party",
        "event_agency": "Street Activity Permit Office",
        "event_location": " COOK STREET between EVERGREEN AVENUE and BOGART STREET",
        "event_borough": "Brooklyn",
        "start_date": "2019-09-22T14:00:00.000",
        "end_date": "2019-09-22T21:00:00.000",
        "start_formatted": "September 22, 2019 02:00 PM",
        "end_formatted": "September 22, 2019 09:00 PM",
        "street_closure_type": "Full Street Closure ",
        "community_board": "1, ",
        "police_precinct": "90, "
      }
    },
    {
      "type": "Feature",
      "geometry": {
        "type": "Point",
        "coordinates": [
          -73.9506885,
          40.768951
        ]
      },
      "properties": {
        "event_id": "455530",
        "event_name": "Town-Fest",
        "event_type": "Block Party",
        "event_agency": "Street Activity Permit Office",
        "event_location": " EAST   76 STREET between YORK AVENUE and DEAD END",
        "event_borough": "Manhattan",
        "start_date": "2019-09-22T13:00:00.000",
        "end_date": "2019-09-22T16:00:00.000",
        "start_formatted": "September 22, 2019 01:00 PM",
        "end_formatted": "September 22, 2019 04:00 PM",
        "street_closure_type": "Sidewalk and Street Closure ",
        "community_board": "8, ",
        "police_precinct": "19, "
      }
    },
    {
      "type": "Feature",
      "geometry": {
        "type": "Point",
        "coordinates": [
          -74.0158855,
          40.6207895
        ]
      },
      "properties": {
        "event_id": "502271",
        "event_name": "80th Street Block Party",
        "event_type": "Block Party",
        "event_agency": "Street Activity Permit Office",
        "event_location": " 80 STREET between 10 AVENUE and 11 AVENUE",
        "event_borough": "Brooklyn",
        "start_date": "2019-09-22T13:00:00.000",
        "end_date": "2019-09-22T20:00:00.000",
        "start_formatted": "September 22, 2019 01:00 PM",
        "end_formatted": "September 22, 2019 08:00 PM",
        "street_closure_type": "Sidewalk and Street Closure ",
        "community_board": "10, ",
        "police_precinct": "68, "
      }
    },
    {
      "type": "Feature",
      "geometry": {
        "type": "Point",
        "coordinates": [
          -73.9787905,
          40.774881
        ]
      },
      "properties": {
        "event_id": "483635",
        "event_name": "West 69th Street Block Party and 50th Anniversary",
        "event_type": "Block Party",
        "event_agency": "Street Activity Permit Office",
        "event_location": " WEST   69 STREET between CENTRAL PARK WEST and COLUMBUS AVENUE",
        "event_borough": "Manhattan",
        "start_date": "2019-09-22T13:00:00.000",
        "end_date": "2019-09-22T20:00:00.000",
        "start_formatted": "September 22, 2019 01:00 PM",
        "end_formatted": "September 22, 2019 08:00 PM",
        "street_closure_type": "Full Street Closure ",
        "community_board": "7, ",
        "police_precinct": "20, "
      }
    },
    {
      "type": "Feature",
      "geometry": {
        "type": "Point",
        "coordinates": [
          -73.924658,
          40.76491
        ]
      },
      "properties": {
        "event_id": "493303",
        "event_name": "Holy Cross Ukrainian Heritage Culture Day",
        "event_type": "Block Party",
        "event_agency": "Street Activity Permit Office",
        "event_location": " 31 AVENUE between 29 STREET and 30 STREET",
        "event_borough": "Queens",
        "start_date": "2019-09-22T12:00:00.000",
        "end_date": "2019-09-22T18:00:00.000",
        "start_formatted": "September 22, 2019 12:00 PM",
        "end_formatted": "September 22, 2019 06:00 PM",
        "street_closure_type": "Full Street Closure ",
        "community_board": "1, ",
        "police_precinct": "114, "
      }
    },
    {
      "type": "Feature",
      "geometry": {
        "type": "Point",
        "coordinates": [
          -73.97832,
          40.6819885
        ]
      },
      "properties": {
        "event_id": "491225",
        "event_name": "Bergen Street Block Party",
        "event_type": "Block Party",
        "event_agency": "Street Activity Permit Office",
        "event_location": " BERGEN STREET between 4 AVENUE and 5 AVENUE",
        "event_borough": "Brooklyn",
        "start_date": "2019-09-22T12:00:00.000",
        "end_date": "2019-09-22T18:00:00.000",
        "start_formatted": "September 22, 2019 12:00 PM",
        "end_formatted": "September 22, 2019 06:00 PM",
        "street_closure_type": "Full Street Closure ",
        "community_board": "6, ",
        "police_precinct": "78, "
      }
    },
    {
      "type": "Feature",
      "geometry": {
        "type": "Point",
        "coordinates": [
          -73.94372100000001,
          40.817826
        ]
      },
      "properties": {
        "event_id": "490503",
        "event_name": "Fall Fest",
        "event_type": "Block Party",
        "event_agency": "Street Activity Permit Office",
        "event_location": " WEST  138 STREET between ADAM CLAYTON POWELL BOULEVARD and FREDERICK DOUGLASS BOULEVARD",
        "event_borough": "Manhattan",
        "start_date": "2019-09-22T12:00:00.000",
        "end_date": "2019-09-22T17:00:00.000",
        "start_formatted": "September 22, 2019 12:00 PM",
        "end_formatted": "September 22, 2019 05:00 PM",
        "street_closure_type": "Full Street Closure ",
        "community_board": "10, ",
        "police_precinct": "32, "
      }
    },
    {
      "type": "Feature",
      "geometry": {
        "type": "Point",
        "coordinates": [
          -73.945385,
          40.643455
        ]
      },
      "properties": {
        "event_id": "494496",
        "event_name": "International Sunday",
        "event_type": "Block Party",
        "event_agency": "Street Activity Permit Office",
        "event_location": " CLARENDON ROAD between NEW YORK AVENUE and EAST   34 STREET",
        "event_borough": "Brooklyn",
        "start_date": "2019-09-22T11:30:00.000",
        "end_date": "2019-09-22T17:00:00.000",
        "start_formatted": "September 22, 2019 11:30 AM",
        "end_formatted": "September 22, 2019 05:00 PM",
        "street_closure_type": "Full Street Closure ",
        "community_board": "17, ",
        "police_precinct": "67, "
      }
    },
    {
      "type": "Feature",
      "geometry": {
        "type": "Point",
        "coordinates": [
          -73.882978,
          40.662769
        ]
      },
      "properties": {
        "event_id": "499411",
        "event_name": "Jerome Street Block Party",
        "event_type": "Block Party",
        "event_agency": "Street Activity Permit Office",
        "event_location": " JEROME STREET between HEGEMAN AVENUE and LINDEN BOULEVARD",
        "event_borough": "Brooklyn",
        "start_date": "2019-09-22T11:00:00.000",
        "end_date": "2019-09-22T20:00:00.000",
        "start_formatted": "September 22, 2019 11:00 AM",
        "end_formatted": "September 22, 2019 08:00 PM",
        "street_closure_type": "Full Street Closure ",
        "community_board": "5, ",
        "police_precinct": "75, "
      }
    },
    {
      "type": "Feature",
      "geometry": {
        "type": "Point",
        "coordinates": [
          -73.94656599999999,
          40.833944
        ]
      },
      "properties": {
        "event_id": "493277",
        "event_name": "Our Lady of Esperanza",
        "event_type": "Block Party",
        "event_agency": "Street Activity Permit Office",
        "event_location": " WEST  156 STREET between BROADWAY and RIVERSIDE DRIVE",
        "event_borough": "Manhattan",
        "start_date": "2019-09-22T10:00:00.000",
        "end_date": "2019-09-22T17:00:00.000",
        "start_formatted": "September 22, 2019 10:00 AM",
        "end_formatted": "September 22, 2019 05:00 PM",
        "street_closure_type": "Full Street Closure ",
        "community_board": "12, ",
        "police_precinct": "33, "
      }
    },
    {
      "type": "Feature",
      "geometry": {
        "type": "Point",
        "coordinates": [
          -73.985619,
          40.668008
        ]
      },
      "properties": {
        "event_id": "492497",
        "event_name": "Sept 2019 Tenth Street block party",
        "event_type": "Block Party",
        "event_agency": "Street Activity Permit Office",
        "event_location": " TENTH STREET between 5 AVENUE and 6 AVENUE",
        "event_borough": "Brooklyn",
        "start_date": "2019-09-22T10:00:00.000",
        "end_date": "2019-09-22T17:00:00.000",
        "start_formatted": "September 22, 2019 10:00 AM",
        "end_formatted": "September 22, 2019 05:00 PM",
        "street_closure_type": "Full Street Closure ",
        "community_board": "6, ",
        "police_precinct": "78, "
      }
    },
    {
      "type": "Feature",
      "geometry": {
        "type": "Point",
        "coordinates": [
          -73.8751525,
          40.7412155
        ]
      },
      "properties": {
        "event_id": "504900",
        "event_name": "The Woman in the Iron Coffin",
        "event_type": "Block Party",
        "event_agency": "Street Activity Permit Office",
        "event_location": " 48 AVENUE between CORONA AVENUE and 90 STREET",
        "event_borough": "Queens",
        "start_date": "2019-09-21T16:00:00.000",
        "end_date": "2019-09-21T18:00:00.000",
        "start_formatted": "September 21, 2019 04:00 PM",
        "end_formatted": "September 21, 2019 06:00 PM",
        "street_closure_type": "Full Sidewalk Closure ",
        "community_board": "4, ",
        "police_precinct": "110, "
      }
    },
    {
      "type": "Feature",
      "geometry": {
        "type": "Point",
        "coordinates": [
          -74.1070445,
          40.6231755
        ]
      },
      "properties": {
        "event_id": "497263",
        "event_name": "Davis Avenue Block Party ",
        "event_type": "Block Party",
        "event_agency": "Street Activity Permit Office",
        "event_location": " DAVIS AVENUE between WHITEWOOD AVENUE and DEAD END",
        "event_borough": "Staten Island",
        "start_date": "2019-09-21T14:00:00.000",
        "end_date": "2019-09-21T20:00:00.000",
        "start_formatted": "September 21, 2019 02:00 PM",
        "end_formatted": "September 21, 2019 08:00 PM",
        "street_closure_type": "Full Street Closure ",
        "community_board": "1, ",
        "police_precinct": "120, "
      }
    },
    {
      "type": "Feature",
      "geometry": {
        "type": "Point",
        "coordinates": [
          -73.7500655,
          40.6075865
        ]
      },
      "properties": {
        "event_id": "492522",
        "event_name": "Ronald Day",
        "event_type": "Block Party",
        "event_agency": "Street Activity Permit Office",
        "event_location": " AUGUSTINA AVENUE between NAMEOKE STREET and WHEATLEY STREET",
        "event_borough": "Queens",
        "start_date": "2019-09-21T14:00:00.000",
        "end_date": "2019-09-21T20:00:00.000",
        "start_formatted": "September 21, 2019 02:00 PM",
        "end_formatted": "September 21, 2019 08:00 PM",
        "street_closure_type": "Sidewalk and Street Closure ",
        "community_board": "14, ",
        "police_precinct": "101, "
      }
    },
    {
      "type": "Feature",
      "geometry": {
        "type": "Point",
        "coordinates": [
          -73.96659600000001,
          40.7915885
        ]
      },
      "properties": {
        "event_id": "498647",
        "event_name": "Friends of West 95th Street - Block Party",
        "event_type": "Block Party",
        "event_agency": "Street Activity Permit Office",
        "event_location": " WEST   95 STREET between COLUMBUS AVENUE and CENTRAL PARK WEST",
        "event_borough": "Manhattan",
        "start_date": "2019-09-21T13:00:00.000",
        "end_date": "2019-09-21T16:00:00.000",
        "start_formatted": "September 21, 2019 01:00 PM",
        "end_formatted": "September 21, 2019 04:00 PM",
        "street_closure_type": "Full Street Closure ",
        "community_board": "7, ",
        "police_precinct": "24, "
      }
    },
    {
      "type": "Feature",
      "geometry": {
        "type": "Point",
        "coordinates": [
          -73.8899565,
          40.8277585
        ]
      },
      "properties": {
        "event_id": "502178",
        "event_name": "Festival de Lares",
        "event_type": "Block Party",
        "event_agency": "Street Activity Permit Office",
        "event_location": " VYSE AVENUE between EAST  167 STREET and HOME STREET",
        "event_borough": "Bronx",
        "start_date": "2019-09-21T13:00:00.000",
        "end_date": "2019-09-21T19:30:00.000",
        "start_formatted": "September 21, 2019 01:00 PM",
        "end_formatted": "September 21, 2019 07:30 PM",
        "street_closure_type": "Full Street Closure ",
        "community_board": "3, ",
        "police_precinct": "42, "
      }
    },
    {
      "type": "Feature",
      "geometry": {
        "type": "Point",
        "coordinates": [
          -73.98933299999999,
          40.614906500000004
        ]
      },
      "properties": {
        "event_id": "496314",
        "event_name": "Bay Ridge Avenue Block Party",
        "event_type": "Block Party",
        "event_agency": "Street Activity Permit Office",
        "event_location": " BAY RIDGE AVENUE between 19 AVENUE and 20 AVENUE",
        "event_borough": "Brooklyn",
        "start_date": "2019-09-21T13:00:00.000",
        "end_date": "2019-09-21T20:00:00.000",
        "start_formatted": "September 21, 2019 01:00 PM",
        "end_formatted": "September 21, 2019 08:00 PM",
        "street_closure_type": "Full Street Closure ",
        "community_board": "11, ",
        "police_precinct": "62, "
      }
    },
    {
      "type": "Feature",
      "geometry": {
        "type": "Point",
        "coordinates": [
          -74.11265800000001,
          40.623981
        ]
      },
      "properties": {
        "event_id": "488110",
        "event_name": "Douglas Avenue Block Party",
        "event_type": "Block Party",
        "event_agency": "Street Activity Permit Office",
        "event_location": " DOUGLAS AVENUE between BROADWAY and DEAD END",
        "event_borough": "Staten Island",
        "start_date": "2019-09-21T13:00:00.000",
        "end_date": "2019-09-21T21:00:00.000",
        "start_formatted": "September 21, 2019 01:00 PM",
        "end_formatted": "September 21, 2019 09:00 PM",
        "street_closure_type": "Full Street Closure ",
        "community_board": "1, ",
        "police_precinct": "120, "
      }
    },
    {
      "type": "Feature",
      "geometry": {
        "type": "Point",
        "coordinates": [
          -74.025653,
          40.625753
        ]
      },
      "properties": {
        "event_id": "482295",
        "event_name": "8th Annual Block Party",
        "event_type": "Block Party",
        "event_agency": "Street Activity Permit Office",
        "event_location": " 81 STREET between 4 AVENUE and 5 AVENUE",
        "event_borough": "Brooklyn",
        "start_date": "2019-09-21T13:00:00.000",
        "end_date": "2019-09-21T21:00:00.000",
        "start_formatted": "September 21, 2019 01:00 PM",
        "end_formatted": "September 21, 2019 09:00 PM",
        "street_closure_type": "Full Street Closure ",
        "community_board": "10, ",
        "police_precinct": "68, "
      }
    },
    {
      "type": "Feature",
      "geometry": {
        "type": "Point",
        "coordinates": [
          -73.9977215,
          40.685480999999996
        ]
      },
      "properties": {
        "event_id": "478968",
        "event_name": "Strong Place Block Party",
        "event_type": "Block Party",
        "event_agency": "Street Activity Permit Office",
        "event_location": " STRONG PLACE between DEGRAW STREET and KANE STREET",
        "event_borough": "Brooklyn",
        "start_date": "2019-09-21T13:00:00.000",
        "end_date": "2019-09-21T20:00:00.000",
        "start_formatted": "September 21, 2019 01:00 PM",
        "end_formatted": "September 21, 2019 08:00 PM",
        "street_closure_type": "Full Street Closure ",
        "community_board": "6, ",
        "police_precinct": "76, "
      }
    },
    {
      "type": "Feature",
      "geometry": {
        "type": "Point",
        "coordinates": [
          -73.8530495,
          40.70985
        ]
      },
      "properties": {
        "event_id": "495307",
        "event_name": "70th Road Block Party",
        "event_type": "Block Party",
        "event_agency": "Street Activity Permit Office",
        "event_location": " 70 ROAD between METROPOLITAN AVENUE and SYBILLA STREET",
        "event_borough": "Queens",
        "start_date": "2019-09-21T12:30:00.000",
        "end_date": "2019-09-21T21:00:00.000",
        "start_formatted": "September 21, 2019 12:30 PM",
        "end_formatted": "September 21, 2019 09:00 PM",
        "street_closure_type": "Full Street Closure ",
        "community_board": "6, ",
        "police_precinct": "112, "
      }
    },
    {
      "type": "Feature",
      "geometry": {
        "type": "Point",
        "coordinates": [
          -73.995716,
          40.66091
        ]
      },
      "properties": {
        "event_id": "497211",
        "event_name": "23th street Block Party ",
        "event_type": "Block Party",
        "event_agency": "Street Activity Permit Office",
        "event_location": " 23 STREET between 4 AVENUE and 5 AVENUE",
        "event_borough": "Brooklyn",
        "start_date": "2019-09-21T12:30:00.000",
        "end_date": "2019-09-21T20:30:00.000",
        "start_formatted": "September 21, 2019 12:30 PM",
        "end_formatted": "September 21, 2019 08:30 PM",
        "street_closure_type": "Full Street Closure ",
        "community_board": "7, ",
        "police_precinct": "72, "
      }
    },
    {
      "type": "Feature",
      "geometry": {
        "type": "Point",
        "coordinates": [
          -73.9758065,
          40.6449585
        ]
      },
      "properties": {
        "event_id": "496679",
        "event_name": "East 5th Block Party",
        "event_type": "Block Party",
        "event_agency": "Street Activity Permit Office",
        "event_location": " EAST    5 STREET between CHURCH AVENUE and ALBEMARLE ROAD",
        "event_borough": "Brooklyn",
        "start_date": "2019-09-21T12:30:00.000",
        "end_date": "2019-09-21T20:30:00.000",
        "start_formatted": "September 21, 2019 12:30 PM",
        "end_formatted": "September 21, 2019 08:30 PM",
        "street_closure_type": "Full Street Closure ",
        "community_board": "12, ",
        "police_precinct": "66, "
      }
    },
    {
      "type": "Feature",
      "geometry": {
        "type": "Point",
        "coordinates": [
          -73.8692335,
          40.719477499999996
        ]
      },
      "properties": {
        "event_id": "490754",
        "event_name": "2019 83rd PLACE BLOCK PARTY",
        "event_type": "Block Party",
        "event_agency": "Street Activity Permit Office",
        "event_location": " 83RD PLACE between 64TH ROAD and FURMANVILLE AVENUE",
        "event_borough": "Queens",
        "start_date": "2019-09-21T12:30:00.000",
        "end_date": "2019-09-21T20:30:00.000",
        "start_formatted": "September 21, 2019 12:30 PM",
        "end_formatted": "September 21, 2019 08:30 PM",
        "street_closure_type": "Full Street Closure ",
        "community_board": "5, ",
        "police_precinct": "104, "
      }
    },
    {
      "type": "Feature",
      "geometry": {
        "type": "Point",
        "coordinates": [
          -73.884051,
          40.672989
        ]
      },
      "properties": {
        "event_id": "482501",
        "event_name": "CPBA Block Party",
        "event_type": "Block Party",
        "event_agency": "Street Activity Permit Office",
        "event_location": " CLEVELAND STREET between PITKIN AVENUE and BELMONT AVENUE",
        "event_borough": "Brooklyn",
        "start_date": "2019-09-21T12:30:00.000",
        "end_date": "2019-09-21T20:30:00.000",
        "start_formatted": "September 21, 2019 12:30 PM",
        "end_formatted": "September 21, 2019 08:30 PM",
        "street_closure_type": "Sidewalk and Street Closure ",
        "community_board": "5, ",
        "police_precinct": "75, "
      }
    },
    {
      "type": "Feature",
      "geometry": {
        "type": "Point",
        "coordinates": [
          -73.9401795,
          40.6017675
        ]
      },
      "properties": {
        "event_id": "495753",
        "event_name": "Brown Street Block Party ",
        "event_type": "Block Party",
        "event_agency": "Street Activity Permit Office",
        "event_location": " BROWN STREET between AVENUE T and AVENUE U",
        "event_borough": "Brooklyn",
        "start_date": "2019-09-21T12:00:00.000",
        "end_date": "2019-09-21T21:00:00.000",
        "start_formatted": "September 21, 2019 12:00 PM",
        "end_formatted": "September 21, 2019 09:00 PM",
        "street_closure_type": "Full Street Closure ",
        "community_board": "15, ",
        "police_precinct": "61, "
      }
    },
    {
      "type": "Feature",
      "geometry": {
        "type": "Point",
        "coordinates": [
          -73.9319065,
          40.6135995
        ]
      },
      "properties": {
        "event_id": "497877",
        "event_name": "Block Party",
        "event_type": "Block Party",
        "event_agency": "Street Activity Permit Office",
        "event_location": " RYDER STREET between FILLMORE AVENUE and AVENUE R",
        "event_borough": "Brooklyn",
        "start_date": "2019-09-21T12:00:00.000",
        "end_date": "2019-09-21T20:00:00.000",
        "start_formatted": "September 21, 2019 12:00 PM",
        "end_formatted": "September 21, 2019 08:00 PM",
        "street_closure_type": "Full Street Closure ",
        "community_board": "18, ",
        "police_precinct": "63, "
      }
    },
    {
      "type": "Feature",
      "geometry": {
        "type": "Point",
        "coordinates": [
          -73.97377850000001,
          40.67461
        ]
      },
      "properties": {
        "event_id": "444485",
        "event_name": "Berkeley Place Block Party",
        "event_type": "Block Party",
        "event_agency": "Street Activity Permit Office",
        "event_location": " BERKELEY PLACE between 7 AVENUE and 8 AVENUE",
        "event_borough": "Brooklyn",
        "start_date": "2019-09-21T12:00:00.000",
        "end_date": "2019-09-21T20:00:00.000",
        "start_formatted": "September 21, 2019 12:00 PM",
        "end_formatted": "September 21, 2019 08:00 PM",
        "street_closure_type": "Full Street Closure ",
        "community_board": "6, ",
        "police_precinct": "78, "
      }
    },
    {
      "type": "Feature",
      "geometry": {
        "type": "Point",
        "coordinates": [
          -73.9805355,
          40.658889
        ]
      },
      "properties": {
        "event_id": "481668",
        "event_name": "Howard Place Block Party 2019",
        "event_type": "Block Party",
        "event_agency": "Street Activity Permit Office",
        "event_location": " HOWARD PLACE between PROSPECT AVENUE and WINDSOR PLACE",
        "event_borough": "Brooklyn",
        "start_date": "2019-09-21T12:00:00.000",
        "end_date": "2019-09-21T21:00:00.000",
        "start_formatted": "September 21, 2019 12:00 PM",
        "end_formatted": "September 21, 2019 09:00 PM",
        "street_closure_type": "Full Street Closure ",
        "community_board": "7, ",
        "police_precinct": "72, "
      }
    },
    {
      "type": "Feature",
      "geometry": {
        "type": "Point",
        "coordinates": [
          -73.9785415,
          40.649381000000005
        ]
      },
      "properties": {
        "event_id": "497677",
        "event_name": "east 3rd street block party",
        "event_type": "Block Party",
        "event_agency": "Street Activity Permit Office",
        "event_location": " EAST    3 STREET between GREENWOOD AVENUE and FORT HAMILTON PARKWAY",
        "event_borough": "Brooklyn",
        "start_date": "2019-09-21T12:00:00.000",
        "end_date": "2019-09-21T21:00:00.000",
        "start_formatted": "September 21, 2019 12:00 PM",
        "end_formatted": "September 21, 2019 09:00 PM",
        "street_closure_type": "Full Street Closure ",
        "community_board": "7, ",
        "police_precinct": "72, "
      }
    },
    {
      "type": "Feature",
      "geometry": {
        "type": "Point",
        "coordinates": [
          -73.94557599999999,
          40.716569
        ]
      },
      "properties": {
        "event_id": "493895",
        "event_name": "Jackson Street Block Party 8",
        "event_type": "Block Party",
        "event_agency": "Street Activity Permit Office",
        "event_location": " JACKSON STREET between GRAHAM AVENUE and MANHATTAN AVENUE",
        "event_borough": "Brooklyn",
        "start_date": "2019-09-21T12:00:00.000",
        "end_date": "2019-09-21T20:00:00.000",
        "start_formatted": "September 21, 2019 12:00 PM",
        "end_formatted": "September 21, 2019 08:00 PM",
        "street_closure_type": "Full Street Closure ",
        "community_board": "1, ",
        "police_precinct": "94, "
      }
    },
    {
      "type": "Feature",
      "geometry": {
        "type": "Point",
        "coordinates": [
          -73.99432300000001,
          40.66554
        ]
      },
      "properties": {
        "event_id": "497488",
        "event_name": "Block party",
        "event_type": "Block Party",
        "event_agency": "Street Activity Permit Office",
        "event_location": " 17 STREET between 3 AVENUE and 4 AVENUE",
        "event_borough": "Brooklyn",
        "start_date": "2019-09-21T12:00:00.000",
        "end_date": "2019-09-21T21:00:00.000",
        "start_formatted": "September 21, 2019 12:00 PM",
        "end_formatted": "September 21, 2019 09:00 PM",
        "street_closure_type": "Full Street Closure ",
        "community_board": "7, ",
        "police_precinct": "72, "
      }
    },
    {
      "type": "Feature",
      "geometry": {
        "type": "Point",
        "coordinates": [
          -74.030003,
          40.622407499999994
        ]
      },
      "properties": {
        "event_id": "498721",
        "event_name": "87th Street 2019 Block Party",
        "event_type": "Block Party",
        "event_agency": "Street Activity Permit Office",
        "event_location": " 87 STREET between 4 AVENUE and 3 AVENUE",
        "event_borough": "Brooklyn",
        "start_date": "2019-09-21T12:00:00.000",
        "end_date": "2019-09-21T21:00:00.000",
        "start_formatted": "September 21, 2019 12:00 PM",
        "end_formatted": "September 21, 2019 09:00 PM",
        "street_closure_type": "Full Street Closure ",
        "community_board": "10, ",
        "police_precinct": "68, "
      }
    },
    {
      "type": "Feature",
      "geometry": {
        "type": "Point",
        "coordinates": [
          -73.837608,
          40.698816
        ]
      },
      "properties": {
        "event_id": "499042",
        "event_name": "Holy Child Jesus Block Party",
        "event_type": "Block Party",
        "event_agency": "Street Activity Permit Office",
        "event_location": " 86 AVENUE between 111 STREET and 112 STREET",
        "event_borough": "Queens",
        "start_date": "2019-09-21T12:00:00.000",
        "end_date": "2019-09-21T19:00:00.000",
        "start_formatted": "September 21, 2019 12:00 PM",
        "end_formatted": "September 21, 2019 07:00 PM",
        "street_closure_type": "Sidewalk and Street Closure ",
        "community_board": "9, ",
        "police_precinct": "102, "
      }
    },
    {
      "type": "Feature",
      "geometry": {
        "type": "Point",
        "coordinates": [
          -74.0020065,
          40.684872999999996
        ]
      },
      "properties": {
        "event_id": "497191",
        "event_name": "Sackett Street Block Party",
        "event_type": "Block Party",
        "event_agency": "Street Activity Permit Office",
        "event_location": " SACKETT STREET between HICKS STREET and COLUMBIA STREET",
        "event_borough": "Brooklyn",
        "start_date": "2019-09-21T12:00:00.000",
        "end_date": "2019-09-21T19:00:00.000",
        "start_formatted": "September 21, 2019 12:00 PM",
        "end_formatted": "September 21, 2019 07:00 PM",
        "street_closure_type": "Full Street Closure ",
        "community_board": "6, ",
        "police_precinct": "76, "
      }
    },
    {
      "type": "Feature",
      "geometry": {
        "type": "Point",
        "coordinates": [
          -74.0131025,
          40.6200195
        ]
      },
      "properties": {
        "event_id": "487599",
        "event_name": "79th Street Block Party",
        "event_type": "Block Party",
        "event_agency": "Street Activity Permit Office",
        "event_location": " 79 STREET between 11 AVENUE and 12 AVENUE",
        "event_borough": "Brooklyn",
        "start_date": "2019-09-21T12:00:00.000",
        "end_date": "2019-09-21T21:00:00.000",
        "start_formatted": "September 21, 2019 12:00 PM",
        "end_formatted": "September 21, 2019 09:00 PM",
        "street_closure_type": "Full Street Closure ",
        "community_board": "10, ",
        "police_precinct": "68, "
      }
    },
    {
      "type": "Feature",
      "geometry": {
        "type": "Point",
        "coordinates": [
          -73.9794245,
          40.649034
        ]
      },
      "properties": {
        "event_id": "496432",
        "event_name": "East 2nd Street Block Party 2019",
        "event_type": "Block Party",
        "event_agency": "Street Activity Permit Office",
        "event_location": " EAST    2 STREET between GREENWOOD AVENUE and FORT HAMILTON PARKWAY",
        "event_borough": "Brooklyn",
        "start_date": "2019-09-21T12:00:00.000",
        "end_date": "2019-09-21T21:00:00.000",
        "start_formatted": "September 21, 2019 12:00 PM",
        "end_formatted": "September 21, 2019 09:00 PM",
        "street_closure_type": "Full Street Closure ",
        "community_board": "7, ",
        "police_precinct": "72, "
      }
    },
    {
      "type": "Feature",
      "geometry": {
        "type": "Point",
        "coordinates": [
          -73.975849,
          40.6762205
        ]
      },
      "properties": {
        "event_id": "460628",
        "event_name": "Lincoln Place Block Association",
        "event_type": "Block Party",
        "event_agency": "Street Activity Permit Office",
        "event_location": " LINCOLN PLACE between 7 AVENUE and 6 AVENUE",
        "event_borough": "Brooklyn",
        "start_date": "2019-09-21T12:00:00.000",
        "end_date": "2019-09-21T18:00:00.000",
        "start_formatted": "September 21, 2019 12:00 PM",
        "end_formatted": "September 21, 2019 06:00 PM",
        "street_closure_type": "Full Street Closure ",
        "community_board": "6, ",
        "police_precinct": "78, "
      }
    },
    {
      "type": "Feature",
      "geometry": {
        "type": "Point",
        "coordinates": [
          -73.872053,
          40.7560285
        ]
      },
      "properties": {
        "event_id": "481316",
        "event_name": "96th Street Annual BBQ and Back to School Event",
        "event_type": "Block Party",
        "event_agency": "Street Activity Permit Office",
        "event_location": " 96 STREET between 34 AVENUE and NORTHERN BOULEVARD",
        "event_borough": "Queens",
        "start_date": "2019-09-21T12:00:00.000",
        "end_date": "2019-09-21T21:00:00.000",
        "start_formatted": "September 21, 2019 12:00 PM",
        "end_formatted": "September 21, 2019 09:00 PM",
        "street_closure_type": "Full Street Closure ",
        "community_board": "3, ",
        "police_precinct": "115, "
      }
    },
    {
      "type": "Feature",
      "geometry": {
        "type": "Point",
        "coordinates": [
          -73.98417649999999,
          40.6858725
        ]
      },
      "properties": {
        "event_id": "485263",
        "event_name": "Annual Block Party",
        "event_type": "Block Party",
        "event_agency": "Street Activity Permit Office",
        "event_location": " PACIFIC STREET between NEVINS STREET and BOND STREET",
        "event_borough": "Brooklyn",
        "start_date": "2019-09-21T12:00:00.000",
        "end_date": "2019-09-21T19:00:00.000",
        "start_formatted": "September 21, 2019 12:00 PM",
        "end_formatted": "September 21, 2019 07:00 PM",
        "street_closure_type": "Full Street Closure ",
        "community_board": "2, ",
        "police_precinct": "84, "
      }
    },
    {
      "type": "Feature",
      "geometry": {
        "type": "Point",
        "coordinates": [
          -74.0021285,
          40.654749
        ]
      },
      "properties": {
        "event_id": "481226",
        "event_name": "34th Street 2019 Block Party",
        "event_type": "Block Party",
        "event_agency": "Street Activity Permit Office",
        "event_location": " 34 STREET between 4 AVENUE and 5 AVENUE",
        "event_borough": "Brooklyn",
        "start_date": "2019-09-21T12:00:00.000",
        "end_date": "2019-09-21T20:00:00.000",
        "start_formatted": "September 21, 2019 12:00 PM",
        "end_formatted": "September 21, 2019 08:00 PM",
        "street_closure_type": "Full Street Closure ",
        "community_board": "7, ",
        "police_precinct": "72, "
      }
    },
    {
      "type": "Feature",
      "geometry": {
        "type": "Point",
        "coordinates": [
          -73.786231,
          40.777055000000004
        ]
      },
      "properties": {
        "event_id": "490766",
        "event_name": "207th street block party",
        "event_type": "Block Party",
        "event_agency": "Street Activity Permit Office",
        "event_location": " 207 STREET between 26 AVENUE and 23 AVENUE",
        "event_borough": "Queens",
        "start_date": "2019-09-21T12:00:00.000",
        "end_date": "2019-09-21T20:00:00.000",
        "start_formatted": "September 21, 2019 12:00 PM",
        "end_formatted": "September 21, 2019 08:00 PM",
        "street_closure_type": "Full Street Closure ",
        "community_board": "7, ",
        "police_precinct": "109, "
      }
    },
    {
      "type": "Feature",
      "geometry": {
        "type": "Point",
        "coordinates": [
          -73.976834,
          40.658687
        ]
      },
      "properties": {
        "event_id": "493915",
        "event_name": "16th Street Block Party",
        "event_type": "Block Party",
        "event_agency": "Street Activity Permit Office",
        "event_location": " 16 STREET between 10 AVENUE and 11 AVENUE",
        "event_borough": "Brooklyn",
        "start_date": "2019-09-21T11:30:00.000",
        "end_date": "2019-09-21T19:30:00.000",
        "start_formatted": "September 21, 2019 11:30 AM",
        "end_formatted": "September 21, 2019 07:30 PM",
        "street_closure_type": "Full Street Closure ",
        "community_board": "7, ",
        "police_precinct": "72, "
      }
    },
    {
      "type": "Feature",
      "geometry": {
        "type": "Point",
        "coordinates": [
          -73.932867,
          40.7974595
        ]
      },
      "properties": {
        "event_id": "480742",
        "event_name": "Gospel fest",
        "event_type": "Block Party",
        "event_agency": "Street Activity Permit Office",
        "event_location": " EAST  119 STREET between PLEASANT AVENUE and FIRST AVENUE",
        "event_borough": "Manhattan",
        "start_date": "2019-09-21T11:30:00.000",
        "end_date": "2019-09-21T18:00:00.000",
        "start_formatted": "September 21, 2019 11:30 AM",
        "end_formatted": "September 21, 2019 06:00 PM",
        "street_closure_type": "Full Street Closure ",
        "community_board": "11, ",
        "police_precinct": "25, "
      }
    },
    {
      "type": "Feature",
      "geometry": {
        "type": "Point",
        "coordinates": [
          -73.90215749999999,
          40.701897
        ]
      },
      "properties": {
        "event_id": "475798",
        "event_name": "Saint Matthias Parish Picnic",
        "event_type": "Block Party",
        "event_agency": "Street Activity Permit Office",
        "event_location": " CATALPA AVENUE between ONDERDONK AVENUE and WOODWARD AVENUE",
        "event_borough": "Queens",
        "start_date": "2019-09-21T11:00:00.000",
        "end_date": "2019-09-21T16:00:00.000",
        "start_formatted": "September 21, 2019 11:00 AM",
        "end_formatted": "September 21, 2019 04:00 PM",
        "street_closure_type": "Sidewalk and Street Closure ",
        "community_board": "5, ",
        "police_precinct": "104, "
      }
    },
    {
      "type": "Feature",
      "geometry": {
        "type": "Point",
        "coordinates": [
          -73.9861995,
          40.665329
        ]
      },
      "properties": {
        "event_id": "472483",
        "event_name": "6th Avenue Annual Block Party",
        "event_type": "Block Party",
        "event_agency": "Street Activity Permit Office",
        "event_location": " 6 AVENUE between 13 STREET and 14 STREET",
        "event_borough": "Brooklyn",
        "start_date": "2019-09-21T11:00:00.000",
        "end_date": "2019-09-21T20:00:00.000",
        "start_formatted": "September 21, 2019 11:00 AM",
        "end_formatted": "September 21, 2019 08:00 PM",
        "street_closure_type": "Full Street Closure ",
        "community_board": "6, ",
        "police_precinct": "78, "
      }
    },
    {
      "type": "Feature",
      "geometry": {
        "type": "Point",
        "coordinates": [
          -73.960159,
          40.8156215
        ]
      },
      "properties": {
        "event_id": "489853",
        "event_name": "West Harlem Coalition Anti-Gentrification Street Fair",
        "event_type": "Block Party",
        "event_agency": "Street Activity Permit Office",
        "event_location": " TIEMANN PLACE between BROADWAY and RIVERSIDE DRIVE",
        "event_borough": "Manhattan",
        "start_date": "2019-09-21T11:00:00.000",
        "end_date": "2019-09-21T18:00:00.000",
        "start_formatted": "September 21, 2019 11:00 AM",
        "end_formatted": "September 21, 2019 06:00 PM",
        "street_closure_type": "Full Street Closure ",
        "community_board": "9, ",
        "police_precinct": "26, "
      }
    },
    {
      "type": "Feature",
      "geometry": {
        "type": "Point",
        "coordinates": [
          -73.974637,
          40.6733405
        ]
      },
      "properties": {
        "event_id": "469083",
        "event_name": "Block Party",
        "event_type": "Block Party",
        "event_agency": "Street Activity Permit Office",
        "event_location": " PRESIDENT STREET between 7 AVENUE and 8 AVENUE",
        "event_borough": "Brooklyn",
        "start_date": "2019-09-21T11:00:00.000",
        "end_date": "2019-09-21T18:00:00.000",
        "start_formatted": "September 21, 2019 11:00 AM",
        "end_formatted": "September 21, 2019 06:00 PM",
        "street_closure_type": "Full Street Closure ",
        "community_board": "6, ",
        "police_precinct": "78, "
      }
    },
    {
      "type": "Feature",
      "geometry": {
        "type": "Point",
        "coordinates": [
          -73.76254399999999,
          40.76323
        ]
      },
      "properties": {
        "event_id": "499265",
        "event_name": "Bolands of Bayside Dead End Party",
        "event_type": "Block Party",
        "event_agency": "Street Activity Permit Office",
        "event_location": " 220 STREET between 43 AVENUE and DEAD END",
        "event_borough": "Queens",
        "start_date": "2019-09-21T11:00:00.000",
        "end_date": "2019-09-21T19:00:00.000",
        "start_formatted": "September 21, 2019 11:00 AM",
        "end_formatted": "September 21, 2019 07:00 PM",
        "street_closure_type": "Sidewalk and Street Closure ",
        "community_board": "11, ",
        "police_precinct": "111, "
      }
    },
    {
      "type": "Feature",
      "geometry": {
        "type": "Point",
        "coordinates": [
          -73.985483,
          40.687985999999995
        ]
      },
      "properties": {
        "event_id": "474635",
        "event_name": "St. Nicholas Antiochian Orthodox Cathedral Festival",
        "event_type": "Block Party",
        "event_agency": "Street Activity Permit Office",
        "event_location": " STATE STREET between BOND STREET and HOYT STREET",
        "event_borough": "Brooklyn",
        "start_date": "2019-09-21T11:00:00.000",
        "end_date": "2019-09-21T19:00:00.000",
        "start_formatted": "September 21, 2019 11:00 AM",
        "end_formatted": "September 21, 2019 07:00 PM",
        "street_closure_type": "Full Street Closure ",
        "community_board": "2, ",
        "police_precinct": "84, "
      }
    },
    {
      "type": "Feature",
      "geometry": {
        "type": "Point",
        "coordinates": [
          -73.8781425,
          40.6710955
        ]
      },
      "properties": {
        "event_id": "499185",
        "event_name": "ATKINS AVE BLOCK PARTY 2019",
        "event_type": "Block Party",
        "event_agency": "Street Activity Permit Office",
        "event_location": " ATKINS AVENUE between SUTTER AVENUE and BLAKE AVENUE",
        "event_borough": "Brooklyn",
        "start_date": "2019-09-21T11:00:00.000",
        "end_date": "2019-09-21T20:00:00.000",
        "start_formatted": "September 21, 2019 11:00 AM",
        "end_formatted": "September 21, 2019 08:00 PM",
        "street_closure_type": "Full Street Closure ",
        "community_board": "5, ",
        "police_precinct": "75, "
      }
    },
    {
      "type": "Feature",
      "geometry": {
        "type": "Point",
        "coordinates": [
          -74.02446,
          40.628675
        ]
      },
      "properties": {
        "event_id": "499194",
        "event_name": "77th Street 400 Block - Block Party",
        "event_type": "Block Party",
        "event_agency": "Street Activity Permit Office",
        "event_location": " 77 STREET between 4 AVENUE and 5 AVENUE",
        "event_borough": "Brooklyn",
        "start_date": "2019-09-21T11:00:00.000",
        "end_date": "2019-09-21T18:00:00.000",
        "start_formatted": "September 21, 2019 11:00 AM",
        "end_formatted": "September 21, 2019 06:00 PM",
        "street_closure_type": "Full Street Closure ",
        "community_board": "10, ",
        "police_precinct": "68, "
      }
    },
    {
      "type": "Feature",
      "geometry": {
        "type": "Point",
        "coordinates": [
          -74.01130549999999,
          40.67527
        ]
      },
      "properties": {
        "event_id": "497945",
        "event_name": "4th Annual Dikeman St.Block Party",
        "event_type": "Block Party",
        "event_agency": "Street Activity Permit Office",
        "event_location": " DIKEMAN STREET between RICHARDS STREET and DWIGHT STREET",
        "event_borough": "Brooklyn",
        "start_date": "2019-09-21T11:00:00.000",
        "end_date": "2019-09-21T20:00:00.000",
        "start_formatted": "September 21, 2019 11:00 AM",
        "end_formatted": "September 21, 2019 08:00 PM",
        "street_closure_type": "Full Street Closure ",
        "community_board": "6, ",
        "police_precinct": "76, "
      }
    },
    {
      "type": "Feature",
      "geometry": {
        "type": "Point",
        "coordinates": [
          -74.00115199999999,
          40.6823495
        ]
      },
      "properties": {
        "event_id": "494676",
        "event_name": "2019 Carroll street block party ",
        "event_type": "Block Party",
        "event_agency": "Street Activity Permit Office",
        "event_location": " CARROLL STREET between HENRY STREET and HICKS STREET",
        "event_borough": "Brooklyn",
        "start_date": "2019-09-21T11:00:00.000",
        "end_date": "2019-09-21T19:00:00.000",
        "start_formatted": "September 21, 2019 11:00 AM",
        "end_formatted": "September 21, 2019 07:00 PM",
        "street_closure_type": "Full Street Closure ",
        "community_board": "6, ",
        "police_precinct": "76, "
      }
    },
    {
      "type": "Feature",
      "geometry": {
        "type": "Point",
        "coordinates": [
          -73.95505499999999,
          40.659121999999996
        ]
      },
      "properties": {
        "event_id": "489759",
        "event_name": "Rutland 2 Block Party 2019",
        "event_type": "Block Party",
        "event_agency": "Street Activity Permit Office",
        "event_location": " RUTLAND ROAD between BEDFORD AVENUE and ROGERS AVENUE",
        "event_borough": "Brooklyn",
        "start_date": "2019-09-21T11:00:00.000",
        "end_date": "2019-09-21T19:00:00.000",
        "start_formatted": "September 21, 2019 11:00 AM",
        "end_formatted": "September 21, 2019 07:00 PM",
        "street_closure_type": "Full Street Closure ",
        "community_board": "9, ",
        "police_precinct": "71, "
      }
    },
    {
      "type": "Feature",
      "geometry": {
        "type": "Point",
        "coordinates": [
          -73.97737950000001,
          40.6699435
        ]
      },
      "properties": {
        "event_id": "492452",
        "event_name": "Third Street Block Party",
        "event_type": "Block Party",
        "event_agency": "Street Activity Permit Office",
        "event_location": " THIRD STREET between 7 AVENUE and 8 AVENUE",
        "event_borough": "Brooklyn",
        "start_date": "2019-09-21T11:00:00.000",
        "end_date": "2019-09-21T18:00:00.000",
        "start_formatted": "September 21, 2019 11:00 AM",
        "end_formatted": "September 21, 2019 06:00 PM",
        "street_closure_type": "Full Street Closure ",
        "community_board": "6, ",
        "police_precinct": "78, "
      }
    },
    {
      "type": "Feature",
      "geometry": {
        "type": "Point",
        "coordinates": [
          -73.9893655,
          40.6715135
        ]
      },
      "properties": {
        "event_id": "496963",
        "event_name": "8th St Block Assn 2019 Fall Block Party",
        "event_type": "Block Party",
        "event_agency": "Street Activity Permit Office",
        "event_location": " 8 STREET between 3 AVENUE and 4 AVENUE",
        "event_borough": "Brooklyn",
        "start_date": "2019-09-21T11:00:00.000",
        "end_date": "2019-09-21T20:00:00.000",
        "start_formatted": "September 21, 2019 11:00 AM",
        "end_formatted": "September 21, 2019 08:00 PM",
        "street_closure_type": "Full Street Closure ",
        "community_board": "6, ",
        "police_precinct": "78, "
      }
    },
    {
      "type": "Feature",
      "geometry": {
        "type": "Point",
        "coordinates": [
          -74.00468649999999,
          40.6788825
        ]
      },
      "properties": {
        "event_id": "489811",
        "event_name": "LUQUER ST RESIDENTS ",
        "event_type": "Block Party",
        "event_agency": "Street Activity Permit Office",
        "event_location": " LUQUER STREET between HICKS STREET and COLUMBIA STREET",
        "event_borough": "Brooklyn",
        "start_date": "2019-09-21T11:00:00.000",
        "end_date": "2019-09-21T20:00:00.000",
        "start_formatted": "September 21, 2019 11:00 AM",
        "end_formatted": "September 21, 2019 08:00 PM",
        "street_closure_type": "Full Street Closure ",
        "community_board": "6, ",
        "police_precinct": "76, "
      }
    },
    {
      "type": "Feature",
      "geometry": {
        "type": "Point",
        "coordinates": [
          -73.9465715,
          40.8226905
        ]
      },
      "properties": {
        "event_id": "481710",
        "event_name": "Hi Neighbor Day",
        "event_type": "Block Party",
        "event_agency": "Street Activity Permit Office",
        "event_location": " HAMILTON TERRACE between WEST  141 STREET and WEST  144 STREET",
        "event_borough": "Manhattan",
        "start_date": "2019-09-21T11:00:00.000",
        "end_date": "2019-09-21T17:00:00.000",
        "start_formatted": "September 21, 2019 11:00 AM",
        "end_formatted": "September 21, 2019 05:00 PM",
        "street_closure_type": "Sidewalk and Street Closure ",
        "community_board": "9, ",
        "police_precinct": "30, "
      }
    },
    {
      "type": "Feature",
      "geometry": {
        "type": "Point",
        "coordinates": [
          -73.9810975,
          40.6734285
        ]
      },
      "properties": {
        "event_id": "492441",
        "event_name": "Autumn Block Party 2019",
        "event_type": "Block Party",
        "event_agency": "Street Activity Permit Office",
        "event_location": " 1 STREET between 5 AVENUE and 6 AVENUE",
        "event_borough": "Brooklyn",
        "start_date": "2019-09-21T11:00:00.000",
        "end_date": "2019-09-21T20:00:00.000",
        "start_formatted": "September 21, 2019 11:00 AM",
        "end_formatted": "September 21, 2019 08:00 PM",
        "street_closure_type": "Full Street Closure ",
        "community_board": "6, ",
        "police_precinct": "78, "
      }
    },
    {
      "type": "Feature",
      "geometry": {
        "type": "Point",
        "coordinates": [
          -73.9381845,
          40.652351499999995
        ]
      },
      "properties": {
        "event_id": "459703",
        "event_name": "Cultural Day Festival",
        "event_type": "Block Party",
        "event_agency": "Street Activity Permit Office",
        "event_location": " EAST   42 STREET between CHURCH AVENUE and LINDEN BOULEVARD",
        "event_borough": "Brooklyn",
        "start_date": "2019-09-21T11:00:00.000",
        "end_date": "2019-09-21T18:00:00.000",
        "start_formatted": "September 21, 2019 11:00 AM",
        "end_formatted": "September 21, 2019 06:00 PM",
        "street_closure_type": "Full Street Closure ",
        "community_board": "17, ",
        "police_precinct": "67, "
      }
    },
    {
      "type": "Feature",
      "geometry": {
        "type": "Point",
        "coordinates": [
          -73.9792395,
          40.671685
        ]
      },
      "properties": {
        "event_id": "499199",
        "event_name": "2nd Street Fall Movie Party",
        "event_type": "Block Party",
        "event_agency": "Street Activity Permit Office",
        "event_location": " 2 STREET between 6 AVENUE and 7 AVENUE",
        "event_borough": "Brooklyn",
        "start_date": "2019-09-21T11:00:00.000",
        "end_date": "2019-09-21T18:00:00.000",
        "start_formatted": "September 21, 2019 11:00 AM",
        "end_formatted": "September 21, 2019 06:00 PM",
        "street_closure_type": "Full Street Closure ",
        "community_board": "6, ",
        "police_precinct": "78, "
      }
    },
    {
      "type": "Feature",
      "geometry": {
        "type": "Point",
        "coordinates": [
          -73.9854675,
          40.683966
        ]
      },
      "properties": {
        "event_id": "498689",
        "event_name": "WYBBAN block Association party ",
        "event_type": "Block Party",
        "event_agency": "Street Activity Permit Office",
        "event_location": " WYCKOFF STREET between BOND STREET and NEVINS STREET",
        "event_borough": "Brooklyn",
        "start_date": "2019-09-21T11:00:00.000",
        "end_date": "2019-09-21T20:00:00.000",
        "start_formatted": "September 21, 2019 11:00 AM",
        "end_formatted": "September 21, 2019 08:00 PM",
        "street_closure_type": "Full Street Closure ",
        "community_board": "2, ",
        "police_precinct": "84, "
      }
    },
    {
      "type": "Feature",
      "geometry": {
        "type": "Point",
        "coordinates": [
          -73.915648,
          40.6819875
        ]
      },
      "properties": {
        "event_id": "490311",
        "event_name": "Love Thy Neighbor",
        "event_type": "Block Party",
        "event_agency": "Street Activity Permit Office",
        "event_location": " CHAUNCEY STREET between SARATOGA AVENUE and THOMAS S BOYLAND STREET",
        "event_borough": "Brooklyn",
        "start_date": "2019-09-21T11:00:00.000",
        "end_date": "2019-09-21T20:00:00.000",
        "start_formatted": "September 21, 2019 11:00 AM",
        "end_formatted": "September 21, 2019 08:00 PM",
        "street_closure_type": "Full Street Closure ",
        "community_board": "16, ",
        "police_precinct": "73, "
      }
    },
    {
      "type": "Feature",
      "geometry": {
        "type": "Point",
        "coordinates": [
          -73.9560195,
          40.705158
        ]
      },
      "properties": {
        "event_id": "475653",
        "event_name": "Family Day",
        "event_type": "Block Party",
        "event_agency": "Street Activity Permit Office",
        "event_location": " MARCY AVENUE between HEWES STREET and HOOPER STREET",
        "event_borough": "Brooklyn",
        "start_date": "2019-09-21T10:00:00.000",
        "end_date": "2019-09-21T17:00:00.000",
        "start_formatted": "September 21, 2019 10:00 AM",
        "end_formatted": "September 21, 2019 05:00 PM",
        "street_closure_type": "Full Street Closure ",
        "community_board": "1, ",
        "police_precinct": "90, "
      }
    },
    {
      "type": "Feature",
      "geometry": {
        "type": "Point",
        "coordinates": [
          -73.9831075,
          40.6710205
        ]
      },
      "properties": {
        "event_id": "467561",
        "event_name": "5th Street Block Dinner Party",
        "event_type": "Block Party",
        "event_agency": "Street Activity Permit Office",
        "event_location": " 5 STREET between 5 AVENUE and 6 AVENUE",
        "event_borough": "Brooklyn",
        "start_date": "2019-09-21T10:00:00.000",
        "end_date": "2019-09-21T18:00:00.000",
        "start_formatted": "September 21, 2019 10:00 AM",
        "end_formatted": "September 21, 2019 06:00 PM",
        "street_closure_type": "Full Street Closure ",
        "community_board": "6, ",
        "police_precinct": "78, "
      }
    },
    {
      "type": "Feature",
      "geometry": {
        "type": "Point",
        "coordinates": [
          -73.9795355,
          40.6633755
        ]
      },
      "properties": {
        "event_id": "497719",
        "event_name": "12th Street Block Party",
        "event_type": "Block Party",
        "event_agency": "Street Activity Permit Office",
        "event_location": " 12 STREET between 8 AVENUE and PROSPECT PARK WEST",
        "event_borough": "Brooklyn",
        "start_date": "2019-09-21T10:00:00.000",
        "end_date": "2019-09-21T17:00:00.000",
        "start_formatted": "September 21, 2019 10:00 AM",
        "end_formatted": "September 21, 2019 05:00 PM",
        "street_closure_type": "Full Street Closure ",
        "community_board": "6, ",
        "police_precinct": "78, "
      }
    },
    {
      "type": "Feature",
      "geometry": {
        "type": "Point",
        "coordinates": [
          -73.9093755,
          40.620464
        ]
      },
      "properties": {
        "event_id": "499241",
        "event_name": "East 70th st 2019 Block Party ",
        "event_type": "Block Party",
        "event_agency": "Street Activity Permit Office",
        "event_location": " EAST   70 STREET between AVENUE T and VETERANS AVENUE",
        "event_borough": "Brooklyn",
        "start_date": "2019-09-21T10:00:00.000",
        "end_date": "2019-09-21T18:00:00.000",
        "start_formatted": "September 21, 2019 10:00 AM",
        "end_formatted": "September 21, 2019 06:00 PM",
        "street_closure_type": "Full Street Closure ",
        "community_board": "18, ",
        "police_precinct": "63, "
      }
    },
    {
      "type": "Feature",
      "geometry": {
        "type": "Point",
        "coordinates": [
          -73.8500525,
          40.708194000000006
        ]
      },
      "properties": {
        "event_id": "480841",
        "event_name": "Gods Work Our Hands Street Fair",
        "event_type": "Block Party",
        "event_agency": "Street Activity Permit Office",
        "event_location": " UNION TURNPIKE between 71 ROAD and 71 DRIVE",
        "event_borough": "Queens",
        "start_date": "2019-09-21T10:00:00.000",
        "end_date": "2019-09-21T17:00:00.000",
        "start_formatted": "September 21, 2019 10:00 AM",
        "end_formatted": "September 21, 2019 05:00 PM",
        "street_closure_type": "Full Street Closure ",
        "community_board": "6, 82, ",
        "police_precinct": "102, 112, "
      }
    },
    {
      "type": "Feature",
      "geometry": {
        "type": "Point",
        "coordinates": [
          -73.985105,
          40.6766145
        ]
      },
      "properties": {
        "event_id": "495908",
        "event_name": "BLOCK PARTY",
        "event_type": "Block Party",
        "event_agency": "Street Activity Permit Office",
        "event_location": " CARROLL STREET between 3 AVENUE and 4 AVENUE",
        "event_borough": "Brooklyn",
        "start_date": "2019-09-21T10:00:00.000",
        "end_date": "2019-09-21T18:00:00.000",
        "start_formatted": "September 21, 2019 10:00 AM",
        "end_formatted": "September 21, 2019 06:00 PM",
        "street_closure_type": "Full Street Closure ",
        "community_board": "6, ",
        "police_precinct": "78, "
      }
    },
    {
      "type": "Feature",
      "geometry": {
        "type": "Point",
        "coordinates": [
          -73.97964,
          40.675292
        ]
      },
      "properties": {
        "event_id": "481565",
        "event_name": "Block Party 2019",
        "event_type": "Block Party",
        "event_agency": "Street Activity Permit Office",
        "event_location": " PRESIDENT STREET between 5 AVENUE and 6 AVENUE",
        "event_borough": "Brooklyn",
        "start_date": "2019-09-21T10:00:00.000",
        "end_date": "2019-09-21T18:00:00.000",
        "start_formatted": "September 21, 2019 10:00 AM",
        "end_formatted": "September 21, 2019 06:00 PM",
        "street_closure_type": "Full Street Closure ",
        "community_board": "6, ",
        "police_precinct": "78, "
      }
    },
    {
      "type": "Feature",
      "geometry": {
        "type": "Point",
        "coordinates": [
          -73.9802435,
          40.6704805
        ]
      },
      "properties": {
        "event_id": "493319",
        "event_name": "4th Street Block Party",
        "event_type": "Block Party",
        "event_agency": "Street Activity Permit Office",
        "event_location": " 4 STREET between 7 AVENUE and 6 AVENUE",
        "event_borough": "Brooklyn",
        "start_date": "2019-09-21T10:00:00.000",
        "end_date": "2019-09-21T19:00:00.000",
        "start_formatted": "September 21, 2019 10:00 AM",
        "end_formatted": "September 21, 2019 07:00 PM",
        "street_closure_type": "Full Street Closure ",
        "community_board": "6, ",
        "police_precinct": "78, "
      }
    },
    {
      "type": "Feature",
      "geometry": {
        "type": "Point",
        "coordinates": [
          -73.97784,
          40.657482
        ]
      },
      "properties": {
        "event_id": "489116",
        "event_name": "2019 Block Party",
        "event_type": "Block Party",
        "event_agency": "Street Activity Permit Office",
        "event_location": " SHERMAN STREET between 10 AVENUE and 11 AVENUE",
        "event_borough": "Brooklyn",
        "start_date": "2019-09-21T10:00:00.000",
        "end_date": "2019-09-21T18:00:00.000",
        "start_formatted": "September 21, 2019 10:00 AM",
        "end_formatted": "September 21, 2019 06:00 PM",
        "street_closure_type": "Sidewalk and Street Closure ",
        "community_board": "7, ",
        "police_precinct": "72, "
      }
    },
    {
      "type": "Feature",
      "geometry": {
        "type": "Point",
        "coordinates": [
          -73.89078599999999,
          40.7426835
        ]
      },
      "properties": {
        "event_id": "488577",
        "event_name": "Romanian Fall Festival",
        "event_type": "Block Party",
        "event_agency": "Street Activity Permit Office",
        "event_location": " 74 STREET between WOODSIDE AVENUE and 43 AVENUE",
        "event_borough": "Queens",
        "start_date": "2019-09-21T10:00:00.000",
        "end_date": "2019-09-21T19:00:00.000",
        "start_formatted": "September 21, 2019 10:00 AM",
        "end_formatted": "September 21, 2019 07:00 PM",
        "street_closure_type": "Sidewalk and Street Closure ",
        "community_board": "4, ",
        "police_precinct": "110, "
      }
    },
    {
      "type": "Feature",
      "geometry": {
        "type": "Point",
        "coordinates": [
          -73.96508349999999,
          40.6496825
        ]
      },
      "properties": {
        "event_id": "486054",
        "event_name": "Caton Park Block Party",
        "event_type": "Block Party",
        "event_agency": "Street Activity Permit Office",
        "event_location": " BUCKINGHAM ROAD between CATON AVENUE and CHURCH AVENUE",
        "event_borough": "Brooklyn",
        "start_date": "2019-09-21T10:00:00.000",
        "end_date": "2019-09-21T19:00:00.000",
        "start_formatted": "September 21, 2019 10:00 AM",
        "end_formatted": "September 21, 2019 07:00 PM",
        "street_closure_type": "Full Street Closure ",
        "community_board": "14, ",
        "police_precinct": "70, "
      }
    },
    {
      "type": "Feature",
      "geometry": {
        "type": "Point",
        "coordinates": [
          -73.973003,
          40.6712065
        ]
      },
      "properties": {
        "event_id": "475717",
        "event_name": "Montgomery Place Block Party 2019",
        "event_type": "Block Party",
        "event_agency": "Street Activity Permit Office",
        "event_location": " MONTGOMERY PLACE between PROSPECT PARK WEST and 8 AVENUE",
        "event_borough": "Brooklyn",
        "start_date": "2019-09-21T10:00:00.000",
        "end_date": "2019-09-21T18:00:00.000",
        "start_formatted": "September 21, 2019 10:00 AM",
        "end_formatted": "September 21, 2019 06:00 PM",
        "street_closure_type": "Full Street Closure ",
        "community_board": "6, ",
        "police_precinct": "78, "
      }
    },
    {
      "type": "Feature",
      "geometry": {
        "type": "Point",
        "coordinates": [
          -74.07663,
          40.626585
        ]
      },
      "properties": {
        "event_id": "452263",
        "event_name": "SIBHFD We are Family Festival",
        "event_type": "Block Party",
        "event_agency": "Street Activity Permit Office",
        "event_location": " CANAL STREET between WRIGHT STREET and BAY STREET",
        "event_borough": "Staten Island",
        "start_date": "2019-09-21T10:00:00.000",
        "end_date": "2019-09-21T19:00:00.000",
        "start_formatted": "September 21, 2019 10:00 AM",
        "end_formatted": "September 21, 2019 07:00 PM",
        "street_closure_type": "Full Street Closure ",
        "community_board": "1, ",
        "police_precinct": "120, "
      }
    },
    {
      "type": "Feature",
      "geometry": {
        "type": "Point",
        "coordinates": [
          -73.9791735,
          40.680721000000005
        ]
      },
      "properties": {
        "event_id": "496539",
        "event_name": "Warren Street Block Party",
        "event_type": "Block Party",
        "event_agency": "Street Activity Permit Office",
        "event_location": " WARREN STREET between 4 AVENUE and 5 AVENUE",
        "event_borough": "Brooklyn",
        "start_date": "2019-09-21T10:00:00.000",
        "end_date": "2019-09-21T17:00:00.000",
        "start_formatted": "September 21, 2019 10:00 AM",
        "end_formatted": "September 21, 2019 05:00 PM",
        "street_closure_type": "Full Street Closure ",
        "community_board": "6, ",
        "police_precinct": "78, "
      }
    },
    {
      "type": "Feature",
      "geometry": {
        "type": "Point",
        "coordinates": [
          -73.916085,
          40.684186499999996
        ]
      },
      "properties": {
        "event_id": "488717",
        "event_name": "MACDONOUGH STREET BLOCK PARTY ",
        "event_type": "Block Party",
        "event_agency": "Street Activity Permit Office",
        "event_location": " MACDONOUGH STREET between THOMAS BOYLAND STREET and SARATOGA AVENUE",
        "event_borough": "Brooklyn",
        "start_date": "2019-09-21T10:00:00.000",
        "end_date": "2019-09-21T18:00:00.000",
        "start_formatted": "September 21, 2019 10:00 AM",
        "end_formatted": "September 21, 2019 06:00 PM",
        "street_closure_type": "Full Street Closure ",
        "community_board": "16, ",
        "police_precinct": "73, "
      }
    },
    {
      "type": "Feature",
      "geometry": {
        "type": "Point",
        "coordinates": [
          -73.982989,
          40.675186499999995
        ]
      },
      "properties": {
        "event_id": "467574",
        "event_name": "Garfield Gardens Block Party",
        "event_type": "Block Party",
        "event_agency": "Street Activity Permit Office",
        "event_location": " GARFIELD PLACE between 5 AVENUE and 4 AVENUE",
        "event_borough": "Brooklyn",
        "start_date": "2019-09-21T09:30:00.000",
        "end_date": "2019-09-21T18:00:00.000",
        "start_formatted": "September 21, 2019 09:30 AM",
        "end_formatted": "September 21, 2019 06:00 PM",
        "street_closure_type": "Full Street Closure ",
        "community_board": "6, ",
        "police_precinct": "78, "
      }
    },
    {
      "type": "Feature",
      "geometry": {
        "type": "Point",
        "coordinates": [
          -73.955286,
          40.661284
        ]
      },
      "properties": {
        "event_id": "496053",
        "event_name": "Lincoln Road Block Party",
        "event_type": "Block Party",
        "event_agency": "Street Activity Permit Office",
        "event_location": " LINCOLN ROAD between BEDFORD AVENUE and ROGERS AVENUE",
        "event_borough": "Brooklyn",
        "start_date": "2019-09-21T09:30:00.000",
        "end_date": "2019-09-21T17:00:00.000",
        "start_formatted": "September 21, 2019 09:30 AM",
        "end_formatted": "September 21, 2019 05:00 PM",
        "street_closure_type": "Full Street Closure ",
        "community_board": "9, ",
        "police_precinct": "71, "
      }
    },
    {
      "type": "Feature",
      "geometry": {
        "type": "Point",
        "coordinates": [
          -73.9593175,
          40.6467435
        ]
      },
      "properties": {
        "event_id": "494467",
        "event_name": "B.T.U. Street Fair",
        "event_type": "Block Party",
        "event_agency": "Street Activity Permit Office",
        "event_location": " EAST   21 STREET between REGENT PLACE and ALBEMARLE ROAD",
        "event_borough": "Brooklyn",
        "start_date": "2019-09-21T09:00:00.000",
        "end_date": "2019-09-21T17:00:00.000",
        "start_formatted": "September 21, 2019 09:00 AM",
        "end_formatted": "September 21, 2019 05:00 PM",
        "street_closure_type": "Full Street Closure ",
        "community_board": "14, ",
        "police_precinct": "70, "
      }
    },
    {
      "type": "Feature",
      "geometry": {
        "type": "Point",
        "coordinates": [
          -73.8751525,
          40.7412155
        ]
      },
      "properties": {
        "event_id": "497741",
        "event_name": "Day of Evangelism ",
        "event_type": "Block Party",
        "event_agency": "Street Activity Permit Office",
        "event_location": " 48 AVENUE between CORONA AVENUE and 90 STREET",
        "event_borough": "Queens",
        "start_date": "2019-09-21T09:00:00.000",
        "end_date": "2019-09-21T14:30:00.000",
        "start_formatted": "September 21, 2019 09:00 AM",
        "end_formatted": "September 21, 2019 02:30 PM",
        "street_closure_type": "Full Street Closure ",
        "community_board": "4, ",
        "police_precinct": "110, "
      }
    },
    {
      "type": "Feature",
      "geometry": {
        "type": "Point",
        "coordinates": [
          -73.95713599999999,
          40.7724945
        ]
      },
      "properties": {
        "event_id": "461001",
        "event_name": "Birch Wathen Lenox Fall Fair",
        "event_type": "Block Party",
        "event_agency": "Street Activity Permit Office",
        "event_location": " EAST   77 STREET between 2 AVENUE and 3 AVENUE",
        "event_borough": "Manhattan",
        "start_date": "2019-09-20T09:30:00.000",
        "end_date": "2019-09-20T15:30:00.000",
        "start_formatted": "September 20, 2019 09:30 AM",
        "end_formatted": "September 20, 2019 03:30 PM",
        "street_closure_type": "Full Street Closure ",
        "community_board": "8, ",
        "police_precinct": "19, "
      }
    },
    {
      "type": "Feature",
      "geometry": {
        "type": "Point",
        "coordinates": [
          -73.946433,
          40.7905965
        ]
      },
      "properties": {
        "event_id": "496014",
        "event_name": "De Colores",
        "event_type": "Block Party",
        "event_agency": "Street Activity Permit Office",
        "event_location": " EAST  104 STREET between LEXINGTON AVENUE and 3 AVENUE",
        "event_borough": "Manhattan",
        "start_date": "2019-09-15T14:00:00.000",
        "end_date": "2019-09-15T19:00:00.000",
        "start_formatted": "September 15, 2019 02:00 PM",
        "end_formatted": "September 15, 2019 07:00 PM",
        "street_closure_type": "Full Street Closure ",
        "community_board": "11, ",
        "police_precinct": "23, "
      }
    },
    {
      "type": "Feature",
      "geometry": {
        "type": "Point",
        "coordinates": [
          -73.98637350000001,
          40.6624915
        ]
      },
      "properties": {
        "event_id": "496099",
        "event_name": "Jackson Place Block Party",
        "event_type": "Block Party",
        "event_agency": "Street Activity Permit Office",
        "event_location": " JACKSON PLACE between 16 STREET and PROSPECT AVENUE",
        "event_borough": "Brooklyn",
        "start_date": "2019-09-15T13:00:00.000",
        "end_date": "2019-09-15T20:00:00.000",
        "start_formatted": "September 15, 2019 01:00 PM",
        "end_formatted": "September 15, 2019 08:00 PM",
        "street_closure_type": "Full Street Closure ",
        "community_board": "7, ",
        "police_precinct": "72, "
      }
    },
    {
      "type": "Feature",
      "geometry": {
        "type": "Point",
        "coordinates": [
          -73.943243,
          40.673044
        ]
      },
      "properties": {
        "event_id": "494240",
        "event_name": "One Crown Heights Festival",
        "event_type": "Block Party",
        "event_agency": "Street Activity Permit Office",
        "event_location": " PARK PLACE between BROOKLYN AVENUE and KINGSTON AVENUE",
        "event_borough": "Brooklyn",
        "start_date": "2019-09-15T13:00:00.000",
        "end_date": "2019-09-15T18:00:00.000",
        "start_formatted": "September 15, 2019 01:00 PM",
        "end_formatted": "September 15, 2019 06:00 PM",
        "street_closure_type": "Full Street Closure ",
        "community_board": "8, ",
        "police_precinct": "77, "
      }
    },
    {
      "type": "Feature",
      "geometry": {
        "type": "Point",
        "coordinates": [
          -74.001611,
          40.7299505
        ]
      },
      "properties": {
        "event_id": "484426",
        "event_name": "Palio on Minetta",
        "event_type": "Block Party",
        "event_agency": "Street Activity Permit Office",
        "event_location": " MINETTA STREET between BLEECKER STREET and MINETTA LANE",
        "event_borough": "Manhattan",
        "start_date": "2019-09-15T13:00:00.000",
        "end_date": "2019-09-15T17:00:00.000",
        "start_formatted": "September 15, 2019 01:00 PM",
        "end_formatted": "September 15, 2019 05:00 PM",
        "street_closure_type": "Full Street Closure ",
        "community_board": "2, ",
        "police_precinct": "6, "
      }
    },
    {
      "type": "Feature",
      "geometry": {
        "type": "Point",
        "coordinates": [
          -73.954083,
          40.735974
        ]
      },
      "properties": {
        "event_id": "489962",
        "event_name": "Family Fun Day",
        "event_type": "Block Party",
        "event_agency": "Street Activity Permit Office",
        "event_location": " DUPONT STREET between MANHATTAN AVENUE and MCGUINNESS BOULEVARD",
        "event_borough": "Brooklyn",
        "start_date": "2019-09-15T12:30:00.000",
        "end_date": "2019-09-15T17:30:00.000",
        "start_formatted": "September 15, 2019 12:30 PM",
        "end_formatted": "September 15, 2019 05:30 PM",
        "street_closure_type": "Full Street Closure ",
        "community_board": "1, ",
        "police_precinct": "94, "
      }
    },
    {
      "type": "Feature",
      "geometry": {
        "type": "Point",
        "coordinates": [
          -73.941273,
          40.8366285
        ]
      },
      "properties": {
        "event_id": "496095",
        "event_name": "back to school block party",
        "event_type": "Block Party",
        "event_agency": "Street Activity Permit Office",
        "event_location": " WEST  162 STREET between BROADWAY and ST NICHOLAS AVENUE",
        "event_borough": "Manhattan",
        "start_date": "2019-09-15T12:00:00.000",
        "end_date": "2019-09-15T18:00:00.000",
        "start_formatted": "September 15, 2019 12:00 PM",
        "end_formatted": "September 15, 2019 06:00 PM",
        "street_closure_type": "Full Street Closure ",
        "community_board": "12, ",
        "police_precinct": "33, "
      }
    },
    {
      "type": "Feature",
      "geometry": {
        "type": "Point",
        "coordinates": [
          -73.997553,
          40.69426
        ]
      },
      "properties": {
        "event_id": "474181",
        "event_name": "Annual Fall Barbecue ",
        "event_type": "Block Party",
        "event_agency": "Street Activity Permit Office",
        "event_location": " GRACE COURT between HICKS STREET and DEAD END",
        "event_borough": "Brooklyn",
        "start_date": "2019-09-15T12:00:00.000",
        "end_date": "2019-09-15T14:00:00.000",
        "start_formatted": "September 15, 2019 12:00 PM",
        "end_formatted": "September 15, 2019 02:00 PM",
        "street_closure_type": "Full Street Closure ",
        "community_board": "2, ",
        "police_precinct": "84, "
      }
    },
    {
      "type": "Feature",
      "geometry": {
        "type": "Point",
        "coordinates": [
          -73.9636665,
          40.5819255
        ]
      },
      "properties": {
        "event_id": "482328",
        "event_name": "Block Party",
        "event_type": "Block Party",
        "event_agency": "Street Activity Permit Office",
        "event_location": " BRIGHTON    4 TERRACE between BRIGHTON    6 STREET and BRIGHTON    4 STREET",
        "event_borough": "Brooklyn",
        "start_date": "2019-09-15T12:00:00.000",
        "end_date": "2019-09-15T17:00:00.000",
        "start_formatted": "September 15, 2019 12:00 PM",
        "end_formatted": "September 15, 2019 05:00 PM",
        "street_closure_type": "Full Street Closure ",
        "community_board": "13, ",
        "police_precinct": "60, "
      }
    },
    {
      "type": "Feature",
      "geometry": {
        "type": "Point",
        "coordinates": [
          -73.97919250000001,
          40.659828
        ]
      },
      "properties": {
        "event_id": "481479",
        "event_name": "Block Party 2019 2",
        "event_type": "Block Party",
        "event_agency": "Street Activity Permit Office",
        "event_location": " 16 STREET between PROSPECT PARK WEST and 10 AVENUE",
        "event_borough": "Brooklyn",
        "start_date": "2019-09-15T11:30:00.000",
        "end_date": "2019-09-15T20:30:00.000",
        "start_formatted": "September 15, 2019 11:30 AM",
        "end_formatted": "September 15, 2019 08:30 PM",
        "street_closure_type": "Full Street Closure ",
        "community_board": "7, ",
        "police_precinct": "72, "
      }
    },
    {
      "type": "Feature",
      "geometry": {
        "type": "Point",
        "coordinates": [
          -73.95416,
          40.634515
        ]
      },
      "properties": {
        "event_id": "496297",
        "event_name": "South Midwood Block Party ",
        "event_type": "Block Party",
        "event_agency": "Street Activity Permit Office",
        "event_location": " EAST   24 STREET between GLENWOOD ROAD and FARRAGUT ROAD",
        "event_borough": "Brooklyn",
        "start_date": "2019-09-15T11:00:00.000",
        "end_date": "2019-09-15T19:00:00.000",
        "start_formatted": "September 15, 2019 11:00 AM",
        "end_formatted": "September 15, 2019 07:00 PM",
        "street_closure_type": "Full Street Closure ",
        "community_board": "14, ",
        "police_precinct": "70, "
      }
    },
    {
      "type": "Feature",
      "geometry": {
        "type": "Point",
        "coordinates": [
          -73.9871275,
          40.666201
        ]
      },
      "properties": {
        "event_id": "496644",
        "event_name": "13th Street 5/6 Block Party 2019",
        "event_type": "Block Party",
        "event_agency": "Street Activity Permit Office",
        "event_location": " 13 STREET between 5 AVENUE and 6 AVENUE",
        "event_borough": "Brooklyn",
        "start_date": "2019-09-15T11:00:00.000",
        "end_date": "2019-09-15T18:00:00.000",
        "start_formatted": "September 15, 2019 11:00 AM",
        "end_formatted": "September 15, 2019 06:00 PM",
        "street_closure_type": "Full Street Closure ",
        "community_board": "6, ",
        "police_precinct": "78, "
      }
    },
    {
      "type": "Feature",
      "geometry": {
        "type": "Point",
        "coordinates": [
          -73.986122,
          40.667404
        ]
      },
      "properties": {
        "event_id": "468712",
        "event_name": "11th Street Block Party",
        "event_type": "Block Party",
        "event_agency": "Street Activity Permit Office",
        "event_location": " 11 STREET between 5 AVENUE and 6 AVENUE",
        "event_borough": "Brooklyn",
        "start_date": "2019-09-15T11:00:00.000",
        "end_date": "2019-09-15T18:00:00.000",
        "start_formatted": "September 15, 2019 11:00 AM",
        "end_formatted": "September 15, 2019 06:00 PM",
        "street_closure_type": "Full Street Closure ",
        "community_board": "6, ",
        "police_precinct": "78, "
      }
    },
    {
      "type": "Feature",
      "geometry": {
        "type": "Point",
        "coordinates": [
          -73.96015,
          40.6340105
        ]
      },
      "properties": {
        "event_id": "483840",
        "event_name": "Midwood Park HOA Block Party ",
        "event_type": "Block Party",
        "event_agency": "Street Activity Permit Office",
        "event_location": " EAST   18 STREET between FOSTER AVENUE and GLENWOOD ROAD",
        "event_borough": "Brooklyn",
        "start_date": "2019-09-15T11:00:00.000",
        "end_date": "2019-09-15T17:00:00.000",
        "start_formatted": "September 15, 2019 11:00 AM",
        "end_formatted": "September 15, 2019 05:00 PM",
        "street_closure_type": "Full Street Closure ",
        "community_board": "14, ",
        "police_precinct": "70, "
      }
    },
    {
      "type": "Feature",
      "geometry": {
        "type": "Point",
        "coordinates": [
          -73.9663965,
          40.62585
        ]
      },
      "properties": {
        "event_id": "491788",
        "event_name": "Carnival 2019",
        "event_type": "Block Party",
        "event_agency": "Street Activity Permit Office",
        "event_location": " EAST   10 STREET between AVENUE I and AVENUE J",
        "event_borough": "Brooklyn",
        "start_date": "2019-09-15T11:00:00.000",
        "end_date": "2019-09-15T16:00:00.000",
        "start_formatted": "September 15, 2019 11:00 AM",
        "end_formatted": "September 15, 2019 04:00 PM",
        "street_closure_type": "Full Street Closure ",
        "community_board": "12, ",
        "police_precinct": "66, "
      }
    },
    {
      "type": "Feature",
      "geometry": {
        "type": "Point",
        "coordinates": [
          -73.920283,
          40.638305
        ]
      },
      "properties": {
        "event_id": "497504",
        "event_name": "East 59th Street Block Party",
        "event_type": "Block Party",
        "event_agency": "Street Activity Permit Office",
        "event_location": " EAST   59 STREET between FARRAGUT ROAD and FOSTER AVENUE",
        "event_borough": "Brooklyn",
        "start_date": "2019-09-15T11:00:00.000",
        "end_date": "2019-09-15T19:00:00.000",
        "start_formatted": "September 15, 2019 11:00 AM",
        "end_formatted": "September 15, 2019 07:00 PM",
        "street_closure_type": "Full Street Closure ",
        "community_board": "18, ",
        "police_precinct": "63, "
      }
    },
    {
      "type": "Feature",
      "geometry": {
        "type": "Point",
        "coordinates": [
          -73.9577565,
          40.7837505
        ]
      },
      "properties": {
        "event_id": "502385",
        "event_name": "Kick-Off Brunch ",
        "event_type": "Block Party",
        "event_agency": "Street Activity Permit Office",
        "event_location": " EAST   90 STREET between MADISON AVENUE and FIFTH AVENUE",
        "event_borough": "Manhattan",
        "start_date": "2019-09-15T11:00:00.000",
        "end_date": "2019-09-15T14:00:00.000",
        "start_formatted": "September 15, 2019 11:00 AM",
        "end_formatted": "September 15, 2019 02:00 PM",
        "street_closure_type": "Full Street Closure ",
        "community_board": "8, ",
        "police_precinct": "19, "
      }
    },
    {
      "type": "Feature",
      "geometry": {
        "type": "Point",
        "coordinates": [
          -73.96308049999999,
          40.632315500000004
        ]
      },
      "properties": {
        "event_id": "492787",
        "event_name": "West Midwood Block Party",
        "event_type": "Block Party",
        "event_agency": "Street Activity Permit Office",
        "event_location": " GLENWOOD ROAD between RUGBY ROAD and DEAD END",
        "event_borough": "Brooklyn",
        "start_date": "2019-09-15T11:00:00.000",
        "end_date": "2019-09-15T18:00:00.000",
        "start_formatted": "September 15, 2019 11:00 AM",
        "end_formatted": "September 15, 2019 06:00 PM",
        "street_closure_type": "Full Street Closure ",
        "community_board": "14, ",
        "police_precinct": "70, "
      }
    },
    {
      "type": "Feature",
      "geometry": {
        "type": "Point",
        "coordinates": [
          -73.9914535,
          40.611146500000004
        ]
      },
      "properties": {
        "event_id": "503104",
        "event_name": "St. Dominic Parish Picnic",
        "event_type": "Block Party",
        "event_agency": "Street Activity Permit Office",
        "event_location": " 20 AVENUE between 74 STREET and BAY RIDGE PARKWAY",
        "event_borough": "Brooklyn",
        "start_date": "2019-09-15T11:00:00.000",
        "end_date": "2019-09-15T18:00:00.000",
        "start_formatted": "September 15, 2019 11:00 AM",
        "end_formatted": "September 15, 2019 06:00 PM",
        "street_closure_type": "Full Street Closure ",
        "community_board": "11, ",
        "police_precinct": "62, "
      }
    },
    {
      "type": "Feature",
      "geometry": {
        "type": "Point",
        "coordinates": [
          -73.978746,
          40.681352000000004
        ]
      },
      "properties": {
        "event_id": "497931",
        "event_name": "St Marks between 4th and 5th block party",
        "event_type": "Block Party",
        "event_agency": "Street Activity Permit Office",
        "event_location": " ST MARKS PLACE between 4 AVENUE and 5 AVENUE",
        "event_borough": "Brooklyn",
        "start_date": "2019-09-15T10:00:00.000",
        "end_date": "2019-09-15T19:00:00.000",
        "start_formatted": "September 15, 2019 10:00 AM",
        "end_formatted": "September 15, 2019 07:00 PM",
        "street_closure_type": "Full Street Closure ",
        "community_board": "6, ",
        "police_precinct": "78, "
      }
    },
    {
      "type": "Feature",
      "geometry": {
        "type": "Point",
        "coordinates": [
          -73.863276,
          40.753574
        ]
      },
      "properties": {
        "event_id": "484585",
        "event_name": "Feast Of Our Lady of Sorrows ",
        "event_type": "Block Party",
        "event_agency": "Street Activity Permit Office",
        "event_location": " 37 AVENUE between 104 STREET and 105 STREET",
        "event_borough": "Queens",
        "start_date": "2019-09-15T10:00:00.000",
        "end_date": "2019-09-15T19:00:00.000",
        "start_formatted": "September 15, 2019 10:00 AM",
        "end_formatted": "September 15, 2019 07:00 PM",
        "street_closure_type": "Full Street Closure ",
        "community_board": "3, ",
        "police_precinct": "115, "
      }
    },
    {
      "type": "Feature",
      "geometry": {
        "type": "Point",
        "coordinates": [
          -73.99395100000001,
          40.692295
        ]
      },
      "properties": {
        "event_id": "494027",
        "event_name": "Welcome Back from Summer  Godparents Celebration Day ",
        "event_type": "Block Party",
        "event_agency": "Street Activity Permit Office",
        "event_location": " AITKEN PLACE between CLINTON STREET and SIDNEY PLACE",
        "event_borough": "Brooklyn",
        "start_date": "2019-09-15T10:00:00.000",
        "end_date": "2019-09-15T16:00:00.000",
        "start_formatted": "September 15, 2019 10:00 AM",
        "end_formatted": "September 15, 2019 04:00 PM",
        "street_closure_type": "Sidewalk and Street Closure ",
        "community_board": "2, ",
        "police_precinct": "84, "
      }
    },
    {
      "type": "Feature",
      "geometry": {
        "type": "Point",
        "coordinates": [
          -73.8446525,
          40.7801525
        ]
      },
      "properties": {
        "event_id": "491031",
        "event_name": "Rallly Day",
        "event_type": "Block Party",
        "event_agency": "Street Activity Permit Office",
        "event_location": " 22 AVENUE between 123 STREET and 124 STREET",
        "event_borough": "Queens",
        "start_date": "2019-09-15T10:00:00.000",
        "end_date": "2019-09-15T15:30:00.000",
        "start_formatted": "September 15, 2019 10:00 AM",
        "end_formatted": "September 15, 2019 03:30 PM",
        "street_closure_type": "Full Street Closure ",
        "community_board": "7, ",
        "police_precinct": "109, "
      }
    },
    {
      "type": "Feature",
      "geometry": {
        "type": "Point",
        "coordinates": [
          -74.0040365,
          40.6270115
        ]
      },
      "properties": {
        "event_id": "483685",
        "event_name": "Our Lady of Cisne Feast",
        "event_type": "Block Party",
        "event_agency": "Street Activity Permit Office",
        "event_location": " 12 AVENUE between 65 STREET and 66 STREET",
        "event_borough": "Brooklyn",
        "start_date": "2019-09-15T10:00:00.000",
        "end_date": "2019-09-15T19:00:00.000",
        "start_formatted": "September 15, 2019 10:00 AM",
        "end_formatted": "September 15, 2019 07:00 PM",
        "street_closure_type": "Sidewalk and Street Closure ",
        "community_board": "10, ",
        "police_precinct": "68, "
      }
    },
    {
      "type": "Feature",
      "geometry": {
        "type": "Point",
        "coordinates": [
          -73.91801749999999,
          40.817747
        ]
      },
      "properties": {
        "event_id": "486203",
        "event_name": "StickBall Festival Block Party",
        "event_type": "Block Party",
        "event_agency": "Street Activity Permit Office",
        "event_location": " EAST  151 STREET between MELROSE AVENUE and COURTLANDT AVENUE",
        "event_borough": "Bronx",
        "start_date": "2019-09-15T09:30:00.000",
        "end_date": "2019-09-15T16:00:00.000",
        "start_formatted": "September 15, 2019 09:30 AM",
        "end_formatted": "September 15, 2019 04:00 PM",
        "street_closure_type": "Sidewalk and Street Closure ",
        "community_board": "1, ",
        "police_precinct": "40, "
      }
    },
    {
      "type": "Feature",
      "geometry": {
        "type": "Point",
        "coordinates": [
          -73.9963255,
          40.6924705
        ]
      },
      "properties": {
        "event_id": "494097",
        "event_name": "Garden Place Annual Block Party",
        "event_type": "Block Party",
        "event_agency": "Street Activity Permit Office",
        "event_location": " GARDEN PLACE between JORALEMON STREET and STATE STREET",
        "event_borough": "Brooklyn",
        "start_date": "2019-09-14T15:00:00.000",
        "end_date": "2019-09-14T21:00:00.000",
        "start_formatted": "September 14, 2019 03:00 PM",
        "end_formatted": "September 14, 2019 09:00 PM",
        "street_closure_type": "Full Street Closure ",
        "community_board": "2, ",
        "police_precinct": "84, "
      }
    },
    {
      "type": "Feature",
      "geometry": {
        "type": "Point",
        "coordinates": [
          -73.9427895,
          40.726727499999996
        ]
      },
      "properties": {
        "event_id": "495831",
        "event_name": "Monitor Street Block Party",
        "event_type": "Block Party",
        "event_agency": "Street Activity Permit Office",
        "event_location": " MONITOR STREET between NASSAU AVENUE and NORMAN AVENUE",
        "event_borough": "Brooklyn",
        "start_date": "2019-09-14T15:00:00.000",
        "end_date": "2019-09-14T21:00:00.000",
        "start_formatted": "September 14, 2019 03:00 PM",
        "end_formatted": "September 14, 2019 09:00 PM",
        "street_closure_type": "Full Street Closure ",
        "community_board": "1, ",
        "police_precinct": "94, "
      }
    },
    {
      "type": "Feature",
      "geometry": {
        "type": "Point",
        "coordinates": [
          -73.881448,
          40.705338499999996
        ]
      },
      "properties": {
        "event_id": "489761",
        "event_name": "71st street Block Party ",
        "event_type": "Block Party",
        "event_agency": "Street Activity Permit Office",
        "event_location": " 71 STREET between CENTRAL AVENUE and DEAD END",
        "event_borough": "Queens",
        "start_date": "2019-09-14T15:00:00.000",
        "end_date": "2019-09-14T21:00:00.000",
        "start_formatted": "September 14, 2019 03:00 PM",
        "end_formatted": "September 14, 2019 09:00 PM",
        "street_closure_type": "Full Street Closure ",
        "community_board": "5, ",
        "police_precinct": "104, "
      }
    },
    {
      "type": "Feature",
      "geometry": {
        "type": "Point",
        "coordinates": [
          -73.860286,
          40.87374
        ]
      },
      "properties": {
        "event_id": "495390",
        "event_name": "Annual Block Party",
        "event_type": "Block Party",
        "event_agency": "Street Activity Permit Office",
        "event_location": " RADCLIFF AVENUE between MAGENTA STREET and DUNCAN STREET",
        "event_borough": "Bronx",
        "start_date": "2019-09-14T13:00:00.000",
        "end_date": "2019-09-14T20:00:00.000",
        "start_formatted": "September 14, 2019 01:00 PM",
        "end_formatted": "September 14, 2019 08:00 PM",
        "street_closure_type": "Full Street Closure ",
        "community_board": "12, ",
        "police_precinct": "47, "
      }
    },
    {
      "type": "Feature",
      "geometry": {
        "type": "Point",
        "coordinates": [
          -74.028018,
          40.634518
        ]
      },
      "properties": {
        "event_id": "498567",
        "event_name": "71 st Block Party",
        "event_type": "Block Party",
        "event_agency": "Street Activity Permit Office",
        "event_location": " 71 STREET between THIRD AVENUE and RIDGE BOULEVARD",
        "event_borough": "Brooklyn",
        "start_date": "2019-09-14T13:00:00.000",
        "end_date": "2019-09-14T21:00:00.000",
        "start_formatted": "September 14, 2019 01:00 PM",
        "end_formatted": "September 14, 2019 09:00 PM",
        "street_closure_type": "Full Street Closure ",
        "community_board": "10, ",
        "police_precinct": "68, "
      }
    },
    {
      "type": "Feature",
      "geometry": {
        "type": "Point",
        "coordinates": [
          -74.032752,
          40.612393499999996
        ]
      },
      "properties": {
        "event_id": "488342",
        "event_name": "100 street block party",
        "event_type": "Block Party",
        "event_agency": "Street Activity Permit Office",
        "event_location": " 100 STREET between 4 AVENUE and FORT HAMILTON PARKWAY",
        "event_borough": "Brooklyn",
        "start_date": "2019-09-14T13:00:00.000",
        "end_date": "2019-09-14T21:00:00.000",
        "start_formatted": "September 14, 2019 01:00 PM",
        "end_formatted": "September 14, 2019 09:00 PM",
        "street_closure_type": "Full Street Closure ",
        "community_board": "10, ",
        "police_precinct": "68, "
      }
    },
    {
      "type": "Feature",
      "geometry": {
        "type": "Point",
        "coordinates": [
          -73.9758465,
          40.688411
        ]
      },
      "properties": {
        "event_id": "490851",
        "event_name": "The 18th Annual South Elliot Place Block Party",
        "event_type": "Block Party",
        "event_agency": "Street Activity Permit Office",
        "event_location": " SOUTH ELLIOTT PLACE between DEKALB AVENUE and LAFAYETTE AVENUE",
        "event_borough": "Brooklyn",
        "start_date": "2019-09-14T13:00:00.000",
        "end_date": "2019-09-14T20:30:00.000",
        "start_formatted": "September 14, 2019 01:00 PM",
        "end_formatted": "September 14, 2019 08:30 PM",
        "street_closure_type": "Full Street Closure ",
        "community_board": "2, ",
        "police_precinct": "88, "
      }
    },
    {
      "type": "Feature",
      "geometry": {
        "type": "Point",
        "coordinates": [
          -73.97835850000001,
          40.6532275
        ]
      },
      "properties": {
        "event_id": "493213",
        "event_name": "19th Street Block Party",
        "event_type": "Block Party",
        "event_agency": "Street Activity Permit Office",
        "event_location": " 19 STREET between SEELEY STREET and VANDERBILT STREET",
        "event_borough": "Brooklyn",
        "start_date": "2019-09-14T13:00:00.000",
        "end_date": "2019-09-14T20:00:00.000",
        "start_formatted": "September 14, 2019 01:00 PM",
        "end_formatted": "September 14, 2019 08:00 PM",
        "street_closure_type": "Full Street Closure ",
        "community_board": "7, ",
        "police_precinct": "72, "
      }
    },
    {
      "type": "Feature",
      "geometry": {
        "type": "Point",
        "coordinates": [
          -73.99252150000001,
          40.717068999999995
        ]
      },
      "properties": {
        "event_id": "492459",
        "event_name": "Eldridge Street Block Party",
        "event_type": "Block Party",
        "event_agency": "Street Activity Permit Office",
        "event_location": " ELDRIDGE STREET between GRAND STREET and HESTER STREET",
        "event_borough": "Manhattan",
        "start_date": "2019-09-14T13:00:00.000",
        "end_date": "2019-09-14T17:00:00.000",
        "start_formatted": "September 14, 2019 01:00 PM",
        "end_formatted": "September 14, 2019 05:00 PM",
        "street_closure_type": "Full Street Closure ",
        "community_board": "3, ",
        "police_precinct": "5, "
      }
    },
    {
      "type": "Feature",
      "geometry": {
        "type": "Point",
        "coordinates": [
          -74.0347885,
          40.632346
        ]
      },
      "properties": {
        "event_id": "484766",
        "event_name": "76th street block party",
        "event_type": "Block Party",
        "event_agency": "Street Activity Permit Office",
        "event_location": " 76 STREET between COLONIAL ROAD and NARROWS AVENUE",
        "event_borough": "Brooklyn",
        "start_date": "2019-09-14T13:00:00.000",
        "end_date": "2019-09-14T21:00:00.000",
        "start_formatted": "September 14, 2019 01:00 PM",
        "end_formatted": "September 14, 2019 09:00 PM",
        "street_closure_type": "Full Street Closure ",
        "community_board": "10, ",
        "police_precinct": "68, "
      }
    },
    {
      "type": "Feature",
      "geometry": {
        "type": "Point",
        "coordinates": [
          -73.9647225,
          40.647761
        ]
      },
      "properties": {
        "event_id": "483629",
        "event_name": "Prospect Park South Block Party",
        "event_type": "Block Party",
        "event_agency": "Street Activity Permit Office",
        "event_location": " BUCKINGHAM ROAD between CHURCH AVENUE and ALBEMARLE ROAD",
        "event_borough": "Brooklyn",
        "start_date": "2019-09-14T13:00:00.000",
        "end_date": "2019-09-14T18:00:00.000",
        "start_formatted": "September 14, 2019 01:00 PM",
        "end_formatted": "September 14, 2019 06:00 PM",
        "street_closure_type": "Full Street Closure ",
        "community_board": "14, ",
        "police_precinct": "70, "
      }
    },
    {
      "type": "Feature",
      "geometry": {
        "type": "Point",
        "coordinates": [
          -74.135343,
          40.616382
        ]
      },
      "properties": {
        "event_id": "494968",
        "event_name": "St. John Ave Annual Block Party",
        "event_type": "Block Party",
        "event_agency": "Street Activity Permit Office",
        "event_location": " SAINT JOHN AVENUE between WATERS AVENUE and WATCHOGUE ROAD",
        "event_borough": "Staten Island",
        "start_date": "2019-09-14T13:00:00.000",
        "end_date": "2019-09-14T21:00:00.000",
        "start_formatted": "September 14, 2019 01:00 PM",
        "end_formatted": "September 14, 2019 09:00 PM",
        "street_closure_type": "Full Street Closure ",
        "community_board": "1, ",
        "police_precinct": "121, "
      }
    },
    {
      "type": "Feature",
      "geometry": {
        "type": "Point",
        "coordinates": [
          -74.0336585,
          40.6351095
        ]
      },
      "properties": {
        "event_id": "491084",
        "event_name": "72nd Street Block Party",
        "event_type": "Block Party",
        "event_agency": "Street Activity Permit Office",
        "event_location": " 72 STREET between COLONIAL ROAD and NARROWS AVENUE",
        "event_borough": "Brooklyn",
        "start_date": "2019-09-14T12:30:00.000",
        "end_date": "2019-09-14T20:30:00.000",
        "start_formatted": "September 14, 2019 12:30 PM",
        "end_formatted": "September 14, 2019 08:30 PM",
        "street_closure_type": "Full Street Closure ",
        "community_board": "10, ",
        "police_precinct": "68, "
      }
    },
    {
      "type": "Feature",
      "geometry": {
        "type": "Point",
        "coordinates": [
          -73.9833775,
          40.658935
        ]
      },
      "properties": {
        "event_id": "495637",
        "event_name": "17th Street Neighbors Block Party",
        "event_type": "Block Party",
        "event_agency": "Street Activity Permit Office",
        "event_location": " 17 STREET between 8 AVENUE and PROSPECT PARK WEST",
        "event_borough": "Brooklyn",
        "start_date": "2019-09-14T12:00:00.000",
        "end_date": "2019-09-14T19:00:00.000",
        "start_formatted": "September 14, 2019 12:00 PM",
        "end_formatted": "September 14, 2019 07:00 PM",
        "street_closure_type": "Full Street Closure ",
        "community_board": "7, ",
        "police_precinct": "72, "
      }
    },
    {
      "type": "Feature",
      "geometry": {
        "type": "Point",
        "coordinates": [
          -73.97733500000001,
          40.658086
        ]
      },
      "properties": {
        "event_id": "470147",
        "event_name": "Annual Windsor Place Block Party",
        "event_type": "Block Party",
        "event_agency": "Street Activity Permit Office",
        "event_location": " WINDSOR PLACE between 10 AVENUE and 11 AVENUE",
        "event_borough": "Brooklyn",
        "start_date": "2019-09-14T12:00:00.000",
        "end_date": "2019-09-14T20:00:00.000",
        "start_formatted": "September 14, 2019 12:00 PM",
        "end_formatted": "September 14, 2019 08:00 PM",
        "street_closure_type": "Full Street Closure ",
        "community_board": "7, ",
        "police_precinct": "72, "
      }
    },
    {
      "type": "Feature",
      "geometry": {
        "type": "Point",
        "coordinates": [
          -74.0063045,
          40.647242
        ]
      },
      "properties": {
        "event_id": "477429",
        "event_name": "Block party",
        "event_type": "Block Party",
        "event_agency": "Street Activity Permit Office",
        "event_location": " 45 STREET between 5 AVENUE and 6 AVENUE",
        "event_borough": "Brooklyn",
        "start_date": "2019-09-14T12:00:00.000",
        "end_date": "2019-09-14T20:00:00.000",
        "start_formatted": "September 14, 2019 12:00 PM",
        "end_formatted": "September 14, 2019 08:00 PM",
        "street_closure_type": "Full Street Closure ",
        "community_board": "7, ",
        "police_precinct": "72, "
      }
    },
    {
      "type": "Feature",
      "geometry": {
        "type": "Point",
        "coordinates": [
          -73.9279495,
          40.592363500000005
        ]
      },
      "properties": {
        "event_id": "496483",
        "event_name": "Ebony ct block party ",
        "event_type": "Block Party",
        "event_agency": "Street Activity Permit Office",
        "event_location": " EBONY COURT between DEVON AVENUE and EVERETT AVENUE",
        "event_borough": "Brooklyn",
        "start_date": "2019-09-14T12:00:00.000",
        "end_date": "2019-09-14T21:00:00.000",
        "start_formatted": "September 14, 2019 12:00 PM",
        "end_formatted": "September 14, 2019 09:00 PM",
        "street_closure_type": "Full Street Closure ",
        "community_board": "15, ",
        "police_precinct": "61, "
      }
    },
    {
      "type": "Feature",
      "geometry": {
        "type": "Point",
        "coordinates": [
          -73.9923315,
          40.678015
        ]
      },
      "properties": {
        "event_id": "463082",
        "event_name": "2nd St. Block Party",
        "event_type": "Block Party",
        "event_agency": "Street Activity Permit Office",
        "event_location": " 2 STREET between HOYT STREET and BOND STREET",
        "event_borough": "Brooklyn",
        "start_date": "2019-09-14T12:00:00.000",
        "end_date": "2019-09-14T19:00:00.000",
        "start_formatted": "September 14, 2019 12:00 PM",
        "end_formatted": "September 14, 2019 07:00 PM",
        "street_closure_type": "Full Street Closure ",
        "community_board": "6, ",
        "police_precinct": "76, "
      }
    },
    {
      "type": "Feature",
      "geometry": {
        "type": "Point",
        "coordinates": [
          -74.118633,
          40.5990015
        ]
      },
      "properties": {
        "event_id": "498300",
        "event_name": "Morse Avenue Block Party",
        "event_type": "Block Party",
        "event_agency": "Street Activity Permit Office",
        "event_location": " MORSE AVENUE between BOGERT AVENUE and PERU STREET",
        "event_borough": "Staten Island",
        "start_date": "2019-09-14T12:00:00.000",
        "end_date": "2019-09-14T21:00:00.000",
        "start_formatted": "September 14, 2019 12:00 PM",
        "end_formatted": "September 14, 2019 09:00 PM",
        "street_closure_type": "Full Street Closure ",
        "community_board": "2, ",
        "police_precinct": "122, "
      }
    },
    {
      "type": "Feature",
      "geometry": {
        "type": "Point",
        "coordinates": [
          -73.9028295,
          40.6912025
        ]
      },
      "properties": {
        "event_id": "497859",
        "event_name": "Moffat MishMash",
        "event_type": "Block Party",
        "event_agency": "Street Activity Permit Office",
        "event_location": " MOFFAT STREET between IRVING AVENUE and KNICKERBOCKER AVENUE",
        "event_borough": "Brooklyn",
        "start_date": "2019-09-14T12:00:00.000",
        "end_date": "2019-09-14T19:00:00.000",
        "start_formatted": "September 14, 2019 12:00 PM",
        "end_formatted": "September 14, 2019 07:00 PM",
        "street_closure_type": "Full Street Closure ",
        "community_board": "4, ",
        "police_precinct": "83, "
      }
    },
    {
      "type": "Feature",
      "geometry": {
        "type": "Point",
        "coordinates": [
          -73.88574750000001,
          40.833684500000004
        ]
      },
      "properties": {
        "event_id": "497703",
        "event_name": "LMBBC Community Day Block Party",
        "event_type": "Block Party",
        "event_agency": "Street Activity Permit Office",
        "event_location": " LONGFELLOW AVENUE between EAST  172 STREET and EAST  173 STREET",
        "event_borough": "Bronx",
        "start_date": "2019-09-14T12:00:00.000",
        "end_date": "2019-09-14T17:00:00.000",
        "start_formatted": "September 14, 2019 12:00 PM",
        "end_formatted": "September 14, 2019 05:00 PM",
        "street_closure_type": "Full Street Closure ",
        "community_board": "3, ",
        "police_precinct": "42, "
      }
    },
    {
      "type": "Feature",
      "geometry": {
        "type": "Point",
        "coordinates": [
          -74.03834499999999,
          40.623639
        ]
      },
      "properties": {
        "event_id": "498115",
        "event_name": "88th Street Block Party",
        "event_type": "Block Party",
        "event_agency": "Street Activity Permit Office",
        "event_location": " 88 STREET between NARROWS AVENUE and COLONIAL ROAD",
        "event_borough": "Brooklyn",
        "start_date": "2019-09-14T12:00:00.000",
        "end_date": "2019-09-14T21:00:00.000",
        "start_formatted": "September 14, 2019 12:00 PM",
        "end_formatted": "September 14, 2019 09:00 PM",
        "street_closure_type": "Full Street Closure ",
        "community_board": "10, ",
        "police_precinct": "68, "
      }
    },
    {
      "type": "Feature",
      "geometry": {
        "type": "Point",
        "coordinates": [
          -73.930624,
          40.68327
        ]
      },
      "properties": {
        "event_id": "494416",
        "event_name": "500 Macon St Block Party for 2019",
        "event_type": "Block Party",
        "event_agency": "Street Activity Permit Office",
        "event_location": " MACON STREET between STUYVESANT AVENUE and MALCOLM X BOULEVARD",
        "event_borough": "Brooklyn",
        "start_date": "2019-09-14T12:00:00.000",
        "end_date": "2019-09-14T19:00:00.000",
        "start_formatted": "September 14, 2019 12:00 PM",
        "end_formatted": "September 14, 2019 07:00 PM",
        "street_closure_type": "Full Street Closure ",
        "community_board": "3, ",
        "police_precinct": "81, "
      }
    },
    {
      "type": "Feature",
      "geometry": {
        "type": "Point",
        "coordinates": [
          -73.9807445,
          40.669881000000004
        ]
      },
      "properties": {
        "event_id": "490561",
        "event_name": "Fifth Street Fall Block Party 2019",
        "event_type": "Block Party",
        "event_agency": "Street Activity Permit Office",
        "event_location": " FIFTH STREET between SIXTH AVENUE and SEVENTH AVENUE",
        "event_borough": "Brooklyn",
        "start_date": "2019-09-14T12:00:00.000",
        "end_date": "2019-09-14T20:00:00.000",
        "start_formatted": "September 14, 2019 12:00 PM",
        "end_formatted": "September 14, 2019 08:00 PM",
        "street_closure_type": "Full Street Closure ",
        "community_board": "6, ",
        "police_precinct": "78, "
      }
    },
    {
      "type": "Feature",
      "geometry": {
        "type": "Point",
        "coordinates": [
          -74.0039715,
          40.649483000000004
        ]
      },
      "properties": {
        "event_id": "494104",
        "event_name": "41 Street Block Party",
        "event_type": "Block Party",
        "event_agency": "Street Activity Permit Office",
        "event_location": " 41 STREET between 5 AVENUE and 6 AVENUE",
        "event_borough": "Brooklyn",
        "start_date": "2019-09-14T12:00:00.000",
        "end_date": "2019-09-14T21:00:00.000",
        "start_formatted": "September 14, 2019 12:00 PM",
        "end_formatted": "September 14, 2019 09:00 PM",
        "street_closure_type": "Full Street Closure ",
        "community_board": "7, ",
        "police_precinct": "72, "
      }
    },
    {
      "type": "Feature",
      "geometry": {
        "type": "Point",
        "coordinates": [
          -73.972542,
          40.6866855
        ]
      },
      "properties": {
        "event_id": "498102",
        "event_name": "2019 Block Party",
        "event_type": "Block Party",
        "event_agency": "Street Activity Permit Office",
        "event_location": " CUMBERLAND STREET between LAFAYETTE AVENUE and GREENE AVENUE",
        "event_borough": "Brooklyn",
        "start_date": "2019-09-14T12:00:00.000",
        "end_date": "2019-09-14T18:00:00.000",
        "start_formatted": "September 14, 2019 12:00 PM",
        "end_formatted": "September 14, 2019 06:00 PM",
        "street_closure_type": "Full Street Closure ",
        "community_board": "2, ",
        "police_precinct": "88, "
      }
    },
    {
      "type": "Feature",
      "geometry": {
        "type": "Point",
        "coordinates": [
          -74.014157,
          40.604659999999996
        ]
      },
      "properties": {
        "event_id": "491980",
        "event_name": "Bay 11th street",
        "event_type": "Block Party",
        "event_agency": "Street Activity Permit Office",
        "event_location": " BAY   11 STREET between CROPSEY AVENUE and INDEPENDENCE AVENUE",
        "event_borough": "Brooklyn",
        "start_date": "2019-09-14T12:00:00.000",
        "end_date": "2019-09-14T20:00:00.000",
        "start_formatted": "September 14, 2019 12:00 PM",
        "end_formatted": "September 14, 2019 08:00 PM",
        "street_closure_type": "Full Street Closure ",
        "community_board": "11, ",
        "police_precinct": "62, "
      }
    },
    {
      "type": "Feature",
      "geometry": {
        "type": "Point",
        "coordinates": [
          -73.9661665,
          40.802335
        ]
      },
      "properties": {
        "event_id": "494051",
        "event_name": "108th Street Block Party",
        "event_type": "Block Party",
        "event_agency": "Street Activity Permit Office",
        "event_location": " WEST  108 STREET between BROADWAY and AMSTERDAM AVENUE",
        "event_borough": "Manhattan",
        "start_date": "2019-09-14T12:00:00.000",
        "end_date": "2019-09-14T18:00:00.000",
        "start_formatted": "September 14, 2019 12:00 PM",
        "end_formatted": "September 14, 2019 06:00 PM",
        "street_closure_type": "Full Street Closure ",
        "community_board": "7, ",
        "police_precinct": "24, "
      }
    },
    {
      "type": "Feature",
      "geometry": {
        "type": "Point",
        "coordinates": [
          -73.8220505,
          40.792499
        ]
      },
      "properties": {
        "event_id": "498111",
        "event_name": "8th Avenue block party ",
        "event_type": "Block Party",
        "event_agency": "Street Activity Permit Office",
        "event_location": " 8 AVENUE between 147 STREET and WHITESTONE EXPRESSWAY",
        "event_borough": "Queens",
        "start_date": "2019-09-14T12:00:00.000",
        "end_date": "2019-09-14T21:00:00.000",
        "start_formatted": "September 14, 2019 12:00 PM",
        "end_formatted": "September 14, 2019 09:00 PM",
        "street_closure_type": "Full Street Closure ",
        "community_board": "7, ",
        "police_precinct": "109, "
      }
    },
    {
      "type": "Feature",
      "geometry": {
        "type": "Point",
        "coordinates": [
          -74.172229,
          40.5580185
        ]
      },
      "properties": {
        "event_id": "489456",
        "event_name": "Brandis Block Party 2019",
        "event_type": "Block Party",
        "event_agency": "Street Activity Permit Office",
        "event_location": " BRANDIS AVENUE between WAINWRIGHT AVENUE and DRUMGOOLE ROAD EAST",
        "event_borough": "Staten Island",
        "start_date": "2019-09-14T12:00:00.000",
        "end_date": "2019-09-14T20:00:00.000",
        "start_formatted": "September 14, 2019 12:00 PM",
        "end_formatted": "September 14, 2019 08:00 PM",
        "street_closure_type": "Full Street Closure ",
        "community_board": "3, ",
        "police_precinct": "123, "
      }
    },
    {
      "type": "Feature",
      "geometry": {
        "type": "Point",
        "coordinates": [
          -74.1191295,
          40.627204000000006
        ]
      },
      "properties": {
        "event_id": "496331",
        "event_name": "Ludwig Street Block Party",
        "event_type": "Block Party",
        "event_agency": "Street Activity Permit Office",
        "event_location": " LUDWIG STREET between CLOVE ROAD and ELIZABETH STREET",
        "event_borough": "Staten Island",
        "start_date": "2019-09-14T12:00:00.000",
        "end_date": "2019-09-14T21:00:00.000",
        "start_formatted": "September 14, 2019 12:00 PM",
        "end_formatted": "September 14, 2019 09:00 PM",
        "street_closure_type": "Full Street Closure ",
        "community_board": "1, ",
        "police_precinct": "120, "
      }
    },
    {
      "type": "Feature",
      "geometry": {
        "type": "Point",
        "coordinates": [
          -74.00533250000001,
          40.617148
        ]
      },
      "properties": {
        "event_id": "489001",
        "event_name": "Block Party",
        "event_type": "Block Party",
        "event_agency": "Street Activity Permit Office",
        "event_location": " 77 STREET between 14 AVENUE and 15 AVENUE",
        "event_borough": "Brooklyn",
        "start_date": "2019-09-14T12:00:00.000",
        "end_date": "2019-09-14T21:00:00.000",
        "start_formatted": "September 14, 2019 12:00 PM",
        "end_formatted": "September 14, 2019 09:00 PM",
        "street_closure_type": "Full Street Closure ",
        "community_board": "11, ",
        "police_precinct": "62, "
      }
    },
    {
      "type": "Feature",
      "geometry": {
        "type": "Point",
        "coordinates": [
          -73.989853,
          40.7119455
        ]
      },
      "properties": {
        "event_id": "463718",
        "event_name": "Old Timers Stickball Event",
        "event_type": "Block Party",
        "event_agency": "Street Activity Permit Office",
        "event_location": " RUTGERS STREET between CHERRY STREET and MADISON STREET",
        "event_borough": "Manhattan",
        "start_date": "2019-09-14T12:00:00.000",
        "end_date": "2019-09-14T18:00:00.000",
        "start_formatted": "September 14, 2019 12:00 PM",
        "end_formatted": "September 14, 2019 06:00 PM",
        "street_closure_type": "Full Street Closure ",
        "community_board": "3, ",
        "police_precinct": "7, "
      }
    },
    {
      "type": "Feature",
      "geometry": {
        "type": "Point",
        "coordinates": [
          -74.0176325,
          40.619112
        ]
      },
      "properties": {
        "event_id": "484454",
        "event_name": "83 street between 10 and 11 ave",
        "event_type": "Block Party",
        "event_agency": "Street Activity Permit Office",
        "event_location": " 83 STREET between 10 AVENUE and 11 AVENUE",
        "event_borough": "Brooklyn",
        "start_date": "2019-09-14T12:00:00.000",
        "end_date": "2019-09-14T20:00:00.000",
        "start_formatted": "September 14, 2019 12:00 PM",
        "end_formatted": "September 14, 2019 08:00 PM",
        "street_closure_type": "Full Street Closure ",
        "community_board": "10, ",
        "police_precinct": "68, "
      }
    },
    {
      "type": "Feature",
      "geometry": {
        "type": "Point",
        "coordinates": [
          -73.88231250000001,
          40.7051025
        ]
      },
      "properties": {
        "event_id": "483260",
        "event_name": "70th Street Block Party",
        "event_type": "Block Party",
        "event_agency": "Street Activity Permit Office",
        "event_location": " 70 STREET between CENTRAL AVENUE and 70 AVENUE",
        "event_borough": "Queens",
        "start_date": "2019-09-14T12:00:00.000",
        "end_date": "2019-09-14T21:00:00.000",
        "start_formatted": "September 14, 2019 12:00 PM",
        "end_formatted": "September 14, 2019 09:00 PM",
        "street_closure_type": "Full Street Closure ",
        "community_board": "5, ",
        "police_precinct": "104, "
      }
    },
    {
      "type": "Feature",
      "geometry": {
        "type": "Point",
        "coordinates": [
          -73.8858855,
          40.669959
        ]
      },
      "properties": {
        "event_id": "492997",
        "event_name": "Block Party  ",
        "event_type": "Block Party",
        "event_agency": "Street Activity Permit Office",
        "event_location": " JEROME STREET between BLAKE AVENUE and SUTTER AVENUE",
        "event_borough": "Brooklyn",
        "start_date": "2019-09-14T12:00:00.000",
        "end_date": "2019-09-14T20:00:00.000",
        "start_formatted": "September 14, 2019 12:00 PM",
        "end_formatted": "September 14, 2019 08:00 PM",
        "street_closure_type": "Full Street Closure ",
        "community_board": "5, ",
        "police_precinct": "75, "
      }
    },
    {
      "type": "Feature",
      "geometry": {
        "type": "Point",
        "coordinates": [
          -74.016469,
          40.620231000000004
        ]
      },
      "properties": {
        "event_id": "482560",
        "event_name": "81st Street Block Party",
        "event_type": "Block Party",
        "event_agency": "Street Activity Permit Office",
        "event_location": " 81 STREET between 10 AVENUE and 11 AVENUE",
        "event_borough": "Brooklyn",
        "start_date": "2019-09-14T12:00:00.000",
        "end_date": "2019-09-14T21:00:00.000",
        "start_formatted": "September 14, 2019 12:00 PM",
        "end_formatted": "September 14, 2019 09:00 PM",
        "street_closure_type": "Full Street Closure ",
        "community_board": "10, ",
        "police_precinct": "68, "
      }
    },
    {
      "type": "Feature",
      "geometry": {
        "type": "Point",
        "coordinates": [
          -73.99476000000001,
          40.678339
        ]
      },
      "properties": {
        "event_id": "471424",
        "event_name": "block party",
        "event_type": "Block Party",
        "event_agency": "Street Activity Permit Office",
        "event_location": " THIRD STREET between SMITH STREET and HOYT STREET",
        "event_borough": "Brooklyn",
        "start_date": "2019-09-14T12:00:00.000",
        "end_date": "2019-09-14T20:00:00.000",
        "start_formatted": "September 14, 2019 12:00 PM",
        "end_formatted": "September 14, 2019 08:00 PM",
        "street_closure_type": "Full Street Closure ",
        "community_board": "6, ",
        "police_precinct": "76, "
      }
    },
    {
      "type": "Feature",
      "geometry": {
        "type": "Point",
        "coordinates": [
          -73.878085,
          40.6590195
        ]
      },
      "properties": {
        "event_id": "467482",
        "event_name": "Neighborhood Block Association ",
        "event_type": "Block Party",
        "event_agency": "Street Activity Permit Office",
        "event_location": " ASHFORD STREET between WORTMAN AVENUE and COZINE AVENUE",
        "event_borough": "Brooklyn",
        "start_date": "2019-09-14T12:00:00.000",
        "end_date": "2019-09-14T20:00:00.000",
        "start_formatted": "September 14, 2019 12:00 PM",
        "end_formatted": "September 14, 2019 08:00 PM",
        "street_closure_type": "Full Street Closure ",
        "community_board": "5, ",
        "police_precinct": "75, "
      }
    },
    {
      "type": "Feature",
      "geometry": {
        "type": "Point",
        "coordinates": [
          -73.9323765,
          40.661273
        ]
      },
      "properties": {
        "event_id": "497802",
        "event_name": "midwood and maple street block party",
        "event_type": "Block Party",
        "event_agency": "Street Activity Permit Office",
        "event_location": " MIDWOOD STREET between EAST   48 STREET and UTICA AVENUE",
        "event_borough": "Brooklyn",
        "start_date": "2019-09-14T11:30:00.000",
        "end_date": "2019-09-14T19:30:00.000",
        "start_formatted": "September 14, 2019 11:30 AM",
        "end_formatted": "September 14, 2019 07:30 PM",
        "street_closure_type": "Full Street Closure ",
        "community_board": "9, ",
        "police_precinct": "71, "
      }
    },
    {
      "type": "Feature",
      "geometry": {
        "type": "Point",
        "coordinates": [
          -73.8871485,
          40.7054075
        ]
      },
      "properties": {
        "event_id": "487941",
        "event_name": "Debra Audelo ",
        "event_type": "Block Party",
        "event_agency": "Street Activity Permit Office",
        "event_location": " 67 PLACE between 70 AVENUE and OTTO ROAD",
        "event_borough": "Queens",
        "start_date": "2019-09-14T11:30:00.000",
        "end_date": "2019-09-14T19:00:00.000",
        "start_formatted": "September 14, 2019 11:30 AM",
        "end_formatted": "September 14, 2019 07:00 PM",
        "street_closure_type": "Full Street Closure ",
        "community_board": "5, ",
        "police_precinct": "104, "
      }
    },
    {
      "type": "Feature",
      "geometry": {
        "type": "Point",
        "coordinates": [
          -73.976612,
          40.653366000000005
        ]
      },
      "properties": {
        "event_id": "493261",
        "event_name": "Vanderbilt Street Block Party 2019",
        "event_type": "Block Party",
        "event_agency": "Street Activity Permit Office",
        "event_location": " VANDERBILT STREET between PROSPECT AVENUE and 18 STREET",
        "event_borough": "Brooklyn",
        "start_date": "2019-09-14T11:30:00.000",
        "end_date": "2019-09-14T20:30:00.000",
        "start_formatted": "September 14, 2019 11:30 AM",
        "end_formatted": "September 14, 2019 08:30 PM",
        "street_closure_type": "Full Street Closure ",
        "community_board": "7, ",
        "police_precinct": "72, "
      }
    },
    {
      "type": "Feature",
      "geometry": {
        "type": "Point",
        "coordinates": [
          -73.976206,
          40.680365
        ]
      },
      "properties": {
        "event_id": "495900",
        "event_name": "SMA - 5th to 6th",
        "event_type": "Block Party",
        "event_agency": "Street Activity Permit Office",
        "event_location": " SAINT MARKS AVENUE between 5 AVENUE and 6 AVENUE",
        "event_borough": "Brooklyn",
        "start_date": "2019-09-14T11:30:00.000",
        "end_date": "2019-09-14T20:00:00.000",
        "start_formatted": "September 14, 2019 11:30 AM",
        "end_formatted": "September 14, 2019 08:00 PM",
        "street_closure_type": "Full Street Closure ",
        "community_board": "6, ",
        "police_precinct": "78, "
      }
    },
    {
      "type": "Feature",
      "geometry": {
        "type": "Point",
        "coordinates": [
          -73.9183385,
          40.6651405
        ]
      },
      "properties": {
        "event_id": "486596",
        "event_name": "Grafton Street Community Family, Friends and Neighbors Annual Block Party",
        "event_type": "Block Party",
        "event_agency": "Street Activity Permit Office",
        "event_location": " GRAFTON STREET between SUTTER AVENUE and BLAKE AVENUE",
        "event_borough": "Brooklyn",
        "start_date": "2019-09-14T11:00:00.000",
        "end_date": "2019-09-14T18:00:00.000",
        "start_formatted": "September 14, 2019 11:00 AM",
        "end_formatted": "September 14, 2019 06:00 PM",
        "street_closure_type": "Full Street Closure ",
        "community_board": "16, ",
        "police_precinct": "73, "
      }
    },
    {
      "type": "Feature",
      "geometry": {
        "type": "Point",
        "coordinates": [
          -73.98053999999999,
          40.662169
        ]
      },
      "properties": {
        "event_id": "495264",
        "event_name": "14th Street Annual Block Party",
        "event_type": "Block Party",
        "event_agency": "Street Activity Permit Office",
        "event_location": " 14 STREET between 8 AVENUE and PROSPECT PARK WEST",
        "event_borough": "Brooklyn",
        "start_date": "2019-09-14T11:00:00.000",
        "end_date": "2019-09-14T20:00:00.000",
        "start_formatted": "September 14, 2019 11:00 AM",
        "end_formatted": "September 14, 2019 08:00 PM",
        "street_closure_type": "Full Street Closure ",
        "community_board": "6, ",
        "police_precinct": "78, "
      }
    },
    {
      "type": "Feature",
      "geometry": {
        "type": "Point",
        "coordinates": [
          -73.9928845,
          40.667294
        ]
      },
      "properties": {
        "event_id": "497933",
        "event_name": "15th street block party",
        "event_type": "Block Party",
        "event_agency": "Street Activity Permit Office",
        "event_location": " 15 STREET between 3 AVENUE and 4 AVENUE",
        "event_borough": "Brooklyn",
        "start_date": "2019-09-14T11:00:00.000",
        "end_date": "2019-09-14T18:00:00.000",
        "start_formatted": "September 14, 2019 11:00 AM",
        "end_formatted": "September 14, 2019 06:00 PM",
        "street_closure_type": "Full Street Closure ",
        "community_board": "6, 7, ",
        "police_precinct": "72, 78, "
      }
    },
    {
      "type": "Feature",
      "geometry": {
        "type": "Point",
        "coordinates": [
          -73.97257400000001,
          40.671735999999996
        ]
      },
      "properties": {
        "event_id": "499433",
        "event_name": "Block Party",
        "event_type": "Block Party",
        "event_agency": "Street Activity Permit Office",
        "event_location": " CARROLL STREET between 8 AVENUE and PROSPECT PARK WEST",
        "event_borough": "Brooklyn",
        "start_date": "2019-09-14T11:00:00.000",
        "end_date": "2019-09-14T18:00:00.000",
        "start_formatted": "September 14, 2019 11:00 AM",
        "end_formatted": "September 14, 2019 06:00 PM",
        "street_closure_type": "Full Street Closure ",
        "community_board": "6, ",
        "police_precinct": "78, "
      }
    },
    {
      "type": "Feature",
      "geometry": {
        "type": "Point",
        "coordinates": [
          -73.9967925,
          40.685198
        ]
      },
      "properties": {
        "event_id": "466815",
        "event_name": "Clinton Street Block Party 2019",
        "event_type": "Block Party",
        "event_agency": "Street Activity Permit Office",
        "event_location": " CLINTON STREET between KANE STREET and DEGRAW STREET",
        "event_borough": "Brooklyn",
        "start_date": "2019-09-14T11:00:00.000",
        "end_date": "2019-09-14T20:00:00.000",
        "start_formatted": "September 14, 2019 11:00 AM",
        "end_formatted": "September 14, 2019 08:00 PM",
        "street_closure_type": "Full Street Closure ",
        "community_board": "6, ",
        "police_precinct": "76, "
      }
    },
    {
      "type": "Feature",
      "geometry": {
        "type": "Point",
        "coordinates": [
          -73.920853,
          40.701466499999995
        ]
      },
      "properties": {
        "event_id": "495468",
        "event_name": "Block party",
        "event_type": "Block Party",
        "event_agency": "Street Activity Permit Office",
        "event_location": " STOCKHOLM STREET between KNICKERBOCKER AVENUE and IRVING AVENUE",
        "event_borough": "Brooklyn",
        "start_date": "2019-09-14T11:00:00.000",
        "end_date": "2019-09-14T20:00:00.000",
        "start_formatted": "September 14, 2019 11:00 AM",
        "end_formatted": "September 14, 2019 08:00 PM",
        "street_closure_type": "Full Street Closure ",
        "community_board": "4, ",
        "police_precinct": "83, "
      }
    },
    {
      "type": "Feature",
      "geometry": {
        "type": "Point",
        "coordinates": [
          -73.9414295,
          40.662934
        ]
      },
      "properties": {
        "event_id": "495103",
        "event_name": "Barbars Simmons Way Day",
        "event_type": "Block Party",
        "event_agency": "Street Activity Permit Office",
        "event_location": " LEFFERTS AVENUE between KINGSTON AVENUE and ALBANY AVENUE",
        "event_borough": "Brooklyn",
        "start_date": "2019-09-14T11:00:00.000",
        "end_date": "2019-09-14T20:00:00.000",
        "start_formatted": "September 14, 2019 11:00 AM",
        "end_formatted": "September 14, 2019 08:00 PM",
        "street_closure_type": "Full Street Closure ",
        "community_board": "9, ",
        "police_precinct": "71, "
      }
    },
    {
      "type": "Feature",
      "geometry": {
        "type": "Point",
        "coordinates": [
          -73.98670100000001,
          40.6647265
        ]
      },
      "properties": {
        "event_id": "497836",
        "event_name": "Block party",
        "event_type": "Block Party",
        "event_agency": "Street Activity Permit Office",
        "event_location": " 6 AVENUE between 14 STREET and 15 STREET",
        "event_borough": "Brooklyn",
        "start_date": "2019-09-14T11:00:00.000",
        "end_date": "2019-09-14T18:00:00.000",
        "start_formatted": "September 14, 2019 11:00 AM",
        "end_formatted": "September 14, 2019 06:00 PM",
        "street_closure_type": "Full Street Closure ",
        "community_board": "6, ",
        "police_precinct": "78, "
      }
    },
    {
      "type": "Feature",
      "geometry": {
        "type": "Point",
        "coordinates": [
          -73.9131175,
          40.677647500000006
        ]
      },
      "properties": {
        "event_id": "497692",
        "event_name": "Herkimer  Annual Block Party",
        "event_type": "Block Party",
        "event_agency": "Street Activity Permit Office",
        "event_location": " HERKIMER STREET between THOMAS BOYLAND STREET and MARCONI PLACE",
        "event_borough": "Brooklyn",
        "start_date": "2019-09-14T11:00:00.000",
        "end_date": "2019-09-14T19:30:00.000",
        "start_formatted": "September 14, 2019 11:00 AM",
        "end_formatted": "September 14, 2019 07:30 PM",
        "street_closure_type": "Full Street Closure ",
        "community_board": "16, ",
        "police_precinct": "73, "
      }
    },
    {
      "type": "Feature",
      "geometry": {
        "type": "Point",
        "coordinates": [
          -74.00795550000001,
          40.649144
        ]
      },
      "properties": {
        "event_id": "497694",
        "event_name": "Back to School Block Party",
        "event_type": "Block Party",
        "event_agency": "Street Activity Permit Office",
        "event_location": " 44 STREET between 4 AVENUE and 5 AVENUE",
        "event_borough": "Brooklyn",
        "start_date": "2019-09-14T11:00:00.000",
        "end_date": "2019-09-14T20:00:00.000",
        "start_formatted": "September 14, 2019 11:00 AM",
        "end_formatted": "September 14, 2019 08:00 PM",
        "street_closure_type": "Full Street Closure ",
        "community_board": "7, ",
        "police_precinct": "72, "
      }
    },
    {
      "type": "Feature",
      "geometry": {
        "type": "Point",
        "coordinates": [
          -73.869577,
          40.686561
        ]
      },
      "properties": {
        "event_id": "498113",
        "event_name": "Block party",
        "event_type": "Block Party",
        "event_agency": "Street Activity Permit Office",
        "event_location": " OBRIEN PLACE between LINCOLN AVENUE and NICHOLS AVENUE",
        "event_borough": "Brooklyn",
        "start_date": "2019-09-14T11:00:00.000",
        "end_date": "2019-09-14T20:00:00.000",
        "start_formatted": "September 14, 2019 11:00 AM",
        "end_formatted": "September 14, 2019 08:00 PM",
        "street_closure_type": "Full Street Closure ",
        "community_board": "5, ",
        "police_precinct": "75, "
      }
    },
    {
      "type": "Feature",
      "geometry": {
        "type": "Point",
        "coordinates": [
          -73.94537600000001,
          40.819339
        ]
      },
      "properties": {
        "event_id": "497675",
        "event_name": "Back to School Party",
        "event_type": "Block Party",
        "event_agency": "Street Activity Permit Office",
        "event_location": " WEST  139 STREET between EDGECOMB AVENUE and 8 AVENUE",
        "event_borough": "Manhattan",
        "start_date": "2019-09-14T11:00:00.000",
        "end_date": "2019-09-14T18:00:00.000",
        "start_formatted": "September 14, 2019 11:00 AM",
        "end_formatted": "September 14, 2019 06:00 PM",
        "street_closure_type": "Full Street Closure ",
        "community_board": "10, ",
        "police_precinct": "32, "
      }
    },
    {
      "type": "Feature",
      "geometry": {
        "type": "Point",
        "coordinates": [
          -73.93200949999999,
          40.698383500000006
        ]
      },
      "properties": {
        "event_id": "498287",
        "event_name": "Tina rueda",
        "event_type": "Block Party",
        "event_agency": "Street Activity Permit Office",
        "event_location": " TROUTMAN STREET between EVERGREEN AVENUE and BUSHWICK AVENUE",
        "event_borough": "Brooklyn",
        "start_date": "2019-09-14T11:00:00.000",
        "end_date": "2019-09-14T20:00:00.000",
        "start_formatted": "September 14, 2019 11:00 AM",
        "end_formatted": "September 14, 2019 08:00 PM",
        "street_closure_type": "Full Street Closure ",
        "community_board": "4, ",
        "police_precinct": "83, "
      }
    },
    {
      "type": "Feature",
      "geometry": {
        "type": "Point",
        "coordinates": [
          -73.95272399999999,
          40.647369499999996
        ]
      },
      "properties": {
        "event_id": "497550",
        "event_name": "Veronicas 1st Block Party",
        "event_type": "Block Party",
        "event_agency": "Street Activity Permit Office",
        "event_location": " VERONICA PLACE between ALBERMARLE ROAD and TILDEN AVENUE",
        "event_borough": "Brooklyn",
        "start_date": "2019-09-14T11:00:00.000",
        "end_date": "2019-09-14T18:30:00.000",
        "start_formatted": "September 14, 2019 11:00 AM",
        "end_formatted": "September 14, 2019 06:30 PM",
        "street_closure_type": "Full Street Closure ",
        "community_board": "17, ",
        "police_precinct": "67, "
      }
    },
    {
      "type": "Feature",
      "geometry": {
        "type": "Point",
        "coordinates": [
          -74.00511850000001,
          40.6208015
        ]
      },
      "properties": {
        "event_id": "497586",
        "event_name": "73 rd street block party",
        "event_type": "Block Party",
        "event_agency": "Street Activity Permit Office",
        "event_location": " 73 STREET between 13 AVENUE and 14 AVENUE",
        "event_borough": "Brooklyn",
        "start_date": "2019-09-14T11:00:00.000",
        "end_date": "2019-09-14T20:00:00.000",
        "start_formatted": "September 14, 2019 11:00 AM",
        "end_formatted": "September 14, 2019 08:00 PM",
        "street_closure_type": "Sidewalk and Street Closure ",
        "community_board": "10, ",
        "police_precinct": "68, "
      }
    },
    {
      "type": "Feature",
      "geometry": {
        "type": "Point",
        "coordinates": [
          -73.97752349999999,
          40.6657875
        ]
      },
      "properties": {
        "event_id": "487152",
        "event_name": "8th Street Block Party",
        "event_type": "Block Party",
        "event_agency": "Street Activity Permit Office",
        "event_location": " 8 STREET between PROSPECT PARK WEST and 8 AVENUE",
        "event_borough": "Brooklyn",
        "start_date": "2019-09-14T11:00:00.000",
        "end_date": "2019-09-14T19:00:00.000",
        "start_formatted": "September 14, 2019 11:00 AM",
        "end_formatted": "September 14, 2019 07:00 PM",
        "street_closure_type": "Full Street Closure ",
        "community_board": "6, ",
        "police_precinct": "78, "
      }
    },
    {
      "type": "Feature",
      "geometry": {
        "type": "Point",
        "coordinates": [
          -73.9523385,
          40.663037
        ]
      },
      "properties": {
        "event_id": "493927",
        "event_name": "2018 200 Sterling St. Block Party",
        "event_type": "Block Party",
        "event_agency": "Street Activity Permit Office",
        "event_location": " STERLING STREET between ROGERS AVENUE and NOSTRAND AVENUE",
        "event_borough": "Brooklyn",
        "start_date": "2019-09-14T11:00:00.000",
        "end_date": "2019-09-14T18:00:00.000",
        "start_formatted": "September 14, 2019 11:00 AM",
        "end_formatted": "September 14, 2019 06:00 PM",
        "street_closure_type": "Full Street Closure ",
        "community_board": "9, ",
        "police_precinct": "71, "
      }
    },
    {
      "type": "Feature",
      "geometry": {
        "type": "Point",
        "coordinates": [
          -73.9556695,
          40.6730235
        ]
      },
      "properties": {
        "event_id": "487937",
        "event_name": "Community Again ",
        "event_type": "Block Party",
        "event_agency": "Street Activity Permit Office",
        "event_location": " STERLING PLACE between BEDFORD AVENUE and FRANKLIN AVENUE",
        "event_borough": "Brooklyn",
        "start_date": "2019-09-14T11:00:00.000",
        "end_date": "2019-09-14T20:00:00.000",
        "start_formatted": "September 14, 2019 11:00 AM",
        "end_formatted": "September 14, 2019 08:00 PM",
        "street_closure_type": "Full Street Closure ",
        "community_board": "8, ",
        "police_precinct": "77, "
      }
    },
    {
      "type": "Feature",
      "geometry": {
        "type": "Point",
        "coordinates": [
          -73.92781099999999,
          40.768751
        ]
      },
      "properties": {
        "event_id": "491074",
        "event_name": "VBGCQ Community Festival",
        "event_type": "Block Party",
        "event_agency": "Street Activity Permit Office",
        "event_location": " 30 ROAD between 21 STREET and 23 STREET",
        "event_borough": "Queens",
        "start_date": "2019-09-14T11:00:00.000",
        "end_date": "2019-09-14T15:00:00.000",
        "start_formatted": "September 14, 2019 11:00 AM",
        "end_formatted": "September 14, 2019 03:00 PM",
        "street_closure_type": "Sidewalk and Street Closure ",
        "community_board": "1, ",
        "police_precinct": "114, "
      }
    },
    {
      "type": "Feature",
      "geometry": {
        "type": "Point",
        "coordinates": [
          -73.9257305,
          40.6091615
        ]
      },
      "properties": {
        "event_id": "491887",
        "event_name": "Kimball Street Block Party",
        "event_type": "Block Party",
        "event_agency": "Street Activity Permit Office",
        "event_location": " KIMBALL STREET between AVENUE U and AVENUE T",
        "event_borough": "Brooklyn",
        "start_date": "2019-09-14T11:00:00.000",
        "end_date": "2019-09-14T20:00:00.000",
        "start_formatted": "September 14, 2019 11:00 AM",
        "end_formatted": "September 14, 2019 08:00 PM",
        "street_closure_type": "Full Street Closure ",
        "community_board": "18, ",
        "police_precinct": "63, "
      }
    },
    {
      "type": "Feature",
      "geometry": {
        "type": "Point",
        "coordinates": [
          -73.930086,
          40.611968000000005
        ]
      },
      "properties": {
        "event_id": "490346",
        "event_name": "Ryder Street Block Party",
        "event_type": "Block Party",
        "event_agency": "Street Activity Permit Office",
        "event_location": " RYDER STREET between FILLMORE AVENUE and AVENUE S",
        "event_borough": "Brooklyn",
        "start_date": "2019-09-14T11:00:00.000",
        "end_date": "2019-09-14T20:00:00.000",
        "start_formatted": "September 14, 2019 11:00 AM",
        "end_formatted": "September 14, 2019 08:00 PM",
        "street_closure_type": "Full Street Closure ",
        "community_board": "18, ",
        "police_precinct": "63, "
      }
    },
    {
      "type": "Feature",
      "geometry": {
        "type": "Point",
        "coordinates": [
          -73.905067,
          40.690101
        ]
      },
      "properties": {
        "event_id": "493530",
        "event_name": "Block Party",
        "event_type": "Block Party",
        "event_agency": "Street Activity Permit Office",
        "event_location": " COOPER STREET between WILSON AVENUE and KNICKERBOCKER AVENUE",
        "event_borough": "Brooklyn",
        "start_date": "2019-09-14T11:00:00.000",
        "end_date": "2019-09-14T16:30:00.000",
        "start_formatted": "September 14, 2019 11:00 AM",
        "end_formatted": "September 14, 2019 04:30 PM",
        "street_closure_type": "Full Street Closure ",
        "community_board": "4, ",
        "police_precinct": "83, "
      }
    },
    {
      "type": "Feature",
      "geometry": {
        "type": "Point",
        "coordinates": [
          -73.93279050000001,
          40.6116195
        ]
      },
      "properties": {
        "event_id": "489248",
        "event_name": "Fillmore block party",
        "event_type": "Block Party",
        "event_agency": "Street Activity Permit Office",
        "event_location": " FILLMORE AVENUE between EAST   36 STREET and EAST   37 STREET",
        "event_borough": "Brooklyn",
        "start_date": "2019-09-14T11:00:00.000",
        "end_date": "2019-09-14T20:00:00.000",
        "start_formatted": "September 14, 2019 11:00 AM",
        "end_formatted": "September 14, 2019 08:00 PM",
        "street_closure_type": "Full Street Closure ",
        "community_board": "18, ",
        "police_precinct": "63, "
      }
    },
    {
      "type": "Feature",
      "geometry": {
        "type": "Point",
        "coordinates": [
          -73.984767,
          40.66506
        ]
      },
      "properties": {
        "event_id": "496247",
        "event_name": "13th Street Block Party",
        "event_type": "Block Party",
        "event_agency": "Street Activity Permit Office",
        "event_location": " 13 STREET between 6 AVENUE and 7 AVENUE",
        "event_borough": "Brooklyn",
        "start_date": "2019-09-14T11:00:00.000",
        "end_date": "2019-09-14T20:00:00.000",
        "start_formatted": "September 14, 2019 11:00 AM",
        "end_formatted": "September 14, 2019 08:00 PM",
        "street_closure_type": "Full Street Closure ",
        "community_board": "6, ",
        "police_precinct": "78, "
      }
    },
    {
      "type": "Feature",
      "geometry": {
        "type": "Point",
        "coordinates": [
          -73.9267665,
          40.593953
        ]
      },
      "properties": {
        "event_id": "492451",
        "event_name": "CHILDREN FUN RUN/WALK",
        "event_type": "Block Party",
        "event_agency": "Street Activity Permit Office",
        "event_location": " DEVON AVENUE between GERRITSEN AVENUE and ASTER COURT",
        "event_borough": "Brooklyn",
        "start_date": "2019-09-14T11:00:00.000",
        "end_date": "2019-09-14T13:00:00.000",
        "start_formatted": "September 14, 2019 11:00 AM",
        "end_formatted": "September 14, 2019 01:00 PM",
        "street_closure_type": "Full Street Closure ",
        "community_board": "15, ",
        "police_precinct": "61, "
      }
    },
    {
      "type": "Feature",
      "geometry": {
        "type": "Point",
        "coordinates": [
          -73.983757,
          40.727719
        ]
      },
      "properties": {
        "event_id": "475916",
        "event_name": "9th Street A-1 Block Association Block Party",
        "event_type": "Block Party",
        "event_agency": "Street Activity Permit Office",
        "event_location": " EAST    9 STREET between FIRST AVENUE and AVENUE A",
        "event_borough": "Manhattan",
        "start_date": "2019-09-14T11:00:00.000",
        "end_date": "2019-09-14T17:00:00.000",
        "start_formatted": "September 14, 2019 11:00 AM",
        "end_formatted": "September 14, 2019 05:00 PM",
        "street_closure_type": "Full Street Closure ",
        "community_board": "3, ",
        "police_precinct": "9, "
      }
    },
    {
      "type": "Feature",
      "geometry": {
        "type": "Point",
        "coordinates": [
          -73.91113849999999,
          40.6598285
        ]
      },
      "properties": {
        "event_id": "487836",
        "event_name": "Thomas Boyland Block Party",
        "event_type": "Block Party",
        "event_agency": "Street Activity Permit Office",
        "event_location": " THOMAS S BOYLAND STREET between RIVERDALE AVENUE and NEWPORT STREET",
        "event_borough": "Brooklyn",
        "start_date": "2019-09-14T11:00:00.000",
        "end_date": "2019-09-14T19:00:00.000",
        "start_formatted": "September 14, 2019 11:00 AM",
        "end_formatted": "September 14, 2019 07:00 PM",
        "street_closure_type": "Full Street Closure ",
        "community_board": "16, ",
        "police_precinct": "73, "
      }
    },
    {
      "type": "Feature",
      "geometry": {
        "type": "Point",
        "coordinates": [
          -73.9785315,
          40.664584
        ]
      },
      "properties": {
        "event_id": "484980",
        "event_name": "10th Street Block Association",
        "event_type": "Block Party",
        "event_agency": "Street Activity Permit Office",
        "event_location": " 10 STREET between 8 AVENUE and PROSPECT PARK WEST",
        "event_borough": "Brooklyn",
        "start_date": "2019-09-14T11:00:00.000",
        "end_date": "2019-09-14T18:00:00.000",
        "start_formatted": "September 14, 2019 11:00 AM",
        "end_formatted": "September 14, 2019 06:00 PM",
        "street_closure_type": "Full Street Closure ",
        "community_board": "6, ",
        "police_precinct": "78, "
      }
    },
    {
      "type": "Feature",
      "geometry": {
        "type": "Point",
        "coordinates": [
          -73.908459,
          40.656968500000005
        ]
      },
      "properties": {
        "event_id": "485326",
        "event_name": "chester st block party",
        "event_type": "Block Party",
        "event_agency": "Street Activity Permit Office",
        "event_location": " CHESTER STREET between HEGEMAN AVENUE and LOTT AVENUE",
        "event_borough": "Brooklyn",
        "start_date": "2019-09-14T11:00:00.000",
        "end_date": "2019-09-14T19:00:00.000",
        "start_formatted": "September 14, 2019 11:00 AM",
        "end_formatted": "September 14, 2019 07:00 PM",
        "street_closure_type": "Full Street Closure ",
        "community_board": "16, ",
        "police_precinct": "73, "
      }
    },
    {
      "type": "Feature",
      "geometry": {
        "type": "Point",
        "coordinates": [
          -73.86054899999999,
          40.856811
        ]
      },
      "properties": {
        "event_id": "480176",
        "event_name": "Fun Day 7 ",
        "event_type": "Block Party",
        "event_agency": "Street Activity Permit Office",
        "event_location": " PELHAM PARKWAY SOUTH between HONE AVENUE and BOGART AVENUE",
        "event_borough": "Bronx",
        "start_date": "2019-09-14T11:00:00.000",
        "end_date": "2019-09-14T15:00:00.000",
        "start_formatted": "September 14, 2019 11:00 AM",
        "end_formatted": "September 14, 2019 03:00 PM",
        "street_closure_type": "Full Street Closure ",
        "community_board": "11, ",
        "police_precinct": "49, "
      }
    },
    {
      "type": "Feature",
      "geometry": {
        "type": "Point",
        "coordinates": [
          -73.986505,
          40.67097
        ]
      },
      "properties": {
        "event_id": "474111",
        "event_name": "Seventh St btw 4th and 5th ave Block Party 2019",
        "event_type": "Block Party",
        "event_agency": "Street Activity Permit Office",
        "event_location": " SEVENTH STREET between FOURTH AVENUE and FIFTH AVENUE",
        "event_borough": "Brooklyn",
        "start_date": "2019-09-14T11:00:00.000",
        "end_date": "2019-09-14T18:00:00.000",
        "start_formatted": "September 14, 2019 11:00 AM",
        "end_formatted": "September 14, 2019 06:00 PM",
        "street_closure_type": "Full Street Closure ",
        "community_board": "6, ",
        "police_precinct": "78, "
      }
    },
    {
      "type": "Feature",
      "geometry": {
        "type": "Point",
        "coordinates": [
          -73.94561300000001,
          40.815231499999996
        ]
      },
      "properties": {
        "event_id": "468918",
        "event_name": "Renewing Our Spirit, Reviving Our Community",
        "event_type": "Block Party",
        "event_agency": "Street Activity Permit Office",
        "event_location": " WEST  134 STREET between FREDERICK DOUGLASS BOULEVARD and ADAM CLAYTON POWELL BOULEVARD",
        "event_borough": "Manhattan",
        "start_date": "2019-09-14T11:00:00.000",
        "end_date": "2019-09-14T18:00:00.000",
        "start_formatted": "September 14, 2019 11:00 AM",
        "end_formatted": "September 14, 2019 06:00 PM",
        "street_closure_type": "Full Street Closure ",
        "community_board": "10, ",
        "police_precinct": "32, "
      }
    },
    {
      "type": "Feature",
      "geometry": {
        "type": "Point",
        "coordinates": [
          -73.93920299999999,
          40.681533
        ]
      },
      "properties": {
        "event_id": "479613",
        "event_name": "victory block association party",
        "event_type": "Block Party",
        "event_agency": "Street Activity Permit Office",
        "event_location": " MACDONOUGH STREET between THROOP AVENUE and MARCUS GARVEY BOULEVARD",
        "event_borough": "Brooklyn",
        "start_date": "2019-09-14T11:00:00.000",
        "end_date": "2019-09-14T20:00:00.000",
        "start_formatted": "September 14, 2019 11:00 AM",
        "end_formatted": "September 14, 2019 08:00 PM",
        "street_closure_type": "Full Street Closure ",
        "community_board": "3, ",
        "police_precinct": "79, 81, "
      }
    },
    {
      "type": "Feature",
      "geometry": {
        "type": "Point",
        "coordinates": [
          -73.99195950000001,
          40.6824845
        ]
      },
      "properties": {
        "event_id": "480757",
        "event_name": "degraw street block party",
        "event_type": "Block Party",
        "event_agency": "Street Activity Permit Office",
        "event_location": " DEGRAW STREET between HOYT STREET and SMITH STREET",
        "event_borough": "Brooklyn",
        "start_date": "2019-09-14T11:00:00.000",
        "end_date": "2019-09-14T18:00:00.000",
        "start_formatted": "September 14, 2019 11:00 AM",
        "end_formatted": "September 14, 2019 06:00 PM",
        "street_closure_type": "Sidewalk and Street Closure ",
        "community_board": "6, ",
        "police_precinct": "76, "
      }
    },
    {
      "type": "Feature",
      "geometry": {
        "type": "Point",
        "coordinates": [
          -73.98261249999999,
          40.675648
        ]
      },
      "properties": {
        "event_id": "465841",
        "event_name": "Carroll Street 4/5 block party",
        "event_type": "Block Party",
        "event_agency": "Street Activity Permit Office",
        "event_location": " CARROLL STREET between 4 AVENUE and 5 AVENUE",
        "event_borough": "Brooklyn",
        "start_date": "2019-09-14T11:00:00.000",
        "end_date": "2019-09-14T18:00:00.000",
        "start_formatted": "September 14, 2019 11:00 AM",
        "end_formatted": "September 14, 2019 06:00 PM",
        "street_closure_type": "Full Street Closure ",
        "community_board": "6, ",
        "police_precinct": "78, "
      }
    },
    {
      "type": "Feature",
      "geometry": {
        "type": "Point",
        "coordinates": [
          -73.936616,
          40.6833295
        ]
      },
      "properties": {
        "event_id": "457804",
        "event_name": "Back to School Celebration",
        "event_type": "Block Party",
        "event_agency": "Street Activity Permit Office",
        "event_location": " HALSEY STREET between MARCUS GARVEY BOULEVARD and LEWIS AVENUE",
        "event_borough": "Brooklyn",
        "start_date": "2019-09-14T11:00:00.000",
        "end_date": "2019-09-14T18:00:00.000",
        "start_formatted": "September 14, 2019 11:00 AM",
        "end_formatted": "September 14, 2019 06:00 PM",
        "street_closure_type": "Full Street Closure ",
        "community_board": "3, ",
        "police_precinct": "81, "
      }
    },
    {
      "type": "Feature",
      "geometry": {
        "type": "Point",
        "coordinates": [
          -73.918661,
          40.748074
        ]
      },
      "properties": {
        "event_id": "496229",
        "event_name": "45th Street 2019 Block Party",
        "event_type": "Block Party",
        "event_agency": "Street Activity Permit Office",
        "event_location": " 45TH STREET between SKILLMAN AVE and  39TH AVE",
        "event_borough": "Queens",
        "start_date": "2019-09-14T11:00:00.000",
        "end_date": "2019-09-14T18:00:00.000",
        "start_formatted": "September 14, 2019 11:00 AM",
        "end_formatted": "September 14, 2019 06:00 PM",
        "street_closure_type": "Full Street Closure ",
        "community_board": "2, ",
        "police_precinct": "108, "
      }
    },
    {
      "type": "Feature",
      "geometry": {
        "type": "Point",
        "coordinates": [
          -73.980861,
          40.654625
        ]
      },
      "properties": {
        "event_id": "496329",
        "event_name": "20th Street Block Party",
        "event_type": "Block Party",
        "event_agency": "Street Activity Permit Office",
        "event_location": " 20 STREET between 10 AVENUE and TERRACE PLACE",
        "event_borough": "Brooklyn",
        "start_date": "2019-09-14T10:30:00.000",
        "end_date": "2019-09-14T18:30:00.000",
        "start_formatted": "September 14, 2019 10:30 AM",
        "end_formatted": "September 14, 2019 06:30 PM",
        "street_closure_type": "Full Street Closure ",
        "community_board": "7, ",
        "police_precinct": "72, "
      }
    },
    {
      "type": "Feature",
      "geometry": {
        "type": "Point",
        "coordinates": [
          -73.9771405,
          40.674317
        ]
      },
      "properties": {
        "event_id": "454382",
        "event_name": "President Street Block Party",
        "event_type": "Block Party",
        "event_agency": "Street Activity Permit Office",
        "event_location": " PRESIDENT STREET between 6 AVENUE and 7 AVENUE",
        "event_borough": "Brooklyn",
        "start_date": "2019-09-14T10:30:00.000",
        "end_date": "2019-09-14T17:30:00.000",
        "start_formatted": "September 14, 2019 10:30 AM",
        "end_formatted": "September 14, 2019 05:30 PM",
        "street_closure_type": "Full Street Closure ",
        "community_board": "6, ",
        "police_precinct": "78, "
      }
    },
    {
      "type": "Feature",
      "geometry": {
        "type": "Point",
        "coordinates": [
          -73.9836105,
          40.670418
        ]
      },
      "properties": {
        "event_id": "497827",
        "event_name": "Sixth Street Autumn 2019 Block Party",
        "event_type": "Block Party",
        "event_agency": "Street Activity Permit Office",
        "event_location": " 6 STREET between 5 AVENUE and 6 AVENUE",
        "event_borough": "Brooklyn",
        "start_date": "2019-09-14T10:30:00.000",
        "end_date": "2019-09-14T18:30:00.000",
        "start_formatted": "September 14, 2019 10:30 AM",
        "end_formatted": "September 14, 2019 06:30 PM",
        "street_closure_type": "Full Street Closure ",
        "community_board": "6, ",
        "police_precinct": "78, "
      }
    },
    {
      "type": "Feature",
      "geometry": {
        "type": "Point",
        "coordinates": [
          -73.9832585,
          40.666866
        ]
      },
      "properties": {
        "event_id": "493775",
        "event_name": "2019 10th Street Block Party",
        "event_type": "Block Party",
        "event_agency": "Street Activity Permit Office",
        "event_location": " 10 STREET between 6 AVENUE and 7 AVENUE",
        "event_borough": "Brooklyn",
        "start_date": "2019-09-14T10:30:00.000",
        "end_date": "2019-09-14T18:00:00.000",
        "start_formatted": "September 14, 2019 10:30 AM",
        "end_formatted": "September 14, 2019 06:00 PM",
        "street_closure_type": "Full Street Closure ",
        "community_board": "6, ",
        "police_precinct": "78, "
      }
    },
    {
      "type": "Feature",
      "geometry": {
        "type": "Point",
        "coordinates": [
          -73.982254,
          40.668071
        ]
      },
      "properties": {
        "event_id": "493508",
        "event_name": "Fall 2019 Block Party",
        "event_type": "Block Party",
        "event_agency": "Street Activity Permit Office",
        "event_location": " 8 STREET between 6 AVENUE and 7 AVENUE",
        "event_borough": "Brooklyn",
        "start_date": "2019-09-14T10:30:00.000",
        "end_date": "2019-09-14T18:00:00.000",
        "start_formatted": "September 14, 2019 10:30 AM",
        "end_formatted": "September 14, 2019 06:00 PM",
        "street_closure_type": "Full Street Closure ",
        "community_board": "6, ",
        "police_precinct": "78, "
      }
    },
    {
      "type": "Feature",
      "geometry": {
        "type": "Point",
        "coordinates": [
          -73.91241,
          40.679364
        ]
      },
      "properties": {
        "event_id": "485655",
        "event_name": "Hull Street Block Party",
        "event_type": "Block Party",
        "event_agency": "Street Activity Permit Office",
        "event_location": " HULL STREET between THOMAS S BOYLAND STREET and ROCKAWAY AVENUE",
        "event_borough": "Brooklyn",
        "start_date": "2019-09-14T10:30:00.000",
        "end_date": "2019-09-14T18:00:00.000",
        "start_formatted": "September 14, 2019 10:30 AM",
        "end_formatted": "September 14, 2019 06:00 PM",
        "street_closure_type": "Full Street Closure ",
        "community_board": "16, ",
        "police_precinct": "73, "
      }
    },
    {
      "type": "Feature",
      "geometry": {
        "type": "Point",
        "coordinates": [
          -73.955558,
          40.664405
        ]
      },
      "properties": {
        "event_id": "495817",
        "event_name": "Fourth Annual Sullivan Ludlam Stoddard Neighborhood Association Block Party  ",
        "event_type": "Block Party",
        "event_agency": "Street Activity Permit Office",
        "event_location": " SULLIVAN PLACE between STODDARD PLACE and LUDLAM PLACE",
        "event_borough": "Brooklyn",
        "start_date": "2019-09-14T10:00:00.000",
        "end_date": "2019-09-14T17:00:00.000",
        "start_formatted": "September 14, 2019 10:00 AM",
        "end_formatted": "September 14, 2019 05:00 PM",
        "street_closure_type": "Full Street Closure ",
        "community_board": "9, ",
        "police_precinct": "71, "
      }
    },
    {
      "type": "Feature",
      "geometry": {
        "type": "Point",
        "coordinates": [
          -73.9444025,
          40.6858055
        ]
      },
      "properties": {
        "event_id": "499572",
        "event_name": "Shiloh Baptist Church Annual Community Outreach",
        "event_type": "Block Party",
        "event_agency": "Street Activity Permit Office",
        "event_location": " TOMPKINS AVENUE between MONROE STREET and MADISON STREET",
        "event_borough": "Brooklyn",
        "start_date": "2019-09-14T10:00:00.000",
        "end_date": "2019-09-14T17:00:00.000",
        "start_formatted": "September 14, 2019 10:00 AM",
        "end_formatted": "September 14, 2019 05:00 PM",
        "street_closure_type": "Full Street Closure ",
        "community_board": "3, ",
        "police_precinct": "79, "
      }
    },
    {
      "type": "Feature",
      "geometry": {
        "type": "Point",
        "coordinates": [
          -73.807728,
          40.6940005
        ]
      },
      "properties": {
        "event_id": "494926",
        "event_name": "COMPASSION EXPLOSION",
        "event_type": "Block Party",
        "event_agency": "Street Activity Permit Office",
        "event_location": " BRISBIN STREET between LIBERTY AVENUE and 102 AVENUE",
        "event_borough": "Queens",
        "start_date": "2019-09-14T10:00:00.000",
        "end_date": "2019-09-14T17:00:00.000",
        "start_formatted": "September 14, 2019 10:00 AM",
        "end_formatted": "September 14, 2019 05:00 PM",
        "street_closure_type": "Full Street Closure ",
        "community_board": "12, ",
        "police_precinct": "103, "
      }
    },
    {
      "type": "Feature",
      "geometry": {
        "type": "Point",
        "coordinates": [
          -73.718925,
          40.7445235
        ]
      },
      "properties": {
        "event_id": "497848",
        "event_name": "Rock The Block 252",
        "event_type": "Block Party",
        "event_agency": "Street Activity Permit Office",
        "event_location": " 252 STREET between UNION TURNPIKE and SHILOH AVENUE",
        "event_borough": "Queens",
        "start_date": "2019-09-14T10:00:00.000",
        "end_date": "2019-09-14T19:00:00.000",
        "start_formatted": "September 14, 2019 10:00 AM",
        "end_formatted": "September 14, 2019 07:00 PM",
        "street_closure_type": "Full Street Closure ",
        "community_board": "13, ",
        "police_precinct": "105, "
      }
    },
    {
      "type": "Feature",
      "geometry": {
        "type": "Point",
        "coordinates": [
          -73.97873799999999,
          40.672286
        ]
      },
      "properties": {
        "event_id": "457322",
        "event_name": "End of Summer Block Party",
        "event_type": "Block Party",
        "event_agency": "Street Activity Permit Office",
        "event_location": " 1 STREET between 6 AVENUE and 7 AVENUE",
        "event_borough": "Brooklyn",
        "start_date": "2019-09-14T10:00:00.000",
        "end_date": "2019-09-14T18:00:00.000",
        "start_formatted": "September 14, 2019 10:00 AM",
        "end_formatted": "September 14, 2019 06:00 PM",
        "street_closure_type": "Full Street Closure ",
        "community_board": "6, ",
        "police_precinct": "78, "
      }
    },
    {
      "type": "Feature",
      "geometry": {
        "type": "Point",
        "coordinates": [
          -73.918059,
          40.6802135
        ]
      },
      "properties": {
        "event_id": "498048",
        "event_name": "Back to School Street Fair",
        "event_type": "Block Party",
        "event_agency": "Street Activity Permit Office",
        "event_location": " SUMPTER STREET between SARATOGA AVENUE and HOWARD AVENUE",
        "event_borough": "Brooklyn",
        "start_date": "2019-09-14T10:00:00.000",
        "end_date": "2019-09-14T16:00:00.000",
        "start_formatted": "September 14, 2019 10:00 AM",
        "end_formatted": "September 14, 2019 04:00 PM",
        "street_closure_type": "Full Street Closure ",
        "community_board": "3, ",
        "police_precinct": "81, "
      }
    },
    {
      "type": "Feature",
      "geometry": {
        "type": "Point",
        "coordinates": [
          -73.9284275,
          40.687269
        ]
      },
      "properties": {
        "event_id": "497430",
        "event_name": "700 Madison Block Party",
        "event_type": "Block Party",
        "event_agency": "Street Activity Permit Office",
        "event_location": " MADISON STREET between MALCOLM X BOULEVARD and PATCHEN AVENUE",
        "event_borough": "Brooklyn",
        "start_date": "2019-09-14T10:00:00.000",
        "end_date": "2019-09-14T17:00:00.000",
        "start_formatted": "September 14, 2019 10:00 AM",
        "end_formatted": "September 14, 2019 05:00 PM",
        "street_closure_type": "Full Street Closure ",
        "community_board": "3, ",
        "police_precinct": "81, "
      }
    },
    {
      "type": "Feature",
      "geometry": {
        "type": "Point",
        "coordinates": [
          -73.9581245,
          40.655754
        ]
      },
      "properties": {
        "event_id": "488958",
        "event_name": "September Swing Two",
        "event_type": "Block Party",
        "event_agency": "Street Activity Permit Office",
        "event_location": " PARKSIDE AVENUE between FLATBUSH AVENUE and BEDFORD AVENUE",
        "event_borough": "Brooklyn",
        "start_date": "2019-09-14T10:00:00.000",
        "end_date": "2019-09-14T18:00:00.000",
        "start_formatted": "September 14, 2019 10:00 AM",
        "end_formatted": "September 14, 2019 06:00 PM",
        "street_closure_type": "Full Street Closure ",
        "community_board": "9, ",
        "police_precinct": "71, "
      }
    },
    {
      "type": "Feature",
      "geometry": {
        "type": "Point",
        "coordinates": [
          -73.951261,
          40.676951
        ]
      },
      "properties": {
        "event_id": "493801",
        "event_name": "1100 Dean St Block Party",
        "event_type": "Block Party",
        "event_agency": "Street Activity Permit Office",
        "event_location": " DEAN STREET between BEDFORD AVENUE and NOSTRAND AVENUE",
        "event_borough": "Brooklyn",
        "start_date": "2019-09-14T10:00:00.000",
        "end_date": "2019-09-14T17:00:00.000",
        "start_formatted": "September 14, 2019 10:00 AM",
        "end_formatted": "September 14, 2019 05:00 PM",
        "street_closure_type": "Full Street Closure ",
        "community_board": "8, ",
        "police_precinct": "77, "
      }
    },
    {
      "type": "Feature",
      "geometry": {
        "type": "Point",
        "coordinates": [
          -73.83068850000001,
          40.7586635
        ]
      },
      "properties": {
        "event_id": "483211",
        "event_name": "Flushing Block Party",
        "event_type": "Block Party",
        "event_agency": "Street Activity Permit Office",
        "event_location": " 40 ROAD between MAIN STREET and PRINCE STREET",
        "event_borough": "Queens",
        "start_date": "2019-09-14T10:00:00.000",
        "end_date": "2019-09-14T17:00:00.000",
        "start_formatted": "September 14, 2019 10:00 AM",
        "end_formatted": "September 14, 2019 05:00 PM",
        "street_closure_type": "Full Street Closure ",
        "community_board": "7, ",
        "police_precinct": "109, "
      }
    },
    {
      "type": "Feature",
      "geometry": {
        "type": "Point",
        "coordinates": [
          -73.91584599999999,
          40.837925
        ]
      },
      "properties": {
        "event_id": "484516",
        "event_name": "Christ The King Block Party",
        "event_type": "Block Party",
        "event_agency": "Street Activity Permit Office",
        "event_location": " MARCY PLACE between GRAND CONCOURSE and WALTON AVENUE",
        "event_borough": "Bronx",
        "start_date": "2019-09-14T10:00:00.000",
        "end_date": "2019-09-14T17:00:00.000",
        "start_formatted": "September 14, 2019 10:00 AM",
        "end_formatted": "September 14, 2019 05:00 PM",
        "street_closure_type": "Full Street Closure ",
        "community_board": "4, ",
        "police_precinct": "44, "
      }
    },
    {
      "type": "Feature",
      "geometry": {
        "type": "Point",
        "coordinates": [
          -73.986625,
          40.666803
        ]
      },
      "properties": {
        "event_id": "470190",
        "event_name": "12th Street Block Party",
        "event_type": "Block Party",
        "event_agency": "Street Activity Permit Office",
        "event_location": " 12 STREET between 5 AVENUE and 6 AVENUE",
        "event_borough": "Brooklyn",
        "start_date": "2019-09-14T10:00:00.000",
        "end_date": "2019-09-14T18:00:00.000",
        "start_formatted": "September 14, 2019 10:00 AM",
        "end_formatted": "September 14, 2019 06:00 PM",
        "street_closure_type": "Full Street Closure ",
        "community_board": "6, ",
        "police_precinct": "78, "
      }
    },
    {
      "type": "Feature",
      "geometry": {
        "type": "Point",
        "coordinates": [
          -73.918537,
          40.8405055
        ]
      },
      "properties": {
        "event_id": "490481",
        "event_name": "There is Hope  ",
        "event_type": "Block Party",
        "event_agency": "Street Activity Permit Office",
        "event_location": " WEST  170 STREET between JEROME AVENUE and INWOOD AVENUE",
        "event_borough": "Bronx",
        "start_date": "2019-09-14T09:30:00.000",
        "end_date": "2019-09-14T17:30:00.000",
        "start_formatted": "September 14, 2019 09:30 AM",
        "end_formatted": "September 14, 2019 05:30 PM",
        "street_closure_type": "Full Street Closure ",
        "community_board": "4, ",
        "police_precinct": "44, "
      }
    },
    {
      "type": "Feature",
      "geometry": {
        "type": "Point",
        "coordinates": [
          -73.922326,
          40.758950999999996
        ]
      },
      "properties": {
        "event_id": "496525",
        "event_name": "Most Precious Blood 2nd Annual Field Day",
        "event_type": "Block Party",
        "event_agency": "Street Activity Permit Office",
        "event_location": " 36 STREET between BROADWAY and 34 AVENUE",
        "event_borough": "Queens",
        "start_date": "2019-09-14T09:00:00.000",
        "end_date": "2019-09-14T16:00:00.000",
        "start_formatted": "September 14, 2019 09:00 AM",
        "end_formatted": "September 14, 2019 04:00 PM",
        "street_closure_type": "Full Sidewalk Closure ",
        "community_board": "1, ",
        "police_precinct": "114, "
      }
    },
    {
      "type": "Feature",
      "geometry": {
        "type": "Point",
        "coordinates": [
          -73.918478,
          40.8122745
        ]
      },
      "properties": {
        "event_id": "483663",
        "event_name": "Mott Haven Celebration",
        "event_type": "Block Party",
        "event_agency": "Street Activity Permit Office",
        "event_location": " EAST  144 STREET between WILLIS AVENUE and BROOK AVENUE",
        "event_borough": "Bronx",
        "start_date": "2019-09-14T09:00:00.000",
        "end_date": "2019-09-14T13:00:00.000",
        "start_formatted": "September 14, 2019 09:00 AM",
        "end_formatted": "September 14, 2019 01:00 PM",
        "street_closure_type": "Full Street Closure ",
        "community_board": "1, ",
        "police_precinct": "40, "
      }
    },
    {
      "type": "Feature",
      "geometry": {
        "type": "Point",
        "coordinates": [
          -73.977891,
          40.68262300000001
        ]
      },
      "properties": {
        "event_id": "466155",
        "event_name": "Dean Street Block Party",
        "event_type": "Block Party",
        "event_agency": "Street Activity Permit Office",
        "event_location": " DEAN STREET between 4 AVENUE and 5 AVENUE",
        "event_borough": "Brooklyn",
        "start_date": "2019-09-14T09:00:00.000",
        "end_date": "2019-09-14T18:00:00.000",
        "start_formatted": "September 14, 2019 09:00 AM",
        "end_formatted": "September 14, 2019 06:00 PM",
        "street_closure_type": "Full Street Closure ",
        "community_board": "2, 6, ",
        "police_precinct": "78, 84, "
      }
    },
    {
      "type": "Feature",
      "geometry": {
        "type": "Point",
        "coordinates": [
          -73.98441650000001,
          40.661508
        ]
      },
      "properties": {
        "event_id": "471324",
        "event_name": "Windsor Place Block Party",
        "event_type": "Block Party",
        "event_agency": "Street Activity Permit Office",
        "event_location": " WINDSOR PLACE between 7 AVENUE and 8 AVENUE",
        "event_borough": "Brooklyn",
        "start_date": "2019-09-14T08:00:00.000",
        "end_date": "2019-09-14T17:00:00.000",
        "start_formatted": "September 14, 2019 08:00 AM",
        "end_formatted": "September 14, 2019 05:00 PM",
        "street_closure_type": "Full Street Closure ",
        "community_board": "7, ",
        "police_precinct": "72, "
      }
    },
    {
      "type": "Feature",
      "geometry": {
        "type": "Point",
        "coordinates": [
          -73.927977,
          40.638724499999995
        ]
      },
      "properties": {
        "event_id": "499686",
        "event_name": "Harvest Thanksgiving Service",
        "event_type": "Block Party",
        "event_agency": "Street Activity Permit Office",
        "event_location": " EAST   51 STREET between FOSTER AVENUE and FARRAGUT ROAD",
        "event_borough": "Brooklyn",
        "start_date": "2019-09-08T15:00:00.000",
        "end_date": "2019-09-08T19:00:00.000",
        "start_formatted": "September 08, 2019 03:00 PM",
        "end_formatted": "September 08, 2019 07:00 PM",
        "street_closure_type": "Partial Sidewalk Closure ",
        "community_board": "17, ",
        "police_precinct": "67, "
      }
    },
    {
      "type": "Feature",
      "geometry": {
        "type": "Point",
        "coordinates": [
          -73.771006,
          40.757947
        ]
      },
      "properties": {
        "event_id": "458413",
        "event_name": "Community Korean Food Festival",
        "event_type": "Block Party",
        "event_agency": "Street Activity Permit Office",
        "event_location": " 211 STREET between 45 DRIVE and 46 AVENUE",
        "event_borough": "Queens",
        "start_date": "2019-09-08T14:00:00.000",
        "end_date": "2019-09-08T20:00:00.000",
        "start_formatted": "September 08, 2019 02:00 PM",
        "end_formatted": "September 08, 2019 08:00 PM",
        "street_closure_type": "Sidewalk and Street Closure ",
        "community_board": "11, ",
        "police_precinct": "111, "
      }
    },
    {
      "type": "Feature",
      "geometry": {
        "type": "Point",
        "coordinates": [
          -73.898915,
          40.822476
        ]
      },
      "properties": {
        "event_id": "495480",
        "event_name": "Annual Dressdown Sunday",
        "event_type": "Block Party",
        "event_agency": "Street Activity Permit Office",
        "event_location": " REV JAMES A POLITE AVENUE between EAST 163 STREET and EAST 164TH STREET",
        "event_borough": "Bronx",
        "start_date": "2019-09-08T12:00:00.000",
        "end_date": "2019-09-08T18:00:00.000",
        "start_formatted": "September 08, 2019 12:00 PM",
        "end_formatted": "September 08, 2019 06:00 PM",
        "street_closure_type": "Full Street Closure ",
        "community_board": "2, ",
        "police_precinct": "41, "
      }
    },
    {
      "type": "Feature",
      "geometry": {
        "type": "Point",
        "coordinates": [
          -73.9651265,
          40.770762
        ]
      },
      "properties": {
        "event_id": "484294",
        "event_name": "St. James Church HOMECOMING  Picnic",
        "event_type": "Block Party",
        "event_agency": "Street Activity Permit Office",
        "event_location": " EAST   71 STREET between MADISON AVENUE and PARK AVENUE",
        "event_borough": "Manhattan",
        "start_date": "2019-09-08T11:30:00.000",
        "end_date": "2019-09-08T14:00:00.000",
        "start_formatted": "September 08, 2019 11:30 AM",
        "end_formatted": "September 08, 2019 02:00 PM",
        "street_closure_type": "Full Street Closure ",
        "community_board": "8, ",
        "police_precinct": "19, "
      }
    },
    {
      "type": "Feature",
      "geometry": {
        "type": "Point",
        "coordinates": [
          -74.006845,
          40.6277605
        ]
      },
      "properties": {
        "event_id": "495240",
        "event_name": "St. George Coptic Church Block Party",
        "event_type": "Block Party",
        "event_agency": "Street Activity Permit Office",
        "event_location": " 11 AVENUE between 66 STREET and 67 STREET",
        "event_borough": "Brooklyn",
        "start_date": "2019-09-08T11:00:00.000",
        "end_date": "2019-09-08T19:00:00.000",
        "start_formatted": "September 08, 2019 11:00 AM",
        "end_formatted": "September 08, 2019 07:00 PM",
        "street_closure_type": "Full Street Closure ",
        "community_board": "10, ",
        "police_precinct": "68, "
      }
    },
    {
      "type": "Feature",
      "geometry": {
        "type": "Point",
        "coordinates": [
          -73.981172,
          40.657606
        ]
      },
      "properties": {
        "event_id": "475555",
        "event_name": "17th Street Block Party",
        "event_type": "Block Party",
        "event_agency": "Street Activity Permit Office",
        "event_location": " 17 STREET between PROSPECT PARK WEST and 10 AVENUE",
        "event_borough": "Brooklyn",
        "start_date": "2019-09-08T11:00:00.000",
        "end_date": "2019-09-08T18:30:00.000",
        "start_formatted": "September 08, 2019 11:00 AM",
        "end_formatted": "September 08, 2019 06:30 PM",
        "street_closure_type": "Full Street Closure ",
        "community_board": "7, ",
        "police_precinct": "72, "
      }
    },
    {
      "type": "Feature",
      "geometry": {
        "type": "Point",
        "coordinates": [
          -73.955033,
          40.6834575
        ]
      },
      "properties": {
        "event_id": "494142",
        "event_name": "Putnam Avenue Block Party",
        "event_type": "Block Party",
        "event_agency": "Street Activity Permit Office",
        "event_location": " PUTNAM AVENUE between FRANKLIN AVENUE and BEDFORD AVENUE",
        "event_borough": "Brooklyn",
        "start_date": "2019-09-08T11:00:00.000",
        "end_date": "2019-09-08T19:00:00.000",
        "start_formatted": "September 08, 2019 11:00 AM",
        "end_formatted": "September 08, 2019 07:00 PM",
        "street_closure_type": "Full Street Closure ",
        "community_board": "3, ",
        "police_precinct": "79, "
      }
    },
    {
      "type": "Feature",
      "geometry": {
        "type": "Point",
        "coordinates": [
          -73.97788449999999,
          40.6693395
        ]
      },
      "properties": {
        "event_id": "492516",
        "event_name": "End of Summer",
        "event_type": "Block Party",
        "event_agency": "Street Activity Permit Office",
        "event_location": " 4 STREET between 7 AVENUE and 8 AVENUE",
        "event_borough": "Brooklyn",
        "start_date": "2019-09-08T11:00:00.000",
        "end_date": "2019-09-08T18:00:00.000",
        "start_formatted": "September 08, 2019 11:00 AM",
        "end_formatted": "September 08, 2019 06:00 PM",
        "street_closure_type": "Full Street Closure ",
        "community_board": "6, ",
        "police_precinct": "78, "
      }
    },
    {
      "type": "Feature",
      "geometry": {
        "type": "Point",
        "coordinates": [
          -73.7193215,
          40.7301185
        ]
      },
      "properties": {
        "event_id": "488567",
        "event_name": "Ralley Day",
        "event_type": "Block Party",
        "event_agency": "Street Activity Permit Office",
        "event_location": " 87 AVENUE between COMMONWEALTH BOULEVARD and 247 STREET",
        "event_borough": "Queens",
        "start_date": "2019-09-08T11:00:00.000",
        "end_date": "2019-09-08T15:00:00.000",
        "start_formatted": "September 08, 2019 11:00 AM",
        "end_formatted": "September 08, 2019 03:00 PM",
        "street_closure_type": "Full Street Closure ",
        "community_board": "13, ",
        "police_precinct": "105, "
      }
    },
    {
      "type": "Feature",
      "geometry": {
        "type": "Point",
        "coordinates": [
          -73.99812750000001,
          40.716224
        ]
      },
      "properties": {
        "event_id": "488505",
        "event_name": "The 17th NYC Autumn Moon Children Lantern Parade  Cultural Festival",
        "event_type": "Block Party",
        "event_agency": "Street Activity Permit Office",
        "event_location": " MOTT STREET between CANAL STREET and BAYARD STREET",
        "event_borough": "Manhattan",
        "start_date": "2019-09-08T11:00:00.000",
        "end_date": "2019-09-08T16:00:00.000",
        "start_formatted": "September 08, 2019 11:00 AM",
        "end_formatted": "September 08, 2019 04:00 PM",
        "street_closure_type": "Full Street Closure ",
        "community_board": "3, ",
        "police_precinct": "5, "
      }
    },
    {
      "type": "Feature",
      "geometry": {
        "type": "Point",
        "coordinates": [
          -73.916292,
          40.6152745
        ]
      },
      "properties": {
        "event_id": "476450",
        "event_name": "East 60th street Block Party",
        "event_type": "Block Party",
        "event_agency": "Street Activity Permit Office",
        "event_location": " EAST   60 STREET between AVENUE U and AVENUE T",
        "event_borough": "Brooklyn",
        "start_date": "2019-09-08T10:30:00.000",
        "end_date": "2019-09-08T18:00:00.000",
        "start_formatted": "September 08, 2019 10:30 AM",
        "end_formatted": "September 08, 2019 06:00 PM",
        "street_closure_type": "Full Street Closure ",
        "community_board": "18, ",
        "police_precinct": "63, "
      }
    },
    {
      "type": "Feature",
      "geometry": {
        "type": "Point",
        "coordinates": [
          -73.988512,
          40.668561499999996
        ]
      },
      "properties": {
        "event_id": "491336",
        "event_name": "11th Street Block Party",
        "event_type": "Block Party",
        "event_agency": "Street Activity Permit Office",
        "event_location": " 11 STREET between 5 AVENUE and 4 AVENUE",
        "event_borough": "Brooklyn",
        "start_date": "2019-09-08T10:30:00.000",
        "end_date": "2019-09-08T18:30:00.000",
        "start_formatted": "September 08, 2019 10:30 AM",
        "end_formatted": "September 08, 2019 06:30 PM",
        "street_closure_type": "Full Street Closure ",
        "community_board": "6, ",
        "police_precinct": "78, "
      }
    },
    {
      "type": "Feature",
      "geometry": {
        "type": "Point",
        "coordinates": [
          -73.73352600000001,
          40.686471
        ]
      },
      "properties": {
        "event_id": "489363",
        "event_name": "Friends and Family",
        "event_type": "Block Party",
        "event_agency": "Street Activity Permit Office",
        "event_location": " 231 STREET between FRANCIS LEWIS BOULEVARD and 120 AVENUE",
        "event_borough": "Queens",
        "start_date": "2019-09-08T10:00:00.000",
        "end_date": "2019-09-08T19:00:00.000",
        "start_formatted": "September 08, 2019 10:00 AM",
        "end_formatted": "September 08, 2019 07:00 PM",
        "street_closure_type": "Full Street Closure ",
        "community_board": "13, ",
        "police_precinct": "105, "
      }
    },
    {
      "type": "Feature",
      "geometry": {
        "type": "Point",
        "coordinates": [
          -73.82606949999999,
          40.7926445
        ]
      },
      "properties": {
        "event_id": "486808",
        "event_name": "Malba Residents Block Party",
        "event_type": "Block Party",
        "event_agency": "Street Activity Permit Office",
        "event_location": " BLVD between MALBA DRIVE and PARSONS BLVD",
        "event_borough": "Queens",
        "start_date": "2019-09-08T07:30:00.000",
        "end_date": "2019-09-08T15:00:00.000",
        "start_formatted": "September 08, 2019 07:30 AM",
        "end_formatted": "September 08, 2019 03:00 PM",
        "street_closure_type": "Full Street Closure ",
        "community_board": "7, ",
        "police_precinct": "109, "
      }
    },
    {
      "type": "Feature",
      "geometry": {
        "type": "Point",
        "coordinates": [
          -74.128841,
          40.6191755
        ]
      },
      "properties": {
        "event_id": "495178",
        "event_name": "Constant Avenue Block Party",
        "event_type": "Block Party",
        "event_agency": "Street Activity Permit Office",
        "event_location": " CONSTANT AVENUE between WESTCOTT BOULEVARD and VIRGINIA PLACE",
        "event_borough": "Staten Island",
        "start_date": "2019-09-07T15:00:00.000",
        "end_date": "2019-09-07T21:00:00.000",
        "start_formatted": "September 07, 2019 03:00 PM",
        "end_formatted": "September 07, 2019 09:00 PM",
        "street_closure_type": "Full Street Closure ",
        "community_board": "1, ",
        "police_precinct": "120, "
      }
    },
    {
      "type": "Feature",
      "geometry": {
        "type": "Point",
        "coordinates": [
          -73.958663,
          40.714082000000005
        ]
      },
      "properties": {
        "event_id": "485069",
        "event_name": "Fillmore Place Block Party",
        "event_type": "Block Party",
        "event_agency": "Street Activity Permit Office",
        "event_location": " FILLMORE PLACE between DRIGGS AVENUE and ROEBLING STREET",
        "event_borough": "Brooklyn",
        "start_date": "2019-09-07T14:00:00.000",
        "end_date": "2019-09-07T21:00:00.000",
        "start_formatted": "September 07, 2019 02:00 PM",
        "end_formatted": "September 07, 2019 09:00 PM",
        "street_closure_type": "Full Street Closure ",
        "community_board": "1, ",
        "police_precinct": "90, "
      }
    },
    {
      "type": "Feature",
      "geometry": {
        "type": "Point",
        "coordinates": [
          -73.884751,
          40.8353465
        ]
      },
      "properties": {
        "event_id": "490071",
        "event_name": "North Luba Block Association",
        "event_type": "Block Party",
        "event_agency": "Street Activity Permit Office",
        "event_location": " LONGFELLOW AVENUE between EAST  173 STREET and EAST  174 STREET",
        "event_borough": "Bronx",
        "start_date": "2019-09-07T14:00:00.000",
        "end_date": "2019-09-07T20:00:00.000",
        "start_formatted": "September 07, 2019 02:00 PM",
        "end_formatted": "September 07, 2019 08:00 PM",
        "street_closure_type": "Full Street Closure ",
        "community_board": "3, ",
        "police_precinct": "42, "
      }
    },
    {
      "type": "Feature",
      "geometry": {
        "type": "Point",
        "coordinates": [
          -73.87438850000001,
          40.716674
        ]
      },
      "properties": {
        "event_id": "490848",
        "event_name": "79th Street Block Party",
        "event_type": "Block Party",
        "event_agency": "Street Activity Permit Office",
        "event_location": " 79 STREET between FURMANVILLE AVENUE and JUNIPER VALLEY ROAD",
        "event_borough": "Queens",
        "start_date": "2019-09-07T13:30:00.000",
        "end_date": "2019-09-07T21:00:00.000",
        "start_formatted": "September 07, 2019 01:30 PM",
        "end_formatted": "September 07, 2019 09:00 PM",
        "street_closure_type": "Full Street Closure ",
        "community_board": "5, ",
        "police_precinct": "104, "
      }
    },
    {
      "type": "Feature",
      "geometry": {
        "type": "Point",
        "coordinates": [
          -73.956389,
          40.810666
        ]
      },
      "properties": {
        "event_id": "496015",
        "event_name": "Grant Family Day",
        "event_type": "Block Party",
        "event_agency": "Street Activity Permit Office",
        "event_location": " WEST  123 STREET between AMSTERDAM AVENUE and MORNINGSIDE AVENUE",
        "event_borough": "Manhattan",
        "start_date": "2019-09-07T13:00:00.000",
        "end_date": "2019-09-07T19:00:00.000",
        "start_formatted": "September 07, 2019 01:00 PM",
        "end_formatted": "September 07, 2019 07:00 PM",
        "street_closure_type": "Full Street Closure ",
        "community_board": "9, ",
        "police_precinct": "26, "
      }
    },
    {
      "type": "Feature",
      "geometry": {
        "type": "Point",
        "coordinates": [
          -74.10128,
          40.6359275
        ]
      },
      "properties": {
        "event_id": "496182",
        "event_name": "Penbroke Ave. Block Party",
        "event_type": "Block Party",
        "event_agency": "Street Activity Permit Office",
        "event_location": " PENBROKE AVENUE between NORTH RANDALL AVENUE and CONYINGHAM AVENUE",
        "event_borough": "Staten Island",
        "start_date": "2019-09-07T13:00:00.000",
        "end_date": "2019-09-07T20:00:00.000",
        "start_formatted": "September 07, 2019 01:00 PM",
        "end_formatted": "September 07, 2019 08:00 PM",
        "street_closure_type": "Full Street Closure ",
        "community_board": "1, ",
        "police_precinct": "120, "
      }
    },
    {
      "type": "Feature",
      "geometry": {
        "type": "Point",
        "coordinates": [
          -73.903224,
          40.65941
        ]
      },
      "properties": {
        "event_id": "479880",
        "event_name": "Christopher Ave United",
        "event_type": "Block Party",
        "event_agency": "Street Activity Permit Office",
        "event_location": " CHRISTOPHER AVENUE between LOTT AVENUE and NEWPORT STREET",
        "event_borough": "Brooklyn",
        "start_date": "2019-09-07T13:00:00.000",
        "end_date": "2019-09-07T19:30:00.000",
        "start_formatted": "September 07, 2019 01:00 PM",
        "end_formatted": "September 07, 2019 07:30 PM",
        "street_closure_type": "Full Street Closure ",
        "community_board": "16, ",
        "police_precinct": "73, "
      }
    },
    {
      "type": "Feature",
      "geometry": {
        "type": "Point",
        "coordinates": [
          -73.7934305,
          40.751944
        ]
      },
      "properties": {
        "event_id": "480657",
        "event_name": "Bagley Avenue Block Party ",
        "event_type": "Block Party",
        "event_agency": "Street Activity Permit Office",
        "event_location": " BAGLEY AVENUE between UTOPIA PARKWAY and AUBURNDALE LANE",
        "event_borough": "Queens",
        "start_date": "2019-09-07T12:30:00.000",
        "end_date": "2019-09-07T21:00:00.000",
        "start_formatted": "September 07, 2019 12:30 PM",
        "end_formatted": "September 07, 2019 09:00 PM",
        "street_closure_type": "Full Street Closure ",
        "community_board": "11, ",
        "police_precinct": "111, "
      }
    },
    {
      "type": "Feature",
      "geometry": {
        "type": "Point",
        "coordinates": [
          -74.1059625,
          40.6269365
        ]
      },
      "properties": {
        "event_id": "434026",
        "event_name": "2018 hart Ave block party ",
        "event_type": "Block Party",
        "event_agency": "Street Activity Permit Office",
        "event_location": " HART AVENUE between MATTHEWS AVENUE and HARVEST AVENUE",
        "event_borough": "Staten Island",
        "start_date": "2019-09-07T12:30:00.000",
        "end_date": "2019-09-07T21:00:00.000",
        "start_formatted": "September 07, 2019 12:30 PM",
        "end_formatted": "September 07, 2019 09:00 PM",
        "street_closure_type": "Full Street Closure ",
        "community_board": "1, ",
        "police_precinct": "120, "
      }
    },
    {
      "type": "Feature",
      "geometry": {
        "type": "Point",
        "coordinates": [
          -73.8625855,
          40.711039
        ]
      },
      "properties": {
        "event_id": "496547",
        "event_name": "Aubrey Avenue Block Party",
        "event_type": "Block Party",
        "event_agency": "Street Activity Permit Office",
        "event_location": " AUBREY AVENUE between METROPOLITAN AVENUE and 88 STREET",
        "event_borough": "Queens",
        "start_date": "2019-09-07T12:30:00.000",
        "end_date": "2019-09-07T20:00:00.000",
        "start_formatted": "September 07, 2019 12:30 PM",
        "end_formatted": "September 07, 2019 08:00 PM",
        "street_closure_type": "Sidewalk and Street Closure ",
        "community_board": "5, ",
        "police_precinct": "104, "
      }
    },
    {
      "type": "Feature",
      "geometry": {
        "type": "Point",
        "coordinates": [
          -73.982056,
          40.660365999999996
        ]
      },
      "properties": {
        "event_id": "487515",
        "event_name": "Windsor Place 2019 Block Party ",
        "event_type": "Block Party",
        "event_agency": "Street Activity Permit Office",
        "event_location": " WINDSOR PLACE between 8 AVENUE and PROSPECT PARK WEST",
        "event_borough": "Brooklyn",
        "start_date": "2019-09-07T12:30:00.000",
        "end_date": "2019-09-07T20:30:00.000",
        "start_formatted": "September 07, 2019 12:30 PM",
        "end_formatted": "September 07, 2019 08:30 PM",
        "street_closure_type": "Full Street Closure ",
        "community_board": "7, ",
        "police_precinct": "72, "
      }
    },
    {
      "type": "Feature",
      "geometry": {
        "type": "Point",
        "coordinates": [
          -73.97771750000001,
          40.688671
        ]
      },
      "properties": {
        "event_id": "489060",
        "event_name": "St. Felix Street Block Party",
        "event_type": "Block Party",
        "event_agency": "Street Activity Permit Office",
        "event_location": " ST FELIX STREET between FULTON STREET and DEKALB AVENUE",
        "event_borough": "Brooklyn",
        "start_date": "2019-09-07T12:30:00.000",
        "end_date": "2019-09-07T20:00:00.000",
        "start_formatted": "September 07, 2019 12:30 PM",
        "end_formatted": "September 07, 2019 08:00 PM",
        "street_closure_type": "Full Street Closure ",
        "community_board": "2, ",
        "police_precinct": "88, "
      }
    },
    {
      "type": "Feature",
      "geometry": {
        "type": "Point",
        "coordinates": [
          -73.9951395,
          40.6614655
        ]
      },
      "properties": {
        "event_id": "485507",
        "event_name": "22nd St Block Party 2019 2",
        "event_type": "Block Party",
        "event_agency": "Street Activity Permit Office",
        "event_location": " 22 STREET between 4 AVENUE and 5 AVENUE",
        "event_borough": "Brooklyn",
        "start_date": "2019-09-07T12:30:00.000",
        "end_date": "2019-09-07T20:30:00.000",
        "start_formatted": "September 07, 2019 12:30 PM",
        "end_formatted": "September 07, 2019 08:30 PM",
        "street_closure_type": "Full Street Closure ",
        "community_board": "7, ",
        "police_precinct": "72, "
      }
    },
    {
      "type": "Feature",
      "geometry": {
        "type": "Point",
        "coordinates": [
          -73.935234,
          40.7942335
        ]
      },
      "properties": {
        "event_id": "490778",
        "event_name": "Back to school jam",
        "event_type": "Block Party",
        "event_agency": "Street Activity Permit Office",
        "event_location": " EAST  114 STREET between 1 AVENUE and PLEASANT AVENUE",
        "event_borough": "Manhattan",
        "start_date": "2019-09-07T12:00:00.000",
        "end_date": "2019-09-07T17:00:00.000",
        "start_formatted": "September 07, 2019 12:00 PM",
        "end_formatted": "September 07, 2019 05:00 PM",
        "street_closure_type": "Full Street Closure ",
        "community_board": "11, ",
        "police_precinct": "23, 25, "
      }
    },
    {
      "type": "Feature",
      "geometry": {
        "type": "Point",
        "coordinates": [
          -73.99087449999999,
          40.6697025
        ]
      },
      "properties": {
        "event_id": "496302",
        "event_name": "11th street block party",
        "event_type": "Block Party",
        "event_agency": "Street Activity Permit Office",
        "event_location": " 11 STREET between 3 AVENUE and 4 AVENUE",
        "event_borough": "Brooklyn",
        "start_date": "2019-09-07T12:00:00.000",
        "end_date": "2019-09-07T18:00:00.000",
        "start_formatted": "September 07, 2019 12:00 PM",
        "end_formatted": "September 07, 2019 06:00 PM",
        "street_closure_type": "Full Street Closure ",
        "community_board": "6, ",
        "police_precinct": "78, "
      }
    },
    {
      "type": "Feature",
      "geometry": {
        "type": "Point",
        "coordinates": [
          -74.21019100000001,
          40.536849000000004
        ]
      },
      "properties": {
        "event_id": "496235",
        "event_name": "Rensselaer Ave Block Party",
        "event_type": "Block Party",
        "event_agency": "Street Activity Permit Office",
        "event_location": " RENSSELAER AVENUE between LENEVAR AVENUE and MAGUIRE AVENUE",
        "event_borough": "Staten Island",
        "start_date": "2019-09-07T12:00:00.000",
        "end_date": "2019-09-07T21:00:00.000",
        "start_formatted": "September 07, 2019 12:00 PM",
        "end_formatted": "September 07, 2019 09:00 PM",
        "street_closure_type": "Sidewalk and Street Closure ",
        "community_board": "3, ",
        "police_precinct": "123, "
      }
    },
    {
      "type": "Feature",
      "geometry": {
        "type": "Point",
        "coordinates": [
          -73.89051,
          40.696611000000004
        ]
      },
      "properties": {
        "event_id": "486428",
        "event_name": "Residents of 64th Place Annual Block Party",
        "event_type": "Block Party",
        "event_agency": "Street Activity Permit Office",
        "event_location": " 64 PLACE between 78 AVENUE and 80 AVENUE",
        "event_borough": "Queens",
        "start_date": "2019-09-07T12:00:00.000",
        "end_date": "2019-09-07T21:00:00.000",
        "start_formatted": "September 07, 2019 12:00 PM",
        "end_formatted": "September 07, 2019 09:00 PM",
        "street_closure_type": "Full Street Closure ",
        "community_board": "5, ",
        "police_precinct": "104, "
      }
    },
    {
      "type": "Feature",
      "geometry": {
        "type": "Point",
        "coordinates": [
          -74.0124185,
          40.648195
        ]
      },
      "properties": {
        "event_id": "477492",
        "event_name": "48 STREET BLOCK PARTY",
        "event_type": "Block Party",
        "event_agency": "Street Activity Permit Office",
        "event_location": " 48 STREET between 3 AVENUE and 4 AVENUE",
        "event_borough": "Brooklyn",
        "start_date": "2019-09-07T12:00:00.000",
        "end_date": "2019-09-07T21:00:00.000",
        "start_formatted": "September 07, 2019 12:00 PM",
        "end_formatted": "September 07, 2019 09:00 PM",
        "street_closure_type": "Full Street Closure ",
        "community_board": "7, ",
        "police_precinct": "72, "
      }
    },
    {
      "type": "Feature",
      "geometry": {
        "type": "Point",
        "coordinates": [
          -73.80812,
          40.775236500000005
        ]
      },
      "properties": {
        "event_id": "495498",
        "event_name": "2019 block party",
        "event_type": "Block Party",
        "event_agency": "Street Activity Permit Office",
        "event_location": " 25 AVENUE between 154 STREET and 157 STREET",
        "event_borough": "Queens",
        "start_date": "2019-09-07T12:00:00.000",
        "end_date": "2019-09-07T21:00:00.000",
        "start_formatted": "September 07, 2019 12:00 PM",
        "end_formatted": "September 07, 2019 09:00 PM",
        "street_closure_type": "Full Street Closure ",
        "community_board": "7, ",
        "police_precinct": "109, "
      }
    },
    {
      "type": "Feature",
      "geometry": {
        "type": "Point",
        "coordinates": [
          -73.948951,
          40.685655999999994
        ]
      },
      "properties": {
        "event_id": "471172",
        "event_name": "200 Monroe Street Block Association",
        "event_type": "Block Party",
        "event_agency": "Street Activity Permit Office",
        "event_location": " MONROE STREET between MARCY AVENUE and NOSTRAND AVENUE",
        "event_borough": "Brooklyn",
        "start_date": "2019-09-07T12:00:00.000",
        "end_date": "2019-09-07T20:00:00.000",
        "start_formatted": "September 07, 2019 12:00 PM",
        "end_formatted": "September 07, 2019 08:00 PM",
        "street_closure_type": "Full Street Closure ",
        "community_board": "3, ",
        "police_precinct": "79, "
      }
    },
    {
      "type": "Feature",
      "geometry": {
        "type": "Point",
        "coordinates": [
          -73.9937625,
          40.6839875
        ]
      },
      "properties": {
        "event_id": "489783",
        "event_name": "Douglass Street Block Party",
        "event_type": "Block Party",
        "event_agency": "Street Activity Permit Office",
        "event_location": " DOUGLASS STREET between SMITH STREET and COURT STREET",
        "event_borough": "Brooklyn",
        "start_date": "2019-09-07T12:00:00.000",
        "end_date": "2019-09-07T20:00:00.000",
        "start_formatted": "September 07, 2019 12:00 PM",
        "end_formatted": "September 07, 2019 08:00 PM",
        "street_closure_type": "Full Street Closure ",
        "community_board": "6, ",
        "police_precinct": "76, "
      }
    },
    {
      "type": "Feature",
      "geometry": {
        "type": "Point",
        "coordinates": [
          -73.93314649999999,
          40.770785000000004
        ]
      },
      "properties": {
        "event_id": "496397",
        "event_name": "30th Road Block Party 2019",
        "event_type": "Block Party",
        "event_agency": "Street Activity Permit Office",
        "event_location": " 30 ROAD between 12 STREET and VERNON BOULEVARD",
        "event_borough": "Queens",
        "start_date": "2019-09-07T12:00:00.000",
        "end_date": "2019-09-07T21:00:00.000",
        "start_formatted": "September 07, 2019 12:00 PM",
        "end_formatted": "September 07, 2019 09:00 PM",
        "street_closure_type": "Full Street Closure ",
        "community_board": "1, ",
        "police_precinct": "114, "
      }
    },
    {
      "type": "Feature",
      "geometry": {
        "type": "Point",
        "coordinates": [
          -73.72908100000001,
          40.729364000000004
        ]
      },
      "properties": {
        "event_id": "486237",
        "event_name": "238 Street Block Party",
        "event_type": "Block Party",
        "event_agency": "Street Activity Permit Office",
        "event_location": " 238 STREET between 88 AVENUE and 89 AVENUE",
        "event_borough": "Queens",
        "start_date": "2019-09-07T12:00:00.000",
        "end_date": "2019-09-07T19:00:00.000",
        "start_formatted": "September 07, 2019 12:00 PM",
        "end_formatted": "September 07, 2019 07:00 PM",
        "street_closure_type": "Full Street Closure ",
        "community_board": "13, ",
        "police_precinct": "105, "
      }
    },
    {
      "type": "Feature",
      "geometry": {
        "type": "Point",
        "coordinates": [
          -73.978916,
          40.651335
        ]
      },
      "properties": {
        "event_id": "464874",
        "event_name": "E. 3rd St. block party",
        "event_type": "Block Party",
        "event_agency": "Street Activity Permit Office",
        "event_location": " EAST    3 STREET between GREENWOOD AVENUE and VANDERBILT STREET",
        "event_borough": "Brooklyn",
        "start_date": "2019-09-07T12:00:00.000",
        "end_date": "2019-09-07T19:00:00.000",
        "start_formatted": "September 07, 2019 12:00 PM",
        "end_formatted": "September 07, 2019 07:00 PM",
        "street_closure_type": "Full Street Closure ",
        "community_board": "7, ",
        "police_precinct": "72, "
      }
    },
    {
      "type": "Feature",
      "geometry": {
        "type": "Point",
        "coordinates": [
          -73.87481299999999,
          40.6662805
        ]
      },
      "properties": {
        "event_id": "462909",
        "event_name": "xclusivehd block party",
        "event_type": "Block Party",
        "event_agency": "Street Activity Permit Office",
        "event_location": " MONTAUK AVENUE between LINDEN BOULEVARD and HEGEMAN AVENUE",
        "event_borough": "Brooklyn",
        "start_date": "2019-09-07T12:00:00.000",
        "end_date": "2019-09-07T20:00:00.000",
        "start_formatted": "September 07, 2019 12:00 PM",
        "end_formatted": "September 07, 2019 08:00 PM",
        "street_closure_type": "Full Street Closure ",
        "community_board": "5, ",
        "police_precinct": "75, "
      }
    },
    {
      "type": "Feature",
      "geometry": {
        "type": "Point",
        "coordinates": [
          -73.9589065,
          40.661849000000004
        ]
      },
      "properties": {
        "event_id": "485923",
        "event_name": "Block Party",
        "event_type": "Block Party",
        "event_agency": "Street Activity Permit Office",
        "event_location": " LEFFERTS AVENUE between BEDFORD AVENUE and WASHINGTON AVENUE",
        "event_borough": "Brooklyn",
        "start_date": "2019-09-07T12:00:00.000",
        "end_date": "2019-09-07T20:00:00.000",
        "start_formatted": "September 07, 2019 12:00 PM",
        "end_formatted": "September 07, 2019 08:00 PM",
        "street_closure_type": "Full Street Closure ",
        "community_board": "9, ",
        "police_precinct": "71, "
      }
    },
    {
      "type": "Feature",
      "geometry": {
        "type": "Point",
        "coordinates": [
          -73.881238,
          40.72613
        ]
      },
      "properties": {
        "event_id": "483683",
        "event_name": "79 St Block Party 2019",
        "event_type": "Block Party",
        "event_agency": "Street Activity Permit Office",
        "event_location": " 79 STREET between CALDWELL AVENUE and 58 AVENUE",
        "event_borough": "Queens",
        "start_date": "2019-09-07T12:00:00.000",
        "end_date": "2019-09-07T21:00:00.000",
        "start_formatted": "September 07, 2019 12:00 PM",
        "end_formatted": "September 07, 2019 09:00 PM",
        "street_closure_type": "Full Street Closure ",
        "community_board": "5, ",
        "police_precinct": "104, "
      }
    },
    {
      "type": "Feature",
      "geometry": {
        "type": "Point",
        "coordinates": [
          -73.92740749999999,
          40.682139500000005
        ]
      },
      "properties": {
        "event_id": "461591",
        "event_name": "368-429 Decatur Street Block Association",
        "event_type": "Block Party",
        "event_agency": "Street Activity Permit Office",
        "event_location": " DECATUR STREET between MALCOLM X BOULEVARD and PATCHEN AVENUE",
        "event_borough": "Brooklyn",
        "start_date": "2019-09-07T12:00:00.000",
        "end_date": "2019-09-07T19:00:00.000",
        "start_formatted": "September 07, 2019 12:00 PM",
        "end_formatted": "September 07, 2019 07:00 PM",
        "street_closure_type": "Full Street Closure ",
        "community_board": "3, ",
        "police_precinct": "81, "
      }
    },
    {
      "type": "Feature",
      "geometry": {
        "type": "Point",
        "coordinates": [
          -73.9162355,
          40.6606665
        ]
      },
      "properties": {
        "event_id": "478078",
        "event_name": "Block Party",
        "event_type": "Block Party",
        "event_agency": "Street Activity Permit Office",
        "event_location": " LEGION STREET between RIVERDALE AVENUE and LIVONIA AVENUE",
        "event_borough": "Brooklyn",
        "start_date": "2019-09-07T12:00:00.000",
        "end_date": "2019-09-07T19:00:00.000",
        "start_formatted": "September 07, 2019 12:00 PM",
        "end_formatted": "September 07, 2019 07:00 PM",
        "street_closure_type": "Full Street Closure ",
        "community_board": "16, ",
        "police_precinct": "73, "
      }
    },
    {
      "type": "Feature",
      "geometry": {
        "type": "Point",
        "coordinates": [
          -73.9756635,
          40.6556645
        ]
      },
      "properties": {
        "event_id": "465989",
        "event_name": "12th Annual Terrace Place Block Party",
        "event_type": "Block Party",
        "event_agency": "Street Activity Permit Office",
        "event_location": " TERRACE PLACE between PROSPECT AVENUE and SHERMAN STREET",
        "event_borough": "Brooklyn",
        "start_date": "2019-09-07T12:00:00.000",
        "end_date": "2019-09-07T21:00:00.000",
        "start_formatted": "September 07, 2019 12:00 PM",
        "end_formatted": "September 07, 2019 09:00 PM",
        "street_closure_type": "Full Street Closure ",
        "community_board": "7, ",
        "police_precinct": "72, "
      }
    },
    {
      "type": "Feature",
      "geometry": {
        "type": "Point",
        "coordinates": [
          -73.981252,
          40.68634
        ]
      },
      "properties": {
        "event_id": "480726",
        "event_name": "State Street Block Party",
        "event_type": "Block Party",
        "event_agency": "Street Activity Permit Office",
        "event_location": " STATE STREET between NEVINS STREET and 3 AVENUE",
        "event_borough": "Brooklyn",
        "start_date": "2019-09-07T12:00:00.000",
        "end_date": "2019-09-07T18:00:00.000",
        "start_formatted": "September 07, 2019 12:00 PM",
        "end_formatted": "September 07, 2019 06:00 PM",
        "street_closure_type": "Full Street Closure ",
        "community_board": "2, ",
        "police_precinct": "84, "
      }
    },
    {
      "type": "Feature",
      "geometry": {
        "type": "Point",
        "coordinates": [
          -74.0083395,
          40.6521195
        ]
      },
      "properties": {
        "event_id": "494319",
        "event_name": "Block party ",
        "event_type": "Block Party",
        "event_agency": "Street Activity Permit Office",
        "event_location": " 41 STREET between 3 AVENUE and 4 AVENUE",
        "event_borough": "Brooklyn",
        "start_date": "2019-09-07T12:00:00.000",
        "end_date": "2019-09-07T20:00:00.000",
        "start_formatted": "September 07, 2019 12:00 PM",
        "end_formatted": "September 07, 2019 08:00 PM",
        "street_closure_type": "Full Street Closure ",
        "community_board": "7, ",
        "police_precinct": "72, "
      }
    },
    {
      "type": "Feature",
      "geometry": {
        "type": "Point",
        "coordinates": [
          -73.8818275,
          40.67266
        ]
      },
      "properties": {
        "event_id": "443712",
        "event_name": "St. Paul AME Church Community Day-Block Party",
        "event_type": "Block Party",
        "event_agency": "Street Activity Permit Office",
        "event_location": " BELMONT AVENUE between LINWOOD STREET and ESSEX STREET",
        "event_borough": "Brooklyn",
        "start_date": "2019-09-07T12:00:00.000",
        "end_date": "2019-09-07T18:00:00.000",
        "start_formatted": "September 07, 2019 12:00 PM",
        "end_formatted": "September 07, 2019 06:00 PM",
        "street_closure_type": "Full Street Closure ",
        "community_board": "5, ",
        "police_precinct": "75, "
      }
    },
    {
      "type": "Feature",
      "geometry": {
        "type": "Point",
        "coordinates": [
          -73.887233,
          40.81737
        ]
      },
      "properties": {
        "event_id": "491220",
        "event_name": "Jesus in the Hood outreach ministry ",
        "event_type": "Block Party",
        "event_agency": "Street Activity Permit Office",
        "event_location": " FAILE STREET between LAFAYETTE AVENUE and GILBERT PLACE",
        "event_borough": "Bronx",
        "start_date": "2019-09-07T12:00:00.000",
        "end_date": "2019-09-07T18:00:00.000",
        "start_formatted": "September 07, 2019 12:00 PM",
        "end_formatted": "September 07, 2019 06:00 PM",
        "street_closure_type": "Sidewalk and Street Closure ",
        "community_board": "2, ",
        "police_precinct": "41, "
      }
    },
    {
      "type": "Feature",
      "geometry": {
        "type": "Point",
        "coordinates": [
          -74.01575700000001,
          40.648386
        ]
      },
      "properties": {
        "event_id": "474866",
        "event_name": " 50 th St Block party 2- 2019",
        "event_type": "Block Party",
        "event_agency": "Street Activity Permit Office",
        "event_location": " 50 STREET between 2 AVENUE and 3 AVENUE",
        "event_borough": "Brooklyn",
        "start_date": "2019-09-07T12:00:00.000",
        "end_date": "2019-09-07T21:00:00.000",
        "start_formatted": "September 07, 2019 12:00 PM",
        "end_formatted": "September 07, 2019 09:00 PM",
        "street_closure_type": "Full Street Closure ",
        "community_board": "7, ",
        "police_precinct": "72, "
      }
    },
    {
      "type": "Feature",
      "geometry": {
        "type": "Point",
        "coordinates": [
          -73.92236199999999,
          40.6879635
        ]
      },
      "properties": {
        "event_id": "496648",
        "event_name": "Madison Street Block Party 2019",
        "event_type": "Block Party",
        "event_agency": "Street Activity Permit Office",
        "event_location": " MADISON STREET between RALPH AVENUE and HOWARD AVENUE",
        "event_borough": "Brooklyn",
        "start_date": "2019-09-07T12:00:00.000",
        "end_date": "2019-09-07T20:00:00.000",
        "start_formatted": "September 07, 2019 12:00 PM",
        "end_formatted": "September 07, 2019 08:00 PM",
        "street_closure_type": "Full Street Closure ",
        "community_board": "3, ",
        "police_precinct": "81, "
      }
    },
    {
      "type": "Feature",
      "geometry": {
        "type": "Point",
        "coordinates": [
          -73.91275250000001,
          40.6603865
        ]
      },
      "properties": {
        "event_id": "475831",
        "event_name": "Peoples Baptist Church Community Outreach Day",
        "event_type": "Block Party",
        "event_agency": "Street Activity Permit Office",
        "event_location": " RIVERDALE AVENUE between AMBOY STREET and HERZL STREET",
        "event_borough": "Brooklyn",
        "start_date": "2019-09-07T12:00:00.000",
        "end_date": "2019-09-07T17:00:00.000",
        "start_formatted": "September 07, 2019 12:00 PM",
        "end_formatted": "September 07, 2019 05:00 PM",
        "street_closure_type": "Full Street Closure ",
        "community_board": "16, ",
        "police_precinct": "73, "
      }
    },
    {
      "type": "Feature",
      "geometry": {
        "type": "Point",
        "coordinates": [
          -73.83574300000001,
          40.8797005
        ]
      },
      "properties": {
        "event_id": "494853",
        "event_name": "Mark Terrace Street Festival",
        "event_type": "Block Party",
        "event_agency": "Street Activity Permit Office",
        "event_location": " TILLOTSON AVENUE between DE REIMER AVENUE and BOLLER AVENUE",
        "event_borough": "Bronx",
        "start_date": "2019-09-07T12:00:00.000",
        "end_date": "2019-09-07T18:00:00.000",
        "start_formatted": "September 07, 2019 12:00 PM",
        "end_formatted": "September 07, 2019 06:00 PM",
        "street_closure_type": "Full Street Closure ",
        "community_board": "12, ",
        "police_precinct": "47, "
      }
    },
    {
      "type": "Feature",
      "geometry": {
        "type": "Point",
        "coordinates": [
          -73.795845,
          40.6978285
        ]
      },
      "properties": {
        "event_id": "496790",
        "event_name": "South Jamaica Houses Family Day",
        "event_type": "Block Party",
        "event_agency": "Street Activity Permit Office",
        "event_location": " 159 STREET between TUSKEGEE AIRMEN WAY and 107 AVENUE",
        "event_borough": "Queens",
        "start_date": "2019-09-07T12:00:00.000",
        "end_date": "2019-09-07T19:00:00.000",
        "start_formatted": "September 07, 2019 12:00 PM",
        "end_formatted": "September 07, 2019 07:00 PM",
        "street_closure_type": "Full Street Closure ",
        "community_board": "12, ",
        "police_precinct": "103, "
      }
    },
    {
      "type": "Feature",
      "geometry": {
        "type": "Point",
        "coordinates": [
          -73.869142,
          40.8660005
        ]
      },
      "properties": {
        "event_id": "494376",
        "event_name": "ACTA Block Party",
        "event_type": "Block Party",
        "event_agency": "Street Activity Permit Office",
        "event_location": " BARKER AVENUE between ALLERTON AVENUE and BRITTON STREET",
        "event_borough": "Bronx",
        "start_date": "2019-09-07T12:00:00.000",
        "end_date": "2019-09-07T19:00:00.000",
        "start_formatted": "September 07, 2019 12:00 PM",
        "end_formatted": "September 07, 2019 07:00 PM",
        "street_closure_type": "Full Street Closure ",
        "community_board": "11, ",
        "police_precinct": "49, "
      }
    },
    {
      "type": "Feature",
      "geometry": {
        "type": "Point",
        "coordinates": [
          -74.14438150000001,
          40.6154255
        ]
      },
      "properties": {
        "event_id": "471882",
        "event_name": "Bryson Avenue Block Party ",
        "event_type": "Block Party",
        "event_agency": "Street Activity Permit Office",
        "event_location": " BRYSON AVENUE between WATCHOGUE ROAD and CASWELL AVENUE",
        "event_borough": "Staten Island",
        "start_date": "2019-09-07T12:00:00.000",
        "end_date": "2019-09-07T20:00:00.000",
        "start_formatted": "September 07, 2019 12:00 PM",
        "end_formatted": "September 07, 2019 08:00 PM",
        "street_closure_type": "Full Street Closure ",
        "community_board": "1, ",
        "police_precinct": "121, "
      }
    },
    {
      "type": "Feature",
      "geometry": {
        "type": "Point",
        "coordinates": [
          -73.899055,
          40.861943999999994
        ]
      },
      "properties": {
        "event_id": "496070",
        "event_name": "Creston  Avenue Baptist Community Day Block Party",
        "event_type": "Block Party",
        "event_agency": "Street Activity Permit Office",
        "event_location": " EAST  188 STREET between EAST FORDHAM ROAD and CRESTON AVENUE",
        "event_borough": "Bronx",
        "start_date": "2019-09-07T12:00:00.000",
        "end_date": "2019-09-07T18:30:00.000",
        "start_formatted": "September 07, 2019 12:00 PM",
        "end_formatted": "September 07, 2019 06:30 PM",
        "street_closure_type": "Full Street Closure ",
        "community_board": "5, ",
        "police_precinct": "46, "
      }
    },
    {
      "type": "Feature",
      "geometry": {
        "type": "Point",
        "coordinates": [
          -73.863966,
          40.7045275
        ]
      },
      "properties": {
        "event_id": "496003",
        "event_name": "85th Street Block Party",
        "event_type": "Block Party",
        "event_agency": "Street Activity Permit Office",
        "event_location": " 85 STREET between MYRTLE AVENUE and 78 AVENUE",
        "event_borough": "Queens",
        "start_date": "2019-09-07T12:00:00.000",
        "end_date": "2019-09-07T21:00:00.000",
        "start_formatted": "September 07, 2019 12:00 PM",
        "end_formatted": "September 07, 2019 09:00 PM",
        "street_closure_type": "Full Street Closure ",
        "community_board": "5, ",
        "police_precinct": "104, "
      }
    },
    {
      "type": "Feature",
      "geometry": {
        "type": "Point",
        "coordinates": [
          -73.919529,
          40.658682999999996
        ]
      },
      "properties": {
        "event_id": "494128",
        "event_name": "lenox rd block party",
        "event_type": "Block Party",
        "event_agency": "Street Activity Permit Office",
        "event_location": " LENOX ROAD between EAST   95 STREET and EAST   96 STREET",
        "event_borough": "Brooklyn",
        "start_date": "2019-09-07T12:00:00.000",
        "end_date": "2019-09-07T19:30:00.000",
        "start_formatted": "September 07, 2019 12:00 PM",
        "end_formatted": "September 07, 2019 07:30 PM",
        "street_closure_type": "Full Street Closure ",
        "community_board": "17, ",
        "police_precinct": "67, "
      }
    },
    {
      "type": "Feature",
      "geometry": {
        "type": "Point",
        "coordinates": [
          -74.0277575,
          40.6351195
        ]
      },
      "properties": {
        "event_id": "487473",
        "event_name": "OVINGTON AVENUE 200 BLOCK PARTY",
        "event_type": "Block Party",
        "event_agency": "Street Activity Permit Office",
        "event_location": " OVINGTON AVENUE between 3 AVENUE and RIDGE BOULEVARD",
        "event_borough": "Brooklyn",
        "start_date": "2019-09-07T12:00:00.000",
        "end_date": "2019-09-07T21:00:00.000",
        "start_formatted": "September 07, 2019 12:00 PM",
        "end_formatted": "September 07, 2019 09:00 PM",
        "street_closure_type": "Full Street Closure ",
        "community_board": "10, ",
        "police_precinct": "68, "
      }
    },
    {
      "type": "Feature",
      "geometry": {
        "type": "Point",
        "coordinates": [
          -73.871913,
          40.7056495
        ]
      },
      "properties": {
        "event_id": "493860",
        "event_name": "79th Street Block Party",
        "event_type": "Block Party",
        "event_agency": "Street Activity Permit Office",
        "event_location": " 79 STREET between 78 AVENUE and 77 AVENUE",
        "event_borough": "Queens",
        "start_date": "2019-09-07T12:00:00.000",
        "end_date": "2019-09-07T21:00:00.000",
        "start_formatted": "September 07, 2019 12:00 PM",
        "end_formatted": "September 07, 2019 09:00 PM",
        "street_closure_type": "Full Street Closure ",
        "community_board": "5, ",
        "police_precinct": "104, "
      }
    },
    {
      "type": "Feature",
      "geometry": {
        "type": "Point",
        "coordinates": [
          -73.993495,
          40.6109065
        ]
      },
      "properties": {
        "event_id": "494212",
        "event_name": "76th St 6th Annual Block Party",
        "event_type": "Block Party",
        "event_agency": "Street Activity Permit Office",
        "event_location": " 76 STREET between 19 AVENUE and 20 AVENUE",
        "event_borough": "Brooklyn",
        "start_date": "2019-09-07T12:00:00.000",
        "end_date": "2019-09-07T20:00:00.000",
        "start_formatted": "September 07, 2019 12:00 PM",
        "end_formatted": "September 07, 2019 08:00 PM",
        "street_closure_type": "Full Street Closure ",
        "community_board": "11, ",
        "police_precinct": "62, "
      }
    },
    {
      "type": "Feature",
      "geometry": {
        "type": "Point",
        "coordinates": [
          -73.787699,
          40.709556
        ]
      },
      "properties": {
        "event_id": "497280",
        "event_name": "Community Carnival",
        "event_type": "Block Party",
        "event_agency": "Street Activity Permit Office",
        "event_location": " 90 AVENUE between 172 STREET and 175 STREET",
        "event_borough": "Queens",
        "start_date": "2019-09-07T12:00:00.000",
        "end_date": "2019-09-07T16:00:00.000",
        "start_formatted": "September 07, 2019 12:00 PM",
        "end_formatted": "September 07, 2019 04:00 PM",
        "street_closure_type": "Sidewalk and Street Closure ",
        "community_board": "12, ",
        "police_precinct": "103, "
      }
    },
    {
      "type": "Feature",
      "geometry": {
        "type": "Point",
        "coordinates": [
          -74.019075,
          40.620894500000006
        ]
      },
      "properties": {
        "event_id": "490881",
        "event_name": "Block party ",
        "event_type": "Block Party",
        "event_agency": "Street Activity Permit Office",
        "event_location": " 82 STREET between 7 AVENUE and 10 AVENUE",
        "event_borough": "Brooklyn",
        "start_date": "2019-09-07T12:00:00.000",
        "end_date": "2019-09-07T21:00:00.000",
        "start_formatted": "September 07, 2019 12:00 PM",
        "end_formatted": "September 07, 2019 09:00 PM",
        "street_closure_type": "Full Street Closure ",
        "community_board": "10, ",
        "police_precinct": "68, "
      }
    },
    {
      "type": "Feature",
      "geometry": {
        "type": "Point",
        "coordinates": [
          -74.0197795,
          40.626785999999996
        ]
      },
      "properties": {
        "event_id": "490842",
        "event_name": "Spirit of 76th Street Block Party",
        "event_type": "Block Party",
        "event_agency": "Street Activity Permit Office",
        "event_location": " 76 STREET between 6 AVENUE and 7 AVENUE",
        "event_borough": "Brooklyn",
        "start_date": "2019-09-07T12:00:00.000",
        "end_date": "2019-09-07T21:00:00.000",
        "start_formatted": "September 07, 2019 12:00 PM",
        "end_formatted": "September 07, 2019 09:00 PM",
        "street_closure_type": "Full Street Closure ",
        "community_board": "10, ",
        "police_precinct": "68, "
      }
    },
    {
      "type": "Feature",
      "geometry": {
        "type": "Point",
        "coordinates": [
          -73.978972,
          40.656273
        ]
      },
      "properties": {
        "event_id": "492383",
        "event_name": "2019 17th St. block party",
        "event_type": "Block Party",
        "event_agency": "Street Activity Permit Office",
        "event_location": " 17 STREET between 10 AVENUE and 11 AVENUE",
        "event_borough": "Brooklyn",
        "start_date": "2019-09-07T12:00:00.000",
        "end_date": "2019-09-07T19:00:00.000",
        "start_formatted": "September 07, 2019 12:00 PM",
        "end_formatted": "September 07, 2019 07:00 PM",
        "street_closure_type": "Full Street Closure ",
        "community_board": "7, ",
        "police_precinct": "72, "
      }
    },
    {
      "type": "Feature",
      "geometry": {
        "type": "Point",
        "coordinates": [
          -74.113742,
          40.626018
        ]
      },
      "properties": {
        "event_id": "490496",
        "event_name": "Colonial Court Block Party",
        "event_type": "Block Party",
        "event_agency": "Street Activity Permit Office",
        "event_location": " COLONIAL COURT between BROADWAY and DEAD END",
        "event_borough": "Staten Island",
        "start_date": "2019-09-07T12:00:00.000",
        "end_date": "2019-09-07T21:00:00.000",
        "start_formatted": "September 07, 2019 12:00 PM",
        "end_formatted": "September 07, 2019 09:00 PM",
        "street_closure_type": "Full Street Closure ",
        "community_board": "1, ",
        "police_precinct": "120, "
      }
    },
    {
      "type": "Feature",
      "geometry": {
        "type": "Point",
        "coordinates": [
          -73.8880125,
          40.7052025
        ]
      },
      "properties": {
        "event_id": "490160",
        "event_name": "67st 2019",
        "event_type": "Block Party",
        "event_agency": "Street Activity Permit Office",
        "event_location": " 67 STREET between OTTO ROAD and 70 AVENUE",
        "event_borough": "Queens",
        "start_date": "2019-09-07T12:00:00.000",
        "end_date": "2019-09-07T21:00:00.000",
        "start_formatted": "September 07, 2019 12:00 PM",
        "end_formatted": "September 07, 2019 09:00 PM",
        "street_closure_type": "Full Street Closure ",
        "community_board": "5, ",
        "police_precinct": "104, "
      }
    },
    {
      "type": "Feature",
      "geometry": {
        "type": "Point",
        "coordinates": [
          -74.033259,
          40.6216845
        ]
      },
      "properties": {
        "event_id": "490001",
        "event_name": "89th Street 3rd Annual Block Party",
        "event_type": "Block Party",
        "event_agency": "Street Activity Permit Office",
        "event_location": " 89 STREET between 3 AVENUE and RIDGE BOULEVARD",
        "event_borough": "Brooklyn",
        "start_date": "2019-09-07T12:00:00.000",
        "end_date": "2019-09-07T19:00:00.000",
        "start_formatted": "September 07, 2019 12:00 PM",
        "end_formatted": "September 07, 2019 07:00 PM",
        "street_closure_type": "Full Street Closure ",
        "community_board": "10, ",
        "police_precinct": "68, "
      }
    },
    {
      "type": "Feature",
      "geometry": {
        "type": "Point",
        "coordinates": [
          -73.9401505,
          40.6763475
        ]
      },
      "properties": {
        "event_id": "495150",
        "event_name": "Dean Revere Annual Block 2019",
        "event_type": "Block Party",
        "event_agency": "Street Activity Permit Office",
        "event_location": " DEAN STREET between KINGSTON AVENUE and ALBANY AVENUE",
        "event_borough": "Brooklyn",
        "start_date": "2019-09-07T12:00:00.000",
        "end_date": "2019-09-07T19:00:00.000",
        "start_formatted": "September 07, 2019 12:00 PM",
        "end_formatted": "September 07, 2019 07:00 PM",
        "street_closure_type": "Full Street Closure ",
        "community_board": "8, ",
        "police_precinct": "77, "
      }
    },
    {
      "type": "Feature",
      "geometry": {
        "type": "Point",
        "coordinates": [
          -73.87766400000001,
          40.6672455
        ]
      },
      "properties": {
        "event_id": "492629",
        "event_name": "Berriman street block party ",
        "event_type": "Block Party",
        "event_agency": "Street Activity Permit Office",
        "event_location": " BERRIMAN STREET between NEW LOTS AVENUE and HEGEMAN AVENUE",
        "event_borough": "Brooklyn",
        "start_date": "2019-09-07T12:00:00.000",
        "end_date": "2019-09-07T20:00:00.000",
        "start_formatted": "September 07, 2019 12:00 PM",
        "end_formatted": "September 07, 2019 08:00 PM",
        "street_closure_type": "Full Street Closure ",
        "community_board": "5, ",
        "police_precinct": "75, "
      }
    },
    {
      "type": "Feature",
      "geometry": {
        "type": "Point",
        "coordinates": [
          -73.799241,
          40.7773595
        ]
      },
      "properties": {
        "event_id": "488597",
        "event_name": "22nd Avenue Block Party",
        "event_type": "Block Party",
        "event_agency": "Street Activity Permit Office",
        "event_location": " 22 AVENUE between 166 STREET and FRANCIS LEWIS BOULEVARD",
        "event_borough": "Queens",
        "start_date": "2019-09-07T12:00:00.000",
        "end_date": "2019-09-07T21:00:00.000",
        "start_formatted": "September 07, 2019 12:00 PM",
        "end_formatted": "September 07, 2019 09:00 PM",
        "street_closure_type": "Sidewalk and Street Closure ",
        "community_board": "7, ",
        "police_precinct": "109, "
      }
    },
    {
      "type": "Feature",
      "geometry": {
        "type": "Point",
        "coordinates": [
          -74.022076,
          40.6272575
        ]
      },
      "properties": {
        "event_id": "489574",
        "event_name": "77th Street Annual Block Association Block Party",
        "event_type": "Block Party",
        "event_agency": "Street Activity Permit Office",
        "event_location": " 77 STREET between 5 AVENUE and 6 AVENUE",
        "event_borough": "Brooklyn",
        "start_date": "2019-09-07T12:00:00.000",
        "end_date": "2019-09-07T19:00:00.000",
        "start_formatted": "September 07, 2019 12:00 PM",
        "end_formatted": "September 07, 2019 07:00 PM",
        "street_closure_type": "Full Street Closure ",
        "community_board": "10, ",
        "police_precinct": "68, "
      }
    },
    {
      "type": "Feature",
      "geometry": {
        "type": "Point",
        "coordinates": [
          -74.158731,
          40.542462
        ]
      },
      "properties": {
        "event_id": "483620",
        "event_name": "Pacific Avenue Block PArty",
        "event_type": "Block Party",
        "event_agency": "Street Activity Permit Office",
        "event_location": " PACIFIC AVENUE between OAKDALE STREET and SYCAMORE STREET",
        "event_borough": "Staten Island",
        "start_date": "2019-09-07T12:00:00.000",
        "end_date": "2019-09-07T21:00:00.000",
        "start_formatted": "September 07, 2019 12:00 PM",
        "end_formatted": "September 07, 2019 09:00 PM",
        "street_closure_type": "Full Street Closure ",
        "community_board": "3, ",
        "police_precinct": "122, "
      }
    },
    {
      "type": "Feature",
      "geometry": {
        "type": "Point",
        "coordinates": [
          -73.8935915,
          40.658198
        ]
      },
      "properties": {
        "event_id": "473417",
        "event_name": "block party",
        "event_type": "Block Party",
        "event_agency": "Street Activity Permit Office",
        "event_location": " ALABAMA AVENUE between HEGEMAN AVENUE and LINDEN BOULEVARD",
        "event_borough": "Brooklyn",
        "start_date": "2019-09-07T12:00:00.000",
        "end_date": "2019-09-07T20:00:00.000",
        "start_formatted": "September 07, 2019 12:00 PM",
        "end_formatted": "September 07, 2019 08:00 PM",
        "street_closure_type": "Full Street Closure ",
        "community_board": "5, ",
        "police_precinct": "75, "
      }
    },
    {
      "type": "Feature",
      "geometry": {
        "type": "Point",
        "coordinates": [
          -73.9740075,
          40.670002
        ]
      },
      "properties": {
        "event_id": "483135",
        "event_name": "First Street Block Party 2019",
        "event_type": "Block Party",
        "event_agency": "Street Activity Permit Office",
        "event_location": " FIRST STREET between 8 AVENUE and PROSPECT PARK WEST",
        "event_borough": "Brooklyn",
        "start_date": "2019-09-07T11:30:00.000",
        "end_date": "2019-09-07T18:00:00.000",
        "start_formatted": "September 07, 2019 11:30 AM",
        "end_formatted": "September 07, 2019 06:00 PM",
        "street_closure_type": "Full Street Closure ",
        "community_board": "6, ",
        "police_precinct": "78, "
      }
    },
    {
      "type": "Feature",
      "geometry": {
        "type": "Point",
        "coordinates": [
          -73.944777,
          40.642335
        ]
      },
      "properties": {
        "event_id": "489283",
        "event_name": "RESIDENTS FUN DAY",
        "event_type": "Block Party",
        "event_agency": "Street Activity Permit Office",
        "event_location": " EAST   34 STREET between AVENUE D and CLARENDON ROAD",
        "event_borough": "Brooklyn",
        "start_date": "2019-09-07T11:30:00.000",
        "end_date": "2019-09-07T19:00:00.000",
        "start_formatted": "September 07, 2019 11:30 AM",
        "end_formatted": "September 07, 2019 07:00 PM",
        "street_closure_type": "Full Street Closure ",
        "community_board": "17, ",
        "police_precinct": "67, "
      }
    },
    {
      "type": "Feature",
      "geometry": {
        "type": "Point",
        "coordinates": [
          -73.9797405,
          40.671084
        ]
      },
      "properties": {
        "event_id": "471886",
        "event_name": "Third Street Block Party",
        "event_type": "Block Party",
        "event_agency": "Street Activity Permit Office",
        "event_location": " THIRD STREET between 7 AVENUE and 6 AVENUE",
        "event_borough": "Brooklyn",
        "start_date": "2019-09-07T11:30:00.000",
        "end_date": "2019-09-07T19:00:00.000",
        "start_formatted": "September 07, 2019 11:30 AM",
        "end_formatted": "September 07, 2019 07:00 PM",
        "street_closure_type": "Full Street Closure ",
        "community_board": "6, ",
        "police_precinct": "78, "
      }
    },
    {
      "type": "Feature",
      "geometry": {
        "type": "Point",
        "coordinates": [
          -73.905156,
          40.6591235
        ]
      },
      "properties": {
        "event_id": "474959",
        "event_name": "Watkins Street Block Party",
        "event_type": "Block Party",
        "event_agency": "Street Activity Permit Office",
        "event_location": " WATKINS STREET between NEWPORT STREET and LOTT AVENUE",
        "event_borough": "Brooklyn",
        "start_date": "2019-09-07T11:00:00.000",
        "end_date": "2019-09-07T19:00:00.000",
        "start_formatted": "September 07, 2019 11:00 AM",
        "end_formatted": "September 07, 2019 07:00 PM",
        "street_closure_type": "Full Street Closure ",
        "community_board": "16, ",
        "police_precinct": "73, "
      }
    },
    {
      "type": "Feature",
      "geometry": {
        "type": "Point",
        "coordinates": [
          -74.14739,
          40.615809
        ]
      },
      "properties": {
        "event_id": "494629",
        "event_name": "Hawthorne Avenue Block Party",
        "event_type": "Block Party",
        "event_agency": "Street Activity Permit Office",
        "event_location": " HAWTHORNE AVENUE between WATCHOGUE ROAD and CASWELL AVENUE",
        "event_borough": "Staten Island",
        "start_date": "2019-09-07T11:00:00.000",
        "end_date": "2019-09-07T19:00:00.000",
        "start_formatted": "September 07, 2019 11:00 AM",
        "end_formatted": "September 07, 2019 07:00 PM",
        "street_closure_type": "Full Street Closure ",
        "community_board": "1, ",
        "police_precinct": "121, "
      }
    },
    {
      "type": "Feature",
      "geometry": {
        "type": "Point",
        "coordinates": [
          -73.9768785,
          40.670544500000005
        ]
      },
      "properties": {
        "event_id": "490664",
        "event_name": "2nd Street 4th Annual",
        "event_type": "Block Party",
        "event_agency": "Street Activity Permit Office",
        "event_location": " 2 STREET between 7 AVENUE and 8 AVENUE",
        "event_borough": "Brooklyn",
        "start_date": "2019-09-07T11:00:00.000",
        "end_date": "2019-09-07T18:00:00.000",
        "start_formatted": "September 07, 2019 11:00 AM",
        "end_formatted": "September 07, 2019 06:00 PM",
        "street_closure_type": "Full Street Closure ",
        "community_board": "6, ",
        "police_precinct": "78, "
      }
    },
    {
      "type": "Feature",
      "geometry": {
        "type": "Point",
        "coordinates": [
          -73.9706165,
          40.686907500000004
        ]
      },
      "properties": {
        "event_id": "496282",
        "event_name": "Adelphi Street Annual Block Party",
        "event_type": "Block Party",
        "event_agency": "Street Activity Permit Office",
        "event_location": " ADELPHI STREET between LAFAYETTE AVENUE and GREENE AVENUE",
        "event_borough": "Brooklyn",
        "start_date": "2019-09-07T11:00:00.000",
        "end_date": "2019-09-07T17:30:00.000",
        "start_formatted": "September 07, 2019 11:00 AM",
        "end_formatted": "September 07, 2019 05:30 PM",
        "street_closure_type": "Full Street Closure ",
        "community_board": "2, ",
        "police_precinct": "88, "
      }
    },
    {
      "type": "Feature",
      "geometry": {
        "type": "Point",
        "coordinates": [
          -73.980894,
          40.6781785
        ]
      },
      "properties": {
        "event_id": "495807",
        "event_name": "Degraw Street Block Association ",
        "event_type": "Block Party",
        "event_agency": "Street Activity Permit Office",
        "event_location": " DEGRAW STREET between 4 AVENUE and 5 AVENUE",
        "event_borough": "Brooklyn",
        "start_date": "2019-09-07T11:00:00.000",
        "end_date": "2019-09-07T18:00:00.000",
        "start_formatted": "September 07, 2019 11:00 AM",
        "end_formatted": "September 07, 2019 06:00 PM",
        "street_closure_type": "Full Street Closure ",
        "community_board": "6, ",
        "police_precinct": "78, "
      }
    },
    {
      "type": "Feature",
      "geometry": {
        "type": "Point",
        "coordinates": [
          -73.95675,
          40.682511000000005
        ]
      },
      "properties": {
        "event_id": "468934",
        "event_name": "Annual Block Party",
        "event_type": "Block Party",
        "event_agency": "Street Activity Permit Office",
        "event_location": " JEFFERSON AVENUE between CLAVER PLACE and FRANKLIN AVENUE",
        "event_borough": "Brooklyn",
        "start_date": "2019-09-07T11:00:00.000",
        "end_date": "2019-09-07T20:00:00.000",
        "start_formatted": "September 07, 2019 11:00 AM",
        "end_formatted": "September 07, 2019 08:00 PM",
        "street_closure_type": "Full Street Closure ",
        "community_board": "3, ",
        "police_precinct": "79, "
      }
    },
    {
      "type": "Feature",
      "geometry": {
        "type": "Point",
        "coordinates": [
          -73.9760195,
          40.6675965
        ]
      },
      "properties": {
        "event_id": "483558",
        "event_name": "5th St PPW Block Party",
        "event_type": "Block Party",
        "event_agency": "Street Activity Permit Office",
        "event_location": " 5 STREET between 8 AVENUE and PROSPECT PARK WEST",
        "event_borough": "Brooklyn",
        "start_date": "2019-09-07T11:00:00.000",
        "end_date": "2019-09-07T19:00:00.000",
        "start_formatted": "September 07, 2019 11:00 AM",
        "end_formatted": "September 07, 2019 07:00 PM",
        "street_closure_type": "Full Street Closure ",
        "community_board": "6, ",
        "police_precinct": "78, "
      }
    },
    {
      "type": "Feature",
      "geometry": {
        "type": "Point",
        "coordinates": [
          -74.0009805,
          40.678678000000005
        ]
      },
      "properties": {
        "event_id": "489769",
        "event_name": "2019 4th Place Block Party",
        "event_type": "Block Party",
        "event_agency": "Street Activity Permit Office",
        "event_location": " 4 PLACE between CLINTON STREET and HENRY STREET",
        "event_borough": "Brooklyn",
        "start_date": "2019-09-07T11:00:00.000",
        "end_date": "2019-09-07T20:00:00.000",
        "start_formatted": "September 07, 2019 11:00 AM",
        "end_formatted": "September 07, 2019 08:00 PM",
        "street_closure_type": "Full Street Closure ",
        "community_board": "6, ",
        "police_precinct": "76, "
      }
    },
    {
      "type": "Feature",
      "geometry": {
        "type": "Point",
        "coordinates": [
          -73.91602499999999,
          40.6675915
        ]
      },
      "properties": {
        "event_id": "473997",
        "event_name": "Strauss Street Block Party",
        "event_type": "Block Party",
        "event_agency": "Street Activity Permit Office",
        "event_location": " STRAUSS STREET between PITKIN AVENUE and SUTTER AVENUE",
        "event_borough": "Brooklyn",
        "start_date": "2019-09-07T11:00:00.000",
        "end_date": "2019-09-07T19:00:00.000",
        "start_formatted": "September 07, 2019 11:00 AM",
        "end_formatted": "September 07, 2019 07:00 PM",
        "street_closure_type": "Full Street Closure ",
        "community_board": "16, ",
        "police_precinct": "73, "
      }
    },
    {
      "type": "Feature",
      "geometry": {
        "type": "Point",
        "coordinates": [
          -73.9966465,
          40.687698499999996
        ]
      },
      "properties": {
        "event_id": "465822",
        "event_name": "Warren Street Block Party",
        "event_type": "Block Party",
        "event_agency": "Street Activity Permit Office",
        "event_location": " WARREN STREET between CLINTON STREET and HENRY STREET",
        "event_borough": "Brooklyn",
        "start_date": "2019-09-07T11:00:00.000",
        "end_date": "2019-09-07T20:00:00.000",
        "start_formatted": "September 07, 2019 11:00 AM",
        "end_formatted": "September 07, 2019 08:00 PM",
        "street_closure_type": "Full Street Closure ",
        "community_board": "6, ",
        "police_precinct": "76, "
      }
    },
    {
      "type": "Feature",
      "geometry": {
        "type": "Point",
        "coordinates": [
          -73.9519815,
          40.6830595
        ]
      },
      "properties": {
        "event_id": "467463",
        "event_name": "100 Jefferson Avenue Annual Block Party Celebration",
        "event_type": "Block Party",
        "event_agency": "Street Activity Permit Office",
        "event_location": " JEFFERSON AVENUE between BEDFORD AVENUE and NOSTRAND AVENUE",
        "event_borough": "Brooklyn",
        "start_date": "2019-09-07T11:00:00.000",
        "end_date": "2019-09-07T20:00:00.000",
        "start_formatted": "September 07, 2019 11:00 AM",
        "end_formatted": "September 07, 2019 08:00 PM",
        "street_closure_type": "Full Street Closure ",
        "community_board": "3, ",
        "police_precinct": "79, "
      }
    },
    {
      "type": "Feature",
      "geometry": {
        "type": "Point",
        "coordinates": [
          -73.980075,
          40.674659500000004
        ]
      },
      "properties": {
        "event_id": "471181",
        "event_name": "Carroll Street Block Party",
        "event_type": "Block Party",
        "event_agency": "Street Activity Permit Office",
        "event_location": " CARROLL STREET between 5 AVENUE and 6 AVENUE",
        "event_borough": "Brooklyn",
        "start_date": "2019-09-07T11:00:00.000",
        "end_date": "2019-09-07T18:00:00.000",
        "start_formatted": "September 07, 2019 11:00 AM",
        "end_formatted": "September 07, 2019 06:00 PM",
        "street_closure_type": "Full Street Closure ",
        "community_board": "6, ",
        "police_precinct": "78, "
      }
    },
    {
      "type": "Feature",
      "geometry": {
        "type": "Point",
        "coordinates": [
          -74.00101849999999,
          40.686487
        ]
      },
      "properties": {
        "event_id": "490476",
        "event_name": "Tiffany Place Block Party",
        "event_type": "Block Party",
        "event_agency": "Street Activity Permit Office",
        "event_location": " TIFFANY PLACE between KANE STREET and DE GRAW STREET",
        "event_borough": "Brooklyn",
        "start_date": "2019-09-07T11:00:00.000",
        "end_date": "2019-09-07T17:00:00.000",
        "start_formatted": "September 07, 2019 11:00 AM",
        "end_formatted": "September 07, 2019 05:00 PM",
        "street_closure_type": "Full Street Closure ",
        "community_board": "6, ",
        "police_precinct": "76, "
      }
    },
    {
      "type": "Feature",
      "geometry": {
        "type": "Point",
        "coordinates": [
          -73.9986355,
          40.685758
        ]
      },
      "properties": {
        "event_id": "458528",
        "event_name": "Henry Street Block Party 2019",
        "event_type": "Block Party",
        "event_agency": "Street Activity Permit Office",
        "event_location": " HENRY STREET between KANE STREET and DEGRAW STREET",
        "event_borough": "Brooklyn",
        "start_date": "2019-09-07T11:00:00.000",
        "end_date": "2019-09-07T20:00:00.000",
        "start_formatted": "September 07, 2019 11:00 AM",
        "end_formatted": "September 07, 2019 08:00 PM",
        "street_closure_type": "Full Street Closure ",
        "community_board": "6, ",
        "police_precinct": "76, "
      }
    },
    {
      "type": "Feature",
      "geometry": {
        "type": "Point",
        "coordinates": [
          -73.976282,
          40.675585
        ]
      },
      "properties": {
        "event_id": "486152",
        "event_name": "2019 Block Party",
        "event_type": "Block Party",
        "event_agency": "Street Activity Permit Office",
        "event_location": " BERKELEY PLACE between SIXTH AVENUE and SEVENTH AVENUE",
        "event_borough": "Brooklyn",
        "start_date": "2019-09-07T11:00:00.000",
        "end_date": "2019-09-07T17:30:00.000",
        "start_formatted": "September 07, 2019 11:00 AM",
        "end_formatted": "September 07, 2019 05:30 PM",
        "street_closure_type": "Full Street Closure ",
        "community_board": "6, ",
        "police_precinct": "78, "
      }
    },
    {
      "type": "Feature",
      "geometry": {
        "type": "Point",
        "coordinates": [
          -73.987931,
          40.7302505
        ]
      },
      "properties": {
        "event_id": "466187",
        "event_name": "10th  Stuyvesant Streets Block Association Annual Block Party",
        "event_type": "Block Party",
        "event_agency": "Street Activity Permit Office",
        "event_location": " EAST   10 STREET between SECOND AVENUE and THIRD AVENUE",
        "event_borough": "Manhattan",
        "start_date": "2019-09-07T11:00:00.000",
        "end_date": "2019-09-07T18:00:00.000",
        "start_formatted": "September 07, 2019 11:00 AM",
        "end_formatted": "September 07, 2019 06:00 PM",
        "street_closure_type": "Full Street Closure ",
        "community_board": "3, ",
        "police_precinct": "9, "
      }
    },
    {
      "type": "Feature",
      "geometry": {
        "type": "Point",
        "coordinates": [
          -73.9246,
          40.683959
        ]
      },
      "properties": {
        "event_id": "486312",
        "event_name": "Macon Street Block Party",
        "event_type": "Block Party",
        "event_agency": "Street Activity Permit Office",
        "event_location": " MACON STREET between PATCHEN AVENUE and RALPH AVENUE",
        "event_borough": "Brooklyn",
        "start_date": "2019-09-07T11:00:00.000",
        "end_date": "2019-09-07T18:30:00.000",
        "start_formatted": "September 07, 2019 11:00 AM",
        "end_formatted": "September 07, 2019 06:30 PM",
        "street_closure_type": "Full Street Closure ",
        "community_board": "3, ",
        "police_precinct": "81, "
      }
    },
    {
      "type": "Feature",
      "geometry": {
        "type": "Point",
        "coordinates": [
          -73.9288635,
          40.6894645
        ]
      },
      "properties": {
        "event_id": "463074",
        "event_name": "Block Party",
        "event_type": "Block Party",
        "event_agency": "Street Activity Permit Office",
        "event_location": " QUINCY STREET between MALCOLM X BOULEVARD and PATCHEN AVENUE",
        "event_borough": "Brooklyn",
        "start_date": "2019-09-07T11:00:00.000",
        "end_date": "2019-09-07T19:30:00.000",
        "start_formatted": "September 07, 2019 11:00 AM",
        "end_formatted": "September 07, 2019 07:30 PM",
        "street_closure_type": "Full Street Closure ",
        "community_board": "3, ",
        "police_precinct": "81, "
      }
    },
    {
      "type": "Feature",
      "geometry": {
        "type": "Point",
        "coordinates": [
          -73.97823650000001,
          40.67289
        ]
      },
      "properties": {
        "event_id": "463862",
        "event_name": "Garfield Place Block Party 2019",
        "event_type": "Block Party",
        "event_agency": "Street Activity Permit Office",
        "event_location": " GARFIELD PLACE between 6 AVENUE and 7 AVENUE",
        "event_borough": "Brooklyn",
        "start_date": "2019-09-07T11:00:00.000",
        "end_date": "2019-09-07T19:00:00.000",
        "start_formatted": "September 07, 2019 11:00 AM",
        "end_formatted": "September 07, 2019 07:00 PM",
        "street_closure_type": "Full Street Closure ",
        "community_board": "6, ",
        "police_precinct": "78, "
      }
    },
    {
      "type": "Feature",
      "geometry": {
        "type": "Point",
        "coordinates": [
          -73.985897,
          40.6833375
        ]
      },
      "properties": {
        "event_id": "485219",
        "event_name": "Warren Street Block Party 2019",
        "event_type": "Block Party",
        "event_agency": "Street Activity Permit Office",
        "event_location": " WARREN STREET between BOND STREET and NEVINS STREET",
        "event_borough": "Brooklyn",
        "start_date": "2019-09-07T11:00:00.000",
        "end_date": "2019-09-07T20:00:00.000",
        "start_formatted": "September 07, 2019 11:00 AM",
        "end_formatted": "September 07, 2019 08:00 PM",
        "street_closure_type": "Full Street Closure ",
        "community_board": "2, 6, ",
        "police_precinct": "76, 84, "
      }
    },
    {
      "type": "Feature",
      "geometry": {
        "type": "Point",
        "coordinates": [
          -73.9437025,
          40.650193
        ]
      },
      "properties": {
        "event_id": "496609",
        "event_name": "Brooklyn Ave Block Party 2019",
        "event_type": "Block Party",
        "event_agency": "Street Activity Permit Office",
        "event_location": " BROOKLYN AVENUE between CHURCH AVENUE and SNYDER AVENUE",
        "event_borough": "Brooklyn",
        "start_date": "2019-09-07T11:00:00.000",
        "end_date": "2019-09-07T18:00:00.000",
        "start_formatted": "September 07, 2019 11:00 AM",
        "end_formatted": "September 07, 2019 06:00 PM",
        "street_closure_type": "Full Street Closure ",
        "community_board": "17, ",
        "police_precinct": "67, "
      }
    },
    {
      "type": "Feature",
      "geometry": {
        "type": "Point",
        "coordinates": [
          -73.921032,
          40.815058
        ]
      },
      "properties": {
        "event_id": "494174",
        "event_name": "Mott Haven Reformed Church Community Block Party",
        "event_type": "Block Party",
        "event_agency": "Street Activity Permit Office",
        "event_location": " EAST  146 STREET between 3 AVENUE and COLLEGE AVENUE",
        "event_borough": "Bronx",
        "start_date": "2019-09-07T11:00:00.000",
        "end_date": "2019-09-07T16:00:00.000",
        "start_formatted": "September 07, 2019 11:00 AM",
        "end_formatted": "September 07, 2019 04:00 PM",
        "street_closure_type": "Full Street Closure ",
        "community_board": "1, ",
        "police_precinct": "40, "
      }
    },
    {
      "type": "Feature",
      "geometry": {
        "type": "Point",
        "coordinates": [
          -73.96099,
          40.6583505
        ]
      },
      "properties": {
        "event_id": "495122",
        "event_name": "Chester block party",
        "event_type": "Block Party",
        "event_agency": "Street Activity Permit Office",
        "event_location": " CHESTER COURT between FLATBUSH AVENUE and DEAD END",
        "event_borough": "Brooklyn",
        "start_date": "2019-09-07T11:00:00.000",
        "end_date": "2019-09-07T18:00:00.000",
        "start_formatted": "September 07, 2019 11:00 AM",
        "end_formatted": "September 07, 2019 06:00 PM",
        "street_closure_type": "Full Street Closure ",
        "community_board": "9, ",
        "police_precinct": "71, "
      }
    },
    {
      "type": "Feature",
      "geometry": {
        "type": "Point",
        "coordinates": [
          -73.859506,
          40.755985
        ]
      },
      "properties": {
        "event_id": "473060",
        "event_name": "EPM STREET BAZAAR",
        "event_type": "Block Party",
        "event_agency": "Street Activity Permit Office",
        "event_location": " 109 STREET between 34 AVENUE and 35 AVENUE",
        "event_borough": "Queens",
        "start_date": "2019-09-07T11:00:00.000",
        "end_date": "2019-09-07T17:00:00.000",
        "start_formatted": "September 07, 2019 11:00 AM",
        "end_formatted": "September 07, 2019 05:00 PM",
        "street_closure_type": "Full Street Closure ",
        "community_board": "3, ",
        "police_precinct": "115, "
      }
    },
    {
      "type": "Feature",
      "geometry": {
        "type": "Point",
        "coordinates": [
          -74.002336,
          40.62003
        ]
      },
      "properties": {
        "event_id": "493948",
        "event_name": "72nd St. Block Party",
        "event_type": "Block Party",
        "event_agency": "Street Activity Permit Office",
        "event_location": " 72 STREET between 15 AVENUE and 14 AVENUE",
        "event_borough": "Brooklyn",
        "start_date": "2019-09-07T11:00:00.000",
        "end_date": "2019-09-07T20:00:00.000",
        "start_formatted": "September 07, 2019 11:00 AM",
        "end_formatted": "September 07, 2019 08:00 PM",
        "street_closure_type": "Full Street Closure ",
        "community_board": "11, ",
        "police_precinct": "62, "
      }
    },
    {
      "type": "Feature",
      "geometry": {
        "type": "Point",
        "coordinates": [
          -73.7941405,
          40.7074925
        ]
      },
      "properties": {
        "event_id": "474512",
        "event_name": "Childrens library discovery Block Party",
        "event_type": "Block Party",
        "event_agency": "Street Activity Permit Office",
        "event_location": " 90 AVENUE between MERRICK BOULEVARD and 168 STREET",
        "event_borough": "Queens",
        "start_date": "2019-09-07T11:00:00.000",
        "end_date": "2019-09-07T16:00:00.000",
        "start_formatted": "September 07, 2019 11:00 AM",
        "end_formatted": "September 07, 2019 04:00 PM",
        "street_closure_type": "Sidewalk and Street Closure ",
        "community_board": "12, ",
        "police_precinct": "103, "
      }
    },
    {
      "type": "Feature",
      "geometry": {
        "type": "Point",
        "coordinates": [
          -73.95604399999999,
          40.730748500000004
        ]
      },
      "properties": {
        "event_id": "491481",
        "event_name": "Kent Street Block Party",
        "event_type": "Block Party",
        "event_agency": "Street Activity Permit Office",
        "event_location": " KENT STREET between MANHATTAN AVENUE and FRANKLIN STREET",
        "event_borough": "Brooklyn",
        "start_date": "2019-09-07T11:00:00.000",
        "end_date": "2019-09-07T19:00:00.000",
        "start_formatted": "September 07, 2019 11:00 AM",
        "end_formatted": "September 07, 2019 07:00 PM",
        "street_closure_type": "Full Street Closure ",
        "community_board": "1, ",
        "police_precinct": "94, "
      }
    },
    {
      "type": "Feature",
      "geometry": {
        "type": "Point",
        "coordinates": [
          -73.941333,
          40.816002
        ]
      },
      "properties": {
        "event_id": "495437",
        "event_name": "Breaking the Chains of our Minds",
        "event_type": "Block Party",
        "event_agency": "Street Activity Permit Office",
        "event_location": " WEST  137 STREET between LENOX AVENUE and 7 AVENUE",
        "event_borough": "Manhattan",
        "start_date": "2019-09-07T11:00:00.000",
        "end_date": "2019-09-07T17:00:00.000",
        "start_formatted": "September 07, 2019 11:00 AM",
        "end_formatted": "September 07, 2019 05:00 PM",
        "street_closure_type": "Full Street Closure ",
        "community_board": "10, ",
        "police_precinct": "32, "
      }
    },
    {
      "type": "Feature",
      "geometry": {
        "type": "Point",
        "coordinates": [
          -73.8738875,
          40.677077499999996
        ]
      },
      "properties": {
        "event_id": "486677",
        "event_name": "Chestnut Block Party",
        "event_type": "Block Party",
        "event_agency": "Street Activity Permit Office",
        "event_location": " CHESTNUT STREET between LIBERTY AVENUE and GLENMORE AVENUE",
        "event_borough": "Brooklyn",
        "start_date": "2019-09-07T11:00:00.000",
        "end_date": "2019-09-07T20:00:00.000",
        "start_formatted": "September 07, 2019 11:00 AM",
        "end_formatted": "September 07, 2019 08:00 PM",
        "street_closure_type": "Full Street Closure ",
        "community_board": "5, ",
        "police_precinct": "75, "
      }
    },
    {
      "type": "Feature",
      "geometry": {
        "type": "Point",
        "coordinates": [
          -73.888304,
          40.6648205
        ]
      },
      "properties": {
        "event_id": "481773",
        "event_name": "BLOCK PARTY ",
        "event_type": "Block Party",
        "event_agency": "Street Activity Permit Office",
        "event_location": " VAN SICLEN AVENUE between NEW LOTS AVENUE and LIVONIA AVENUE",
        "event_borough": "Brooklyn",
        "start_date": "2019-09-07T11:00:00.000",
        "end_date": "2019-09-07T20:00:00.000",
        "start_formatted": "September 07, 2019 11:00 AM",
        "end_formatted": "September 07, 2019 08:00 PM",
        "street_closure_type": "Full Street Closure ",
        "community_board": "5, ",
        "police_precinct": "75, "
      }
    },
    {
      "type": "Feature",
      "geometry": {
        "type": "Point",
        "coordinates": [
          -73.9489695,
          40.658784999999995
        ]
      },
      "properties": {
        "event_id": "489103",
        "event_name": "FENIMORE STREET BLOCK ASSOCIATION BLOCK PARTY",
        "event_type": "Block Party",
        "event_agency": "Street Activity Permit Office",
        "event_location": " FENIMORE STREET between NEW YORK AVENUE and NOSTRAND AVENUE",
        "event_borough": "Brooklyn",
        "start_date": "2019-09-07T11:00:00.000",
        "end_date": "2019-09-07T18:00:00.000",
        "start_formatted": "September 07, 2019 11:00 AM",
        "end_formatted": "September 07, 2019 06:00 PM",
        "street_closure_type": "Full Street Closure ",
        "community_board": "9, ",
        "police_precinct": "71, "
      }
    },
    {
      "type": "Feature",
      "geometry": {
        "type": "Point",
        "coordinates": [
          -73.95663250000001,
          40.6717955
        ]
      },
      "properties": {
        "event_id": "497521",
        "event_name": "Three Saints Block Party",
        "event_type": "Block Party",
        "event_agency": "Street Activity Permit Office",
        "event_location": " SAINT FRANCIS PLACE between ST JOHNS PLACE and LINCOLN PLACE",
        "event_borough": "Brooklyn",
        "start_date": "2019-09-07T11:00:00.000",
        "end_date": "2019-09-07T20:00:00.000",
        "start_formatted": "September 07, 2019 11:00 AM",
        "end_formatted": "September 07, 2019 08:00 PM",
        "street_closure_type": "Full Street Closure ",
        "community_board": "8, ",
        "police_precinct": "77, "
      }
    },
    {
      "type": "Feature",
      "geometry": {
        "type": "Point",
        "coordinates": [
          -73.9800405,
          40.6627745
        ]
      },
      "properties": {
        "event_id": "492901",
        "event_name": "Annual Block Party",
        "event_type": "Block Party",
        "event_agency": "Street Activity Permit Office",
        "event_location": " 13 STREET between PROSPECT PARK WEST and 8 AVENUE",
        "event_borough": "Brooklyn",
        "start_date": "2019-09-07T11:00:00.000",
        "end_date": "2019-09-07T18:00:00.000",
        "start_formatted": "September 07, 2019 11:00 AM",
        "end_formatted": "September 07, 2019 06:00 PM",
        "street_closure_type": "Full Street Closure ",
        "community_board": "6, ",
        "police_precinct": "78, "
      }
    },
    {
      "type": "Feature",
      "geometry": {
        "type": "Point",
        "coordinates": [
          -73.871996,
          40.684912999999995
        ]
      },
      "properties": {
        "event_id": "490810",
        "event_name": "Adler Block Party ",
        "event_type": "Block Party",
        "event_agency": "Street Activity Permit Office",
        "event_location": " ADLER PLACE between HEMLOCK STREET and CRESCENT STREET",
        "event_borough": "Brooklyn",
        "start_date": "2019-09-07T11:00:00.000",
        "end_date": "2019-09-07T20:00:00.000",
        "start_formatted": "September 07, 2019 11:00 AM",
        "end_formatted": "September 07, 2019 08:00 PM",
        "street_closure_type": "Full Street Closure ",
        "community_board": "5, ",
        "police_precinct": "75, "
      }
    },
    {
      "type": "Feature",
      "geometry": {
        "type": "Point",
        "coordinates": [
          -73.981751,
          40.668675
        ]
      },
      "properties": {
        "event_id": "486757",
        "event_name": "7th Street Block Party 2019",
        "event_type": "Block Party",
        "event_agency": "Street Activity Permit Office",
        "event_location": " 7 STREET between 6 AVENUE and 7 AVENUE",
        "event_borough": "Brooklyn",
        "start_date": "2019-09-07T11:00:00.000",
        "end_date": "2019-09-07T18:00:00.000",
        "start_formatted": "September 07, 2019 11:00 AM",
        "end_formatted": "September 07, 2019 06:00 PM",
        "street_closure_type": "Full Street Closure ",
        "community_board": "6, ",
        "police_precinct": "78, "
      }
    },
    {
      "type": "Feature",
      "geometry": {
        "type": "Point",
        "coordinates": [
          -73.98503450000001,
          40.6846045
        ]
      },
      "properties": {
        "event_id": "492566",
        "event_name": "2019 Bergen Street Block Party",
        "event_type": "Block Party",
        "event_agency": "Street Activity Permit Office",
        "event_location": " BERGEN STREET between BOND STREET and NEVINS STREET",
        "event_borough": "Brooklyn",
        "start_date": "2019-09-07T11:00:00.000",
        "end_date": "2019-09-07T18:30:00.000",
        "start_formatted": "September 07, 2019 11:00 AM",
        "end_formatted": "September 07, 2019 06:30 PM",
        "street_closure_type": "Sidewalk and Street Closure ",
        "community_board": "2, ",
        "police_precinct": "84, "
      }
    },
    {
      "type": "Feature",
      "geometry": {
        "type": "Point",
        "coordinates": [
          -73.908714,
          40.687580499999996
        ]
      },
      "properties": {
        "event_id": "492550",
        "event_name": "Dreams Deferred Decatur Street Block Association Block Party",
        "event_type": "Block Party",
        "event_agency": "Street Activity Permit Office",
        "event_location": " DECATUR STREET between EVERGREEN AVENUE and CENTRAL AVENUE",
        "event_borough": "Brooklyn",
        "start_date": "2019-09-07T11:00:00.000",
        "end_date": "2019-09-07T20:00:00.000",
        "start_formatted": "September 07, 2019 11:00 AM",
        "end_formatted": "September 07, 2019 08:00 PM",
        "street_closure_type": "Full Street Closure ",
        "community_board": "4, ",
        "police_precinct": "83, "
      }
    },
    {
      "type": "Feature",
      "geometry": {
        "type": "Point",
        "coordinates": [
          -73.97009800000001,
          40.6944735
        ]
      },
      "properties": {
        "event_id": "487296",
        "event_name": "Block Party",
        "event_type": "Block Party",
        "event_agency": "Street Activity Permit Office",
        "event_location": " VANDERBILT AVENUE between MYRTLE AVENUE and PARK AVENUE",
        "event_borough": "Brooklyn",
        "start_date": "2019-09-07T11:00:00.000",
        "end_date": "2019-09-07T18:00:00.000",
        "start_formatted": "September 07, 2019 11:00 AM",
        "end_formatted": "September 07, 2019 06:00 PM",
        "street_closure_type": "Full Street Closure ",
        "community_board": "2, ",
        "police_precinct": "88, "
      }
    },
    {
      "type": "Feature",
      "geometry": {
        "type": "Point",
        "coordinates": [
          -73.9085765,
          40.682947
        ]
      },
      "properties": {
        "event_id": "482624",
        "event_name": "family day",
        "event_type": "Block Party",
        "event_agency": "Street Activity Permit Office",
        "event_location": " PILLING STREET between BROADWAY and BUSHWICK AVENUE",
        "event_borough": "Brooklyn",
        "start_date": "2019-09-07T11:00:00.000",
        "end_date": "2019-09-07T20:00:00.000",
        "start_formatted": "September 07, 2019 11:00 AM",
        "end_formatted": "September 07, 2019 08:00 PM",
        "street_closure_type": "Full Street Closure ",
        "community_board": "4, ",
        "police_precinct": "83, "
      }
    },
    {
      "type": "Feature",
      "geometry": {
        "type": "Point",
        "coordinates": [
          -73.94203350000001,
          40.6812095
        ]
      },
      "properties": {
        "event_id": "484342",
        "event_name": "HISTORIC MACDONOUGH STREET BLOCK ASSOCIATION",
        "event_type": "Block Party",
        "event_agency": "Street Activity Permit Office",
        "event_location": " MACDONOUGH STREET between THROOP AVENUE and TOMPKINS AVENUE",
        "event_borough": "Brooklyn",
        "start_date": "2019-09-07T11:00:00.000",
        "end_date": "2019-09-07T20:00:00.000",
        "start_formatted": "September 07, 2019 11:00 AM",
        "end_formatted": "September 07, 2019 08:00 PM",
        "street_closure_type": "Full Street Closure ",
        "community_board": "3, ",
        "police_precinct": "79, "
      }
    },
    {
      "type": "Feature",
      "geometry": {
        "type": "Point",
        "coordinates": [
          -73.9153885,
          40.6733155
        ]
      },
      "properties": {
        "event_id": "479821",
        "event_name": "Smohba block party4",
        "event_type": "Block Party",
        "event_agency": "Street Activity Permit Office",
        "event_location": " SAINT MARKS AVENUE between SARATOGA AVENUE and THOMAS BOYLAND STREET",
        "event_borough": "Brooklyn",
        "start_date": "2019-09-07T11:00:00.000",
        "end_date": "2019-09-07T18:30:00.000",
        "start_formatted": "September 07, 2019 11:00 AM",
        "end_formatted": "September 07, 2019 06:30 PM",
        "street_closure_type": "Full Street Closure ",
        "community_board": "16, ",
        "police_precinct": "73, "
      }
    },
    {
      "type": "Feature",
      "geometry": {
        "type": "Point",
        "coordinates": [
          -74.011358,
          40.621697499999996
        ]
      },
      "properties": {
        "event_id": "487938",
        "event_name": "Block party",
        "event_type": "Block Party",
        "event_agency": "Street Activity Permit Office",
        "event_location": " 76 STREET between 11 AVENUE and 12 AVENUE",
        "event_borough": "Brooklyn",
        "start_date": "2019-09-07T11:00:00.000",
        "end_date": "2019-09-07T20:00:00.000",
        "start_formatted": "September 07, 2019 11:00 AM",
        "end_formatted": "September 07, 2019 08:00 PM",
        "street_closure_type": "Full Street Closure ",
        "community_board": "10, ",
        "police_precinct": "68, "
      }
    }
  ],
  "metadata": {
    "generated": "2026-01-16T17:41:21.376832",
    "year": 2019,
    "total_events": 481,
    "geocoded_successfully": 459,
    "failed": 22,
    "source": "NYC Open Data - Permitted Event Information"
  }
}